value,percentage,datetime,datetime_spain
549334.251,1,2015-12-31 23:00:00+00:00,2016-01-01 00:00:00+01:00
614370.924,1,2016-01-01 23:00:00+00:00,2016-01-02 00:00:00+01:00
619728.026,1,2016-01-02 23:00:00+00:00,2016-01-03 00:00:00+01:00
704966.605,1,2016-01-03 23:00:00+00:00,2016-01-04 00:00:00+01:00
701386.909,1,2016-01-04 23:00:00+00:00,2016-01-05 00:00:00+01:00
619994.074,1,2016-01-05 23:00:00+00:00,2016-01-06 00:00:00+01:00
749294.848,1,2016-01-06 23:00:00+00:00,2016-01-07 00:00:00+01:00
750160.278,1,2016-01-07 23:00:00+00:00,2016-01-08 00:00:00+01:00
685100.337,1,2016-01-08 23:00:00+00:00,2016-01-09 00:00:00+01:00
648714.619,1,2016-01-09 23:00:00+00:00,2016-01-10 00:00:00+01:00
761504.75,1,2016-01-10 23:00:00+00:00,2016-01-11 00:00:00+01:00
778891.307,1,2016-01-11 23:00:00+00:00,2016-01-12 00:00:00+01:00
795087.713,1,2016-01-12 23:00:00+00:00,2016-01-13 00:00:00+01:00
802427.396,1,2016-01-13 23:00:00+00:00,2016-01-14 00:00:00+01:00
796846.21,1,2016-01-14 23:00:00+00:00,2016-01-15 00:00:00+01:00
726141.03,1,2016-01-15 23:00:00+00:00,2016-01-16 00:00:00+01:00
690103.083,1,2016-01-16 23:00:00+00:00,2016-01-17 00:00:00+01:00
809652.278,1,2016-01-17 23:00:00+00:00,2016-01-18 00:00:00+01:00
817453.121,1,2016-01-18 23:00:00+00:00,2016-01-19 00:00:00+01:00
812592.743,1,2016-01-19 23:00:00+00:00,2016-01-20 00:00:00+01:00
810913.591,1,2016-01-20 23:00:00+00:00,2016-01-21 00:00:00+01:00
797248.912,1,2016-01-21 23:00:00+00:00,2016-01-22 00:00:00+01:00
704774.445,1,2016-01-22 23:00:00+00:00,2016-01-23 00:00:00+01:00
649539.394,1,2016-01-23 23:00:00+00:00,2016-01-24 00:00:00+01:00
764530.819,1,2016-01-24 23:00:00+00:00,2016-01-25 00:00:00+01:00
783129.126,1,2016-01-25 23:00:00+00:00,2016-01-26 00:00:00+01:00
782454.402,1,2016-01-26 23:00:00+00:00,2016-01-27 00:00:00+01:00
781220.285,1,2016-01-27 23:00:00+00:00,2016-01-28 00:00:00+01:00
776149.051,1,2016-01-28 23:00:00+00:00,2016-01-29 00:00:00+01:00
701070.736,1,2016-01-29 23:00:00+00:00,2016-01-30 00:00:00+01:00
648243.321,1,2016-01-30 23:00:00+00:00,2016-01-31 00:00:00+01:00
755604.833,1,2016-01-31 23:00:00+00:00,2016-02-01 00:00:00+01:00
771162.157,1,2016-02-01 23:00:00+00:00,2016-02-02 00:00:00+01:00
774920.755,1,2016-02-02 23:00:00+00:00,2016-02-03 00:00:00+01:00
779636.335,1,2016-02-03 23:00:00+00:00,2016-02-04 00:00:00+01:00
778440.4,1,2016-02-04 23:00:00+00:00,2016-02-05 00:00:00+01:00
708475.865,1,2016-02-05 23:00:00+00:00,2016-02-06 00:00:00+01:00
654892.273,1,2016-02-06 23:00:00+00:00,2016-02-07 00:00:00+01:00
764576.899,1,2016-02-07 23:00:00+00:00,2016-02-08 00:00:00+01:00
776296.4,1,2016-02-08 23:00:00+00:00,2016-02-09 00:00:00+01:00
779057.216,1,2016-02-09 23:00:00+00:00,2016-02-10 00:00:00+01:00
770145.265,1,2016-02-10 23:00:00+00:00,2016-02-11 00:00:00+01:00
772155.474,1,2016-02-11 23:00:00+00:00,2016-02-12 00:00:00+01:00
694719.829,1,2016-02-12 23:00:00+00:00,2016-02-13 00:00:00+01:00
648984.261,1,2016-02-13 23:00:00+00:00,2016-02-14 00:00:00+01:00
783874.49,1,2016-02-14 23:00:00+00:00,2016-02-15 00:00:00+01:00
804822.875,1,2016-02-15 23:00:00+00:00,2016-02-16 00:00:00+01:00
819617.781,1,2016-02-16 23:00:00+00:00,2016-02-17 00:00:00+01:00
823891.322,1,2016-02-17 23:00:00+00:00,2016-02-18 00:00:00+01:00
809709.545,1,2016-02-18 23:00:00+00:00,2016-02-19 00:00:00+01:00
719890.582,1,2016-02-19 23:00:00+00:00,2016-02-20 00:00:00+01:00
661995.391,1,2016-02-20 23:00:00+00:00,2016-02-21 00:00:00+01:00
769236.13,1,2016-02-21 23:00:00+00:00,2016-02-22 00:00:00+01:00
775844.287,1,2016-02-22 23:00:00+00:00,2016-02-23 00:00:00+01:00
782909.849,1,2016-02-23 23:00:00+00:00,2016-02-24 00:00:00+01:00
773022.654,1,2016-02-24 23:00:00+00:00,2016-02-25 00:00:00+01:00
787433.867,1,2016-02-25 23:00:00+00:00,2016-02-26 00:00:00+01:00
730652.05,1,2016-02-26 23:00:00+00:00,2016-02-27 00:00:00+01:00
671872.845,1,2016-02-27 23:00:00+00:00,2016-02-28 00:00:00+01:00
766564.788,1,2016-02-28 23:00:00+00:00,2016-02-29 00:00:00+01:00
782435.271,1,2016-02-29 23:00:00+00:00,2016-03-01 00:00:00+01:00
780440.745,1,2016-03-01 23:00:00+00:00,2016-03-02 00:00:00+01:00
776053.071,1,2016-03-02 23:00:00+00:00,2016-03-03 00:00:00+01:00
776287.283,1,2016-03-03 23:00:00+00:00,2016-03-04 00:00:00+01:00
701814.836,1,2016-03-04 23:00:00+00:00,2016-03-05 00:00:00+01:00
657322.151,1,2016-03-05 23:00:00+00:00,2016-03-06 00:00:00+01:00
797057.198,1,2016-03-06 23:00:00+00:00,2016-03-07 00:00:00+01:00
800620.964,1,2016-03-07 23:00:00+00:00,2016-03-08 00:00:00+01:00
813456.131,1,2016-03-08 23:00:00+00:00,2016-03-09 00:00:00+01:00
806943.774,1,2016-03-09 23:00:00+00:00,2016-03-10 00:00:00+01:00
790478.931,1,2016-03-10 23:00:00+00:00,2016-03-11 00:00:00+01:00
707083.567,1,2016-03-11 23:00:00+00:00,2016-03-12 00:00:00+01:00
655003.476,1,2016-03-12 23:00:00+00:00,2016-03-13 00:00:00+01:00
780217.235,1,2016-03-13 23:00:00+00:00,2016-03-14 00:00:00+01:00
792756.102,1,2016-03-14 23:00:00+00:00,2016-03-15 00:00:00+01:00
788127.677,1,2016-03-15 23:00:00+00:00,2016-03-16 00:00:00+01:00
785951.92,1,2016-03-16 23:00:00+00:00,2016-03-17 00:00:00+01:00
776984.922,1,2016-03-17 23:00:00+00:00,2016-03-18 00:00:00+01:00
695002.995,1,2016-03-18 23:00:00+00:00,2016-03-19 00:00:00+01:00
644667.695,1,2016-03-19 23:00:00+00:00,2016-03-20 00:00:00+01:00
758215.411,1,2016-03-20 23:00:00+00:00,2016-03-21 00:00:00+01:00
758874.659,1,2016-03-21 23:00:00+00:00,2016-03-22 00:00:00+01:00
742133.988,1,2016-03-22 23:00:00+00:00,2016-03-23 00:00:00+01:00
645171.744,1,2016-03-23 23:00:00+00:00,2016-03-24 00:00:00+01:00
601008.215,1,2016-03-24 23:00:00+00:00,2016-03-25 00:00:00+01:00
622066.484,1,2016-03-25 23:00:00+00:00,2016-03-26 00:00:00+01:00
563666.749,1,2016-03-26 23:00:00+00:00,2016-03-27 00:00:00+01:00
652080.331,1,2016-03-27 22:00:00+00:00,2016-03-28 00:00:00+02:00
717409.352,1,2016-03-28 22:00:00+00:00,2016-03-29 00:00:00+02:00
722449.298,1,2016-03-29 22:00:00+00:00,2016-03-30 00:00:00+02:00
737927.173,1,2016-03-30 22:00:00+00:00,2016-03-31 00:00:00+02:00
741458.89,1,2016-03-31 22:00:00+00:00,2016-04-01 00:00:00+02:00
672655.24,1,2016-04-01 22:00:00+00:00,2016-04-02 00:00:00+02:00
629069.4,1,2016-04-02 22:00:00+00:00,2016-04-03 00:00:00+02:00
744085.306,1,2016-04-03 22:00:00+00:00,2016-04-04 00:00:00+02:00
760497.377,1,2016-04-04 22:00:00+00:00,2016-04-05 00:00:00+02:00
745920.411,1,2016-04-05 22:00:00+00:00,2016-04-06 00:00:00+02:00
738810.264,1,2016-04-06 22:00:00+00:00,2016-04-07 00:00:00+02:00
741091.847,1,2016-04-07 22:00:00+00:00,2016-04-08 00:00:00+02:00
663840.188,1,2016-04-08 22:00:00+00:00,2016-04-09 00:00:00+02:00
618589.05,1,2016-04-09 22:00:00+00:00,2016-04-10 00:00:00+02:00
733820.471,1,2016-04-10 22:00:00+00:00,2016-04-11 00:00:00+02:00
749723.748,1,2016-04-11 22:00:00+00:00,2016-04-12 00:00:00+02:00
737981.093,1,2016-04-12 22:00:00+00:00,2016-04-13 00:00:00+02:00
734656.04,1,2016-04-13 22:00:00+00:00,2016-04-14 00:00:00+02:00
725628.052,1,2016-04-14 22:00:00+00:00,2016-04-15 00:00:00+02:00
656666.187,1,2016-04-15 22:00:00+00:00,2016-04-16 00:00:00+02:00
600865.508,1,2016-04-16 22:00:00+00:00,2016-04-17 00:00:00+02:00
708728.644,1,2016-04-17 22:00:00+00:00,2016-04-18 00:00:00+02:00
730879.617,1,2016-04-18 22:00:00+00:00,2016-04-19 00:00:00+02:00
734992.037,1,2016-04-19 22:00:00+00:00,2016-04-20 00:00:00+02:00
725975.418,1,2016-04-20 22:00:00+00:00,2016-04-21 00:00:00+02:00
718425.772,1,2016-04-21 22:00:00+00:00,2016-04-22 00:00:00+02:00
639355.867,1,2016-04-22 22:00:00+00:00,2016-04-23 00:00:00+02:00
588258.41,1,2016-04-23 22:00:00+00:00,2016-04-24 00:00:00+02:00
696704.796,1,2016-04-24 22:00:00+00:00,2016-04-25 00:00:00+02:00
710869.658,1,2016-04-25 22:00:00+00:00,2016-04-26 00:00:00+02:00
717645.536,1,2016-04-26 22:00:00+00:00,2016-04-27 00:00:00+02:00
717950.891,1,2016-04-27 22:00:00+00:00,2016-04-28 00:00:00+02:00
713568.969,1,2016-04-28 22:00:00+00:00,2016-04-29 00:00:00+02:00
637483.106,1,2016-04-29 22:00:00+00:00,2016-04-30 00:00:00+02:00
563400.989,1,2016-04-30 22:00:00+00:00,2016-05-01 00:00:00+02:00
643269.665,1,2016-05-01 22:00:00+00:00,2016-05-02 00:00:00+02:00
700908.897,1,2016-05-02 22:00:00+00:00,2016-05-03 00:00:00+02:00
706336.716,1,2016-05-03 22:00:00+00:00,2016-05-04 00:00:00+02:00
709504.363,1,2016-05-04 22:00:00+00:00,2016-05-05 00:00:00+02:00
710229.085,1,2016-05-05 22:00:00+00:00,2016-05-06 00:00:00+02:00
639234.355,1,2016-05-06 22:00:00+00:00,2016-05-07 00:00:00+02:00
593675.127,1,2016-05-07 22:00:00+00:00,2016-05-08 00:00:00+02:00
705132.32,1,2016-05-08 22:00:00+00:00,2016-05-09 00:00:00+02:00
720107.983,1,2016-05-09 22:00:00+00:00,2016-05-10 00:00:00+02:00
718238.093,1,2016-05-10 22:00:00+00:00,2016-05-11 00:00:00+02:00
717601.264,1,2016-05-11 22:00:00+00:00,2016-05-12 00:00:00+02:00
711552.092,1,2016-05-12 22:00:00+00:00,2016-05-13 00:00:00+02:00
635350.364,1,2016-05-13 22:00:00+00:00,2016-05-14 00:00:00+02:00
579221.135,1,2016-05-14 22:00:00+00:00,2016-05-15 00:00:00+02:00
650838.585,1,2016-05-15 22:00:00+00:00,2016-05-16 00:00:00+02:00
692297.232,1,2016-05-16 22:00:00+00:00,2016-05-17 00:00:00+02:00
707385.95,1,2016-05-17 22:00:00+00:00,2016-05-18 00:00:00+02:00
706583.408,1,2016-05-18 22:00:00+00:00,2016-05-19 00:00:00+02:00
707601.689,1,2016-05-19 22:00:00+00:00,2016-05-20 00:00:00+02:00
641344.714,1,2016-05-20 22:00:00+00:00,2016-05-21 00:00:00+02:00
589691.238,1,2016-05-21 22:00:00+00:00,2016-05-22 00:00:00+02:00
688905.12,1,2016-05-22 22:00:00+00:00,2016-05-23 00:00:00+02:00
706604.309,1,2016-05-23 22:00:00+00:00,2016-05-24 00:00:00+02:00
712517.096,1,2016-05-24 22:00:00+00:00,2016-05-25 00:00:00+02:00
709833.502,1,2016-05-25 22:00:00+00:00,2016-05-26 00:00:00+02:00
709426.086,1,2016-05-26 22:00:00+00:00,2016-05-27 00:00:00+02:00
641484.124,1,2016-05-27 22:00:00+00:00,2016-05-28 00:00:00+02:00
584034.921,1,2016-05-28 22:00:00+00:00,2016-05-29 00:00:00+02:00
687161.189,1,2016-05-29 22:00:00+00:00,2016-05-30 00:00:00+02:00
704587.279,1,2016-05-30 22:00:00+00:00,2016-05-31 00:00:00+02:00
709821.213,1,2016-05-31 22:00:00+00:00,2016-06-01 00:00:00+02:00
714223.82,1,2016-06-01 22:00:00+00:00,2016-06-02 00:00:00+02:00
716319.971,1,2016-06-02 22:00:00+00:00,2016-06-03 00:00:00+02:00
646944.397,1,2016-06-03 22:00:00+00:00,2016-06-04 00:00:00+02:00
597053.3,1,2016-06-04 22:00:00+00:00,2016-06-05 00:00:00+02:00
713229.237,1,2016-06-05 22:00:00+00:00,2016-06-06 00:00:00+02:00
742877.039,1,2016-06-06 22:00:00+00:00,2016-06-07 00:00:00+02:00
757700.186,1,2016-06-07 22:00:00+00:00,2016-06-08 00:00:00+02:00
768283.205,1,2016-06-08 22:00:00+00:00,2016-06-09 00:00:00+02:00
757204.213,1,2016-06-09 22:00:00+00:00,2016-06-10 00:00:00+02:00
673474.394,1,2016-06-10 22:00:00+00:00,2016-06-11 00:00:00+02:00
618100.688,1,2016-06-11 22:00:00+00:00,2016-06-12 00:00:00+02:00
757302.953,1,2016-06-12 22:00:00+00:00,2016-06-13 00:00:00+02:00
769256.56,1,2016-06-13 22:00:00+00:00,2016-06-14 00:00:00+02:00
756149.223,1,2016-06-14 22:00:00+00:00,2016-06-15 00:00:00+02:00
719361.642,1,2016-06-15 22:00:00+00:00,2016-06-16 00:00:00+02:00
713638.415,1,2016-06-16 22:00:00+00:00,2016-06-17 00:00:00+02:00
653385.417,1,2016-06-17 22:00:00+00:00,2016-06-18 00:00:00+02:00
601705.707,1,2016-06-18 22:00:00+00:00,2016-06-19 00:00:00+02:00
717719.773,1,2016-06-19 22:00:00+00:00,2016-06-20 00:00:00+02:00
748639.036,1,2016-06-20 22:00:00+00:00,2016-06-21 00:00:00+02:00
758119.967,1,2016-06-21 22:00:00+00:00,2016-06-22 00:00:00+02:00
754454.312,1,2016-06-22 22:00:00+00:00,2016-06-23 00:00:00+02:00
718649.229,1,2016-06-23 22:00:00+00:00,2016-06-24 00:00:00+02:00
685908.782,1,2016-06-24 22:00:00+00:00,2016-06-25 00:00:00+02:00
625080.91,1,2016-06-25 22:00:00+00:00,2016-06-26 00:00:00+02:00
751353.712,1,2016-06-26 22:00:00+00:00,2016-06-27 00:00:00+02:00
778861.467,1,2016-06-27 22:00:00+00:00,2016-06-28 00:00:00+02:00
780388.228,1,2016-06-28 22:00:00+00:00,2016-06-29 00:00:00+02:00
785078.65,1,2016-06-29 22:00:00+00:00,2016-06-30 00:00:00+02:00
780837.638,1,2016-06-30 22:00:00+00:00,2016-07-01 00:00:00+02:00
706129.917,1,2016-07-01 22:00:00+00:00,2016-07-02 00:00:00+02:00
656564.101,1,2016-07-02 22:00:00+00:00,2016-07-03 00:00:00+02:00
773366.894,1,2016-07-03 22:00:00+00:00,2016-07-04 00:00:00+02:00
799505.67,1,2016-07-04 22:00:00+00:00,2016-07-05 00:00:00+02:00
804016.097,1,2016-07-05 22:00:00+00:00,2016-07-06 00:00:00+02:00
791608.63,1,2016-07-06 22:00:00+00:00,2016-07-07 00:00:00+02:00
800680.755,1,2016-07-07 22:00:00+00:00,2016-07-08 00:00:00+02:00
732130.485,1,2016-07-08 22:00:00+00:00,2016-07-09 00:00:00+02:00
681645.652,1,2016-07-09 22:00:00+00:00,2016-07-10 00:00:00+02:00
819684.185,1,2016-07-10 22:00:00+00:00,2016-07-11 00:00:00+02:00
820246.74,1,2016-07-11 22:00:00+00:00,2016-07-12 00:00:00+02:00
791222.123,1,2016-07-12 22:00:00+00:00,2016-07-13 00:00:00+02:00
775029.946,1,2016-07-13 22:00:00+00:00,2016-07-14 00:00:00+02:00
764830.789,1,2016-07-14 22:00:00+00:00,2016-07-15 00:00:00+02:00
693162.532,1,2016-07-15 22:00:00+00:00,2016-07-16 00:00:00+02:00
641482.386,1,2016-07-16 22:00:00+00:00,2016-07-17 00:00:00+02:00
779960.407,1,2016-07-17 22:00:00+00:00,2016-07-18 00:00:00+02:00
806888.322,1,2016-07-18 22:00:00+00:00,2016-07-19 00:00:00+02:00
822375.658,1,2016-07-19 22:00:00+00:00,2016-07-20 00:00:00+02:00
823543.175,1,2016-07-20 22:00:00+00:00,2016-07-21 00:00:00+02:00
800629.932,1,2016-07-21 22:00:00+00:00,2016-07-22 00:00:00+02:00
704385.142,1,2016-07-22 22:00:00+00:00,2016-07-23 00:00:00+02:00
647520.055,1,2016-07-23 22:00:00+00:00,2016-07-24 00:00:00+02:00
752032.203,1,2016-07-24 22:00:00+00:00,2016-07-25 00:00:00+02:00
818352.397,1,2016-07-25 22:00:00+00:00,2016-07-26 00:00:00+02:00
822449.75,1,2016-07-26 22:00:00+00:00,2016-07-27 00:00:00+02:00
820121.774,1,2016-07-27 22:00:00+00:00,2016-07-28 00:00:00+02:00
815377.908,1,2016-07-28 22:00:00+00:00,2016-07-29 00:00:00+02:00
732718.3,1,2016-07-29 22:00:00+00:00,2016-07-30 00:00:00+02:00
664770.94,1,2016-07-30 22:00:00+00:00,2016-07-31 00:00:00+02:00
777384.598,1,2016-07-31 22:00:00+00:00,2016-08-01 00:00:00+02:00
795394.433,1,2016-08-01 22:00:00+00:00,2016-08-02 00:00:00+02:00
803662.631,1,2016-08-02 22:00:00+00:00,2016-08-03 00:00:00+02:00
804104.371,1,2016-08-03 22:00:00+00:00,2016-08-04 00:00:00+02:00
784604.624,1,2016-08-04 22:00:00+00:00,2016-08-05 00:00:00+02:00
697986.2,1,2016-08-05 22:00:00+00:00,2016-08-06 00:00:00+02:00
643890.722,1,2016-08-06 22:00:00+00:00,2016-08-07 00:00:00+02:00
751791.103,1,2016-08-07 22:00:00+00:00,2016-08-08 00:00:00+02:00
762030.919,1,2016-08-08 22:00:00+00:00,2016-08-09 00:00:00+02:00
733011.752,1,2016-08-09 22:00:00+00:00,2016-08-10 00:00:00+02:00
727538.224,1,2016-08-10 22:00:00+00:00,2016-08-11 00:00:00+02:00
730090.998,1,2016-08-11 22:00:00+00:00,2016-08-12 00:00:00+02:00
669486.783,1,2016-08-12 22:00:00+00:00,2016-08-13 00:00:00+02:00
618083.966,1,2016-08-13 22:00:00+00:00,2016-08-14 00:00:00+02:00
634293.631,1,2016-08-14 22:00:00+00:00,2016-08-15 00:00:00+02:00
725863.746,1,2016-08-15 22:00:00+00:00,2016-08-16 00:00:00+02:00
742268.85,1,2016-08-16 22:00:00+00:00,2016-08-17 00:00:00+02:00
753826.937,1,2016-08-17 22:00:00+00:00,2016-08-18 00:00:00+02:00
759782.417,1,2016-08-18 22:00:00+00:00,2016-08-19 00:00:00+02:00
703791.583,1,2016-08-19 22:00:00+00:00,2016-08-20 00:00:00+02:00
641309.798,1,2016-08-20 22:00:00+00:00,2016-08-21 00:00:00+02:00
762760.617,1,2016-08-21 22:00:00+00:00,2016-08-22 00:00:00+02:00
783001.233,1,2016-08-22 22:00:00+00:00,2016-08-23 00:00:00+02:00
780686.398,1,2016-08-23 22:00:00+00:00,2016-08-24 00:00:00+02:00
773709.221,1,2016-08-24 22:00:00+00:00,2016-08-25 00:00:00+02:00
773725.147,1,2016-08-25 22:00:00+00:00,2016-08-26 00:00:00+02:00
707641.549,1,2016-08-26 22:00:00+00:00,2016-08-27 00:00:00+02:00
667416.359,1,2016-08-27 22:00:00+00:00,2016-08-28 00:00:00+02:00
796215.291,1,2016-08-28 22:00:00+00:00,2016-08-29 00:00:00+02:00
800502.558,1,2016-08-29 22:00:00+00:00,2016-08-30 00:00:00+02:00
801022.91,1,2016-08-30 22:00:00+00:00,2016-08-31 00:00:00+02:00
803389.649,1,2016-08-31 22:00:00+00:00,2016-09-01 00:00:00+02:00
809913.744,1,2016-09-01 22:00:00+00:00,2016-09-02 00:00:00+02:00
736925.654,1,2016-09-02 22:00:00+00:00,2016-09-03 00:00:00+02:00
694795.32,1,2016-09-03 22:00:00+00:00,2016-09-04 00:00:00+02:00
842846.51,1,2016-09-04 22:00:00+00:00,2016-09-05 00:00:00+02:00
866776.887,1,2016-09-05 22:00:00+00:00,2016-09-06 00:00:00+02:00
858146.014,1,2016-09-06 22:00:00+00:00,2016-09-07 00:00:00+02:00
807734.766,1,2016-09-07 22:00:00+00:00,2016-09-08 00:00:00+02:00
799280.135,1,2016-09-08 22:00:00+00:00,2016-09-09 00:00:00+02:00
715186.71,1,2016-09-09 22:00:00+00:00,2016-09-10 00:00:00+02:00
661045.075,1,2016-09-10 22:00:00+00:00,2016-09-11 00:00:00+02:00
791191.528,1,2016-09-11 22:00:00+00:00,2016-09-12 00:00:00+02:00
783754.966,1,2016-09-12 22:00:00+00:00,2016-09-13 00:00:00+02:00
738149.671,1,2016-09-13 22:00:00+00:00,2016-09-14 00:00:00+02:00
723970.41,1,2016-09-14 22:00:00+00:00,2016-09-15 00:00:00+02:00
720649.983,1,2016-09-15 22:00:00+00:00,2016-09-16 00:00:00+02:00
654478.968,1,2016-09-16 22:00:00+00:00,2016-09-17 00:00:00+02:00
604760.487,1,2016-09-17 22:00:00+00:00,2016-09-18 00:00:00+02:00
711885.025,1,2016-09-18 22:00:00+00:00,2016-09-19 00:00:00+02:00
733659.067,1,2016-09-19 22:00:00+00:00,2016-09-20 00:00:00+02:00
732473.375,1,2016-09-20 22:00:00+00:00,2016-09-21 00:00:00+02:00
738113.746,1,2016-09-21 22:00:00+00:00,2016-09-22 00:00:00+02:00
731463.797,1,2016-09-22 22:00:00+00:00,2016-09-23 00:00:00+02:00
649254.897,1,2016-09-23 22:00:00+00:00,2016-09-24 00:00:00+02:00
597556.409,1,2016-09-24 22:00:00+00:00,2016-09-25 00:00:00+02:00
716854.246,1,2016-09-25 22:00:00+00:00,2016-09-26 00:00:00+02:00
738751.337,1,2016-09-26 22:00:00+00:00,2016-09-27 00:00:00+02:00
739398.371,1,2016-09-27 22:00:00+00:00,2016-09-28 00:00:00+02:00
732205.833,1,2016-09-28 22:00:00+00:00,2016-09-29 00:00:00+02:00
728244.707,1,2016-09-29 22:00:00+00:00,2016-09-30 00:00:00+02:00
651121.153,1,2016-09-30 22:00:00+00:00,2016-10-01 00:00:00+02:00
599357.533,1,2016-10-01 22:00:00+00:00,2016-10-02 00:00:00+02:00
713722.319,1,2016-10-02 22:00:00+00:00,2016-10-03 00:00:00+02:00
736563.205,1,2016-10-03 22:00:00+00:00,2016-10-04 00:00:00+02:00
739209.623,1,2016-10-04 22:00:00+00:00,2016-10-05 00:00:00+02:00
734532.619,1,2016-10-05 22:00:00+00:00,2016-10-06 00:00:00+02:00
714661.239,1,2016-10-06 22:00:00+00:00,2016-10-07 00:00:00+02:00
645857.154,1,2016-10-07 22:00:00+00:00,2016-10-08 00:00:00+02:00
595450.276,1,2016-10-08 22:00:00+00:00,2016-10-09 00:00:00+02:00
702192.053,1,2016-10-09 22:00:00+00:00,2016-10-10 00:00:00+02:00
708551.978,1,2016-10-10 22:00:00+00:00,2016-10-11 00:00:00+02:00
614952.398,1,2016-10-11 22:00:00+00:00,2016-10-12 00:00:00+02:00
698269.323,1,2016-10-12 22:00:00+00:00,2016-10-13 00:00:00+02:00
700725.5,1,2016-10-13 22:00:00+00:00,2016-10-14 00:00:00+02:00
630819.619,1,2016-10-14 22:00:00+00:00,2016-10-15 00:00:00+02:00
587220.739,1,2016-10-15 22:00:00+00:00,2016-10-16 00:00:00+02:00
707123.678,1,2016-10-16 22:00:00+00:00,2016-10-17 00:00:00+02:00
725283.946,1,2016-10-17 22:00:00+00:00,2016-10-18 00:00:00+02:00
723832.962,1,2016-10-18 22:00:00+00:00,2016-10-19 00:00:00+02:00
722614.729,1,2016-10-19 22:00:00+00:00,2016-10-20 00:00:00+02:00
716440.745,1,2016-10-20 22:00:00+00:00,2016-10-21 00:00:00+02:00
648315.218,1,2016-10-21 22:00:00+00:00,2016-10-22 00:00:00+02:00
602822.429,1,2016-10-22 22:00:00+00:00,2016-10-23 00:00:00+02:00
711498.925,1,2016-10-23 22:00:00+00:00,2016-10-24 00:00:00+02:00
725039.13,1,2016-10-24 22:00:00+00:00,2016-10-25 00:00:00+02:00
722845.864,1,2016-10-25 22:00:00+00:00,2016-10-26 00:00:00+02:00
720293.62,1,2016-10-26 22:00:00+00:00,2016-10-27 00:00:00+02:00
715101.758,1,2016-10-27 22:00:00+00:00,2016-10-28 00:00:00+02:00
634760.631,1,2016-10-28 22:00:00+00:00,2016-10-29 00:00:00+02:00
601760.466,1,2016-10-29 22:00:00+00:00,2016-10-30 00:00:00+02:00
641173.28,1,2016-10-30 23:00:00+00:00,2016-10-31 00:00:00+01:00
592700.95,1,2016-10-31 23:00:00+00:00,2016-11-01 00:00:00+01:00
700034.861,1,2016-11-01 23:00:00+00:00,2016-11-02 00:00:00+01:00
714618.903,1,2016-11-02 23:00:00+00:00,2016-11-03 00:00:00+01:00
725239.796,1,2016-11-03 23:00:00+00:00,2016-11-04 00:00:00+01:00
654135.048,1,2016-11-04 23:00:00+00:00,2016-11-05 00:00:00+01:00
599781.048,1,2016-11-05 23:00:00+00:00,2016-11-06 00:00:00+01:00
726988.501,1,2016-11-06 23:00:00+00:00,2016-11-07 00:00:00+01:00
759834.872,1,2016-11-07 23:00:00+00:00,2016-11-08 00:00:00+01:00
758837.182,1,2016-11-08 23:00:00+00:00,2016-11-09 00:00:00+01:00
760570.145,1,2016-11-09 23:00:00+00:00,2016-11-10 00:00:00+01:00
754886.367,1,2016-11-10 23:00:00+00:00,2016-11-11 00:00:00+01:00
676028.351,1,2016-11-11 23:00:00+00:00,2016-11-12 00:00:00+01:00
624556.818,1,2016-11-12 23:00:00+00:00,2016-11-13 00:00:00+01:00
745517.292,1,2016-11-13 23:00:00+00:00,2016-11-14 00:00:00+01:00
768876.712,1,2016-11-14 23:00:00+00:00,2016-11-15 00:00:00+01:00
764875.128,1,2016-11-15 23:00:00+00:00,2016-11-16 00:00:00+01:00
763284.774,1,2016-11-16 23:00:00+00:00,2016-11-17 00:00:00+01:00
758921.427,1,2016-11-17 23:00:00+00:00,2016-11-18 00:00:00+01:00
678258.742,1,2016-11-18 23:00:00+00:00,2016-11-19 00:00:00+01:00
637187.678,1,2016-11-19 23:00:00+00:00,2016-11-20 00:00:00+01:00
753839.724,1,2016-11-20 23:00:00+00:00,2016-11-21 00:00:00+01:00
773927.367,1,2016-11-21 23:00:00+00:00,2016-11-22 00:00:00+01:00
780114.325,1,2016-11-22 23:00:00+00:00,2016-11-23 00:00:00+01:00
783884.245,1,2016-11-23 23:00:00+00:00,2016-11-24 00:00:00+01:00
789820.774,1,2016-11-24 23:00:00+00:00,2016-11-25 00:00:00+01:00
713319.307,1,2016-11-25 23:00:00+00:00,2016-11-26 00:00:00+01:00
658685.061,1,2016-11-26 23:00:00+00:00,2016-11-27 00:00:00+01:00
771003.798,1,2016-11-27 23:00:00+00:00,2016-11-28 00:00:00+01:00
790572.445,1,2016-11-28 23:00:00+00:00,2016-11-29 00:00:00+01:00
788671.898,1,2016-11-29 23:00:00+00:00,2016-11-30 00:00:00+01:00
785876.617,1,2016-11-30 23:00:00+00:00,2016-12-01 00:00:00+01:00
777112.039,1,2016-12-01 23:00:00+00:00,2016-12-02 00:00:00+01:00
706542.519,1,2016-12-02 23:00:00+00:00,2016-12-03 00:00:00+01:00
655254.736,1,2016-12-03 23:00:00+00:00,2016-12-04 00:00:00+01:00
732588.135,1,2016-12-04 23:00:00+00:00,2016-12-05 00:00:00+01:00
677358.021,1,2016-12-05 23:00:00+00:00,2016-12-06 00:00:00+01:00
737830.564,1,2016-12-06 23:00:00+00:00,2016-12-07 00:00:00+01:00
666087.206,1,2016-12-07 23:00:00+00:00,2016-12-08 00:00:00+01:00
715348.606,1,2016-12-08 23:00:00+00:00,2016-12-09 00:00:00+01:00
675950.2,1,2016-12-09 23:00:00+00:00,2016-12-10 00:00:00+01:00
645628.368,1,2016-12-10 23:00:00+00:00,2016-12-11 00:00:00+01:00
769010.839,1,2016-12-11 23:00:00+00:00,2016-12-12 00:00:00+01:00
795442.136,1,2016-12-12 23:00:00+00:00,2016-12-13 00:00:00+01:00
802700.25,1,2016-12-13 23:00:00+00:00,2016-12-14 00:00:00+01:00
806790.24,1,2016-12-14 23:00:00+00:00,2016-12-15 00:00:00+01:00
801241.44,1,2016-12-15 23:00:00+00:00,2016-12-16 00:00:00+01:00
714042.418,1,2016-12-16 23:00:00+00:00,2016-12-17 00:00:00+01:00
676308.34,1,2016-12-17 23:00:00+00:00,2016-12-18 00:00:00+01:00
806323.246,1,2016-12-18 23:00:00+00:00,2016-12-19 00:00:00+01:00
810406.693,1,2016-12-19 23:00:00+00:00,2016-12-20 00:00:00+01:00
802393.776,1,2016-12-20 23:00:00+00:00,2016-12-21 00:00:00+01:00
789108.615,1,2016-12-21 23:00:00+00:00,2016-12-22 00:00:00+01:00
750541.415,1,2016-12-22 23:00:00+00:00,2016-12-23 00:00:00+01:00
648853.885,1,2016-12-23 23:00:00+00:00,2016-12-24 00:00:00+01:00
567295.699,1,2016-12-24 23:00:00+00:00,2016-12-25 00:00:00+01:00
623100.605,1,2016-12-25 23:00:00+00:00,2016-12-26 00:00:00+01:00
716949.53,1,2016-12-26 23:00:00+00:00,2016-12-27 00:00:00+01:00
725000.592,1,2016-12-27 23:00:00+00:00,2016-12-28 00:00:00+01:00
725599.158,1,2016-12-28 23:00:00+00:00,2016-12-29 00:00:00+01:00
724521.677,1,2016-12-29 23:00:00+00:00,2016-12-30 00:00:00+01:00
667164.602,1,2016-12-30 23:00:00+00:00,2016-12-31 00:00:00+01:00
598777.485,1,2016-12-31 23:00:00+00:00,2017-01-01 00:00:00+01:00
737399.953,1,2017-01-01 23:00:00+00:00,2017-01-02 00:00:00+01:00
790181.976,1,2017-01-02 23:00:00+00:00,2017-01-03 00:00:00+01:00
787400.021,1,2017-01-03 23:00:00+00:00,2017-01-04 00:00:00+01:00
755093.902,1,2017-01-04 23:00:00+00:00,2017-01-05 00:00:00+01:00
647771.64,1,2017-01-05 23:00:00+00:00,2017-01-06 00:00:00+01:00
705200.674,1,2017-01-06 23:00:00+00:00,2017-01-07 00:00:00+01:00
694080.263,1,2017-01-07 23:00:00+00:00,2017-01-08 00:00:00+01:00
821910.33,1,2017-01-08 23:00:00+00:00,2017-01-09 00:00:00+01:00
846224.728,1,2017-01-09 23:00:00+00:00,2017-01-10 00:00:00+01:00
824245.639,1,2017-01-10 23:00:00+00:00,2017-01-11 00:00:00+01:00
815386.868,1,2017-01-11 23:00:00+00:00,2017-01-12 00:00:00+01:00
811110.239,1,2017-01-12 23:00:00+00:00,2017-01-13 00:00:00+01:00
747715.593,1,2017-01-13 23:00:00+00:00,2017-01-14 00:00:00+01:00
703889.662,1,2017-01-14 23:00:00+00:00,2017-01-15 00:00:00+01:00
824373.113,1,2017-01-15 23:00:00+00:00,2017-01-16 00:00:00+01:00
847797.77,1,2017-01-16 23:00:00+00:00,2017-01-17 00:00:00+01:00
884984.52,1,2017-01-17 23:00:00+00:00,2017-01-18 00:00:00+01:00
888001.932,1,2017-01-18 23:00:00+00:00,2017-01-19 00:00:00+01:00
866315.684,1,2017-01-19 23:00:00+00:00,2017-01-20 00:00:00+01:00
770045.766,1,2017-01-20 23:00:00+00:00,2017-01-21 00:00:00+01:00
712918.725,1,2017-01-21 23:00:00+00:00,2017-01-22 00:00:00+01:00
836812.562,1,2017-01-22 23:00:00+00:00,2017-01-23 00:00:00+01:00
843533.481,1,2017-01-23 23:00:00+00:00,2017-01-24 00:00:00+01:00
848770.002,1,2017-01-24 23:00:00+00:00,2017-01-25 00:00:00+01:00
856403.657,1,2017-01-25 23:00:00+00:00,2017-01-26 00:00:00+01:00
842428.081,1,2017-01-26 23:00:00+00:00,2017-01-27 00:00:00+01:00
743673.98,1,2017-01-27 23:00:00+00:00,2017-01-28 00:00:00+01:00
689587.651,1,2017-01-28 23:00:00+00:00,2017-01-29 00:00:00+01:00
798149.713,1,2017-01-29 23:00:00+00:00,2017-01-30 00:00:00+01:00
798037.782,1,2017-01-30 23:00:00+00:00,2017-01-31 00:00:00+01:00
796445.506,1,2017-01-31 23:00:00+00:00,2017-02-01 00:00:00+01:00
800036.205,1,2017-02-01 23:00:00+00:00,2017-02-02 00:00:00+01:00
789355.647,1,2017-02-02 23:00:00+00:00,2017-02-03 00:00:00+01:00
706102.119,1,2017-02-03 23:00:00+00:00,2017-02-04 00:00:00+01:00
659565.875,1,2017-02-04 23:00:00+00:00,2017-02-05 00:00:00+01:00
777153.624,1,2017-02-05 23:00:00+00:00,2017-02-06 00:00:00+01:00
783937.826,1,2017-02-06 23:00:00+00:00,2017-02-07 00:00:00+01:00
793018.604,1,2017-02-07 23:00:00+00:00,2017-02-08 00:00:00+01:00
801543.878,1,2017-02-08 23:00:00+00:00,2017-02-09 00:00:00+01:00
810352.774,1,2017-02-09 23:00:00+00:00,2017-02-10 00:00:00+01:00
736084.836,1,2017-02-10 23:00:00+00:00,2017-02-11 00:00:00+01:00
678862.766,1,2017-02-11 23:00:00+00:00,2017-02-12 00:00:00+01:00
785841.799,1,2017-02-12 23:00:00+00:00,2017-02-13 00:00:00+01:00
788796.954,1,2017-02-13 23:00:00+00:00,2017-02-14 00:00:00+01:00
775997.157,1,2017-02-14 23:00:00+00:00,2017-02-15 00:00:00+01:00
778586.428,1,2017-02-15 23:00:00+00:00,2017-02-16 00:00:00+01:00
772198.016,1,2017-02-16 23:00:00+00:00,2017-02-17 00:00:00+01:00
701068.722,1,2017-02-17 23:00:00+00:00,2017-02-18 00:00:00+01:00
650002.868,1,2017-02-18 23:00:00+00:00,2017-02-19 00:00:00+01:00
763104.063,1,2017-02-19 23:00:00+00:00,2017-02-20 00:00:00+01:00
773555.684,1,2017-02-20 23:00:00+00:00,2017-02-21 00:00:00+01:00
769927.659,1,2017-02-21 23:00:00+00:00,2017-02-22 00:00:00+01:00
774783.049,1,2017-02-22 23:00:00+00:00,2017-02-23 00:00:00+01:00
768733.485,1,2017-02-23 23:00:00+00:00,2017-02-24 00:00:00+01:00
689257.508,1,2017-02-24 23:00:00+00:00,2017-02-25 00:00:00+01:00
639555.818,1,2017-02-25 23:00:00+00:00,2017-02-26 00:00:00+01:00
741530.72,1,2017-02-26 23:00:00+00:00,2017-02-27 00:00:00+01:00
746053.565,1,2017-02-27 23:00:00+00:00,2017-02-28 00:00:00+01:00
759946.768,1,2017-02-28 23:00:00+00:00,2017-03-01 00:00:00+01:00
763569.898,1,2017-03-01 23:00:00+00:00,2017-03-02 00:00:00+01:00
774329.746,1,2017-03-02 23:00:00+00:00,2017-03-03 00:00:00+01:00
706427.594,1,2017-03-03 23:00:00+00:00,2017-03-04 00:00:00+01:00
650806.971,1,2017-03-04 23:00:00+00:00,2017-03-05 00:00:00+01:00
742278.676,1,2017-03-05 23:00:00+00:00,2017-03-06 00:00:00+01:00
750454.903,1,2017-03-06 23:00:00+00:00,2017-03-07 00:00:00+01:00
738763.446,1,2017-03-07 23:00:00+00:00,2017-03-08 00:00:00+01:00
733773.192,1,2017-03-08 23:00:00+00:00,2017-03-09 00:00:00+01:00
722061.344,1,2017-03-09 23:00:00+00:00,2017-03-10 00:00:00+01:00
646815.723,1,2017-03-10 23:00:00+00:00,2017-03-11 00:00:00+01:00
603914.043,1,2017-03-11 23:00:00+00:00,2017-03-12 00:00:00+01:00
738362.394,1,2017-03-12 23:00:00+00:00,2017-03-13 00:00:00+01:00
751881.092,1,2017-03-13 23:00:00+00:00,2017-03-14 00:00:00+01:00
737002.077,1,2017-03-14 23:00:00+00:00,2017-03-15 00:00:00+01:00
733165.208,1,2017-03-15 23:00:00+00:00,2017-03-16 00:00:00+01:00
725396.333,1,2017-03-16 23:00:00+00:00,2017-03-17 00:00:00+01:00
647495.696,1,2017-03-17 23:00:00+00:00,2017-03-18 00:00:00+01:00
596769.468,1,2017-03-18 23:00:00+00:00,2017-03-19 00:00:00+01:00
696202.895,1,2017-03-19 23:00:00+00:00,2017-03-20 00:00:00+01:00
735184.495,1,2017-03-20 23:00:00+00:00,2017-03-21 00:00:00+01:00
752498.769,1,2017-03-21 23:00:00+00:00,2017-03-22 00:00:00+01:00
765141.794,1,2017-03-22 23:00:00+00:00,2017-03-23 00:00:00+01:00
777112.401,1,2017-03-23 23:00:00+00:00,2017-03-24 00:00:00+01:00
702109.452,1,2017-03-24 23:00:00+00:00,2017-03-25 00:00:00+01:00
615279.047,1,2017-03-25 23:00:00+00:00,2017-03-26 00:00:00+01:00
752452.857,1,2017-03-26 22:00:00+00:00,2017-03-27 00:00:00+02:00
749190.56,1,2017-03-27 22:00:00+00:00,2017-03-28 00:00:00+02:00
740480.155,1,2017-03-28 22:00:00+00:00,2017-03-29 00:00:00+02:00
730169.661,1,2017-03-29 22:00:00+00:00,2017-03-30 00:00:00+02:00
726136.892,1,2017-03-30 22:00:00+00:00,2017-03-31 00:00:00+02:00
660366.042,1,2017-03-31 22:00:00+00:00,2017-04-01 00:00:00+02:00
612970.34,1,2017-04-01 22:00:00+00:00,2017-04-02 00:00:00+02:00
717886.98,1,2017-04-02 22:00:00+00:00,2017-04-03 00:00:00+02:00
731511.346,1,2017-04-03 22:00:00+00:00,2017-04-04 00:00:00+02:00
729483.28,1,2017-04-04 22:00:00+00:00,2017-04-05 00:00:00+02:00
726582.898,1,2017-04-05 22:00:00+00:00,2017-04-06 00:00:00+02:00
720099.808,1,2017-04-06 22:00:00+00:00,2017-04-07 00:00:00+02:00
651738.634,1,2017-04-07 22:00:00+00:00,2017-04-08 00:00:00+02:00
597656.302,1,2017-04-08 22:00:00+00:00,2017-04-09 00:00:00+02:00
695538.758,1,2017-04-09 22:00:00+00:00,2017-04-10 00:00:00+02:00
707219.894,1,2017-04-10 22:00:00+00:00,2017-04-11 00:00:00+02:00
694467.17,1,2017-04-11 22:00:00+00:00,2017-04-12 00:00:00+02:00
605880.528,1,2017-04-12 22:00:00+00:00,2017-04-13 00:00:00+02:00
559752.619,1,2017-04-13 22:00:00+00:00,2017-04-14 00:00:00+02:00
590162.907,1,2017-04-14 22:00:00+00:00,2017-04-15 00:00:00+02:00
559525.843,1,2017-04-15 22:00:00+00:00,2017-04-16 00:00:00+02:00
616373.08,1,2017-04-16 22:00:00+00:00,2017-04-17 00:00:00+02:00
696190.048,1,2017-04-17 22:00:00+00:00,2017-04-18 00:00:00+02:00
716827.223,1,2017-04-18 22:00:00+00:00,2017-04-19 00:00:00+02:00
715778.602,1,2017-04-19 22:00:00+00:00,2017-04-20 00:00:00+02:00
713856.583,1,2017-04-20 22:00:00+00:00,2017-04-21 00:00:00+02:00
648300.654,1,2017-04-21 22:00:00+00:00,2017-04-22 00:00:00+02:00
593441.183,1,2017-04-22 22:00:00+00:00,2017-04-23 00:00:00+02:00
679709.918,1,2017-04-23 22:00:00+00:00,2017-04-24 00:00:00+02:00
718206.582,1,2017-04-24 22:00:00+00:00,2017-04-25 00:00:00+02:00
727071.917,1,2017-04-25 22:00:00+00:00,2017-04-26 00:00:00+02:00
736488.013,1,2017-04-26 22:00:00+00:00,2017-04-27 00:00:00+02:00
731294.805,1,2017-04-27 22:00:00+00:00,2017-04-28 00:00:00+02:00
657607.178,1,2017-04-28 22:00:00+00:00,2017-04-29 00:00:00+02:00
601945.005,1,2017-04-29 22:00:00+00:00,2017-04-30 00:00:00+02:00
576647.958,1,2017-04-30 22:00:00+00:00,2017-05-01 00:00:00+02:00
684555.249,1,2017-05-01 22:00:00+00:00,2017-05-02 00:00:00+02:00
716650.525,1,2017-05-02 22:00:00+00:00,2017-05-03 00:00:00+02:00
720216.639,1,2017-05-03 22:00:00+00:00,2017-05-04 00:00:00+02:00
717887.944,1,2017-05-04 22:00:00+00:00,2017-05-05 00:00:00+02:00
645258.772,1,2017-05-05 22:00:00+00:00,2017-05-06 00:00:00+02:00
591291.214,1,2017-05-06 22:00:00+00:00,2017-05-07 00:00:00+02:00
701838.514,1,2017-05-07 22:00:00+00:00,2017-05-08 00:00:00+02:00
719220.916,1,2017-05-08 22:00:00+00:00,2017-05-09 00:00:00+02:00
722357.998,1,2017-05-09 22:00:00+00:00,2017-05-10 00:00:00+02:00
720311.77,1,2017-05-10 22:00:00+00:00,2017-05-11 00:00:00+02:00
713437.711,1,2017-05-11 22:00:00+00:00,2017-05-12 00:00:00+02:00
641735.646,1,2017-05-12 22:00:00+00:00,2017-05-13 00:00:00+02:00
588756.865,1,2017-05-13 22:00:00+00:00,2017-05-14 00:00:00+02:00
689107.047,1,2017-05-14 22:00:00+00:00,2017-05-15 00:00:00+02:00
727065.784,1,2017-05-15 22:00:00+00:00,2017-05-16 00:00:00+02:00
726868.807,1,2017-05-16 22:00:00+00:00,2017-05-17 00:00:00+02:00
725202.736,1,2017-05-17 22:00:00+00:00,2017-05-18 00:00:00+02:00
710927.215,1,2017-05-18 22:00:00+00:00,2017-05-19 00:00:00+02:00
642947.328,1,2017-05-19 22:00:00+00:00,2017-05-20 00:00:00+02:00
595144.19,1,2017-05-20 22:00:00+00:00,2017-05-21 00:00:00+02:00
707215.908,1,2017-05-21 22:00:00+00:00,2017-05-22 00:00:00+02:00
735713.079,1,2017-05-22 22:00:00+00:00,2017-05-23 00:00:00+02:00
744762.226,1,2017-05-23 22:00:00+00:00,2017-05-24 00:00:00+02:00
753708.067,1,2017-05-24 22:00:00+00:00,2017-05-25 00:00:00+02:00
751802.485,1,2017-05-25 22:00:00+00:00,2017-05-26 00:00:00+02:00
676432.459,1,2017-05-26 22:00:00+00:00,2017-05-27 00:00:00+02:00
614285.606,1,2017-05-27 22:00:00+00:00,2017-05-28 00:00:00+02:00
720317.959,1,2017-05-28 22:00:00+00:00,2017-05-29 00:00:00+02:00
730950.193,1,2017-05-29 22:00:00+00:00,2017-05-30 00:00:00+02:00
736466.626,1,2017-05-30 22:00:00+00:00,2017-05-31 00:00:00+02:00
747518.87,1,2017-05-31 22:00:00+00:00,2017-06-01 00:00:00+02:00
753609.124,1,2017-06-01 22:00:00+00:00,2017-06-02 00:00:00+02:00
679426.673,1,2017-06-02 22:00:00+00:00,2017-06-03 00:00:00+02:00
611001.936,1,2017-06-03 22:00:00+00:00,2017-06-04 00:00:00+02:00
703309.683,1,2017-06-04 22:00:00+00:00,2017-06-05 00:00:00+02:00
740130.509,1,2017-06-05 22:00:00+00:00,2017-06-06 00:00:00+02:00
749355.998,1,2017-06-06 22:00:00+00:00,2017-06-07 00:00:00+02:00
761866.923,1,2017-06-07 22:00:00+00:00,2017-06-08 00:00:00+02:00
759329.608,1,2017-06-08 22:00:00+00:00,2017-06-09 00:00:00+02:00
694435.316,1,2017-06-09 22:00:00+00:00,2017-06-10 00:00:00+02:00
650192.062,1,2017-06-10 22:00:00+00:00,2017-06-11 00:00:00+02:00
788982.005,1,2017-06-11 22:00:00+00:00,2017-06-12 00:00:00+02:00
817984.82,1,2017-06-12 22:00:00+00:00,2017-06-13 00:00:00+02:00
833791.039,1,2017-06-13 22:00:00+00:00,2017-06-14 00:00:00+02:00
840938.662,1,2017-06-14 22:00:00+00:00,2017-06-15 00:00:00+02:00
843222.117,1,2017-06-15 22:00:00+00:00,2017-06-16 00:00:00+02:00
775071.419,1,2017-06-16 22:00:00+00:00,2017-06-17 00:00:00+02:00
714249.156,1,2017-06-17 22:00:00+00:00,2017-06-18 00:00:00+02:00
838636.414,1,2017-06-18 22:00:00+00:00,2017-06-19 00:00:00+02:00
851662.309,1,2017-06-19 22:00:00+00:00,2017-06-20 00:00:00+02:00
854595.14,1,2017-06-20 22:00:00+00:00,2017-06-21 00:00:00+02:00
855949.555,1,2017-06-21 22:00:00+00:00,2017-06-22 00:00:00+02:00
835352.735,1,2017-06-22 22:00:00+00:00,2017-06-23 00:00:00+02:00
748147.739,1,2017-06-23 22:00:00+00:00,2017-06-24 00:00:00+02:00
690609.154,1,2017-06-24 22:00:00+00:00,2017-06-25 00:00:00+02:00
805439.019,1,2017-06-25 22:00:00+00:00,2017-06-26 00:00:00+02:00
810662.661,1,2017-06-26 22:00:00+00:00,2017-06-27 00:00:00+02:00
785930.599,1,2017-06-27 22:00:00+00:00,2017-06-28 00:00:00+02:00
749639.349,1,2017-06-28 22:00:00+00:00,2017-06-29 00:00:00+02:00
732881.027,1,2017-06-29 22:00:00+00:00,2017-06-30 00:00:00+02:00
665287.066,1,2017-06-30 22:00:00+00:00,2017-07-01 00:00:00+02:00
621685.663,1,2017-07-01 22:00:00+00:00,2017-07-02 00:00:00+02:00
746866.343,1,2017-07-02 22:00:00+00:00,2017-07-03 00:00:00+02:00
783170.813,1,2017-07-03 22:00:00+00:00,2017-07-04 00:00:00+02:00
793964.362,1,2017-07-04 22:00:00+00:00,2017-07-05 00:00:00+02:00
784389.237,1,2017-07-05 22:00:00+00:00,2017-07-06 00:00:00+02:00
774032.849,1,2017-07-06 22:00:00+00:00,2017-07-07 00:00:00+02:00
695057.396,1,2017-07-07 22:00:00+00:00,2017-07-08 00:00:00+02:00
644495.83,1,2017-07-08 22:00:00+00:00,2017-07-09 00:00:00+02:00
780556.382,1,2017-07-09 22:00:00+00:00,2017-07-10 00:00:00+02:00
811274.869,1,2017-07-10 22:00:00+00:00,2017-07-11 00:00:00+02:00
841963.111,1,2017-07-11 22:00:00+00:00,2017-07-12 00:00:00+02:00
864108.624,1,2017-07-12 22:00:00+00:00,2017-07-13 00:00:00+02:00
858571.269,1,2017-07-13 22:00:00+00:00,2017-07-14 00:00:00+02:00
764624.451,1,2017-07-14 22:00:00+00:00,2017-07-15 00:00:00+02:00
696716.06,1,2017-07-15 22:00:00+00:00,2017-07-16 00:00:00+02:00
829407.742,1,2017-07-16 22:00:00+00:00,2017-07-17 00:00:00+02:00
853182.301,1,2017-07-17 22:00:00+00:00,2017-07-18 00:00:00+02:00
843294.513,1,2017-07-18 22:00:00+00:00,2017-07-19 00:00:00+02:00
823513.511,1,2017-07-19 22:00:00+00:00,2017-07-20 00:00:00+02:00
803777.579,1,2017-07-20 22:00:00+00:00,2017-07-21 00:00:00+02:00
722232.749,1,2017-07-21 22:00:00+00:00,2017-07-22 00:00:00+02:00
662966.167,1,2017-07-22 22:00:00+00:00,2017-07-23 00:00:00+02:00
781909.147,1,2017-07-23 22:00:00+00:00,2017-07-24 00:00:00+02:00
775633.496,1,2017-07-24 22:00:00+00:00,2017-07-25 00:00:00+02:00
794953.654,1,2017-07-25 22:00:00+00:00,2017-07-26 00:00:00+02:00
821649.128,1,2017-07-26 22:00:00+00:00,2017-07-27 00:00:00+02:00
825860.618,1,2017-07-27 22:00:00+00:00,2017-07-28 00:00:00+02:00
752296.225,1,2017-07-28 22:00:00+00:00,2017-07-29 00:00:00+02:00
694030.592,1,2017-07-29 22:00:00+00:00,2017-07-30 00:00:00+02:00
786533.772,1,2017-07-30 22:00:00+00:00,2017-07-31 00:00:00+02:00
809483.41,1,2017-07-31 22:00:00+00:00,2017-08-01 00:00:00+02:00
815805.124,1,2017-08-01 22:00:00+00:00,2017-08-02 00:00:00+02:00
830503.29,1,2017-08-02 22:00:00+00:00,2017-08-03 00:00:00+02:00
844863.393,1,2017-08-03 22:00:00+00:00,2017-08-04 00:00:00+02:00
766691.996,1,2017-08-04 22:00:00+00:00,2017-08-05 00:00:00+02:00
696275.799,1,2017-08-05 22:00:00+00:00,2017-08-06 00:00:00+02:00
800407.779,1,2017-08-06 22:00:00+00:00,2017-08-07 00:00:00+02:00
790770.479,1,2017-08-07 22:00:00+00:00,2017-08-08 00:00:00+02:00
756459.917,1,2017-08-08 22:00:00+00:00,2017-08-09 00:00:00+02:00
722882.422,1,2017-08-09 22:00:00+00:00,2017-08-10 00:00:00+02:00
722937.075,1,2017-08-10 22:00:00+00:00,2017-08-11 00:00:00+02:00
667734.597,1,2017-08-11 22:00:00+00:00,2017-08-12 00:00:00+02:00
624358.656,1,2017-08-12 22:00:00+00:00,2017-08-13 00:00:00+02:00
705119.924,1,2017-08-13 22:00:00+00:00,2017-08-14 00:00:00+02:00
667476.848,1,2017-08-14 22:00:00+00:00,2017-08-15 00:00:00+02:00
750783.924,1,2017-08-15 22:00:00+00:00,2017-08-16 00:00:00+02:00
769223.326,1,2017-08-16 22:00:00+00:00,2017-08-17 00:00:00+02:00
781714.003,1,2017-08-17 22:00:00+00:00,2017-08-18 00:00:00+02:00
712994.524,1,2017-08-18 22:00:00+00:00,2017-08-19 00:00:00+02:00
663334.377,1,2017-08-19 22:00:00+00:00,2017-08-20 00:00:00+02:00
781801.298,1,2017-08-20 22:00:00+00:00,2017-08-21 00:00:00+02:00
803185.833,1,2017-08-21 22:00:00+00:00,2017-08-22 00:00:00+02:00
805156.019,1,2017-08-22 22:00:00+00:00,2017-08-23 00:00:00+02:00
801839.414,1,2017-08-23 22:00:00+00:00,2017-08-24 00:00:00+02:00
794656.486,1,2017-08-24 22:00:00+00:00,2017-08-25 00:00:00+02:00
722123.643,1,2017-08-25 22:00:00+00:00,2017-08-26 00:00:00+02:00
660169.139,1,2017-08-26 22:00:00+00:00,2017-08-27 00:00:00+02:00
769338.138,1,2017-08-27 22:00:00+00:00,2017-08-28 00:00:00+02:00
769062.605,1,2017-08-28 22:00:00+00:00,2017-08-29 00:00:00+02:00
756948.043,1,2017-08-29 22:00:00+00:00,2017-08-30 00:00:00+02:00
758167.555,1,2017-08-30 22:00:00+00:00,2017-08-31 00:00:00+02:00
745637.679,1,2017-08-31 22:00:00+00:00,2017-09-01 00:00:00+02:00
670569.574,1,2017-09-01 22:00:00+00:00,2017-09-02 00:00:00+02:00
625267.091,1,2017-09-02 22:00:00+00:00,2017-09-03 00:00:00+02:00
751839.982,1,2017-09-03 22:00:00+00:00,2017-09-04 00:00:00+02:00
789340.76,1,2017-09-04 22:00:00+00:00,2017-09-05 00:00:00+02:00
795949.088,1,2017-09-05 22:00:00+00:00,2017-09-06 00:00:00+02:00
787398.911,1,2017-09-06 22:00:00+00:00,2017-09-07 00:00:00+02:00
757985.149,1,2017-09-07 22:00:00+00:00,2017-09-08 00:00:00+02:00
674350.616,1,2017-09-08 22:00:00+00:00,2017-09-09 00:00:00+02:00
609041.459,1,2017-09-09 22:00:00+00:00,2017-09-10 00:00:00+02:00
709090.262,1,2017-09-10 22:00:00+00:00,2017-09-11 00:00:00+02:00
751786.559,1,2017-09-11 22:00:00+00:00,2017-09-12 00:00:00+02:00
764653.17,1,2017-09-12 22:00:00+00:00,2017-09-13 00:00:00+02:00
768171.308,1,2017-09-13 22:00:00+00:00,2017-09-14 00:00:00+02:00
734716.881,1,2017-09-14 22:00:00+00:00,2017-09-15 00:00:00+02:00
650104.944,1,2017-09-15 22:00:00+00:00,2017-09-16 00:00:00+02:00
599304.06,1,2017-09-16 22:00:00+00:00,2017-09-17 00:00:00+02:00
712364.514,1,2017-09-17 22:00:00+00:00,2017-09-18 00:00:00+02:00
734767.262,1,2017-09-18 22:00:00+00:00,2017-09-19 00:00:00+02:00
735501.297,1,2017-09-19 22:00:00+00:00,2017-09-20 00:00:00+02:00
737581.238,1,2017-09-20 22:00:00+00:00,2017-09-21 00:00:00+02:00
737987.102,1,2017-09-21 22:00:00+00:00,2017-09-22 00:00:00+02:00
661606.811,1,2017-09-22 22:00:00+00:00,2017-09-23 00:00:00+02:00
611771.695,1,2017-09-23 22:00:00+00:00,2017-09-24 00:00:00+02:00
726403.86,1,2017-09-24 22:00:00+00:00,2017-09-25 00:00:00+02:00
742539.212,1,2017-09-25 22:00:00+00:00,2017-09-26 00:00:00+02:00
743372.807,1,2017-09-26 22:00:00+00:00,2017-09-27 00:00:00+02:00
742938.183,1,2017-09-27 22:00:00+00:00,2017-09-28 00:00:00+02:00
740245.271,1,2017-09-28 22:00:00+00:00,2017-09-29 00:00:00+02:00
663770.14,1,2017-09-29 22:00:00+00:00,2017-09-30 00:00:00+02:00
608897.77,1,2017-09-30 22:00:00+00:00,2017-10-01 00:00:00+02:00
729774.425,1,2017-10-01 22:00:00+00:00,2017-10-02 00:00:00+02:00
734087.171,1,2017-10-02 22:00:00+00:00,2017-10-03 00:00:00+02:00
751873.178,1,2017-10-03 22:00:00+00:00,2017-10-04 00:00:00+02:00
754739.627,1,2017-10-04 22:00:00+00:00,2017-10-05 00:00:00+02:00
751310.87,1,2017-10-05 22:00:00+00:00,2017-10-06 00:00:00+02:00
659217.858,1,2017-10-06 22:00:00+00:00,2017-10-07 00:00:00+02:00
605654.988,1,2017-10-07 22:00:00+00:00,2017-10-08 00:00:00+02:00
706351.406,1,2017-10-08 22:00:00+00:00,2017-10-09 00:00:00+02:00
732202.404,1,2017-10-09 22:00:00+00:00,2017-10-10 00:00:00+02:00
730089.89,1,2017-10-10 22:00:00+00:00,2017-10-11 00:00:00+02:00
628211.176,1,2017-10-11 22:00:00+00:00,2017-10-12 00:00:00+02:00
675209.676,1,2017-10-12 22:00:00+00:00,2017-10-13 00:00:00+02:00
643437.968,1,2017-10-13 22:00:00+00:00,2017-10-14 00:00:00+02:00
601044.997,1,2017-10-14 22:00:00+00:00,2017-10-15 00:00:00+02:00
718351.947,1,2017-10-15 22:00:00+00:00,2017-10-16 00:00:00+02:00
731643.127,1,2017-10-16 22:00:00+00:00,2017-10-17 00:00:00+02:00
730292.911,1,2017-10-17 22:00:00+00:00,2017-10-18 00:00:00+02:00
719557.673,1,2017-10-18 22:00:00+00:00,2017-10-19 00:00:00+02:00
719103.852,1,2017-10-19 22:00:00+00:00,2017-10-20 00:00:00+02:00
646738.804,1,2017-10-20 22:00:00+00:00,2017-10-21 00:00:00+02:00
591488.872,1,2017-10-21 22:00:00+00:00,2017-10-22 00:00:00+02:00
705183.881,1,2017-10-22 22:00:00+00:00,2017-10-23 00:00:00+02:00
725529.056,1,2017-10-23 22:00:00+00:00,2017-10-24 00:00:00+02:00
729923.941,1,2017-10-24 22:00:00+00:00,2017-10-25 00:00:00+02:00
724883.635,1,2017-10-25 22:00:00+00:00,2017-10-26 00:00:00+02:00
722316.144,1,2017-10-26 22:00:00+00:00,2017-10-27 00:00:00+02:00
642175.793,1,2017-10-27 22:00:00+00:00,2017-10-28 00:00:00+02:00
614270.002,1,2017-10-28 22:00:00+00:00,2017-10-29 00:00:00+02:00
707167.017,1,2017-10-29 23:00:00+00:00,2017-10-30 00:00:00+01:00
718185.313,1,2017-10-30 23:00:00+00:00,2017-10-31 00:00:00+01:00
615921.655,1,2017-10-31 23:00:00+00:00,2017-11-01 00:00:00+01:00
707921.111,1,2017-11-01 23:00:00+00:00,2017-11-02 00:00:00+01:00
719459.192,1,2017-11-02 23:00:00+00:00,2017-11-03 00:00:00+01:00
645817.412,1,2017-11-03 23:00:00+00:00,2017-11-04 00:00:00+01:00
597686.629,1,2017-11-04 23:00:00+00:00,2017-11-05 00:00:00+01:00
716972.599,1,2017-11-05 23:00:00+00:00,2017-11-06 00:00:00+01:00
744822.203,1,2017-11-06 23:00:00+00:00,2017-11-07 00:00:00+01:00
759905.745,1,2017-11-07 23:00:00+00:00,2017-11-08 00:00:00+01:00
759861.963,1,2017-11-08 23:00:00+00:00,2017-11-09 00:00:00+01:00
764532.188,1,2017-11-09 23:00:00+00:00,2017-11-10 00:00:00+01:00
683015.399,1,2017-11-10 23:00:00+00:00,2017-11-11 00:00:00+01:00
630568.913,1,2017-11-11 23:00:00+00:00,2017-11-12 00:00:00+01:00
754680.556,1,2017-11-12 23:00:00+00:00,2017-11-13 00:00:00+01:00
783837.983,1,2017-11-13 23:00:00+00:00,2017-11-14 00:00:00+01:00
789164.992,1,2017-11-14 23:00:00+00:00,2017-11-15 00:00:00+01:00
787289.911,1,2017-11-15 23:00:00+00:00,2017-11-16 00:00:00+01:00
779087.427,1,2017-11-16 23:00:00+00:00,2017-11-17 00:00:00+01:00
698082.147,1,2017-11-17 23:00:00+00:00,2017-11-18 00:00:00+01:00
645371.4,1,2017-11-18 23:00:00+00:00,2017-11-19 00:00:00+01:00
768722.248,1,2017-11-19 23:00:00+00:00,2017-11-20 00:00:00+01:00
788658.495,1,2017-11-20 23:00:00+00:00,2017-11-21 00:00:00+01:00
794652.02,1,2017-11-21 23:00:00+00:00,2017-11-22 00:00:00+01:00
782339.118,1,2017-11-22 23:00:00+00:00,2017-11-23 00:00:00+01:00
772036.18,1,2017-11-23 23:00:00+00:00,2017-11-24 00:00:00+01:00
699834.74,1,2017-11-24 23:00:00+00:00,2017-11-25 00:00:00+01:00
651682.382,1,2017-11-25 23:00:00+00:00,2017-11-26 00:00:00+01:00
785800.132,1,2017-11-26 23:00:00+00:00,2017-11-27 00:00:00+01:00
809687.538,1,2017-11-27 23:00:00+00:00,2017-11-28 00:00:00+01:00
815675.267,1,2017-11-28 23:00:00+00:00,2017-11-29 00:00:00+01:00
820643.977,1,2017-11-29 23:00:00+00:00,2017-11-30 00:00:00+01:00
831437.788,1,2017-11-30 23:00:00+00:00,2017-12-01 00:00:00+01:00
764719.224,1,2017-12-01 23:00:00+00:00,2017-12-02 00:00:00+01:00
715939.553,1,2017-12-02 23:00:00+00:00,2017-12-03 00:00:00+01:00
838132.678,1,2017-12-03 23:00:00+00:00,2017-12-04 00:00:00+01:00
848162.295,1,2017-12-04 23:00:00+00:00,2017-12-05 00:00:00+01:00
756360.395,1,2017-12-05 23:00:00+00:00,2017-12-06 00:00:00+01:00
782686.007,1,2017-12-06 23:00:00+00:00,2017-12-07 00:00:00+01:00
719496.923,1,2017-12-07 23:00:00+00:00,2017-12-08 00:00:00+01:00
717690.506,1,2017-12-08 23:00:00+00:00,2017-12-09 00:00:00+01:00
684898.749,1,2017-12-09 23:00:00+00:00,2017-12-10 00:00:00+01:00
802343.752,1,2017-12-10 23:00:00+00:00,2017-12-11 00:00:00+01:00
825186.982,1,2017-12-11 23:00:00+00:00,2017-12-12 00:00:00+01:00
839031.423,1,2017-12-12 23:00:00+00:00,2017-12-13 00:00:00+01:00
829227.426,1,2017-12-13 23:00:00+00:00,2017-12-14 00:00:00+01:00
803118.403,1,2017-12-14 23:00:00+00:00,2017-12-15 00:00:00+01:00
727264.645,1,2017-12-15 23:00:00+00:00,2017-12-16 00:00:00+01:00
694705.763,1,2017-12-16 23:00:00+00:00,2017-12-17 00:00:00+01:00
829576.999,1,2017-12-17 23:00:00+00:00,2017-12-18 00:00:00+01:00
832816.687,1,2017-12-18 23:00:00+00:00,2017-12-19 00:00:00+01:00
834761.96,1,2017-12-19 23:00:00+00:00,2017-12-20 00:00:00+01:00
819406.557,1,2017-12-20 23:00:00+00:00,2017-12-21 00:00:00+01:00
792960.353,1,2017-12-21 23:00:00+00:00,2017-12-22 00:00:00+01:00
702851.367,1,2017-12-22 23:00:00+00:00,2017-12-23 00:00:00+01:00
642910.063,1,2017-12-23 23:00:00+00:00,2017-12-24 00:00:00+01:00
595600.77,1,2017-12-24 23:00:00+00:00,2017-12-25 00:00:00+01:00
701435.719,1,2017-12-25 23:00:00+00:00,2017-12-26 00:00:00+01:00
741629.025,1,2017-12-26 23:00:00+00:00,2017-12-27 00:00:00+01:00
736357.873,1,2017-12-27 23:00:00+00:00,2017-12-28 00:00:00+01:00
715140.213,1,2017-12-28 23:00:00+00:00,2017-12-29 00:00:00+01:00
652290.283,1,2017-12-29 23:00:00+00:00,2017-12-30 00:00:00+01:00
618260.273,1,2017-12-30 23:00:00+00:00,2017-12-31 00:00:00+01:00
574637.329,1,2017-12-31 23:00:00+00:00,2018-01-01 00:00:00+01:00
724549.044,1,2018-01-01 23:00:00+00:00,2018-01-02 00:00:00+01:00
753204.111,1,2018-01-02 23:00:00+00:00,2018-01-03 00:00:00+01:00
752386.801,1,2018-01-03 23:00:00+00:00,2018-01-04 00:00:00+01:00
724096.688,1,2018-01-04 23:00:00+00:00,2018-01-05 00:00:00+01:00
639705.663,1,2018-01-05 23:00:00+00:00,2018-01-06 00:00:00+01:00
672064.65,1,2018-01-06 23:00:00+00:00,2018-01-07 00:00:00+01:00
817299.975,1,2018-01-07 23:00:00+00:00,2018-01-08 00:00:00+01:00
854745.17,1,2018-01-08 23:00:00+00:00,2018-01-09 00:00:00+01:00
837804.956,1,2018-01-09 23:00:00+00:00,2018-01-10 00:00:00+01:00
834709.714,1,2018-01-10 23:00:00+00:00,2018-01-11 00:00:00+01:00
831785.061,1,2018-01-11 23:00:00+00:00,2018-01-12 00:00:00+01:00
760638.523,1,2018-01-12 23:00:00+00:00,2018-01-13 00:00:00+01:00
708621.619,1,2018-01-13 23:00:00+00:00,2018-01-14 00:00:00+01:00
835104.116,1,2018-01-14 23:00:00+00:00,2018-01-15 00:00:00+01:00
833389.158,1,2018-01-15 23:00:00+00:00,2018-01-16 00:00:00+01:00
817515.175,1,2018-01-16 23:00:00+00:00,2018-01-17 00:00:00+01:00
817603.332,1,2018-01-17 23:00:00+00:00,2018-01-18 00:00:00+01:00
812552.434,1,2018-01-18 23:00:00+00:00,2018-01-19 00:00:00+01:00
725927.312,1,2018-01-19 23:00:00+00:00,2018-01-20 00:00:00+01:00
665342.898,1,2018-01-20 23:00:00+00:00,2018-01-21 00:00:00+01:00
776934.361,1,2018-01-21 23:00:00+00:00,2018-01-22 00:00:00+01:00
792215.662,1,2018-01-22 23:00:00+00:00,2018-01-23 00:00:00+01:00
795267.689,1,2018-01-23 23:00:00+00:00,2018-01-24 00:00:00+01:00
808307.013,1,2018-01-24 23:00:00+00:00,2018-01-25 00:00:00+01:00
820239.28,1,2018-01-25 23:00:00+00:00,2018-01-26 00:00:00+01:00
737558.974,1,2018-01-26 23:00:00+00:00,2018-01-27 00:00:00+01:00
684397.914,1,2018-01-27 23:00:00+00:00,2018-01-28 00:00:00+01:00
793986.634,1,2018-01-28 23:00:00+00:00,2018-01-29 00:00:00+01:00
811803.938,1,2018-01-29 23:00:00+00:00,2018-01-30 00:00:00+01:00
809902.19,1,2018-01-30 23:00:00+00:00,2018-01-31 00:00:00+01:00
828993.869,1,2018-01-31 23:00:00+00:00,2018-02-01 00:00:00+01:00
836715.01,1,2018-02-01 23:00:00+00:00,2018-02-02 00:00:00+01:00
755609.56,1,2018-02-02 23:00:00+00:00,2018-02-03 00:00:00+01:00
719531.244,1,2018-02-03 23:00:00+00:00,2018-02-04 00:00:00+01:00
852377.942,1,2018-02-04 23:00:00+00:00,2018-02-05 00:00:00+01:00
864736.056,1,2018-02-05 23:00:00+00:00,2018-02-06 00:00:00+01:00
873750.902,1,2018-02-06 23:00:00+00:00,2018-02-07 00:00:00+01:00
880070.875,1,2018-02-07 23:00:00+00:00,2018-02-08 00:00:00+01:00
873284.436,1,2018-02-08 23:00:00+00:00,2018-02-09 00:00:00+01:00
774761.864,1,2018-02-09 23:00:00+00:00,2018-02-10 00:00:00+01:00
706770.018,1,2018-02-10 23:00:00+00:00,2018-02-11 00:00:00+01:00
833332.266,1,2018-02-11 23:00:00+00:00,2018-02-12 00:00:00+01:00
852668.027,1,2018-02-12 23:00:00+00:00,2018-02-13 00:00:00+01:00
845115.172,1,2018-02-13 23:00:00+00:00,2018-02-14 00:00:00+01:00
818989.989,1,2018-02-14 23:00:00+00:00,2018-02-15 00:00:00+01:00
799331.13,1,2018-02-15 23:00:00+00:00,2018-02-16 00:00:00+01:00
713847.709,1,2018-02-16 23:00:00+00:00,2018-02-17 00:00:00+01:00
670069.44,1,2018-02-17 23:00:00+00:00,2018-02-18 00:00:00+01:00
788774.86,1,2018-02-18 23:00:00+00:00,2018-02-19 00:00:00+01:00
796993.212,1,2018-02-19 23:00:00+00:00,2018-02-20 00:00:00+01:00
802817.854,1,2018-02-20 23:00:00+00:00,2018-02-21 00:00:00+01:00
816409.034,1,2018-02-21 23:00:00+00:00,2018-02-22 00:00:00+01:00
822010.418,1,2018-02-22 23:00:00+00:00,2018-02-23 00:00:00+01:00
738315.463,1,2018-02-23 23:00:00+00:00,2018-02-24 00:00:00+01:00
682057.541,1,2018-02-24 23:00:00+00:00,2018-02-25 00:00:00+01:00
809186.41,1,2018-02-25 23:00:00+00:00,2018-02-26 00:00:00+01:00
854244.166,1,2018-02-26 23:00:00+00:00,2018-02-27 00:00:00+01:00
838163.754,1,2018-02-27 23:00:00+00:00,2018-02-28 00:00:00+01:00
828808.564,1,2018-02-28 23:00:00+00:00,2018-03-01 00:00:00+01:00
828422.246,1,2018-03-01 23:00:00+00:00,2018-03-02 00:00:00+01:00
718198.115,1,2018-03-02 23:00:00+00:00,2018-03-03 00:00:00+01:00
661692.431,1,2018-03-03 23:00:00+00:00,2018-03-04 00:00:00+01:00
792157.92,1,2018-03-04 23:00:00+00:00,2018-03-05 00:00:00+01:00
808969.759,1,2018-03-05 23:00:00+00:00,2018-03-06 00:00:00+01:00
802365.201,1,2018-03-06 23:00:00+00:00,2018-03-07 00:00:00+01:00
795959.464,1,2018-03-07 23:00:00+00:00,2018-03-08 00:00:00+01:00
786754.305,1,2018-03-08 23:00:00+00:00,2018-03-09 00:00:00+01:00
695131.877,1,2018-03-09 23:00:00+00:00,2018-03-10 00:00:00+01:00
650662.602,1,2018-03-10 23:00:00+00:00,2018-03-11 00:00:00+01:00
768123.415,1,2018-03-11 23:00:00+00:00,2018-03-12 00:00:00+01:00
783569.196,1,2018-03-12 23:00:00+00:00,2018-03-13 00:00:00+01:00
792974.586,1,2018-03-13 23:00:00+00:00,2018-03-14 00:00:00+01:00
786821.055,1,2018-03-14 23:00:00+00:00,2018-03-15 00:00:00+01:00
779143.3,1,2018-03-15 23:00:00+00:00,2018-03-16 00:00:00+01:00
712298.48,1,2018-03-16 23:00:00+00:00,2018-03-17 00:00:00+01:00
660909.128,1,2018-03-17 23:00:00+00:00,2018-03-18 00:00:00+01:00
780044.318,1,2018-03-18 23:00:00+00:00,2018-03-19 00:00:00+01:00
830948.036,1,2018-03-19 23:00:00+00:00,2018-03-20 00:00:00+01:00
828243.998,1,2018-03-20 23:00:00+00:00,2018-03-21 00:00:00+01:00
816801.037,1,2018-03-21 23:00:00+00:00,2018-03-22 00:00:00+01:00
814750.421,1,2018-03-22 23:00:00+00:00,2018-03-23 00:00:00+01:00
737438.894,1,2018-03-23 23:00:00+00:00,2018-03-24 00:00:00+01:00
647149.7,1,2018-03-24 23:00:00+00:00,2018-03-25 00:00:00+01:00
775540.539,1,2018-03-25 22:00:00+00:00,2018-03-26 00:00:00+02:00
765765.21,1,2018-03-26 22:00:00+00:00,2018-03-27 00:00:00+02:00
739889.331,1,2018-03-27 22:00:00+00:00,2018-03-28 00:00:00+02:00
657909.112,1,2018-03-28 22:00:00+00:00,2018-03-29 00:00:00+02:00
617090.812,1,2018-03-29 22:00:00+00:00,2018-03-30 00:00:00+02:00
637005.171,1,2018-03-30 22:00:00+00:00,2018-03-31 00:00:00+02:00
602215.316,1,2018-03-31 22:00:00+00:00,2018-04-01 00:00:00+02:00
663779.182,1,2018-04-01 22:00:00+00:00,2018-04-02 00:00:00+02:00
738282.352,1,2018-04-02 22:00:00+00:00,2018-04-03 00:00:00+02:00
750807.118,1,2018-04-03 22:00:00+00:00,2018-04-04 00:00:00+02:00
737613.924,1,2018-04-04 22:00:00+00:00,2018-04-05 00:00:00+02:00
742671.803,1,2018-04-05 22:00:00+00:00,2018-04-06 00:00:00+02:00
680415.86,1,2018-04-06 22:00:00+00:00,2018-04-07 00:00:00+02:00
627282.051,1,2018-04-07 22:00:00+00:00,2018-04-08 00:00:00+02:00
744284.834,1,2018-04-08 22:00:00+00:00,2018-04-09 00:00:00+02:00
787841.799,1,2018-04-09 22:00:00+00:00,2018-04-10 00:00:00+02:00
792550.109,1,2018-04-10 22:00:00+00:00,2018-04-11 00:00:00+02:00
782939.381,1,2018-04-11 22:00:00+00:00,2018-04-12 00:00:00+02:00
777829.895,1,2018-04-12 22:00:00+00:00,2018-04-13 00:00:00+02:00
684509.766,1,2018-04-13 22:00:00+00:00,2018-04-14 00:00:00+02:00
629483.731,1,2018-04-14 22:00:00+00:00,2018-04-15 00:00:00+02:00
739318.027,1,2018-04-15 22:00:00+00:00,2018-04-16 00:00:00+02:00
739507.766,1,2018-04-16 22:00:00+00:00,2018-04-17 00:00:00+02:00
729297.495,1,2018-04-17 22:00:00+00:00,2018-04-18 00:00:00+02:00
720948.439,1,2018-04-18 22:00:00+00:00,2018-04-19 00:00:00+02:00
716005.351,1,2018-04-19 22:00:00+00:00,2018-04-20 00:00:00+02:00
646179.568,1,2018-04-20 22:00:00+00:00,2018-04-21 00:00:00+02:00
595070.256,1,2018-04-21 22:00:00+00:00,2018-04-22 00:00:00+02:00
691149.408,1,2018-04-22 22:00:00+00:00,2018-04-23 00:00:00+02:00
717381.862,1,2018-04-23 22:00:00+00:00,2018-04-24 00:00:00+02:00
724557.315,1,2018-04-24 22:00:00+00:00,2018-04-25 00:00:00+02:00
720400.383,1,2018-04-25 22:00:00+00:00,2018-04-26 00:00:00+02:00
715248.92,1,2018-04-26 22:00:00+00:00,2018-04-27 00:00:00+02:00
640817.164,1,2018-04-27 22:00:00+00:00,2018-04-28 00:00:00+02:00
592217.889,1,2018-04-28 22:00:00+00:00,2018-04-29 00:00:00+02:00
657472.785,1,2018-04-29 22:00:00+00:00,2018-04-30 00:00:00+02:00
595259.428,1,2018-04-30 22:00:00+00:00,2018-05-01 00:00:00+02:00
696770.116,1,2018-05-01 22:00:00+00:00,2018-05-02 00:00:00+02:00
726983.455,1,2018-05-02 22:00:00+00:00,2018-05-03 00:00:00+02:00
727900.647,1,2018-05-03 22:00:00+00:00,2018-05-04 00:00:00+02:00
652250.936,1,2018-05-04 22:00:00+00:00,2018-05-05 00:00:00+02:00
594583.971,1,2018-05-05 22:00:00+00:00,2018-05-06 00:00:00+02:00
705703.787,1,2018-05-06 22:00:00+00:00,2018-05-07 00:00:00+02:00
722719.01,1,2018-05-07 22:00:00+00:00,2018-05-08 00:00:00+02:00
721928.421,1,2018-05-08 22:00:00+00:00,2018-05-09 00:00:00+02:00
721917.234,1,2018-05-09 22:00:00+00:00,2018-05-10 00:00:00+02:00
717399.401,1,2018-05-10 22:00:00+00:00,2018-05-11 00:00:00+02:00
646620.272,1,2018-05-11 22:00:00+00:00,2018-05-12 00:00:00+02:00
596053.825,1,2018-05-12 22:00:00+00:00,2018-05-13 00:00:00+02:00
702287.808,1,2018-05-13 22:00:00+00:00,2018-05-14 00:00:00+02:00
712356.306,1,2018-05-14 22:00:00+00:00,2018-05-15 00:00:00+02:00
723164.325,1,2018-05-15 22:00:00+00:00,2018-05-16 00:00:00+02:00
719349.822,1,2018-05-16 22:00:00+00:00,2018-05-17 00:00:00+02:00
716461.42,1,2018-05-17 22:00:00+00:00,2018-05-18 00:00:00+02:00
645615.139,1,2018-05-18 22:00:00+00:00,2018-05-19 00:00:00+02:00
592734.99,1,2018-05-19 22:00:00+00:00,2018-05-20 00:00:00+02:00
689203.833,1,2018-05-20 22:00:00+00:00,2018-05-21 00:00:00+02:00
717857.076,1,2018-05-21 22:00:00+00:00,2018-05-22 00:00:00+02:00
727970.062,1,2018-05-22 22:00:00+00:00,2018-05-23 00:00:00+02:00
728576.654,1,2018-05-23 22:00:00+00:00,2018-05-24 00:00:00+02:00
722239.63,1,2018-05-24 22:00:00+00:00,2018-05-25 00:00:00+02:00
644830.27,1,2018-05-25 22:00:00+00:00,2018-05-26 00:00:00+02:00
591743.016,1,2018-05-26 22:00:00+00:00,2018-05-27 00:00:00+02:00
702764.869,1,2018-05-27 22:00:00+00:00,2018-05-28 00:00:00+02:00
719285.425,1,2018-05-28 22:00:00+00:00,2018-05-29 00:00:00+02:00
714527.196,1,2018-05-29 22:00:00+00:00,2018-05-30 00:00:00+02:00
711261.98,1,2018-05-30 22:00:00+00:00,2018-05-31 00:00:00+02:00
709531.19,1,2018-05-31 22:00:00+00:00,2018-06-01 00:00:00+02:00
639545.367,1,2018-06-01 22:00:00+00:00,2018-06-02 00:00:00+02:00
585011.121,1,2018-06-02 22:00:00+00:00,2018-06-03 00:00:00+02:00
700225.761,1,2018-06-03 22:00:00+00:00,2018-06-04 00:00:00+02:00
720420.592,1,2018-06-04 22:00:00+00:00,2018-06-05 00:00:00+02:00
718515.12,1,2018-06-05 22:00:00+00:00,2018-06-06 00:00:00+02:00
717194.956,1,2018-06-06 22:00:00+00:00,2018-06-07 00:00:00+02:00
718521.762,1,2018-06-07 22:00:00+00:00,2018-06-08 00:00:00+02:00
645004.56,1,2018-06-08 22:00:00+00:00,2018-06-09 00:00:00+02:00
594316.025,1,2018-06-09 22:00:00+00:00,2018-06-10 00:00:00+02:00
708892.089,1,2018-06-10 22:00:00+00:00,2018-06-11 00:00:00+02:00
730828.24,1,2018-06-11 22:00:00+00:00,2018-06-12 00:00:00+02:00
737636.219,1,2018-06-12 22:00:00+00:00,2018-06-13 00:00:00+02:00
738226.291,1,2018-06-13 22:00:00+00:00,2018-06-14 00:00:00+02:00
737410.634,1,2018-06-14 22:00:00+00:00,2018-06-15 00:00:00+02:00
672512.37,1,2018-06-15 22:00:00+00:00,2018-06-16 00:00:00+02:00
623648.886,1,2018-06-16 22:00:00+00:00,2018-06-17 00:00:00+02:00
744574.912,1,2018-06-17 22:00:00+00:00,2018-06-18 00:00:00+02:00
768735.621,1,2018-06-18 22:00:00+00:00,2018-06-19 00:00:00+02:00
781677.864,1,2018-06-19 22:00:00+00:00,2018-06-20 00:00:00+02:00
790763.917,1,2018-06-20 22:00:00+00:00,2018-06-21 00:00:00+02:00
792862.116,1,2018-06-21 22:00:00+00:00,2018-06-22 00:00:00+02:00
714070.971,1,2018-06-22 22:00:00+00:00,2018-06-23 00:00:00+02:00
656341.812,1,2018-06-23 22:00:00+00:00,2018-06-24 00:00:00+02:00
782993.168,1,2018-06-24 22:00:00+00:00,2018-06-25 00:00:00+02:00
803400.563,1,2018-06-25 22:00:00+00:00,2018-06-26 00:00:00+02:00
802356.746,1,2018-06-26 22:00:00+00:00,2018-06-27 00:00:00+02:00
793182.687,1,2018-06-27 22:00:00+00:00,2018-06-28 00:00:00+02:00
778647.068,1,2018-06-28 22:00:00+00:00,2018-06-29 00:00:00+02:00
706077.789,1,2018-06-29 22:00:00+00:00,2018-06-30 00:00:00+02:00
647045.444,1,2018-06-30 22:00:00+00:00,2018-07-01 00:00:00+02:00
762834.05,1,2018-07-01 22:00:00+00:00,2018-07-02 00:00:00+02:00
793136.627,1,2018-07-02 22:00:00+00:00,2018-07-03 00:00:00+02:00
788164.606,1,2018-07-03 22:00:00+00:00,2018-07-04 00:00:00+02:00
784170.96,1,2018-07-04 22:00:00+00:00,2018-07-05 00:00:00+02:00
781892.96,1,2018-07-05 22:00:00+00:00,2018-07-06 00:00:00+02:00
708618.684,1,2018-07-06 22:00:00+00:00,2018-07-07 00:00:00+02:00
655055.667,1,2018-07-07 22:00:00+00:00,2018-07-08 00:00:00+02:00
800602.771,1,2018-07-08 22:00:00+00:00,2018-07-09 00:00:00+02:00
822681.663,1,2018-07-09 22:00:00+00:00,2018-07-10 00:00:00+02:00
816712.461,1,2018-07-10 22:00:00+00:00,2018-07-11 00:00:00+02:00
808184.004,1,2018-07-11 22:00:00+00:00,2018-07-12 00:00:00+02:00
801059.532,1,2018-07-12 22:00:00+00:00,2018-07-13 00:00:00+02:00
717272.175,1,2018-07-13 22:00:00+00:00,2018-07-14 00:00:00+02:00
652824.574,1,2018-07-14 22:00:00+00:00,2018-07-15 00:00:00+02:00
770533.011,1,2018-07-15 22:00:00+00:00,2018-07-16 00:00:00+02:00
800350.741,1,2018-07-16 22:00:00+00:00,2018-07-17 00:00:00+02:00
809583.593,1,2018-07-17 22:00:00+00:00,2018-07-18 00:00:00+02:00
811532.012,1,2018-07-18 22:00:00+00:00,2018-07-19 00:00:00+02:00
801551.616,1,2018-07-19 22:00:00+00:00,2018-07-20 00:00:00+02:00
705939.811,1,2018-07-20 22:00:00+00:00,2018-07-21 00:00:00+02:00
642233.688,1,2018-07-21 22:00:00+00:00,2018-07-22 00:00:00+02:00
783084.655,1,2018-07-22 22:00:00+00:00,2018-07-23 00:00:00+02:00
809659.769,1,2018-07-23 22:00:00+00:00,2018-07-24 00:00:00+02:00
800798.389,1,2018-07-24 22:00:00+00:00,2018-07-25 00:00:00+02:00
809234.407,1,2018-07-25 22:00:00+00:00,2018-07-26 00:00:00+02:00
805064.29,1,2018-07-26 22:00:00+00:00,2018-07-27 00:00:00+02:00
723725.986,1,2018-07-27 22:00:00+00:00,2018-07-28 00:00:00+02:00
662113.405,1,2018-07-28 22:00:00+00:00,2018-07-29 00:00:00+02:00
782765.406,1,2018-07-29 22:00:00+00:00,2018-07-30 00:00:00+02:00
803371.281,1,2018-07-30 22:00:00+00:00,2018-07-31 00:00:00+02:00
829902.512,1,2018-07-31 22:00:00+00:00,2018-08-01 00:00:00+02:00
849473.769,1,2018-08-01 22:00:00+00:00,2018-08-02 00:00:00+02:00
858593.632,1,2018-08-02 22:00:00+00:00,2018-08-03 00:00:00+02:00
768551.915,1,2018-08-03 22:00:00+00:00,2018-08-04 00:00:00+02:00
710960.473,1,2018-08-04 22:00:00+00:00,2018-08-05 00:00:00+02:00
832313.622,1,2018-08-05 22:00:00+00:00,2018-08-06 00:00:00+02:00
836089.347,1,2018-08-06 22:00:00+00:00,2018-08-07 00:00:00+02:00
815836.925,1,2018-08-07 22:00:00+00:00,2018-08-08 00:00:00+02:00
791067.023,1,2018-08-08 22:00:00+00:00,2018-08-09 00:00:00+02:00
767196.313,1,2018-08-09 22:00:00+00:00,2018-08-10 00:00:00+02:00
709368.422,1,2018-08-10 22:00:00+00:00,2018-08-11 00:00:00+02:00
667332.016,1,2018-08-11 22:00:00+00:00,2018-08-12 00:00:00+02:00
748050.993,1,2018-08-12 22:00:00+00:00,2018-08-13 00:00:00+02:00
747596.502,1,2018-08-13 22:00:00+00:00,2018-08-14 00:00:00+02:00
668157.849,1,2018-08-14 22:00:00+00:00,2018-08-15 00:00:00+02:00
729296.235,1,2018-08-15 22:00:00+00:00,2018-08-16 00:00:00+02:00
718847.708,1,2018-08-16 22:00:00+00:00,2018-08-17 00:00:00+02:00
659031.979,1,2018-08-17 22:00:00+00:00,2018-08-18 00:00:00+02:00
624764.023,1,2018-08-18 22:00:00+00:00,2018-08-19 00:00:00+02:00
739507.261,1,2018-08-19 22:00:00+00:00,2018-08-20 00:00:00+02:00
768257.01,1,2018-08-20 22:00:00+00:00,2018-08-21 00:00:00+02:00
778103.399,1,2018-08-21 22:00:00+00:00,2018-08-22 00:00:00+02:00
777965.294,1,2018-08-22 22:00:00+00:00,2018-08-23 00:00:00+02:00
773349.415,1,2018-08-23 22:00:00+00:00,2018-08-24 00:00:00+02:00
697144.8,1,2018-08-24 22:00:00+00:00,2018-08-25 00:00:00+02:00
643379.539,1,2018-08-25 22:00:00+00:00,2018-08-26 00:00:00+02:00
782718.8,1,2018-08-26 22:00:00+00:00,2018-08-27 00:00:00+02:00
810448.212,1,2018-08-27 22:00:00+00:00,2018-08-28 00:00:00+02:00
806294.371,1,2018-08-28 22:00:00+00:00,2018-08-29 00:00:00+02:00
803963.921,1,2018-08-29 22:00:00+00:00,2018-08-30 00:00:00+02:00
796365.517,1,2018-08-30 22:00:00+00:00,2018-08-31 00:00:00+02:00
715322.145,1,2018-08-31 22:00:00+00:00,2018-09-01 00:00:00+02:00
670590.343,1,2018-09-01 22:00:00+00:00,2018-09-02 00:00:00+02:00
790769.944,1,2018-09-02 22:00:00+00:00,2018-09-03 00:00:00+02:00
800273.143,1,2018-09-03 22:00:00+00:00,2018-09-04 00:00:00+02:00
793541.365,1,2018-09-04 22:00:00+00:00,2018-09-05 00:00:00+02:00
778613.244,1,2018-09-05 22:00:00+00:00,2018-09-06 00:00:00+02:00
763965.091,1,2018-09-06 22:00:00+00:00,2018-09-07 00:00:00+02:00
669149.755,1,2018-09-07 22:00:00+00:00,2018-09-08 00:00:00+02:00
619852.256,1,2018-09-08 22:00:00+00:00,2018-09-09 00:00:00+02:00
725662.617,1,2018-09-09 22:00:00+00:00,2018-09-10 00:00:00+02:00
734621.067,1,2018-09-10 22:00:00+00:00,2018-09-11 00:00:00+02:00
778177.832,1,2018-09-11 22:00:00+00:00,2018-09-12 00:00:00+02:00
784509.329,1,2018-09-12 22:00:00+00:00,2018-09-13 00:00:00+02:00
778201.265,1,2018-09-13 22:00:00+00:00,2018-09-14 00:00:00+02:00
684200.136,1,2018-09-14 22:00:00+00:00,2018-09-15 00:00:00+02:00
632403.926,1,2018-09-15 22:00:00+00:00,2018-09-16 00:00:00+02:00
759809.502,1,2018-09-16 22:00:00+00:00,2018-09-17 00:00:00+02:00
777704.848,1,2018-09-17 22:00:00+00:00,2018-09-18 00:00:00+02:00
784461.48,1,2018-09-18 22:00:00+00:00,2018-09-19 00:00:00+02:00
790751.691,1,2018-09-19 22:00:00+00:00,2018-09-20 00:00:00+02:00
784512.84,1,2018-09-20 22:00:00+00:00,2018-09-21 00:00:00+02:00
705950.057,1,2018-09-21 22:00:00+00:00,2018-09-22 00:00:00+02:00
654538.386,1,2018-09-22 22:00:00+00:00,2018-09-23 00:00:00+02:00
776098.777,1,2018-09-23 22:00:00+00:00,2018-09-24 00:00:00+02:00
783307.403,1,2018-09-24 22:00:00+00:00,2018-09-25 00:00:00+02:00
776593.29,1,2018-09-25 22:00:00+00:00,2018-09-26 00:00:00+02:00
765194.306,1,2018-09-26 22:00:00+00:00,2018-09-27 00:00:00+02:00
755478.782,1,2018-09-27 22:00:00+00:00,2018-09-28 00:00:00+02:00
670903.495,1,2018-09-28 22:00:00+00:00,2018-09-29 00:00:00+02:00
617464.211,1,2018-09-29 22:00:00+00:00,2018-09-30 00:00:00+02:00
733629.113,1,2018-09-30 22:00:00+00:00,2018-10-01 00:00:00+02:00
736946.907,1,2018-10-01 22:00:00+00:00,2018-10-02 00:00:00+02:00
740193.367,1,2018-10-02 22:00:00+00:00,2018-10-03 00:00:00+02:00
742064.884,1,2018-10-03 22:00:00+00:00,2018-10-04 00:00:00+02:00
731108.037,1,2018-10-04 22:00:00+00:00,2018-10-05 00:00:00+02:00
656265.341,1,2018-10-05 22:00:00+00:00,2018-10-06 00:00:00+02:00
603979.963,1,2018-10-06 22:00:00+00:00,2018-10-07 00:00:00+02:00
700562.8,1,2018-10-07 22:00:00+00:00,2018-10-08 00:00:00+02:00
706803.991,1,2018-10-08 22:00:00+00:00,2018-10-09 00:00:00+02:00
721067.357,1,2018-10-09 22:00:00+00:00,2018-10-10 00:00:00+02:00
720238.147,1,2018-10-10 22:00:00+00:00,2018-10-11 00:00:00+02:00
620435.411,1,2018-10-11 22:00:00+00:00,2018-10-12 00:00:00+02:00
622562.842,1,2018-10-12 22:00:00+00:00,2018-10-13 00:00:00+02:00
596303.089,1,2018-10-13 22:00:00+00:00,2018-10-14 00:00:00+02:00
696558.778,1,2018-10-14 22:00:00+00:00,2018-10-15 00:00:00+02:00
716388.299,1,2018-10-15 22:00:00+00:00,2018-10-16 00:00:00+02:00
723752.124,1,2018-10-16 22:00:00+00:00,2018-10-17 00:00:00+02:00
724444.85,1,2018-10-17 22:00:00+00:00,2018-10-18 00:00:00+02:00
715107.265,1,2018-10-18 22:00:00+00:00,2018-10-19 00:00:00+02:00
639515.312,1,2018-10-19 22:00:00+00:00,2018-10-20 00:00:00+02:00
593179.455,1,2018-10-20 22:00:00+00:00,2018-10-21 00:00:00+02:00
701055.332,1,2018-10-21 22:00:00+00:00,2018-10-22 00:00:00+02:00
717889.261,1,2018-10-22 22:00:00+00:00,2018-10-23 00:00:00+02:00
717282.709,1,2018-10-23 22:00:00+00:00,2018-10-24 00:00:00+02:00
715267.861,1,2018-10-24 22:00:00+00:00,2018-10-25 00:00:00+02:00
716585.374,1,2018-10-25 22:00:00+00:00,2018-10-26 00:00:00+02:00
646604.888,1,2018-10-26 22:00:00+00:00,2018-10-27 00:00:00+02:00
630999.672,1,2018-10-27 22:00:00+00:00,2018-10-28 00:00:00+02:00
744335.779,1,2018-10-28 23:00:00+00:00,2018-10-29 00:00:00+01:00
776331.825,1,2018-10-29 23:00:00+00:00,2018-10-30 00:00:00+01:00
772179.197,1,2018-10-30 23:00:00+00:00,2018-10-31 00:00:00+01:00
657040.183,1,2018-10-31 23:00:00+00:00,2018-11-01 00:00:00+01:00
698895.934,1,2018-11-01 23:00:00+00:00,2018-11-02 00:00:00+01:00
661353.336,1,2018-11-02 23:00:00+00:00,2018-11-03 00:00:00+01:00
629521.381,1,2018-11-03 23:00:00+00:00,2018-11-04 00:00:00+01:00
755615.208,1,2018-11-04 23:00:00+00:00,2018-11-05 00:00:00+01:00
776755.251,1,2018-11-05 23:00:00+00:00,2018-11-06 00:00:00+01:00
775756.514,1,2018-11-06 23:00:00+00:00,2018-11-07 00:00:00+01:00
777488.075,1,2018-11-07 23:00:00+00:00,2018-11-08 00:00:00+01:00
764551.895,1,2018-11-08 23:00:00+00:00,2018-11-09 00:00:00+01:00
685487.65,1,2018-11-09 23:00:00+00:00,2018-11-10 00:00:00+01:00
628671.308,1,2018-11-10 23:00:00+00:00,2018-11-11 00:00:00+01:00
743600.436,1,2018-11-11 23:00:00+00:00,2018-11-12 00:00:00+01:00
753421.129,1,2018-11-12 23:00:00+00:00,2018-11-13 00:00:00+01:00
752414.487,1,2018-11-13 23:00:00+00:00,2018-11-14 00:00:00+01:00
750390.626,1,2018-11-14 23:00:00+00:00,2018-11-15 00:00:00+01:00
745386.462,1,2018-11-15 23:00:00+00:00,2018-11-16 00:00:00+01:00
667009.484,1,2018-11-16 23:00:00+00:00,2018-11-17 00:00:00+01:00
631308.683,1,2018-11-17 23:00:00+00:00,2018-11-18 00:00:00+01:00
750865.393,1,2018-11-18 23:00:00+00:00,2018-11-19 00:00:00+01:00
776247.365,1,2018-11-19 23:00:00+00:00,2018-11-20 00:00:00+01:00
781660.504,1,2018-11-20 23:00:00+00:00,2018-11-21 00:00:00+01:00
787440.373,1,2018-11-21 23:00:00+00:00,2018-11-22 00:00:00+01:00
781396.692,1,2018-11-22 23:00:00+00:00,2018-11-23 00:00:00+01:00
703454.736,1,2018-11-23 23:00:00+00:00,2018-11-24 00:00:00+01:00
656292.766,1,2018-11-24 23:00:00+00:00,2018-11-25 00:00:00+01:00
779621.428,1,2018-11-25 23:00:00+00:00,2018-11-26 00:00:00+01:00
796219.383,1,2018-11-26 23:00:00+00:00,2018-11-27 00:00:00+01:00
797684.88,1,2018-11-27 23:00:00+00:00,2018-11-28 00:00:00+01:00
800277.925,1,2018-11-28 23:00:00+00:00,2018-11-29 00:00:00+01:00
788560.916,1,2018-11-29 23:00:00+00:00,2018-11-30 00:00:00+01:00
709867.704,1,2018-11-30 23:00:00+00:00,2018-12-01 00:00:00+01:00
658914.812,1,2018-12-01 23:00:00+00:00,2018-12-02 00:00:00+01:00
767969.28,1,2018-12-02 23:00:00+00:00,2018-12-03 00:00:00+01:00
774493.273,1,2018-12-03 23:00:00+00:00,2018-12-04 00:00:00+01:00
770700.385,1,2018-12-04 23:00:00+00:00,2018-12-05 00:00:00+01:00
676366.83,1,2018-12-05 23:00:00+00:00,2018-12-06 00:00:00+01:00
707326.878,1,2018-12-06 23:00:00+00:00,2018-12-07 00:00:00+01:00
660856.189,1,2018-12-07 23:00:00+00:00,2018-12-08 00:00:00+01:00
642487.243,1,2018-12-08 23:00:00+00:00,2018-12-09 00:00:00+01:00
767366.141,1,2018-12-09 23:00:00+00:00,2018-12-10 00:00:00+01:00
792463.684,1,2018-12-10 23:00:00+00:00,2018-12-11 00:00:00+01:00
800931.996,1,2018-12-11 23:00:00+00:00,2018-12-12 00:00:00+01:00
811190.674,1,2018-12-12 23:00:00+00:00,2018-12-13 00:00:00+01:00
800807.102,1,2018-12-13 23:00:00+00:00,2018-12-14 00:00:00+01:00
720296.453,1,2018-12-14 23:00:00+00:00,2018-12-15 00:00:00+01:00
675981.479,1,2018-12-15 23:00:00+00:00,2018-12-16 00:00:00+01:00
798875.276,1,2018-12-16 23:00:00+00:00,2018-12-17 00:00:00+01:00
822742.049,1,2018-12-17 23:00:00+00:00,2018-12-18 00:00:00+01:00
806392.973,1,2018-12-18 23:00:00+00:00,2018-12-19 00:00:00+01:00
796738.086,1,2018-12-19 23:00:00+00:00,2018-12-20 00:00:00+01:00
772837.898,1,2018-12-20 23:00:00+00:00,2018-12-21 00:00:00+01:00
689265.354,1,2018-12-21 23:00:00+00:00,2018-12-22 00:00:00+01:00
648505.967,1,2018-12-22 23:00:00+00:00,2018-12-23 00:00:00+01:00
647899.273,1,2018-12-23 23:00:00+00:00,2018-12-24 00:00:00+01:00
567423.103,1,2018-12-24 23:00:00+00:00,2018-12-25 00:00:00+01:00
672883.725,1,2018-12-25 23:00:00+00:00,2018-12-26 00:00:00+01:00
721456.089,1,2018-12-26 23:00:00+00:00,2018-12-27 00:00:00+01:00
722356.607,1,2018-12-27 23:00:00+00:00,2018-12-28 00:00:00+01:00
674033.359,1,2018-12-28 23:00:00+00:00,2018-12-29 00:00:00+01:00
638506.177,1,2018-12-29 23:00:00+00:00,2018-12-30 00:00:00+01:00
655175.237,1,2018-12-30 23:00:00+00:00,2018-12-31 00:00:00+01:00
582949.806,1,2018-12-31 23:00:00+00:00,2019-01-01 00:00:00+01:00
742199.407,1,2019-01-01 23:00:00+00:00,2019-01-02 00:00:00+01:00
787764.963,1,2019-01-02 23:00:00+00:00,2019-01-03 00:00:00+01:00
796010.035,1,2019-01-03 23:00:00+00:00,2019-01-04 00:00:00+01:00
721029.651,1,2019-01-04 23:00:00+00:00,2019-01-05 00:00:00+01:00
661772.168,1,2019-01-05 23:00:00+00:00,2019-01-06 00:00:00+01:00
764920.771,1,2019-01-06 23:00:00+00:00,2019-01-07 00:00:00+01:00
844559.085,1,2019-01-07 23:00:00+00:00,2019-01-08 00:00:00+01:00
846151.453,1,2019-01-08 23:00:00+00:00,2019-01-09 00:00:00+01:00
857323.124,1,2019-01-09 23:00:00+00:00,2019-01-10 00:00:00+01:00
867181.886,1,2019-01-10 23:00:00+00:00,2019-01-11 00:00:00+01:00
775170.712,1,2019-01-11 23:00:00+00:00,2019-01-12 00:00:00+01:00
722271.171,1,2019-01-12 23:00:00+00:00,2019-01-13 00:00:00+01:00
835752.36,1,2019-01-13 23:00:00+00:00,2019-01-14 00:00:00+01:00
846245.527,1,2019-01-14 23:00:00+00:00,2019-01-15 00:00:00+01:00
847911.818,1,2019-01-15 23:00:00+00:00,2019-01-16 00:00:00+01:00
849875.833,1,2019-01-16 23:00:00+00:00,2019-01-17 00:00:00+01:00
848781.942,1,2019-01-17 23:00:00+00:00,2019-01-18 00:00:00+01:00
766537.72,1,2019-01-18 23:00:00+00:00,2019-01-19 00:00:00+01:00
705583.355,1,2019-01-19 23:00:00+00:00,2019-01-20 00:00:00+01:00
828406.838,1,2019-01-20 23:00:00+00:00,2019-01-21 00:00:00+01:00
864855.303,1,2019-01-21 23:00:00+00:00,2019-01-22 00:00:00+01:00
854462.174,1,2019-01-22 23:00:00+00:00,2019-01-23 00:00:00+01:00
837075.708,1,2019-01-23 23:00:00+00:00,2019-01-24 00:00:00+01:00
815349.834,1,2019-01-24 23:00:00+00:00,2019-01-25 00:00:00+01:00
724205.323,1,2019-01-25 23:00:00+00:00,2019-01-26 00:00:00+01:00
678249.362,1,2019-01-26 23:00:00+00:00,2019-01-27 00:00:00+01:00
807644.379,1,2019-01-27 23:00:00+00:00,2019-01-28 00:00:00+01:00
832616.612,1,2019-01-28 23:00:00+00:00,2019-01-29 00:00:00+01:00
829785.386,1,2019-01-29 23:00:00+00:00,2019-01-30 00:00:00+01:00
823510.841,1,2019-01-30 23:00:00+00:00,2019-01-31 00:00:00+01:00
811408.357,1,2019-01-31 23:00:00+00:00,2019-02-01 00:00:00+01:00
739149.442,1,2019-02-01 23:00:00+00:00,2019-02-02 00:00:00+01:00
696029.792,1,2019-02-02 23:00:00+00:00,2019-02-03 00:00:00+01:00
827865.952,1,2019-02-03 23:00:00+00:00,2019-02-04 00:00:00+01:00
826264.446,1,2019-02-04 23:00:00+00:00,2019-02-05 00:00:00+01:00
813527.159,1,2019-02-05 23:00:00+00:00,2019-02-06 00:00:00+01:00
805445.154,1,2019-02-06 23:00:00+00:00,2019-02-07 00:00:00+01:00
799019.676,1,2019-02-07 23:00:00+00:00,2019-02-08 00:00:00+01:00
719403.839,1,2019-02-08 23:00:00+00:00,2019-02-09 00:00:00+01:00
672445.604,1,2019-02-09 23:00:00+00:00,2019-02-10 00:00:00+01:00
781692.422,1,2019-02-10 23:00:00+00:00,2019-02-11 00:00:00+01:00
799138.409,1,2019-02-11 23:00:00+00:00,2019-02-12 00:00:00+01:00
797839.046,1,2019-02-12 23:00:00+00:00,2019-02-13 00:00:00+01:00
794299.138,1,2019-02-13 23:00:00+00:00,2019-02-14 00:00:00+01:00
790637.803,1,2019-02-14 23:00:00+00:00,2019-02-15 00:00:00+01:00
706487.416,1,2019-02-15 23:00:00+00:00,2019-02-16 00:00:00+01:00
656688.443,1,2019-02-16 23:00:00+00:00,2019-02-17 00:00:00+01:00
779646.845,1,2019-02-17 23:00:00+00:00,2019-02-18 00:00:00+01:00
789997.493,1,2019-02-18 23:00:00+00:00,2019-02-19 00:00:00+01:00
785631.268,1,2019-02-19 23:00:00+00:00,2019-02-20 00:00:00+01:00
781135.556,1,2019-02-20 23:00:00+00:00,2019-02-21 00:00:00+01:00
771083.106,1,2019-02-21 23:00:00+00:00,2019-02-22 00:00:00+01:00
689175.82,1,2019-02-22 23:00:00+00:00,2019-02-23 00:00:00+01:00
637452.604,1,2019-02-23 23:00:00+00:00,2019-02-24 00:00:00+01:00
750831.906,1,2019-02-24 23:00:00+00:00,2019-02-25 00:00:00+01:00
759697.475,1,2019-02-25 23:00:00+00:00,2019-02-26 00:00:00+01:00
756324.91,1,2019-02-26 23:00:00+00:00,2019-02-27 00:00:00+01:00
742210.124,1,2019-02-27 23:00:00+00:00,2019-02-28 00:00:00+01:00
747742.259,1,2019-02-28 23:00:00+00:00,2019-03-01 00:00:00+01:00
670242.996,1,2019-03-01 23:00:00+00:00,2019-03-02 00:00:00+01:00
621445.195,1,2019-03-02 23:00:00+00:00,2019-03-03 00:00:00+01:00
729814.28,1,2019-03-03 23:00:00+00:00,2019-03-04 00:00:00+01:00
745164.11,1,2019-03-04 23:00:00+00:00,2019-03-05 00:00:00+01:00
767457.592,1,2019-03-05 23:00:00+00:00,2019-03-06 00:00:00+01:00
758178.303,1,2019-03-06 23:00:00+00:00,2019-03-07 00:00:00+01:00
748568.791,1,2019-03-07 23:00:00+00:00,2019-03-08 00:00:00+01:00
671315.341,1,2019-03-08 23:00:00+00:00,2019-03-09 00:00:00+01:00
617758.559,1,2019-03-09 23:00:00+00:00,2019-03-10 00:00:00+01:00
726454.288,1,2019-03-10 23:00:00+00:00,2019-03-11 00:00:00+01:00
743155.047,1,2019-03-11 23:00:00+00:00,2019-03-12 00:00:00+01:00
753372.783,1,2019-03-12 23:00:00+00:00,2019-03-13 00:00:00+01:00
753975.948,1,2019-03-13 23:00:00+00:00,2019-03-14 00:00:00+01:00
738753.829,1,2019-03-14 23:00:00+00:00,2019-03-15 00:00:00+01:00
660072.282,1,2019-03-15 23:00:00+00:00,2019-03-16 00:00:00+01:00
610229.793,1,2019-03-16 23:00:00+00:00,2019-03-17 00:00:00+01:00
708116.389,1,2019-03-17 23:00:00+00:00,2019-03-18 00:00:00+01:00
707250.357,1,2019-03-18 23:00:00+00:00,2019-03-19 00:00:00+01:00
755634.542,1,2019-03-19 23:00:00+00:00,2019-03-20 00:00:00+01:00
758931.722,1,2019-03-20 23:00:00+00:00,2019-03-21 00:00:00+01:00
749138.108,1,2019-03-21 23:00:00+00:00,2019-03-22 00:00:00+01:00
669633.017,1,2019-03-22 23:00:00+00:00,2019-03-23 00:00:00+01:00
611819.827,1,2019-03-23 23:00:00+00:00,2019-03-24 00:00:00+01:00
717073.819,1,2019-03-24 23:00:00+00:00,2019-03-25 00:00:00+01:00
732395.045,1,2019-03-25 23:00:00+00:00,2019-03-26 00:00:00+01:00
735314.342,1,2019-03-26 23:00:00+00:00,2019-03-27 00:00:00+01:00
736120.156,1,2019-03-27 23:00:00+00:00,2019-03-28 00:00:00+01:00
733687.593,1,2019-03-28 23:00:00+00:00,2019-03-29 00:00:00+01:00
661273.331,1,2019-03-29 23:00:00+00:00,2019-03-30 00:00:00+01:00
595455.992,1,2019-03-30 23:00:00+00:00,2019-03-31 00:00:00+01:00
728854.039,1,2019-03-31 22:00:00+00:00,2019-04-01 00:00:00+02:00
740720.312,1,2019-04-01 22:00:00+00:00,2019-04-02 00:00:00+02:00
743726.231,1,2019-04-02 22:00:00+00:00,2019-04-03 00:00:00+02:00
746532.132,1,2019-04-03 22:00:00+00:00,2019-04-04 00:00:00+02:00
758884.449,1,2019-04-04 22:00:00+00:00,2019-04-05 00:00:00+02:00
683345.822,1,2019-04-05 22:00:00+00:00,2019-04-06 00:00:00+02:00
635743.258,1,2019-04-06 22:00:00+00:00,2019-04-07 00:00:00+02:00
745947.421,1,2019-04-07 22:00:00+00:00,2019-04-08 00:00:00+02:00
762514.952,1,2019-04-08 22:00:00+00:00,2019-04-09 00:00:00+02:00
759373.018,1,2019-04-09 22:00:00+00:00,2019-04-10 00:00:00+02:00
754593.577,1,2019-04-10 22:00:00+00:00,2019-04-11 00:00:00+02:00
737503.833,1,2019-04-11 22:00:00+00:00,2019-04-12 00:00:00+02:00
658751.444,1,2019-04-12 22:00:00+00:00,2019-04-13 00:00:00+02:00
606715.171,1,2019-04-13 22:00:00+00:00,2019-04-14 00:00:00+02:00
705651.944,1,2019-04-14 22:00:00+00:00,2019-04-15 00:00:00+02:00
712912.968,1,2019-04-15 22:00:00+00:00,2019-04-16 00:00:00+02:00
706896.182,1,2019-04-16 22:00:00+00:00,2019-04-17 00:00:00+02:00
633645.163,1,2019-04-17 22:00:00+00:00,2019-04-18 00:00:00+02:00
584929.31,1,2019-04-18 22:00:00+00:00,2019-04-19 00:00:00+02:00
598281.137,1,2019-04-19 22:00:00+00:00,2019-04-20 00:00:00+02:00
575850.979,1,2019-04-20 22:00:00+00:00,2019-04-21 00:00:00+02:00
622892.917,1,2019-04-21 22:00:00+00:00,2019-04-22 00:00:00+02:00
691440.392,1,2019-04-22 22:00:00+00:00,2019-04-23 00:00:00+02:00
737862.824,1,2019-04-23 22:00:00+00:00,2019-04-24 00:00:00+02:00
739947.966,1,2019-04-24 22:00:00+00:00,2019-04-25 00:00:00+02:00
722351.575,1,2019-04-25 22:00:00+00:00,2019-04-26 00:00:00+02:00
641476.76,1,2019-04-26 22:00:00+00:00,2019-04-27 00:00:00+02:00
580034.58,1,2019-04-27 22:00:00+00:00,2019-04-28 00:00:00+02:00
681641.153,1,2019-04-28 22:00:00+00:00,2019-04-29 00:00:00+02:00
693188.14,1,2019-04-29 22:00:00+00:00,2019-04-30 00:00:00+02:00
588783.574,1,2019-04-30 22:00:00+00:00,2019-05-01 00:00:00+02:00
674320.005,1,2019-05-01 22:00:00+00:00,2019-05-02 00:00:00+02:00
696474.728,1,2019-05-02 22:00:00+00:00,2019-05-03 00:00:00+02:00
634765.62,1,2019-05-03 22:00:00+00:00,2019-05-04 00:00:00+02:00
585505.022,1,2019-05-04 22:00:00+00:00,2019-05-05 00:00:00+02:00
691903.437,1,2019-05-05 22:00:00+00:00,2019-05-06 00:00:00+02:00
715282.519,1,2019-05-06 22:00:00+00:00,2019-05-07 00:00:00+02:00
720383.459,1,2019-05-07 22:00:00+00:00,2019-05-08 00:00:00+02:00
719680.488,1,2019-05-08 22:00:00+00:00,2019-05-09 00:00:00+02:00
714705.845,1,2019-05-09 22:00:00+00:00,2019-05-10 00:00:00+02:00
642893.955,1,2019-05-10 22:00:00+00:00,2019-05-11 00:00:00+02:00
589066.207,1,2019-05-11 22:00:00+00:00,2019-05-12 00:00:00+02:00
693194.342,1,2019-05-12 22:00:00+00:00,2019-05-13 00:00:00+02:00
716085.91,1,2019-05-13 22:00:00+00:00,2019-05-14 00:00:00+02:00
714403.802,1,2019-05-14 22:00:00+00:00,2019-05-15 00:00:00+02:00
723608.482,1,2019-05-15 22:00:00+00:00,2019-05-16 00:00:00+02:00
708065.687,1,2019-05-16 22:00:00+00:00,2019-05-17 00:00:00+02:00
633581.663,1,2019-05-17 22:00:00+00:00,2019-05-18 00:00:00+02:00
588760.853,1,2019-05-18 22:00:00+00:00,2019-05-19 00:00:00+02:00
693266.151,1,2019-05-19 22:00:00+00:00,2019-05-20 00:00:00+02:00
712267.526,1,2019-05-20 22:00:00+00:00,2019-05-21 00:00:00+02:00
720423.021,1,2019-05-21 22:00:00+00:00,2019-05-22 00:00:00+02:00
721032.652,1,2019-05-22 22:00:00+00:00,2019-05-23 00:00:00+02:00
717689.342,1,2019-05-23 22:00:00+00:00,2019-05-24 00:00:00+02:00
641713.37,1,2019-05-24 22:00:00+00:00,2019-05-25 00:00:00+02:00
586295.917,1,2019-05-25 22:00:00+00:00,2019-05-26 00:00:00+02:00
703430.222,1,2019-05-26 22:00:00+00:00,2019-05-27 00:00:00+02:00
723789.614,1,2019-05-27 22:00:00+00:00,2019-05-28 00:00:00+02:00
722528.761,1,2019-05-28 22:00:00+00:00,2019-05-29 00:00:00+02:00
719643.509,1,2019-05-29 22:00:00+00:00,2019-05-30 00:00:00+02:00
720746.446,1,2019-05-30 22:00:00+00:00,2019-05-31 00:00:00+02:00
657113.804,1,2019-05-31 22:00:00+00:00,2019-06-01 00:00:00+02:00
610135.227,1,2019-06-01 22:00:00+00:00,2019-06-02 00:00:00+02:00
727199.819,1,2019-06-02 22:00:00+00:00,2019-06-03 00:00:00+02:00
743803.929,1,2019-06-03 22:00:00+00:00,2019-06-04 00:00:00+02:00
728013.427,1,2019-06-04 22:00:00+00:00,2019-06-05 00:00:00+02:00
718987.495,1,2019-06-05 22:00:00+00:00,2019-06-06 00:00:00+02:00
716146.113,1,2019-06-06 22:00:00+00:00,2019-06-07 00:00:00+02:00
649114.105,1,2019-06-07 22:00:00+00:00,2019-06-08 00:00:00+02:00
598266.091,1,2019-06-08 22:00:00+00:00,2019-06-09 00:00:00+02:00
692985.625,1,2019-06-09 22:00:00+00:00,2019-06-10 00:00:00+02:00
717613.036,1,2019-06-10 22:00:00+00:00,2019-06-11 00:00:00+02:00
721685.017,1,2019-06-11 22:00:00+00:00,2019-06-12 00:00:00+02:00
725139.71,1,2019-06-12 22:00:00+00:00,2019-06-13 00:00:00+02:00
720698.739,1,2019-06-13 22:00:00+00:00,2019-06-14 00:00:00+02:00
649826.641,1,2019-06-14 22:00:00+00:00,2019-06-15 00:00:00+02:00
600853.162,1,2019-06-15 22:00:00+00:00,2019-06-16 00:00:00+02:00
714625.455,1,2019-06-16 22:00:00+00:00,2019-06-17 00:00:00+02:00
736896.725,1,2019-06-17 22:00:00+00:00,2019-06-18 00:00:00+02:00
741912.133,1,2019-06-18 22:00:00+00:00,2019-06-19 00:00:00+02:00
735488.271,1,2019-06-19 22:00:00+00:00,2019-06-20 00:00:00+02:00
732798.844,1,2019-06-20 22:00:00+00:00,2019-06-21 00:00:00+02:00
672993.652,1,2019-06-21 22:00:00+00:00,2019-06-22 00:00:00+02:00
623379.646,1,2019-06-22 22:00:00+00:00,2019-06-23 00:00:00+02:00
688002.526,1,2019-06-23 22:00:00+00:00,2019-06-24 00:00:00+02:00
765220.281,1,2019-06-24 22:00:00+00:00,2019-06-25 00:00:00+02:00
792832.45,1,2019-06-25 22:00:00+00:00,2019-06-26 00:00:00+02:00
807875.011,1,2019-06-26 22:00:00+00:00,2019-06-27 00:00:00+02:00
821152.543,1,2019-06-27 22:00:00+00:00,2019-06-28 00:00:00+02:00
751724.535,1,2019-06-28 22:00:00+00:00,2019-06-29 00:00:00+02:00
696474.637,1,2019-06-29 22:00:00+00:00,2019-06-30 00:00:00+02:00
805062.314,1,2019-06-30 22:00:00+00:00,2019-07-01 00:00:00+02:00
817750.686,1,2019-07-01 22:00:00+00:00,2019-07-02 00:00:00+02:00
814766.368,1,2019-07-02 22:00:00+00:00,2019-07-03 00:00:00+02:00
813934.525,1,2019-07-03 22:00:00+00:00,2019-07-04 00:00:00+02:00
816024.974,1,2019-07-04 22:00:00+00:00,2019-07-05 00:00:00+02:00
738401.275,1,2019-07-05 22:00:00+00:00,2019-07-06 00:00:00+02:00
686379.684,1,2019-07-06 22:00:00+00:00,2019-07-07 00:00:00+02:00
783297.789,1,2019-07-07 22:00:00+00:00,2019-07-08 00:00:00+02:00
782095.233,1,2019-07-08 22:00:00+00:00,2019-07-09 00:00:00+02:00
792718.173,1,2019-07-09 22:00:00+00:00,2019-07-10 00:00:00+02:00
821250.349,1,2019-07-10 22:00:00+00:00,2019-07-11 00:00:00+02:00
828876.825,1,2019-07-11 22:00:00+00:00,2019-07-12 00:00:00+02:00
739065.225,1,2019-07-12 22:00:00+00:00,2019-07-13 00:00:00+02:00
667289.338,1,2019-07-13 22:00:00+00:00,2019-07-14 00:00:00+02:00
796026.561,1,2019-07-14 22:00:00+00:00,2019-07-15 00:00:00+02:00
810257.077,1,2019-07-15 22:00:00+00:00,2019-07-16 00:00:00+02:00
805414.836,1,2019-07-16 22:00:00+00:00,2019-07-17 00:00:00+02:00
808118.682,1,2019-07-17 22:00:00+00:00,2019-07-18 00:00:00+02:00
818254.951,1,2019-07-18 22:00:00+00:00,2019-07-19 00:00:00+02:00
744167.851,1,2019-07-19 22:00:00+00:00,2019-07-20 00:00:00+02:00
691903.017,1,2019-07-20 22:00:00+00:00,2019-07-21 00:00:00+02:00
836080.36,1,2019-07-21 22:00:00+00:00,2019-07-22 00:00:00+02:00
857696.956,1,2019-07-22 22:00:00+00:00,2019-07-23 00:00:00+02:00
860191.27,1,2019-07-23 22:00:00+00:00,2019-07-24 00:00:00+02:00
835226.076,1,2019-07-24 22:00:00+00:00,2019-07-25 00:00:00+02:00
809646.945,1,2019-07-25 22:00:00+00:00,2019-07-26 00:00:00+02:00
705760.649,1,2019-07-26 22:00:00+00:00,2019-07-27 00:00:00+02:00
639052.413,1,2019-07-27 22:00:00+00:00,2019-07-28 00:00:00+02:00
759984.776,1,2019-07-28 22:00:00+00:00,2019-07-29 00:00:00+02:00
773820.297,1,2019-07-29 22:00:00+00:00,2019-07-30 00:00:00+02:00
765475.695,1,2019-07-30 22:00:00+00:00,2019-07-31 00:00:00+02:00
789334.274,1,2019-07-31 22:00:00+00:00,2019-08-01 00:00:00+02:00
784389.389,1,2019-08-01 22:00:00+00:00,2019-08-02 00:00:00+02:00
706068.784,1,2019-08-02 22:00:00+00:00,2019-08-03 00:00:00+02:00
659374.462,1,2019-08-03 22:00:00+00:00,2019-08-04 00:00:00+02:00
772347.5,1,2019-08-04 22:00:00+00:00,2019-08-05 00:00:00+02:00
793044.82,1,2019-08-05 22:00:00+00:00,2019-08-06 00:00:00+02:00
787712.421,1,2019-08-06 22:00:00+00:00,2019-08-07 00:00:00+02:00
795638.987,1,2019-08-07 22:00:00+00:00,2019-08-08 00:00:00+02:00
795454.697,1,2019-08-08 22:00:00+00:00,2019-08-09 00:00:00+02:00
716321.021,1,2019-08-09 22:00:00+00:00,2019-08-10 00:00:00+02:00
651892.626,1,2019-08-10 22:00:00+00:00,2019-08-11 00:00:00+02:00
712385.398,1,2019-08-11 22:00:00+00:00,2019-08-12 00:00:00+02:00
713398.323,1,2019-08-12 22:00:00+00:00,2019-08-13 00:00:00+02:00
722738.208,1,2019-08-13 22:00:00+00:00,2019-08-14 00:00:00+02:00
661417.317,1,2019-08-14 22:00:00+00:00,2019-08-15 00:00:00+02:00
715896.427,1,2019-08-15 22:00:00+00:00,2019-08-16 00:00:00+02:00
692638.36,1,2019-08-16 22:00:00+00:00,2019-08-17 00:00:00+02:00
652155.441,1,2019-08-17 22:00:00+00:00,2019-08-18 00:00:00+02:00
750065.106,1,2019-08-18 22:00:00+00:00,2019-08-19 00:00:00+02:00
750474.293,1,2019-08-19 22:00:00+00:00,2019-08-20 00:00:00+02:00
743508.569,1,2019-08-20 22:00:00+00:00,2019-08-21 00:00:00+02:00
746785.396,1,2019-08-21 22:00:00+00:00,2019-08-22 00:00:00+02:00
746320.647,1,2019-08-22 22:00:00+00:00,2019-08-23 00:00:00+02:00
685685.967,1,2019-08-23 22:00:00+00:00,2019-08-24 00:00:00+02:00
640382.6,1,2019-08-24 22:00:00+00:00,2019-08-25 00:00:00+02:00
753002.18,1,2019-08-25 22:00:00+00:00,2019-08-26 00:00:00+02:00
748334.103,1,2019-08-26 22:00:00+00:00,2019-08-27 00:00:00+02:00
759403.981,1,2019-08-27 22:00:00+00:00,2019-08-28 00:00:00+02:00
778170.266,1,2019-08-28 22:00:00+00:00,2019-08-29 00:00:00+02:00
782463.034,1,2019-08-29 22:00:00+00:00,2019-08-30 00:00:00+02:00
704124.582,1,2019-08-30 22:00:00+00:00,2019-08-31 00:00:00+02:00
658275.465,1,2019-08-31 22:00:00+00:00,2019-09-01 00:00:00+02:00
772035.659,1,2019-09-01 22:00:00+00:00,2019-09-02 00:00:00+02:00
796492.504,1,2019-09-02 22:00:00+00:00,2019-09-03 00:00:00+02:00
802739.777,1,2019-09-03 22:00:00+00:00,2019-09-04 00:00:00+02:00
785233.792,1,2019-09-04 22:00:00+00:00,2019-09-05 00:00:00+02:00
759835.407,1,2019-09-05 22:00:00+00:00,2019-09-06 00:00:00+02:00
677237.25,1,2019-09-06 22:00:00+00:00,2019-09-07 00:00:00+02:00
625559.392,1,2019-09-07 22:00:00+00:00,2019-09-08 00:00:00+02:00
725543.137,1,2019-09-08 22:00:00+00:00,2019-09-09 00:00:00+02:00
731011.426,1,2019-09-09 22:00:00+00:00,2019-09-10 00:00:00+02:00
699252.213,1,2019-09-10 22:00:00+00:00,2019-09-11 00:00:00+02:00
720175.206,1,2019-09-11 22:00:00+00:00,2019-09-12 00:00:00+02:00
710999.404,1,2019-09-12 22:00:00+00:00,2019-09-13 00:00:00+02:00
639594.83,1,2019-09-13 22:00:00+00:00,2019-09-14 00:00:00+02:00
600804.651,1,2019-09-14 22:00:00+00:00,2019-09-15 00:00:00+02:00
722110.774,1,2019-09-15 22:00:00+00:00,2019-09-16 00:00:00+02:00
745327.536,1,2019-09-16 22:00:00+00:00,2019-09-17 00:00:00+02:00
749439.31,1,2019-09-17 22:00:00+00:00,2019-09-18 00:00:00+02:00
750409.372,1,2019-09-18 22:00:00+00:00,2019-09-19 00:00:00+02:00
742546.066,1,2019-09-19 22:00:00+00:00,2019-09-20 00:00:00+02:00
662313.73,1,2019-09-20 22:00:00+00:00,2019-09-21 00:00:00+02:00
606999.498,1,2019-09-21 22:00:00+00:00,2019-09-22 00:00:00+02:00
708014.904,1,2019-09-22 22:00:00+00:00,2019-09-23 00:00:00+02:00
727730.253,1,2019-09-23 22:00:00+00:00,2019-09-24 00:00:00+02:00
738028.712,1,2019-09-24 22:00:00+00:00,2019-09-25 00:00:00+02:00
739145.522,1,2019-09-25 22:00:00+00:00,2019-09-26 00:00:00+02:00
734426.657,1,2019-09-26 22:00:00+00:00,2019-09-27 00:00:00+02:00
653673.494,1,2019-09-27 22:00:00+00:00,2019-09-28 00:00:00+02:00
597643.634,1,2019-09-28 22:00:00+00:00,2019-09-29 00:00:00+02:00
715112.43,1,2019-09-29 22:00:00+00:00,2019-09-30 00:00:00+02:00
741441.646,1,2019-09-30 22:00:00+00:00,2019-10-01 00:00:00+02:00
733752.221,1,2019-10-01 22:00:00+00:00,2019-10-02 00:00:00+02:00
722404.634,1,2019-10-02 22:00:00+00:00,2019-10-03 00:00:00+02:00
719060.66,1,2019-10-03 22:00:00+00:00,2019-10-04 00:00:00+02:00
639966.26,1,2019-10-04 22:00:00+00:00,2019-10-05 00:00:00+02:00
595822.23,1,2019-10-05 22:00:00+00:00,2019-10-06 00:00:00+02:00
706811.27,1,2019-10-06 22:00:00+00:00,2019-10-07 00:00:00+02:00
729654.451,1,2019-10-07 22:00:00+00:00,2019-10-08 00:00:00+02:00
718306.304,1,2019-10-08 22:00:00+00:00,2019-10-09 00:00:00+02:00
725766.274,1,2019-10-09 22:00:00+00:00,2019-10-10 00:00:00+02:00
717342.224,1,2019-10-10 22:00:00+00:00,2019-10-11 00:00:00+02:00
624559.893,1,2019-10-11 22:00:00+00:00,2019-10-12 00:00:00+02:00
591908.756,1,2019-10-12 22:00:00+00:00,2019-10-13 00:00:00+02:00
708972.391,1,2019-10-13 22:00:00+00:00,2019-10-14 00:00:00+02:00
707947.469,1,2019-10-14 22:00:00+00:00,2019-10-15 00:00:00+02:00
711483.129,1,2019-10-15 22:00:00+00:00,2019-10-16 00:00:00+02:00
712870.909,1,2019-10-16 22:00:00+00:00,2019-10-17 00:00:00+02:00
702013.343,1,2019-10-17 22:00:00+00:00,2019-10-18 00:00:00+02:00
638521.461,1,2019-10-18 22:00:00+00:00,2019-10-19 00:00:00+02:00
590245.061,1,2019-10-19 22:00:00+00:00,2019-10-20 00:00:00+02:00
698011.851,1,2019-10-20 22:00:00+00:00,2019-10-21 00:00:00+02:00
728673.757,1,2019-10-21 22:00:00+00:00,2019-10-22 00:00:00+02:00
731462.329,1,2019-10-22 22:00:00+00:00,2019-10-23 00:00:00+02:00
729548.927,1,2019-10-23 22:00:00+00:00,2019-10-24 00:00:00+02:00
721004.715,1,2019-10-24 22:00:00+00:00,2019-10-25 00:00:00+02:00
639527.818,1,2019-10-25 22:00:00+00:00,2019-10-26 00:00:00+02:00
617897.851,1,2019-10-26 22:00:00+00:00,2019-10-27 00:00:00+02:00
705517.424,1,2019-10-27 23:00:00+00:00,2019-10-28 00:00:00+01:00
720759.167,1,2019-10-28 23:00:00+00:00,2019-10-29 00:00:00+01:00
716813.201,1,2019-10-29 23:00:00+00:00,2019-10-30 00:00:00+01:00
706779.544,1,2019-10-30 23:00:00+00:00,2019-10-31 00:00:00+01:00
610338.583,1,2019-10-31 23:00:00+00:00,2019-11-01 00:00:00+01:00
613091.302,1,2019-11-01 23:00:00+00:00,2019-11-02 00:00:00+01:00
585745.923,1,2019-11-02 23:00:00+00:00,2019-11-03 00:00:00+01:00
701349.067,1,2019-11-03 23:00:00+00:00,2019-11-04 00:00:00+01:00
723921.225,1,2019-11-04 23:00:00+00:00,2019-11-05 00:00:00+01:00
726803.046,1,2019-11-05 23:00:00+00:00,2019-11-06 00:00:00+01:00
738904.63,1,2019-11-06 23:00:00+00:00,2019-11-07 00:00:00+01:00
747095.1,1,2019-11-07 23:00:00+00:00,2019-11-08 00:00:00+01:00
674799.054,1,2019-11-08 23:00:00+00:00,2019-11-09 00:00:00+01:00
628624.931,1,2019-11-09 23:00:00+00:00,2019-11-10 00:00:00+01:00
757559.515,1,2019-11-10 23:00:00+00:00,2019-11-11 00:00:00+01:00
773524.257,1,2019-11-11 23:00:00+00:00,2019-11-12 00:00:00+01:00
776833.483,1,2019-11-12 23:00:00+00:00,2019-11-13 00:00:00+01:00
794537.245,1,2019-11-13 23:00:00+00:00,2019-11-14 00:00:00+01:00
794400.091,1,2019-11-14 23:00:00+00:00,2019-11-15 00:00:00+01:00
712515.929,1,2019-11-15 23:00:00+00:00,2019-11-16 00:00:00+01:00
673216.611,1,2019-11-16 23:00:00+00:00,2019-11-17 00:00:00+01:00
784186.573,1,2019-11-17 23:00:00+00:00,2019-11-18 00:00:00+01:00
810154.106,1,2019-11-18 23:00:00+00:00,2019-11-19 00:00:00+01:00
821576.303,1,2019-11-19 23:00:00+00:00,2019-11-20 00:00:00+01:00
815715.186,1,2019-11-20 23:00:00+00:00,2019-11-21 00:00:00+01:00
812859.646,1,2019-11-21 23:00:00+00:00,2019-11-22 00:00:00+01:00
706596.572,1,2019-11-22 23:00:00+00:00,2019-11-23 00:00:00+01:00
657967.591,1,2019-11-23 23:00:00+00:00,2019-11-24 00:00:00+01:00
774027.534,1,2019-11-24 23:00:00+00:00,2019-11-25 00:00:00+01:00
785754.366,1,2019-11-25 23:00:00+00:00,2019-11-26 00:00:00+01:00
774548.693,1,2019-11-26 23:00:00+00:00,2019-11-27 00:00:00+01:00
776056.195,1,2019-11-27 23:00:00+00:00,2019-11-28 00:00:00+01:00
758247.169,1,2019-11-28 23:00:00+00:00,2019-11-29 00:00:00+01:00
686811.005,1,2019-11-29 23:00:00+00:00,2019-11-30 00:00:00+01:00
649030.819,1,2019-11-30 23:00:00+00:00,2019-12-01 00:00:00+01:00
776156.953,1,2019-12-01 23:00:00+00:00,2019-12-02 00:00:00+01:00
794071.443,1,2019-12-02 23:00:00+00:00,2019-12-03 00:00:00+01:00
802721.404,1,2019-12-03 23:00:00+00:00,2019-12-04 00:00:00+01:00
797187.595,1,2019-12-04 23:00:00+00:00,2019-12-05 00:00:00+01:00
687010.235,1,2019-12-05 23:00:00+00:00,2019-12-06 00:00:00+01:00
677745.106,1,2019-12-06 23:00:00+00:00,2019-12-07 00:00:00+01:00
653010.122,1,2019-12-07 23:00:00+00:00,2019-12-08 00:00:00+01:00
731497.032,1,2019-12-08 23:00:00+00:00,2019-12-09 00:00:00+01:00
794421.564,1,2019-12-09 23:00:00+00:00,2019-12-10 00:00:00+01:00
810110.768,1,2019-12-10 23:00:00+00:00,2019-12-11 00:00:00+01:00
825121.76,1,2019-12-11 23:00:00+00:00,2019-12-12 00:00:00+01:00
793677.004,1,2019-12-12 23:00:00+00:00,2019-12-13 00:00:00+01:00
703955.843,1,2019-12-13 23:00:00+00:00,2019-12-14 00:00:00+01:00
660219.604,1,2019-12-14 23:00:00+00:00,2019-12-15 00:00:00+01:00
780295.07,1,2019-12-15 23:00:00+00:00,2019-12-16 00:00:00+01:00
786945.087,1,2019-12-16 23:00:00+00:00,2019-12-17 00:00:00+01:00
792257.443,1,2019-12-17 23:00:00+00:00,2019-12-18 00:00:00+01:00
793728.479,1,2019-12-18 23:00:00+00:00,2019-12-19 00:00:00+01:00
757483.61,1,2019-12-19 23:00:00+00:00,2019-12-20 00:00:00+01:00
666815.843,1,2019-12-20 23:00:00+00:00,2019-12-21 00:00:00+01:00
621188.286,1,2019-12-21 23:00:00+00:00,2019-12-22 00:00:00+01:00
675581.844,1,2019-12-22 23:00:00+00:00,2019-12-23 00:00:00+01:00
622147.62,1,2019-12-23 23:00:00+00:00,2019-12-24 00:00:00+01:00
541452.518,1,2019-12-24 23:00:00+00:00,2019-12-25 00:00:00+01:00
632220.615,1,2019-12-25 23:00:00+00:00,2019-12-26 00:00:00+01:00
674150.472,1,2019-12-26 23:00:00+00:00,2019-12-27 00:00:00+01:00
646963.129,1,2019-12-27 23:00:00+00:00,2019-12-28 00:00:00+01:00
617265.192,1,2019-12-28 23:00:00+00:00,2019-12-29 00:00:00+01:00
689973.969,1,2019-12-29 23:00:00+00:00,2019-12-30 00:00:00+01:00
656514.303,1,2019-12-30 23:00:00+00:00,2019-12-31 00:00:00+01:00
574776.72,1,2019-12-31 23:00:00+00:00,2020-01-01 00:00:00+01:00
723522.375,1,2020-01-01 23:00:00+00:00,2020-01-02 00:00:00+01:00
754645.342,1,2020-01-02 23:00:00+00:00,2020-01-03 00:00:00+01:00
702390.878,1,2020-01-03 23:00:00+00:00,2020-01-04 00:00:00+01:00
651967.486,1,2020-01-04 23:00:00+00:00,2020-01-05 00:00:00+01:00
630259.532,1,2020-01-05 23:00:00+00:00,2020-01-06 00:00:00+01:00
789031.621,1,2020-01-06 23:00:00+00:00,2020-01-07 00:00:00+01:00
820143.678,1,2020-01-07 23:00:00+00:00,2020-01-08 00:00:00+01:00
820769.614,1,2020-01-08 23:00:00+00:00,2020-01-09 00:00:00+01:00
814759.827,1,2020-01-09 23:00:00+00:00,2020-01-10 00:00:00+01:00
732531.725,1,2020-01-10 23:00:00+00:00,2020-01-11 00:00:00+01:00
693449.101,1,2020-01-11 23:00:00+00:00,2020-01-12 00:00:00+01:00
829157.906,1,2020-01-12 23:00:00+00:00,2020-01-13 00:00:00+01:00
844416.079,1,2020-01-13 23:00:00+00:00,2020-01-14 00:00:00+01:00
832910.293,1,2020-01-14 23:00:00+00:00,2020-01-15 00:00:00+01:00
822827.255,1,2020-01-15 23:00:00+00:00,2020-01-16 00:00:00+01:00
807653.787,1,2020-01-16 23:00:00+00:00,2020-01-17 00:00:00+01:00
729673.024,1,2020-01-17 23:00:00+00:00,2020-01-18 00:00:00+01:00
689820.886,1,2020-01-18 23:00:00+00:00,2020-01-19 00:00:00+01:00
846106.888,1,2020-01-19 23:00:00+00:00,2020-01-20 00:00:00+01:00
862132.604,1,2020-01-20 23:00:00+00:00,2020-01-21 00:00:00+01:00
841706.187,1,2020-01-21 23:00:00+00:00,2020-01-22 00:00:00+01:00
829427.103,1,2020-01-22 23:00:00+00:00,2020-01-23 00:00:00+01:00
821136.183,1,2020-01-23 23:00:00+00:00,2020-01-24 00:00:00+01:00
734265.345,1,2020-01-24 23:00:00+00:00,2020-01-25 00:00:00+01:00
676369.262,1,2020-01-25 23:00:00+00:00,2020-01-26 00:00:00+01:00
807615.701,1,2020-01-26 23:00:00+00:00,2020-01-27 00:00:00+01:00
807001.677,1,2020-01-27 23:00:00+00:00,2020-01-28 00:00:00+01:00
792162.501,1,2020-01-28 23:00:00+00:00,2020-01-29 00:00:00+01:00
778203.546,1,2020-01-29 23:00:00+00:00,2020-01-30 00:00:00+01:00
765448.598,1,2020-01-30 23:00:00+00:00,2020-01-31 00:00:00+01:00
681471.943,1,2020-01-31 23:00:00+00:00,2020-02-01 00:00:00+01:00
625016.468,1,2020-02-01 23:00:00+00:00,2020-02-02 00:00:00+01:00
729329.082,1,2020-02-02 23:00:00+00:00,2020-02-03 00:00:00+01:00
747892.827,1,2020-02-03 23:00:00+00:00,2020-02-04 00:00:00+01:00
758987.788,1,2020-02-04 23:00:00+00:00,2020-02-05 00:00:00+01:00
769754.643,1,2020-02-05 23:00:00+00:00,2020-02-06 00:00:00+01:00
772488.589,1,2020-02-06 23:00:00+00:00,2020-02-07 00:00:00+01:00
698199.59,1,2020-02-07 23:00:00+00:00,2020-02-08 00:00:00+01:00
646787.156,1,2020-02-08 23:00:00+00:00,2020-02-09 00:00:00+01:00
749504.414,1,2020-02-09 23:00:00+00:00,2020-02-10 00:00:00+01:00
761008.347,1,2020-02-10 23:00:00+00:00,2020-02-11 00:00:00+01:00
766558.356,1,2020-02-11 23:00:00+00:00,2020-02-12 00:00:00+01:00
759532.177,1,2020-02-12 23:00:00+00:00,2020-02-13 00:00:00+01:00
753954.141,1,2020-02-13 23:00:00+00:00,2020-02-14 00:00:00+01:00
675832.097,1,2020-02-14 23:00:00+00:00,2020-02-15 00:00:00+01:00
625453.407,1,2020-02-15 23:00:00+00:00,2020-02-16 00:00:00+01:00
739797.699,1,2020-02-16 23:00:00+00:00,2020-02-17 00:00:00+01:00
766371.869,1,2020-02-17 23:00:00+00:00,2020-02-18 00:00:00+01:00
764941.248,1,2020-02-18 23:00:00+00:00,2020-02-19 00:00:00+01:00
763651.659,1,2020-02-19 23:00:00+00:00,2020-02-20 00:00:00+01:00
753744.734,1,2020-02-20 23:00:00+00:00,2020-02-21 00:00:00+01:00
672072.47,1,2020-02-21 23:00:00+00:00,2020-02-22 00:00:00+01:00
620872.08,1,2020-02-22 23:00:00+00:00,2020-02-23 00:00:00+01:00
730827.761,1,2020-02-23 23:00:00+00:00,2020-02-24 00:00:00+01:00
743820.753,1,2020-02-24 23:00:00+00:00,2020-02-25 00:00:00+01:00
753405.313,1,2020-02-25 23:00:00+00:00,2020-02-26 00:00:00+01:00
751137.432,1,2020-02-26 23:00:00+00:00,2020-02-27 00:00:00+01:00
728292.593,1,2020-02-27 23:00:00+00:00,2020-02-28 00:00:00+01:00
670263.321,1,2020-02-28 23:00:00+00:00,2020-02-29 00:00:00+01:00
626873.694,1,2020-02-29 23:00:00+00:00,2020-03-01 00:00:00+01:00
741296.331,1,2020-03-01 23:00:00+00:00,2020-03-02 00:00:00+01:00
769321.188,1,2020-03-02 23:00:00+00:00,2020-03-03 00:00:00+01:00
759058.244,1,2020-03-03 23:00:00+00:00,2020-03-04 00:00:00+01:00
754365.164,1,2020-03-04 23:00:00+00:00,2020-03-05 00:00:00+01:00
757995.483,1,2020-03-05 23:00:00+00:00,2020-03-06 00:00:00+01:00
683532.439,1,2020-03-06 23:00:00+00:00,2020-03-07 00:00:00+01:00
630442.877,1,2020-03-07 23:00:00+00:00,2020-03-08 00:00:00+01:00
740417.533,1,2020-03-08 23:00:00+00:00,2020-03-09 00:00:00+01:00
747566.521,1,2020-03-09 23:00:00+00:00,2020-03-10 00:00:00+01:00
742561.392,1,2020-03-10 23:00:00+00:00,2020-03-11 00:00:00+01:00
738088.907,1,2020-03-11 23:00:00+00:00,2020-03-12 00:00:00+01:00
729774.542,1,2020-03-12 23:00:00+00:00,2020-03-13 00:00:00+01:00
646497.547,1,2020-03-13 23:00:00+00:00,2020-03-14 00:00:00+01:00
600435.811,1,2020-03-14 23:00:00+00:00,2020-03-15 00:00:00+01:00
704124.264,1,2020-03-15 23:00:00+00:00,2020-03-16 00:00:00+01:00
706050.583,1,2020-03-16 23:00:00+00:00,2020-03-17 00:00:00+01:00
684799.07,1,2020-03-17 23:00:00+00:00,2020-03-18 00:00:00+01:00
641992.028,1,2020-03-18 23:00:00+00:00,2020-03-19 00:00:00+01:00
647058.248,1,2020-03-19 23:00:00+00:00,2020-03-20 00:00:00+01:00
612492.101,1,2020-03-20 23:00:00+00:00,2020-03-21 00:00:00+01:00
583510.909,1,2020-03-21 23:00:00+00:00,2020-03-22 00:00:00+01:00
653558.582,1,2020-03-22 23:00:00+00:00,2020-03-23 00:00:00+01:00
663819.764,1,2020-03-23 23:00:00+00:00,2020-03-24 00:00:00+01:00
664643.791,1,2020-03-24 23:00:00+00:00,2020-03-25 00:00:00+01:00
661338.324,1,2020-03-25 23:00:00+00:00,2020-03-26 00:00:00+01:00
667335.755,1,2020-03-26 23:00:00+00:00,2020-03-27 00:00:00+01:00
605617.221,1,2020-03-27 23:00:00+00:00,2020-03-28 00:00:00+01:00
540515.04,1,2020-03-28 23:00:00+00:00,2020-03-29 00:00:00+01:00
610996.075,1,2020-03-29 22:00:00+00:00,2020-03-30 00:00:00+02:00
610653.934,1,2020-03-30 22:00:00+00:00,2020-03-31 00:00:00+02:00
599875.958,1,2020-03-31 22:00:00+00:00,2020-04-01 00:00:00+02:00
599323.162,1,2020-04-01 22:00:00+00:00,2020-04-02 00:00:00+02:00
584683.694,1,2020-04-02 22:00:00+00:00,2020-04-03 00:00:00+02:00
542996.041,1,2020-04-03 22:00:00+00:00,2020-04-04 00:00:00+02:00
519594.376,1,2020-04-04 22:00:00+00:00,2020-04-05 00:00:00+02:00
568143.84,1,2020-04-05 22:00:00+00:00,2020-04-06 00:00:00+02:00
567082.621,1,2020-04-06 22:00:00+00:00,2020-04-07 00:00:00+02:00
555027.089,1,2020-04-07 22:00:00+00:00,2020-04-08 00:00:00+02:00
529824.736,1,2020-04-08 22:00:00+00:00,2020-04-09 00:00:00+02:00
510435.49,1,2020-04-09 22:00:00+00:00,2020-04-10 00:00:00+02:00
518229.908,1,2020-04-10 22:00:00+00:00,2020-04-11 00:00:00+02:00
501615.48,1,2020-04-11 22:00:00+00:00,2020-04-12 00:00:00+02:00
537818.991,1,2020-04-12 22:00:00+00:00,2020-04-13 00:00:00+02:00
584017.243,1,2020-04-13 22:00:00+00:00,2020-04-14 00:00:00+02:00
604347.185,1,2020-04-14 22:00:00+00:00,2020-04-15 00:00:00+02:00
604521.525,1,2020-04-15 22:00:00+00:00,2020-04-16 00:00:00+02:00
598697.568,1,2020-04-16 22:00:00+00:00,2020-04-17 00:00:00+02:00
552914.776,1,2020-04-17 22:00:00+00:00,2020-04-18 00:00:00+02:00
520123.268,1,2020-04-18 22:00:00+00:00,2020-04-19 00:00:00+02:00
585331.059,1,2020-04-19 22:00:00+00:00,2020-04-20 00:00:00+02:00
608880.705,1,2020-04-20 22:00:00+00:00,2020-04-21 00:00:00+02:00
608023.375,1,2020-04-21 22:00:00+00:00,2020-04-22 00:00:00+02:00
599598.011,1,2020-04-22 22:00:00+00:00,2020-04-23 00:00:00+02:00
594661.984,1,2020-04-23 22:00:00+00:00,2020-04-24 00:00:00+02:00
556038.735,1,2020-04-24 22:00:00+00:00,2020-04-25 00:00:00+02:00
522374.953,1,2020-04-25 22:00:00+00:00,2020-04-26 00:00:00+02:00
590579.965,1,2020-04-26 22:00:00+00:00,2020-04-27 00:00:00+02:00
601203.105,1,2020-04-27 22:00:00+00:00,2020-04-28 00:00:00+02:00
600234.68,1,2020-04-28 22:00:00+00:00,2020-04-29 00:00:00+02:00
594712.471,1,2020-04-29 22:00:00+00:00,2020-04-30 00:00:00+02:00
525344.189,1,2020-04-30 22:00:00+00:00,2020-05-01 00:00:00+02:00
529331.136,1,2020-05-01 22:00:00+00:00,2020-05-02 00:00:00+02:00
509365.967,1,2020-05-02 22:00:00+00:00,2020-05-03 00:00:00+02:00
585884.404,1,2020-05-03 22:00:00+00:00,2020-05-04 00:00:00+02:00
607115.027,1,2020-05-04 22:00:00+00:00,2020-05-05 00:00:00+02:00
610199.36,1,2020-05-05 22:00:00+00:00,2020-05-06 00:00:00+02:00
604624.142,1,2020-05-06 22:00:00+00:00,2020-05-07 00:00:00+02:00
597179.788,1,2020-05-07 22:00:00+00:00,2020-05-08 00:00:00+02:00
547084.706,1,2020-05-08 22:00:00+00:00,2020-05-09 00:00:00+02:00
513399.456,1,2020-05-09 22:00:00+00:00,2020-05-10 00:00:00+02:00
591350.652,1,2020-05-10 22:00:00+00:00,2020-05-11 00:00:00+02:00
617479.021,1,2020-05-11 22:00:00+00:00,2020-05-12 00:00:00+02:00
617401.116,1,2020-05-12 22:00:00+00:00,2020-05-13 00:00:00+02:00
620557.901,1,2020-05-13 22:00:00+00:00,2020-05-14 00:00:00+02:00
608952.25,1,2020-05-14 22:00:00+00:00,2020-05-15 00:00:00+02:00
555670.934,1,2020-05-15 22:00:00+00:00,2020-05-16 00:00:00+02:00
519597.946,1,2020-05-16 22:00:00+00:00,2020-05-17 00:00:00+02:00
596670.207,1,2020-05-17 22:00:00+00:00,2020-05-18 00:00:00+02:00
615052.604,1,2020-05-18 22:00:00+00:00,2020-05-19 00:00:00+02:00
622450.073,1,2020-05-19 22:00:00+00:00,2020-05-20 00:00:00+02:00
630168.002,1,2020-05-20 22:00:00+00:00,2020-05-21 00:00:00+02:00
634355.264,1,2020-05-21 22:00:00+00:00,2020-05-22 00:00:00+02:00
582895.641,1,2020-05-22 22:00:00+00:00,2020-05-23 00:00:00+02:00
542170.641,1,2020-05-23 22:00:00+00:00,2020-05-24 00:00:00+02:00
627466.111,1,2020-05-24 22:00:00+00:00,2020-05-25 00:00:00+02:00
642990.536,1,2020-05-25 22:00:00+00:00,2020-05-26 00:00:00+02:00
644707.726,1,2020-05-26 22:00:00+00:00,2020-05-27 00:00:00+02:00
642005.868,1,2020-05-27 22:00:00+00:00,2020-05-28 00:00:00+02:00
641570.31,1,2020-05-28 22:00:00+00:00,2020-05-29 00:00:00+02:00
583380.433,1,2020-05-29 22:00:00+00:00,2020-05-30 00:00:00+02:00
541662.429,1,2020-05-30 22:00:00+00:00,2020-05-31 00:00:00+02:00
627334.741,1,2020-05-31 22:00:00+00:00,2020-06-01 00:00:00+02:00
653396.5,1,2020-06-01 22:00:00+00:00,2020-06-02 00:00:00+02:00
662452.407,1,2020-06-02 22:00:00+00:00,2020-06-03 00:00:00+02:00
651301.681,1,2020-06-03 22:00:00+00:00,2020-06-04 00:00:00+02:00
640912.088,1,2020-06-04 22:00:00+00:00,2020-06-05 00:00:00+02:00
582674.188,1,2020-06-05 22:00:00+00:00,2020-06-06 00:00:00+02:00
540393.818,1,2020-06-06 22:00:00+00:00,2020-06-07 00:00:00+02:00
625763.383,1,2020-06-07 22:00:00+00:00,2020-06-08 00:00:00+02:00
643604.721,1,2020-06-08 22:00:00+00:00,2020-06-09 00:00:00+02:00
653728.489,1,2020-06-09 22:00:00+00:00,2020-06-10 00:00:00+02:00
653624.408,1,2020-06-10 22:00:00+00:00,2020-06-11 00:00:00+02:00
645918.049,1,2020-06-11 22:00:00+00:00,2020-06-12 00:00:00+02:00
581088.713,1,2020-06-12 22:00:00+00:00,2020-06-13 00:00:00+02:00
543304.621,1,2020-06-13 22:00:00+00:00,2020-06-14 00:00:00+02:00
644001.077,1,2020-06-14 22:00:00+00:00,2020-06-15 00:00:00+02:00
656823.463,1,2020-06-15 22:00:00+00:00,2020-06-16 00:00:00+02:00
661145.578,1,2020-06-16 22:00:00+00:00,2020-06-17 00:00:00+02:00
662011.432,1,2020-06-17 22:00:00+00:00,2020-06-18 00:00:00+02:00
657676.183,1,2020-06-18 22:00:00+00:00,2020-06-19 00:00:00+02:00
608254.976,1,2020-06-19 22:00:00+00:00,2020-06-20 00:00:00+02:00
572807.006,1,2020-06-20 22:00:00+00:00,2020-06-21 00:00:00+02:00
682963.291,1,2020-06-21 22:00:00+00:00,2020-06-22 00:00:00+02:00
706613.83,1,2020-06-22 22:00:00+00:00,2020-06-23 00:00:00+02:00
668203.326,1,2020-06-23 22:00:00+00:00,2020-06-24 00:00:00+02:00
711838.827,1,2020-06-24 22:00:00+00:00,2020-06-25 00:00:00+02:00
702221.428,1,2020-06-25 22:00:00+00:00,2020-06-26 00:00:00+02:00
638125.491,1,2020-06-26 22:00:00+00:00,2020-06-27 00:00:00+02:00
604144.564,1,2020-06-27 22:00:00+00:00,2020-06-28 00:00:00+02:00
723951.102,1,2020-06-28 22:00:00+00:00,2020-06-29 00:00:00+02:00
752302.735,1,2020-06-29 22:00:00+00:00,2020-06-30 00:00:00+02:00
763359.011,1,2020-06-30 22:00:00+00:00,2020-07-01 00:00:00+02:00
765790.102,1,2020-07-01 22:00:00+00:00,2020-07-02 00:00:00+02:00
735357.247,1,2020-07-02 22:00:00+00:00,2020-07-03 00:00:00+02:00
660713.186,1,2020-07-03 22:00:00+00:00,2020-07-04 00:00:00+02:00
626327.165,1,2020-07-04 22:00:00+00:00,2020-07-05 00:00:00+02:00
757299.096,1,2020-07-05 22:00:00+00:00,2020-07-06 00:00:00+02:00
780525.085,1,2020-07-06 22:00:00+00:00,2020-07-07 00:00:00+02:00
784566.99,1,2020-07-07 22:00:00+00:00,2020-07-08 00:00:00+02:00
771125.891,1,2020-07-08 22:00:00+00:00,2020-07-09 00:00:00+02:00
758878.105,1,2020-07-09 22:00:00+00:00,2020-07-10 00:00:00+02:00
690697.734,1,2020-07-10 22:00:00+00:00,2020-07-11 00:00:00+02:00
633135.072,1,2020-07-11 22:00:00+00:00,2020-07-12 00:00:00+02:00
752649.491,1,2020-07-12 22:00:00+00:00,2020-07-13 00:00:00+02:00
760459.038,1,2020-07-13 22:00:00+00:00,2020-07-14 00:00:00+02:00
756753.738,1,2020-07-14 22:00:00+00:00,2020-07-15 00:00:00+02:00
763067.312,1,2020-07-15 22:00:00+00:00,2020-07-16 00:00:00+02:00
760177.205,1,2020-07-16 22:00:00+00:00,2020-07-17 00:00:00+02:00
688716.516,1,2020-07-17 22:00:00+00:00,2020-07-18 00:00:00+02:00
644522.223,1,2020-07-18 22:00:00+00:00,2020-07-19 00:00:00+02:00
769330.38,1,2020-07-19 22:00:00+00:00,2020-07-20 00:00:00+02:00
785563.684,1,2020-07-20 22:00:00+00:00,2020-07-21 00:00:00+02:00
776667.953,1,2020-07-21 22:00:00+00:00,2020-07-22 00:00:00+02:00
789634.51,1,2020-07-22 22:00:00+00:00,2020-07-23 00:00:00+02:00
789089.65,1,2020-07-23 22:00:00+00:00,2020-07-24 00:00:00+02:00
704273.245,1,2020-07-24 22:00:00+00:00,2020-07-25 00:00:00+02:00
664179.618,1,2020-07-25 22:00:00+00:00,2020-07-26 00:00:00+02:00
794291.764,1,2020-07-26 22:00:00+00:00,2020-07-27 00:00:00+02:00
814337.543,1,2020-07-27 22:00:00+00:00,2020-07-28 00:00:00+02:00
817487.547,1,2020-07-28 22:00:00+00:00,2020-07-29 00:00:00+02:00
825275.946,1,2020-07-29 22:00:00+00:00,2020-07-30 00:00:00+02:00
810169.058,1,2020-07-30 22:00:00+00:00,2020-07-31 00:00:00+02:00
738269.153,1,2020-07-31 22:00:00+00:00,2020-08-01 00:00:00+02:00
673895.707,1,2020-08-01 22:00:00+00:00,2020-08-02 00:00:00+02:00
747511.864,1,2020-08-02 22:00:00+00:00,2020-08-03 00:00:00+02:00
751123.76,1,2020-08-03 22:00:00+00:00,2020-08-04 00:00:00+02:00
764126.717,1,2020-08-04 22:00:00+00:00,2020-08-05 00:00:00+02:00
776466.924,1,2020-08-05 22:00:00+00:00,2020-08-06 00:00:00+02:00
775393.905,1,2020-08-06 22:00:00+00:00,2020-08-07 00:00:00+02:00
700782.169,1,2020-08-07 22:00:00+00:00,2020-08-08 00:00:00+02:00
657269.503,1,2020-08-08 22:00:00+00:00,2020-08-09 00:00:00+02:00
738068.961,1,2020-08-09 22:00:00+00:00,2020-08-10 00:00:00+02:00
734500.01,1,2020-08-10 22:00:00+00:00,2020-08-11 00:00:00+02:00
712418.386,1,2020-08-11 22:00:00+00:00,2020-08-12 00:00:00+02:00
716219.241,1,2020-08-12 22:00:00+00:00,2020-08-13 00:00:00+02:00
710586.003,1,2020-08-13 22:00:00+00:00,2020-08-14 00:00:00+02:00
631293.617,1,2020-08-14 22:00:00+00:00,2020-08-15 00:00:00+02:00
591662.6,1,2020-08-15 22:00:00+00:00,2020-08-16 00:00:00+02:00
683923.907,1,2020-08-16 22:00:00+00:00,2020-08-17 00:00:00+02:00
708888.916,1,2020-08-17 22:00:00+00:00,2020-08-18 00:00:00+02:00
725675.863,1,2020-08-18 22:00:00+00:00,2020-08-19 00:00:00+02:00
729676.986,1,2020-08-19 22:00:00+00:00,2020-08-20 00:00:00+02:00
739080.574,1,2020-08-20 22:00:00+00:00,2020-08-21 00:00:00+02:00
676812.548,1,2020-08-21 22:00:00+00:00,2020-08-22 00:00:00+02:00
625384.861,1,2020-08-22 22:00:00+00:00,2020-08-23 00:00:00+02:00
733320.649,1,2020-08-23 22:00:00+00:00,2020-08-24 00:00:00+02:00
772384.724,1,2020-08-24 22:00:00+00:00,2020-08-25 00:00:00+02:00
791658.289,1,2020-08-25 22:00:00+00:00,2020-08-26 00:00:00+02:00
797890.754,1,2020-08-26 22:00:00+00:00,2020-08-27 00:00:00+02:00
773438.841,1,2020-08-27 22:00:00+00:00,2020-08-28 00:00:00+02:00
635866.109,1,2020-08-28 22:00:00+00:00,2020-08-29 00:00:00+02:00
572310.898,1,2020-08-29 22:00:00+00:00,2020-08-30 00:00:00+02:00
679208.909,1,2020-08-30 22:00:00+00:00,2020-08-31 00:00:00+02:00
700209.044,1,2020-08-31 22:00:00+00:00,2020-09-01 00:00:00+02:00
711095.786,1,2020-09-01 22:00:00+00:00,2020-09-02 00:00:00+02:00
719005.12,1,2020-09-02 22:00:00+00:00,2020-09-03 00:00:00+02:00
724580.748,1,2020-09-03 22:00:00+00:00,2020-09-04 00:00:00+02:00
653584.402,1,2020-09-04 22:00:00+00:00,2020-09-05 00:00:00+02:00
604081.335,1,2020-09-05 22:00:00+00:00,2020-09-06 00:00:00+02:00
696258.312,1,2020-09-06 22:00:00+00:00,2020-09-07 00:00:00+02:00
698100.318,1,2020-09-07 22:00:00+00:00,2020-09-08 00:00:00+02:00
718084.935,1,2020-09-08 22:00:00+00:00,2020-09-09 00:00:00+02:00
721372.797,1,2020-09-09 22:00:00+00:00,2020-09-10 00:00:00+02:00
698312.958,1,2020-09-10 22:00:00+00:00,2020-09-11 00:00:00+02:00
649165.551,1,2020-09-11 22:00:00+00:00,2020-09-12 00:00:00+02:00
605491.558,1,2020-09-12 22:00:00+00:00,2020-09-13 00:00:00+02:00
718980.488,1,2020-09-13 22:00:00+00:00,2020-09-14 00:00:00+02:00
740288.273,1,2020-09-14 22:00:00+00:00,2020-09-15 00:00:00+02:00
751556.717,1,2020-09-15 22:00:00+00:00,2020-09-16 00:00:00+02:00
740760.783,1,2020-09-16 22:00:00+00:00,2020-09-17 00:00:00+02:00
713829.456,1,2020-09-17 22:00:00+00:00,2020-09-18 00:00:00+02:00
627328.408,1,2020-09-18 22:00:00+00:00,2020-09-19 00:00:00+02:00
574171.087,1,2020-09-19 22:00:00+00:00,2020-09-20 00:00:00+02:00
683416.711,1,2020-09-20 22:00:00+00:00,2020-09-21 00:00:00+02:00
703840.984,1,2020-09-21 22:00:00+00:00,2020-09-22 00:00:00+02:00
712811.873,1,2020-09-22 22:00:00+00:00,2020-09-23 00:00:00+02:00
712997.199,1,2020-09-23 22:00:00+00:00,2020-09-24 00:00:00+02:00
691789.689,1,2020-09-24 22:00:00+00:00,2020-09-25 00:00:00+02:00
614309.972,1,2020-09-25 22:00:00+00:00,2020-09-26 00:00:00+02:00
568766.565,1,2020-09-26 22:00:00+00:00,2020-09-27 00:00:00+02:00
666559.06,1,2020-09-27 22:00:00+00:00,2020-09-28 00:00:00+02:00
686797.043,1,2020-09-28 22:00:00+00:00,2020-09-29 00:00:00+02:00
690962.671,1,2020-09-29 22:00:00+00:00,2020-09-30 00:00:00+02:00
700916.732,1,2020-09-30 22:00:00+00:00,2020-10-01 00:00:00+02:00
698403.756,1,2020-10-01 22:00:00+00:00,2020-10-02 00:00:00+02:00
612169.05,1,2020-10-02 22:00:00+00:00,2020-10-03 00:00:00+02:00
571636.922,1,2020-10-03 22:00:00+00:00,2020-10-04 00:00:00+02:00
673482.22,1,2020-10-04 22:00:00+00:00,2020-10-05 00:00:00+02:00
690894.896,1,2020-10-05 22:00:00+00:00,2020-10-06 00:00:00+02:00
699613.798,1,2020-10-06 22:00:00+00:00,2020-10-07 00:00:00+02:00
699215.554,1,2020-10-07 22:00:00+00:00,2020-10-08 00:00:00+02:00
679813.517,1,2020-10-08 22:00:00+00:00,2020-10-09 00:00:00+02:00
614331.962,1,2020-10-09 22:00:00+00:00,2020-10-10 00:00:00+02:00
563490.862,1,2020-10-10 22:00:00+00:00,2020-10-11 00:00:00+02:00
570701.026,1,2020-10-11 22:00:00+00:00,2020-10-12 00:00:00+02:00
673784.687,1,2020-10-12 22:00:00+00:00,2020-10-13 00:00:00+02:00
703005.757,1,2020-10-13 22:00:00+00:00,2020-10-14 00:00:00+02:00
709578.141,1,2020-10-14 22:00:00+00:00,2020-10-15 00:00:00+02:00
704019.681,1,2020-10-15 22:00:00+00:00,2020-10-16 00:00:00+02:00
631928.375,1,2020-10-16 22:00:00+00:00,2020-10-17 00:00:00+02:00
583351.177,1,2020-10-17 22:00:00+00:00,2020-10-18 00:00:00+02:00
687152.413,1,2020-10-18 22:00:00+00:00,2020-10-19 00:00:00+02:00
711714.9,1,2020-10-19 22:00:00+00:00,2020-10-20 00:00:00+02:00
707162.568,1,2020-10-20 22:00:00+00:00,2020-10-21 00:00:00+02:00
710357.203,1,2020-10-21 22:00:00+00:00,2020-10-22 00:00:00+02:00
696843.426,1,2020-10-22 22:00:00+00:00,2020-10-23 00:00:00+02:00
625382.417,1,2020-10-23 22:00:00+00:00,2020-10-24 00:00:00+02:00
606307.969,1,2020-10-24 22:00:00+00:00,2020-10-25 00:00:00+02:00
689553.095,1,2020-10-25 23:00:00+00:00,2020-10-26 00:00:00+01:00
714662.582,1,2020-10-26 23:00:00+00:00,2020-10-27 00:00:00+01:00
715705.336,1,2020-10-27 23:00:00+00:00,2020-10-28 00:00:00+01:00
715284.16,1,2020-10-28 23:00:00+00:00,2020-10-29 00:00:00+01:00
704726.127,1,2020-10-29 23:00:00+00:00,2020-10-30 00:00:00+01:00
628294.896,1,2020-10-30 23:00:00+00:00,2020-10-31 00:00:00+01:00
575075.028,1,2020-10-31 23:00:00+00:00,2020-11-01 00:00:00+01:00
647094.468,1,2020-11-01 23:00:00+00:00,2020-11-02 00:00:00+01:00
706154.584,1,2020-11-02 23:00:00+00:00,2020-11-03 00:00:00+01:00
728814.878,1,2020-11-03 23:00:00+00:00,2020-11-04 00:00:00+01:00
724766.756,1,2020-11-04 23:00:00+00:00,2020-11-05 00:00:00+01:00
710624.719,1,2020-11-05 23:00:00+00:00,2020-11-06 00:00:00+01:00
635069.873,1,2020-11-06 23:00:00+00:00,2020-11-07 00:00:00+01:00
585653.269,1,2020-11-07 23:00:00+00:00,2020-11-08 00:00:00+01:00
688061.521,1,2020-11-08 23:00:00+00:00,2020-11-09 00:00:00+01:00
711586.135,1,2020-11-09 23:00:00+00:00,2020-11-10 00:00:00+01:00
718173.294,1,2020-11-10 23:00:00+00:00,2020-11-11 00:00:00+01:00
717880.631,1,2020-11-11 23:00:00+00:00,2020-11-12 00:00:00+01:00
713264.969,1,2020-11-12 23:00:00+00:00,2020-11-13 00:00:00+01:00
641465.596,1,2020-11-13 23:00:00+00:00,2020-11-14 00:00:00+01:00
585947.032,1,2020-11-14 23:00:00+00:00,2020-11-15 00:00:00+01:00
693236.68,1,2020-11-15 23:00:00+00:00,2020-11-16 00:00:00+01:00
712862.51,1,2020-11-16 23:00:00+00:00,2020-11-17 00:00:00+01:00
718214.566,1,2020-11-17 23:00:00+00:00,2020-11-18 00:00:00+01:00
718299.945,1,2020-11-18 23:00:00+00:00,2020-11-19 00:00:00+01:00
716666.871,1,2020-11-19 23:00:00+00:00,2020-11-20 00:00:00+01:00
645094.568,1,2020-11-20 23:00:00+00:00,2020-11-21 00:00:00+01:00
605990.942,1,2020-11-21 23:00:00+00:00,2020-11-22 00:00:00+01:00
728188.952,1,2020-11-22 23:00:00+00:00,2020-11-23 00:00:00+01:00
757498.853,1,2020-11-23 23:00:00+00:00,2020-11-24 00:00:00+01:00
765268.18,1,2020-11-24 23:00:00+00:00,2020-11-25 00:00:00+01:00
766690.677,1,2020-11-25 23:00:00+00:00,2020-11-26 00:00:00+01:00
751489.82,1,2020-11-26 23:00:00+00:00,2020-11-27 00:00:00+01:00
667627.721,1,2020-11-27 23:00:00+00:00,2020-11-28 00:00:00+01:00
624731.773,1,2020-11-28 23:00:00+00:00,2020-11-29 00:00:00+01:00
737071.712,1,2020-11-29 23:00:00+00:00,2020-11-30 00:00:00+01:00
753620.849,1,2020-11-30 23:00:00+00:00,2020-12-01 00:00:00+01:00
768634.956,1,2020-12-01 23:00:00+00:00,2020-12-02 00:00:00+01:00
784315.168,1,2020-12-02 23:00:00+00:00,2020-12-03 00:00:00+01:00
790382.104,1,2020-12-03 23:00:00+00:00,2020-12-04 00:00:00+01:00
723627.58,1,2020-12-04 23:00:00+00:00,2020-12-05 00:00:00+01:00
676303.0,1,2020-12-05 23:00:00+00:00,2020-12-06 00:00:00+01:00
712656.602,1,2020-12-06 23:00:00+00:00,2020-12-07 00:00:00+01:00
693433.293,1,2020-12-07 23:00:00+00:00,2020-12-08 00:00:00+01:00
804018.806,1,2020-12-08 23:00:00+00:00,2020-12-09 00:00:00+01:00
807771.695,1,2020-12-09 23:00:00+00:00,2020-12-10 00:00:00+01:00
783766.293,1,2020-12-10 23:00:00+00:00,2020-12-11 00:00:00+01:00
686510.161,1,2020-12-11 23:00:00+00:00,2020-12-12 00:00:00+01:00
644286.586,1,2020-12-12 23:00:00+00:00,2020-12-13 00:00:00+01:00
759517.717,1,2020-12-13 23:00:00+00:00,2020-12-14 00:00:00+01:00
766794.634,1,2020-12-14 23:00:00+00:00,2020-12-15 00:00:00+01:00
780348.751,1,2020-12-15 23:00:00+00:00,2020-12-16 00:00:00+01:00
778470.844,1,2020-12-16 23:00:00+00:00,2020-12-17 00:00:00+01:00
776174.524,1,2020-12-17 23:00:00+00:00,2020-12-18 00:00:00+01:00
697945.808,1,2020-12-18 23:00:00+00:00,2020-12-19 00:00:00+01:00
646840.581,1,2020-12-19 23:00:00+00:00,2020-12-20 00:00:00+01:00
750406.82,1,2020-12-20 23:00:00+00:00,2020-12-21 00:00:00+01:00
750081.066,1,2020-12-21 23:00:00+00:00,2020-12-22 00:00:00+01:00
727706.624,1,2020-12-22 23:00:00+00:00,2020-12-23 00:00:00+01:00
643648.623,1,2020-12-23 23:00:00+00:00,2020-12-24 00:00:00+01:00
570771.924,1,2020-12-24 23:00:00+00:00,2020-12-25 00:00:00+01:00
635755.792,1,2020-12-25 23:00:00+00:00,2020-12-26 00:00:00+01:00
646699.546,1,2020-12-26 23:00:00+00:00,2020-12-27 00:00:00+01:00
724357.078,1,2020-12-27 23:00:00+00:00,2020-12-28 00:00:00+01:00
732115.459,1,2020-12-28 23:00:00+00:00,2020-12-29 00:00:00+01:00
734283.124,1,2020-12-29 23:00:00+00:00,2020-12-30 00:00:00+01:00
687715.588,1,2020-12-30 23:00:00+00:00,2020-12-31 00:00:00+01:00
608715.931,1,2020-12-31 23:00:00+00:00,2021-01-01 00:00:00+01:00
680432.407,1,2021-01-01 23:00:00+00:00,2021-01-02 00:00:00+01:00
684489.215,1,2021-01-02 23:00:00+00:00,2021-01-03 00:00:00+01:00
793625.993,1,2021-01-03 23:00:00+00:00,2021-01-04 00:00:00+01:00
806588.156,1,2021-01-04 23:00:00+00:00,2021-01-05 00:00:00+01:00
700144.564,1,2021-01-05 23:00:00+00:00,2021-01-06 00:00:00+01:00
854323.166,1,2021-01-06 23:00:00+00:00,2021-01-07 00:00:00+01:00
872357.353,1,2021-01-07 23:00:00+00:00,2021-01-08 00:00:00+01:00
773296.979,1,2021-01-08 23:00:00+00:00,2021-01-09 00:00:00+01:00
735647.962,1,2021-01-09 23:00:00+00:00,2021-01-10 00:00:00+01:00
851740.825,1,2021-01-10 23:00:00+00:00,2021-01-11 00:00:00+01:00
875118.684,1,2021-01-11 23:00:00+00:00,2021-01-12 00:00:00+01:00
874914.272,1,2021-01-12 23:00:00+00:00,2021-01-13 00:00:00+01:00
873577.23,1,2021-01-13 23:00:00+00:00,2021-01-14 00:00:00+01:00
859355.795,1,2021-01-14 23:00:00+00:00,2021-01-15 00:00:00+01:00
765002.342,1,2021-01-15 23:00:00+00:00,2021-01-16 00:00:00+01:00
708974.301,1,2021-01-16 23:00:00+00:00,2021-01-17 00:00:00+01:00
827619.581,1,2021-01-17 23:00:00+00:00,2021-01-18 00:00:00+01:00
846116.609,1,2021-01-18 23:00:00+00:00,2021-01-19 00:00:00+01:00
850299.079,1,2021-01-19 23:00:00+00:00,2021-01-20 00:00:00+01:00
817647.661,1,2021-01-20 23:00:00+00:00,2021-01-21 00:00:00+01:00
794514.658,1,2021-01-21 23:00:00+00:00,2021-01-22 00:00:00+01:00
719510.829,1,2021-01-22 23:00:00+00:00,2021-01-23 00:00:00+01:00
655028.547,1,2021-01-23 23:00:00+00:00,2021-01-24 00:00:00+01:00
775155.263,1,2021-01-24 23:00:00+00:00,2021-01-25 00:00:00+01:00
770796.102,1,2021-01-25 23:00:00+00:00,2021-01-26 00:00:00+01:00
753321.62,1,2021-01-26 23:00:00+00:00,2021-01-27 00:00:00+01:00
744101.186,1,2021-01-27 23:00:00+00:00,2021-01-28 00:00:00+01:00
733183.947,1,2021-01-28 23:00:00+00:00,2021-01-29 00:00:00+01:00
672206.563,1,2021-01-29 23:00:00+00:00,2021-01-30 00:00:00+01:00
631678.074,1,2021-01-30 23:00:00+00:00,2021-01-31 00:00:00+01:00
725308.41,1,2021-01-31 23:00:00+00:00,2021-02-01 00:00:00+01:00
742016.165,1,2021-02-01 23:00:00+00:00,2021-02-02 00:00:00+01:00
744032.692,1,2021-02-02 23:00:00+00:00,2021-02-03 00:00:00+01:00
742410.917,1,2021-02-03 23:00:00+00:00,2021-02-04 00:00:00+01:00
742180.511,1,2021-02-04 23:00:00+00:00,2021-02-05 00:00:00+01:00
673202.889,1,2021-02-05 23:00:00+00:00,2021-02-06 00:00:00+01:00
635184.428,1,2021-02-06 23:00:00+00:00,2021-02-07 00:00:00+01:00
757811.118,1,2021-02-07 23:00:00+00:00,2021-02-08 00:00:00+01:00
789357.66,1,2021-02-08 23:00:00+00:00,2021-02-09 00:00:00+01:00
767889.956,1,2021-02-09 23:00:00+00:00,2021-02-10 00:00:00+01:00
757949.224,1,2021-02-10 23:00:00+00:00,2021-02-11 00:00:00+01:00
744944.86,1,2021-02-11 23:00:00+00:00,2021-02-12 00:00:00+01:00
664031.439,1,2021-02-12 23:00:00+00:00,2021-02-13 00:00:00+01:00
627377.64,1,2021-02-13 23:00:00+00:00,2021-02-14 00:00:00+01:00
743811.335,1,2021-02-14 23:00:00+00:00,2021-02-15 00:00:00+01:00
751446.91,1,2021-02-15 23:00:00+00:00,2021-02-16 00:00:00+01:00
752695.056,1,2021-02-16 23:00:00+00:00,2021-02-17 00:00:00+01:00
754962.027,1,2021-02-17 23:00:00+00:00,2021-02-18 00:00:00+01:00
749031.191,1,2021-02-18 23:00:00+00:00,2021-02-19 00:00:00+01:00
667785.4,1,2021-02-19 23:00:00+00:00,2021-02-20 00:00:00+01:00
636820.402,1,2021-02-20 23:00:00+00:00,2021-02-21 00:00:00+01:00
743317.962,1,2021-02-21 23:00:00+00:00,2021-02-22 00:00:00+01:00
750925.914,1,2021-02-22 23:00:00+00:00,2021-02-23 00:00:00+01:00
747390.312,1,2021-02-23 23:00:00+00:00,2021-02-24 00:00:00+01:00
744810.272,1,2021-02-24 23:00:00+00:00,2021-02-25 00:00:00+01:00
740017.479,1,2021-02-25 23:00:00+00:00,2021-02-26 00:00:00+01:00
664275.565,1,2021-02-26 23:00:00+00:00,2021-02-27 00:00:00+01:00
621167.542,1,2021-02-27 23:00:00+00:00,2021-02-28 00:00:00+01:00
730802.101,1,2021-02-28 23:00:00+00:00,2021-03-01 00:00:00+01:00
749835.836,1,2021-03-01 23:00:00+00:00,2021-03-02 00:00:00+01:00
744167.225,1,2021-03-02 23:00:00+00:00,2021-03-03 00:00:00+01:00
740268.037,1,2021-03-03 23:00:00+00:00,2021-03-04 00:00:00+01:00
735724.58,1,2021-03-04 23:00:00+00:00,2021-03-05 00:00:00+01:00
658451.851,1,2021-03-05 23:00:00+00:00,2021-03-06 00:00:00+01:00
622685.66,1,2021-03-06 23:00:00+00:00,2021-03-07 00:00:00+01:00
742936.38,1,2021-03-07 23:00:00+00:00,2021-03-08 00:00:00+01:00
758352.519,1,2021-03-08 23:00:00+00:00,2021-03-09 00:00:00+01:00
750796.647,1,2021-03-09 23:00:00+00:00,2021-03-10 00:00:00+01:00
739481.269,1,2021-03-10 23:00:00+00:00,2021-03-11 00:00:00+01:00
729092.448,1,2021-03-11 23:00:00+00:00,2021-03-12 00:00:00+01:00
646301.497,1,2021-03-12 23:00:00+00:00,2021-03-13 00:00:00+01:00
606540.412,1,2021-03-13 23:00:00+00:00,2021-03-14 00:00:00+01:00
719293.522,1,2021-03-14 23:00:00+00:00,2021-03-15 00:00:00+01:00
732005.026,1,2021-03-15 23:00:00+00:00,2021-03-16 00:00:00+01:00
729775.728,1,2021-03-16 23:00:00+00:00,2021-03-17 00:00:00+01:00
741473.221,1,2021-03-17 23:00:00+00:00,2021-03-18 00:00:00+01:00
706043.651,1,2021-03-18 23:00:00+00:00,2021-03-19 00:00:00+01:00
670497.641,1,2021-03-19 23:00:00+00:00,2021-03-20 00:00:00+01:00
630102.703,1,2021-03-20 23:00:00+00:00,2021-03-21 00:00:00+01:00
735080.366,1,2021-03-21 23:00:00+00:00,2021-03-22 00:00:00+01:00
739437.425,1,2021-03-22 23:00:00+00:00,2021-03-23 00:00:00+01:00
731621.692,1,2021-03-23 23:00:00+00:00,2021-03-24 00:00:00+01:00
726346.417,1,2021-03-24 23:00:00+00:00,2021-03-25 00:00:00+01:00
719331.777,1,2021-03-25 23:00:00+00:00,2021-03-26 00:00:00+01:00
648466.535,1,2021-03-26 23:00:00+00:00,2021-03-27 00:00:00+01:00
571635.074,1,2021-03-27 23:00:00+00:00,2021-03-28 00:00:00+01:00
691559.272,1,2021-03-28 22:00:00+00:00,2021-03-29 00:00:00+02:00
695256.722,1,2021-03-29 22:00:00+00:00,2021-03-30 00:00:00+02:00
679687.653,1,2021-03-30 22:00:00+00:00,2021-03-31 00:00:00+02:00
603780.936,1,2021-03-31 22:00:00+00:00,2021-04-01 00:00:00+02:00
558137.662,1,2021-04-01 22:00:00+00:00,2021-04-02 00:00:00+02:00
577877.662,1,2021-04-02 22:00:00+00:00,2021-04-03 00:00:00+02:00
551346.366,1,2021-04-03 22:00:00+00:00,2021-04-04 00:00:00+02:00
604043.925,1,2021-04-04 22:00:00+00:00,2021-04-05 00:00:00+02:00
678937.062,1,2021-04-05 22:00:00+00:00,2021-04-06 00:00:00+02:00
706832.348,1,2021-04-06 22:00:00+00:00,2021-04-07 00:00:00+02:00
711274.992,1,2021-04-07 22:00:00+00:00,2021-04-08 00:00:00+02:00
713789.777,1,2021-04-08 22:00:00+00:00,2021-04-09 00:00:00+02:00
641313.52,1,2021-04-09 22:00:00+00:00,2021-04-10 00:00:00+02:00
594071.686,1,2021-04-10 22:00:00+00:00,2021-04-11 00:00:00+02:00
692941.728,1,2021-04-11 22:00:00+00:00,2021-04-12 00:00:00+02:00
717396.928,1,2021-04-12 22:00:00+00:00,2021-04-13 00:00:00+02:00
716654.185,1,2021-04-13 22:00:00+00:00,2021-04-14 00:00:00+02:00
722238.709,1,2021-04-14 22:00:00+00:00,2021-04-15 00:00:00+02:00
713583.273,1,2021-04-15 22:00:00+00:00,2021-04-16 00:00:00+02:00
642865.34,1,2021-04-16 22:00:00+00:00,2021-04-17 00:00:00+02:00
593293.117,1,2021-04-17 22:00:00+00:00,2021-04-18 00:00:00+02:00
697833.818,1,2021-04-18 22:00:00+00:00,2021-04-19 00:00:00+02:00
709788.735,1,2021-04-19 22:00:00+00:00,2021-04-20 00:00:00+02:00
710848.815,1,2021-04-20 22:00:00+00:00,2021-04-21 00:00:00+02:00
713242.666,1,2021-04-21 22:00:00+00:00,2021-04-22 00:00:00+02:00
685398.678,1,2021-04-22 22:00:00+00:00,2021-04-23 00:00:00+02:00
620321.236,1,2021-04-23 22:00:00+00:00,2021-04-24 00:00:00+02:00
584849.257,1,2021-04-24 22:00:00+00:00,2021-04-25 00:00:00+02:00
689249.537,1,2021-04-25 22:00:00+00:00,2021-04-26 00:00:00+02:00
703092.56,1,2021-04-26 22:00:00+00:00,2021-04-27 00:00:00+02:00
698342.061,1,2021-04-27 22:00:00+00:00,2021-04-28 00:00:00+02:00
697918.72,1,2021-04-28 22:00:00+00:00,2021-04-29 00:00:00+02:00
688956.526,1,2021-04-29 22:00:00+00:00,2021-04-30 00:00:00+02:00
577472.256,1,2021-04-30 22:00:00+00:00,2021-05-01 00:00:00+02:00
559173.805,1,2021-05-01 22:00:00+00:00,2021-05-02 00:00:00+02:00
667365.198,1,2021-05-02 22:00:00+00:00,2021-05-03 00:00:00+02:00
689998.019,1,2021-05-03 22:00:00+00:00,2021-05-04 00:00:00+02:00
690651.1,1,2021-05-04 22:00:00+00:00,2021-05-05 00:00:00+02:00
689028.329,1,2021-05-05 22:00:00+00:00,2021-05-06 00:00:00+02:00
681399.427,1,2021-05-06 22:00:00+00:00,2021-05-07 00:00:00+02:00
612800.041,1,2021-05-07 22:00:00+00:00,2021-05-08 00:00:00+02:00
573950.672,1,2021-05-08 22:00:00+00:00,2021-05-09 00:00:00+02:00
672517.486,1,2021-05-09 22:00:00+00:00,2021-05-10 00:00:00+02:00
690260.839,1,2021-05-10 22:00:00+00:00,2021-05-11 00:00:00+02:00
696396.062,1,2021-05-11 22:00:00+00:00,2021-05-12 00:00:00+02:00
695282.254,1,2021-05-12 22:00:00+00:00,2021-05-13 00:00:00+02:00
688397.416,1,2021-05-13 22:00:00+00:00,2021-05-14 00:00:00+02:00
622863.597,1,2021-05-14 22:00:00+00:00,2021-05-15 00:00:00+02:00
580577.79,1,2021-05-15 22:00:00+00:00,2021-05-16 00:00:00+02:00
668878.06,1,2021-05-16 22:00:00+00:00,2021-05-17 00:00:00+02:00
696787.021,1,2021-05-17 22:00:00+00:00,2021-05-18 00:00:00+02:00
698169.314,1,2021-05-18 22:00:00+00:00,2021-05-19 00:00:00+02:00
697758.698,1,2021-05-19 22:00:00+00:00,2021-05-20 00:00:00+02:00
691966.356,1,2021-05-20 22:00:00+00:00,2021-05-21 00:00:00+02:00
621633.202,1,2021-05-21 22:00:00+00:00,2021-05-22 00:00:00+02:00
574180.28,1,2021-05-22 22:00:00+00:00,2021-05-23 00:00:00+02:00
659025.584,1,2021-05-23 22:00:00+00:00,2021-05-24 00:00:00+02:00
687452.59,1,2021-05-24 22:00:00+00:00,2021-05-25 00:00:00+02:00
692338.143,1,2021-05-25 22:00:00+00:00,2021-05-26 00:00:00+02:00
694593.137,1,2021-05-26 22:00:00+00:00,2021-05-27 00:00:00+02:00
687217.66,1,2021-05-27 22:00:00+00:00,2021-05-28 00:00:00+02:00
625581.869,1,2021-05-28 22:00:00+00:00,2021-05-29 00:00:00+02:00
579605.519,1,2021-05-29 22:00:00+00:00,2021-05-30 00:00:00+02:00
683327.24,1,2021-05-30 22:00:00+00:00,2021-05-31 00:00:00+02:00
696048.627,1,2021-05-31 22:00:00+00:00,2021-06-01 00:00:00+02:00
700505.017,1,2021-06-01 22:00:00+00:00,2021-06-02 00:00:00+02:00
698600.649,1,2021-06-02 22:00:00+00:00,2021-06-03 00:00:00+02:00
692965.661,1,2021-06-03 22:00:00+00:00,2021-06-04 00:00:00+02:00
622988.965,1,2021-06-04 22:00:00+00:00,2021-06-05 00:00:00+02:00
576739.713,1,2021-06-05 22:00:00+00:00,2021-06-06 00:00:00+02:00
687687.127,1,2021-06-06 22:00:00+00:00,2021-06-07 00:00:00+02:00
719311.181,1,2021-06-07 22:00:00+00:00,2021-06-08 00:00:00+02:00
727998.479,1,2021-06-08 22:00:00+00:00,2021-06-09 00:00:00+02:00
739161.249,1,2021-06-09 22:00:00+00:00,2021-06-10 00:00:00+02:00
732773.334,1,2021-06-10 22:00:00+00:00,2021-06-11 00:00:00+02:00
663407.333,1,2021-06-11 22:00:00+00:00,2021-06-12 00:00:00+02:00
616205.06,1,2021-06-12 22:00:00+00:00,2021-06-13 00:00:00+02:00
737903.439,1,2021-06-13 22:00:00+00:00,2021-06-14 00:00:00+02:00
759440.415,1,2021-06-14 22:00:00+00:00,2021-06-15 00:00:00+02:00
755302.693,1,2021-06-15 22:00:00+00:00,2021-06-16 00:00:00+02:00
732968.196,1,2021-06-16 22:00:00+00:00,2021-06-17 00:00:00+02:00
720620.28,1,2021-06-17 22:00:00+00:00,2021-06-18 00:00:00+02:00
646908.276,1,2021-06-18 22:00:00+00:00,2021-06-19 00:00:00+02:00
594444.33,1,2021-06-19 22:00:00+00:00,2021-06-20 00:00:00+02:00
695310.81,1,2021-06-20 22:00:00+00:00,2021-06-21 00:00:00+02:00
710395.742,1,2021-06-21 22:00:00+00:00,2021-06-22 00:00:00+02:00
701339.201,1,2021-06-22 22:00:00+00:00,2021-06-23 00:00:00+02:00
667378.472,1,2021-06-23 22:00:00+00:00,2021-06-24 00:00:00+02:00
694493.443,1,2021-06-24 22:00:00+00:00,2021-06-25 00:00:00+02:00
651121.08,1,2021-06-25 22:00:00+00:00,2021-06-26 00:00:00+02:00
606935.474,1,2021-06-26 22:00:00+00:00,2021-06-27 00:00:00+02:00
706509.225,1,2021-06-27 22:00:00+00:00,2021-06-28 00:00:00+02:00
727913.028,1,2021-06-28 22:00:00+00:00,2021-06-29 00:00:00+02:00
744980.042,1,2021-06-29 22:00:00+00:00,2021-06-30 00:00:00+02:00
745646.823,1,2021-06-30 22:00:00+00:00,2021-07-01 00:00:00+02:00
751071.94,1,2021-07-01 22:00:00+00:00,2021-07-02 00:00:00+02:00
686746.086,1,2021-07-02 22:00:00+00:00,2021-07-03 00:00:00+02:00
645197.787,1,2021-07-03 22:00:00+00:00,2021-07-04 00:00:00+02:00
756482.667,1,2021-07-04 22:00:00+00:00,2021-07-05 00:00:00+02:00
765521.607,1,2021-07-05 22:00:00+00:00,2021-07-06 00:00:00+02:00
749498.243,1,2021-07-06 22:00:00+00:00,2021-07-07 00:00:00+02:00
743139.951,1,2021-07-07 22:00:00+00:00,2021-07-08 00:00:00+02:00
749361.516,1,2021-07-08 22:00:00+00:00,2021-07-09 00:00:00+02:00
698499.464,1,2021-07-09 22:00:00+00:00,2021-07-10 00:00:00+02:00
662579.088,1,2021-07-10 22:00:00+00:00,2021-07-11 00:00:00+02:00
763113.617,1,2021-07-11 22:00:00+00:00,2021-07-12 00:00:00+02:00
739886.353,1,2021-07-12 22:00:00+00:00,2021-07-13 00:00:00+02:00
742631.422,1,2021-07-13 22:00:00+00:00,2021-07-14 00:00:00+02:00
749381.936,1,2021-07-14 22:00:00+00:00,2021-07-15 00:00:00+02:00
755786.802,1,2021-07-15 22:00:00+00:00,2021-07-16 00:00:00+02:00
703589.58,1,2021-07-16 22:00:00+00:00,2021-07-17 00:00:00+02:00
657129.066,1,2021-07-17 22:00:00+00:00,2021-07-18 00:00:00+02:00
770181.187,1,2021-07-18 22:00:00+00:00,2021-07-19 00:00:00+02:00
786064.039,1,2021-07-19 22:00:00+00:00,2021-07-20 00:00:00+02:00
796392.983,1,2021-07-20 22:00:00+00:00,2021-07-21 00:00:00+02:00
807661.031,1,2021-07-21 22:00:00+00:00,2021-07-22 00:00:00+02:00
801290.966,1,2021-07-22 22:00:00+00:00,2021-07-23 00:00:00+02:00
708875.188,1,2021-07-23 22:00:00+00:00,2021-07-24 00:00:00+02:00
647414.033,1,2021-07-24 22:00:00+00:00,2021-07-25 00:00:00+02:00
741788.852,1,2021-07-25 22:00:00+00:00,2021-07-26 00:00:00+02:00
764664.988,1,2021-07-26 22:00:00+00:00,2021-07-27 00:00:00+02:00
777471.567,1,2021-07-27 22:00:00+00:00,2021-07-28 00:00:00+02:00
786049.111,1,2021-07-28 22:00:00+00:00,2021-07-29 00:00:00+02:00
780535.725,1,2021-07-29 22:00:00+00:00,2021-07-30 00:00:00+02:00
688602.143,1,2021-07-30 22:00:00+00:00,2021-07-31 00:00:00+02:00
610030.071,1,2021-07-31 22:00:00+00:00,2021-08-01 00:00:00+02:00
692296.539,1,2021-08-01 22:00:00+00:00,2021-08-02 00:00:00+02:00
716478.894,1,2021-08-02 22:00:00+00:00,2021-08-03 00:00:00+02:00
726929.59,1,2021-08-03 22:00:00+00:00,2021-08-04 00:00:00+02:00
737222.091,1,2021-08-04 22:00:00+00:00,2021-08-05 00:00:00+02:00
733401.456,1,2021-08-05 22:00:00+00:00,2021-08-06 00:00:00+02:00
676412.684,1,2021-08-06 22:00:00+00:00,2021-08-07 00:00:00+02:00
615001.22,1,2021-08-07 22:00:00+00:00,2021-08-08 00:00:00+02:00
688277.519,1,2021-08-08 22:00:00+00:00,2021-08-09 00:00:00+02:00
712411.101,1,2021-08-09 22:00:00+00:00,2021-08-10 00:00:00+02:00
735965.665,1,2021-08-10 22:00:00+00:00,2021-08-11 00:00:00+02:00
755611.095,1,2021-08-11 22:00:00+00:00,2021-08-12 00:00:00+02:00
762760.446,1,2021-08-12 22:00:00+00:00,2021-08-13 00:00:00+02:00
734160.936,1,2021-08-13 22:00:00+00:00,2021-08-14 00:00:00+02:00
692750.878,1,2021-08-14 22:00:00+00:00,2021-08-15 00:00:00+02:00
734676.191,1,2021-08-15 22:00:00+00:00,2021-08-16 00:00:00+02:00
734157.383,1,2021-08-16 22:00:00+00:00,2021-08-17 00:00:00+02:00
729662.489,1,2021-08-17 22:00:00+00:00,2021-08-18 00:00:00+02:00
723091.039,1,2021-08-18 22:00:00+00:00,2021-08-19 00:00:00+02:00
723168.05,1,2021-08-19 22:00:00+00:00,2021-08-20 00:00:00+02:00
680177.885,1,2021-08-20 22:00:00+00:00,2021-08-21 00:00:00+02:00
642547.886,1,2021-08-21 22:00:00+00:00,2021-08-22 00:00:00+02:00
740216.309,1,2021-08-22 22:00:00+00:00,2021-08-23 00:00:00+02:00
749610.14,1,2021-08-23 22:00:00+00:00,2021-08-24 00:00:00+02:00
738207.487,1,2021-08-24 22:00:00+00:00,2021-08-25 00:00:00+02:00
746460.103,1,2021-08-25 22:00:00+00:00,2021-08-26 00:00:00+02:00
752000.087,1,2021-08-26 22:00:00+00:00,2021-08-27 00:00:00+02:00
680131.728,1,2021-08-27 22:00:00+00:00,2021-08-28 00:00:00+02:00
625714.882,1,2021-08-28 22:00:00+00:00,2021-08-29 00:00:00+02:00
722450.384,1,2021-08-29 22:00:00+00:00,2021-08-30 00:00:00+02:00
747811.051,1,2021-08-30 22:00:00+00:00,2021-08-31 00:00:00+02:00
746405.192,1,2021-08-31 22:00:00+00:00,2021-09-01 00:00:00+02:00
733294.828,1,2021-09-01 22:00:00+00:00,2021-09-02 00:00:00+02:00
731068.102,1,2021-09-02 22:00:00+00:00,2021-09-03 00:00:00+02:00
661105.572,1,2021-09-03 22:00:00+00:00,2021-09-04 00:00:00+02:00
625947.506,1,2021-09-04 22:00:00+00:00,2021-09-05 00:00:00+02:00
750941.319,1,2021-09-05 22:00:00+00:00,2021-09-06 00:00:00+02:00
778331.589,1,2021-09-06 22:00:00+00:00,2021-09-07 00:00:00+02:00
758832.979,1,2021-09-07 22:00:00+00:00,2021-09-08 00:00:00+02:00
759765.067,1,2021-09-08 22:00:00+00:00,2021-09-09 00:00:00+02:00
743109.71,1,2021-09-09 22:00:00+00:00,2021-09-10 00:00:00+02:00
664034.519,1,2021-09-10 22:00:00+00:00,2021-09-11 00:00:00+02:00
624471.173,1,2021-09-11 22:00:00+00:00,2021-09-12 00:00:00+02:00
730599.845,1,2021-09-12 22:00:00+00:00,2021-09-13 00:00:00+02:00
744889.97,1,2021-09-13 22:00:00+00:00,2021-09-14 00:00:00+02:00
740655.596,1,2021-09-14 22:00:00+00:00,2021-09-15 00:00:00+02:00
726396.632,1,2021-09-15 22:00:00+00:00,2021-09-16 00:00:00+02:00
714163.921,1,2021-09-16 22:00:00+00:00,2021-09-17 00:00:00+02:00
639492.9,1,2021-09-17 22:00:00+00:00,2021-09-18 00:00:00+02:00
588068.278,1,2021-09-18 22:00:00+00:00,2021-09-19 00:00:00+02:00
692113.328,1,2021-09-19 22:00:00+00:00,2021-09-20 00:00:00+02:00
696775.737,1,2021-09-20 22:00:00+00:00,2021-09-21 00:00:00+02:00
701743.975,1,2021-09-21 22:00:00+00:00,2021-09-22 00:00:00+02:00
704545.814,1,2021-09-22 22:00:00+00:00,2021-09-23 00:00:00+02:00
697179.551,1,2021-09-23 22:00:00+00:00,2021-09-24 00:00:00+02:00
631054.818,1,2021-09-24 22:00:00+00:00,2021-09-25 00:00:00+02:00
582860.409,1,2021-09-25 22:00:00+00:00,2021-09-26 00:00:00+02:00
686152.044,1,2021-09-26 22:00:00+00:00,2021-09-27 00:00:00+02:00
706305.455,1,2021-09-27 22:00:00+00:00,2021-09-28 00:00:00+02:00
710112.398,1,2021-09-28 22:00:00+00:00,2021-09-29 00:00:00+02:00
702537.831,1,2021-09-29 22:00:00+00:00,2021-09-30 00:00:00+02:00
692944.543,1,2021-09-30 22:00:00+00:00,2021-10-01 00:00:00+02:00
630287.998,1,2021-10-01 22:00:00+00:00,2021-10-02 00:00:00+02:00
585692.62,1,2021-10-02 22:00:00+00:00,2021-10-03 00:00:00+02:00
665592.111,1,2021-10-03 22:00:00+00:00,2021-10-04 00:00:00+02:00
681284.754,1,2021-10-04 22:00:00+00:00,2021-10-05 00:00:00+02:00
695359.374,1,2021-10-05 22:00:00+00:00,2021-10-06 00:00:00+02:00
689344.379,1,2021-10-06 22:00:00+00:00,2021-10-07 00:00:00+02:00
685109.813,1,2021-10-07 22:00:00+00:00,2021-10-08 00:00:00+02:00
612730.729,1,2021-10-08 22:00:00+00:00,2021-10-09 00:00:00+02:00
568730.598,1,2021-10-09 22:00:00+00:00,2021-10-10 00:00:00+02:00
615641.185,1,2021-10-10 22:00:00+00:00,2021-10-11 00:00:00+02:00
577417.811,1,2021-10-11 22:00:00+00:00,2021-10-12 00:00:00+02:00
668727.443,1,2021-10-12 22:00:00+00:00,2021-10-13 00:00:00+02:00
682596.759,1,2021-10-13 22:00:00+00:00,2021-10-14 00:00:00+02:00
681763.233,1,2021-10-14 22:00:00+00:00,2021-10-15 00:00:00+02:00
616067.047,1,2021-10-15 22:00:00+00:00,2021-10-16 00:00:00+02:00
573616.151,1,2021-10-16 22:00:00+00:00,2021-10-17 00:00:00+02:00
675467.776,1,2021-10-17 22:00:00+00:00,2021-10-18 00:00:00+02:00
692280.722,1,2021-10-18 22:00:00+00:00,2021-10-19 00:00:00+02:00
693103.655,1,2021-10-19 22:00:00+00:00,2021-10-20 00:00:00+02:00
688480.315,1,2021-10-20 22:00:00+00:00,2021-10-21 00:00:00+02:00
682264.745,1,2021-10-21 22:00:00+00:00,2021-10-22 00:00:00+02:00
612018.709,1,2021-10-22 22:00:00+00:00,2021-10-23 00:00:00+02:00
571138.872,1,2021-10-23 22:00:00+00:00,2021-10-24 00:00:00+02:00
670783.825,1,2021-10-24 22:00:00+00:00,2021-10-25 00:00:00+02:00
692319.42,1,2021-10-25 22:00:00+00:00,2021-10-26 00:00:00+02:00
689359.293,1,2021-10-26 22:00:00+00:00,2021-10-27 00:00:00+02:00
691147.265,1,2021-10-27 22:00:00+00:00,2021-10-28 00:00:00+02:00
692264.935,1,2021-10-28 22:00:00+00:00,2021-10-29 00:00:00+02:00
626694.705,1,2021-10-29 22:00:00+00:00,2021-10-30 00:00:00+02:00
597247.186,1,2021-10-30 22:00:00+00:00,2021-10-31 00:00:00+02:00
576367.744,1,2021-10-31 23:00:00+00:00,2021-11-01 00:00:00+01:00
674854.716,1,2021-11-01 23:00:00+00:00,2021-11-02 00:00:00+01:00
695235.266,1,2021-11-02 23:00:00+00:00,2021-11-03 00:00:00+01:00
705890.141,1,2021-11-03 23:00:00+00:00,2021-11-04 00:00:00+01:00
717193.16,1,2021-11-04 23:00:00+00:00,2021-11-05 00:00:00+01:00
655441.422,1,2021-11-05 23:00:00+00:00,2021-11-06 00:00:00+01:00
616104.014,1,2021-11-06 23:00:00+00:00,2021-11-07 00:00:00+01:00
716917.625,1,2021-11-07 23:00:00+00:00,2021-11-08 00:00:00+01:00
728003.134,1,2021-11-08 23:00:00+00:00,2021-11-09 00:00:00+01:00
737414.445,1,2021-11-09 23:00:00+00:00,2021-11-10 00:00:00+01:00
738439.482,1,2021-11-10 23:00:00+00:00,2021-11-11 00:00:00+01:00
731746.944,1,2021-11-11 23:00:00+00:00,2021-11-12 00:00:00+01:00
652720.566,1,2021-11-12 23:00:00+00:00,2021-11-13 00:00:00+01:00
612965.856,1,2021-11-13 23:00:00+00:00,2021-11-14 00:00:00+01:00
725702.68,1,2021-11-14 23:00:00+00:00,2021-11-15 00:00:00+01:00
748837.812,1,2021-11-15 23:00:00+00:00,2021-11-16 00:00:00+01:00
753689.107,1,2021-11-16 23:00:00+00:00,2021-11-17 00:00:00+01:00
755571.919,1,2021-11-17 23:00:00+00:00,2021-11-18 00:00:00+01:00
746448.912,1,2021-11-18 23:00:00+00:00,2021-11-19 00:00:00+01:00
674480.947,1,2021-11-19 23:00:00+00:00,2021-11-20 00:00:00+01:00
622504.567,1,2021-11-20 23:00:00+00:00,2021-11-21 00:00:00+01:00
744436.995,1,2021-11-21 23:00:00+00:00,2021-11-22 00:00:00+01:00
774690.327,1,2021-11-22 23:00:00+00:00,2021-11-23 00:00:00+01:00
786755.043,1,2021-11-23 23:00:00+00:00,2021-11-24 00:00:00+01:00
787163.875,1,2021-11-24 23:00:00+00:00,2021-11-25 00:00:00+01:00
781000.985,1,2021-11-25 23:00:00+00:00,2021-11-26 00:00:00+01:00
716586.063,1,2021-11-26 23:00:00+00:00,2021-11-27 00:00:00+01:00
685695.321,1,2021-11-27 23:00:00+00:00,2021-11-28 00:00:00+01:00
782127.955,1,2021-11-28 23:00:00+00:00,2021-11-29 00:00:00+01:00
788505.669,1,2021-11-29 23:00:00+00:00,2021-11-30 00:00:00+01:00
797141.836,1,2021-11-30 23:00:00+00:00,2021-12-01 00:00:00+01:00
800194.435,1,2021-12-01 23:00:00+00:00,2021-12-02 00:00:00+01:00
790811.497,1,2021-12-02 23:00:00+00:00,2021-12-03 00:00:00+01:00
711448.518,1,2021-12-03 23:00:00+00:00,2021-12-04 00:00:00+01:00
660580.665,1,2021-12-04 23:00:00+00:00,2021-12-05 00:00:00+01:00
667195.846,1,2021-12-05 23:00:00+00:00,2021-12-06 00:00:00+01:00
710588.895,1,2021-12-06 23:00:00+00:00,2021-12-07 00:00:00+01:00
684008.281,1,2021-12-07 23:00:00+00:00,2021-12-08 00:00:00+01:00
782066.188,1,2021-12-08 23:00:00+00:00,2021-12-09 00:00:00+01:00
776257.295,1,2021-12-09 23:00:00+00:00,2021-12-10 00:00:00+01:00
692242.959,1,2021-12-10 23:00:00+00:00,2021-12-11 00:00:00+01:00
644678.964,1,2021-12-11 23:00:00+00:00,2021-12-12 00:00:00+01:00
758492.556,1,2021-12-12 23:00:00+00:00,2021-12-13 00:00:00+01:00
783341.736,1,2021-12-13 23:00:00+00:00,2021-12-14 00:00:00+01:00
787193.874,1,2021-12-14 23:00:00+00:00,2021-12-15 00:00:00+01:00
792100.159,1,2021-12-15 23:00:00+00:00,2021-12-16 00:00:00+01:00
783162.446,1,2021-12-16 23:00:00+00:00,2021-12-17 00:00:00+01:00
706205.51,1,2021-12-17 23:00:00+00:00,2021-12-18 00:00:00+01:00
660628.862,1,2021-12-18 23:00:00+00:00,2021-12-19 00:00:00+01:00
771478.461,1,2021-12-19 23:00:00+00:00,2021-12-20 00:00:00+01:00
772523.695,1,2021-12-20 23:00:00+00:00,2021-12-21 00:00:00+01:00
757320.524,1,2021-12-21 23:00:00+00:00,2021-12-22 00:00:00+01:00
729089.502,1,2021-12-22 23:00:00+00:00,2021-12-23 00:00:00+01:00
637631.538,1,2021-12-23 23:00:00+00:00,2021-12-24 00:00:00+01:00
547513.015,1,2021-12-24 23:00:00+00:00,2021-12-25 00:00:00+01:00
582595.459,1,2021-12-25 23:00:00+00:00,2021-12-26 00:00:00+01:00
657559.283,1,2021-12-26 23:00:00+00:00,2021-12-27 00:00:00+01:00
663701.614,1,2021-12-27 23:00:00+00:00,2021-12-28 00:00:00+01:00
657200.732,1,2021-12-28 23:00:00+00:00,2021-12-29 00:00:00+01:00
653602.373,1,2021-12-29 23:00:00+00:00,2021-12-30 00:00:00+01:00
611387.919,1,2021-12-30 23:00:00+00:00,2021-12-31 00:00:00+01:00
535144.786,1,2021-12-31 23:00:00+00:00,2022-01-01 00:00:00+01:00
578855.186,1,2022-01-01 23:00:00+00:00,2022-01-02 00:00:00+01:00
691970.774,1,2022-01-02 23:00:00+00:00,2022-01-03 00:00:00+01:00
718047.874,1,2022-01-03 23:00:00+00:00,2022-01-04 00:00:00+01:00
715070.234,1,2022-01-04 23:00:00+00:00,2022-01-05 00:00:00+01:00
617936.351,1,2022-01-05 23:00:00+00:00,2022-01-06 00:00:00+01:00
703004.57,1,2022-01-06 23:00:00+00:00,2022-01-07 00:00:00+01:00
686615.314,1,2022-01-07 23:00:00+00:00,2022-01-08 00:00:00+01:00
657099.904,1,2022-01-08 23:00:00+00:00,2022-01-09 00:00:00+01:00
756621.212,1,2022-01-09 23:00:00+00:00,2022-01-10 00:00:00+01:00
771711.078,1,2022-01-10 23:00:00+00:00,2022-01-11 00:00:00+01:00
777310.213,1,2022-01-11 23:00:00+00:00,2022-01-12 00:00:00+01:00
788572.283,1,2022-01-12 23:00:00+00:00,2022-01-13 00:00:00+01:00
796150.956,1,2022-01-13 23:00:00+00:00,2022-01-14 00:00:00+01:00
717164.143,1,2022-01-14 23:00:00+00:00,2022-01-15 00:00:00+01:00
672381.068,1,2022-01-15 23:00:00+00:00,2022-01-16 00:00:00+01:00
790794.183,1,2022-01-16 23:00:00+00:00,2022-01-17 00:00:00+01:00
809453.033,1,2022-01-17 23:00:00+00:00,2022-01-18 00:00:00+01:00
813885.767,1,2022-01-18 23:00:00+00:00,2022-01-19 00:00:00+01:00
813841.104,1,2022-01-19 23:00:00+00:00,2022-01-20 00:00:00+01:00
812933.383,1,2022-01-20 23:00:00+00:00,2022-01-21 00:00:00+01:00
728531.886,1,2022-01-21 23:00:00+00:00,2022-01-22 00:00:00+01:00
681487.178,1,2022-01-22 23:00:00+00:00,2022-01-23 00:00:00+01:00
800222.601,1,2022-01-23 23:00:00+00:00,2022-01-24 00:00:00+01:00
803957.158,1,2022-01-24 23:00:00+00:00,2022-01-25 00:00:00+01:00
800205.701,1,2022-01-25 23:00:00+00:00,2022-01-26 00:00:00+01:00
794878.473,1,2022-01-26 23:00:00+00:00,2022-01-27 00:00:00+01:00
786143.822,1,2022-01-27 23:00:00+00:00,2022-01-28 00:00:00+01:00
698969.016,1,2022-01-28 23:00:00+00:00,2022-01-29 00:00:00+01:00
648503.898,1,2022-01-29 23:00:00+00:00,2022-01-30 00:00:00+01:00
761832.783,1,2022-01-30 23:00:00+00:00,2022-01-31 00:00:00+01:00
774260.763,1,2022-01-31 23:00:00+00:00,2022-02-01 00:00:00+01:00
762494.554,1,2022-02-01 23:00:00+00:00,2022-02-02 00:00:00+01:00
760780.897,1,2022-02-02 23:00:00+00:00,2022-02-03 00:00:00+01:00
756896.641,1,2022-02-03 23:00:00+00:00,2022-02-04 00:00:00+01:00
682674.839,1,2022-02-04 23:00:00+00:00,2022-02-05 00:00:00+01:00
635247.08,1,2022-02-05 23:00:00+00:00,2022-02-06 00:00:00+01:00
746724.421,1,2022-02-06 23:00:00+00:00,2022-02-07 00:00:00+01:00
756678.724,1,2022-02-07 23:00:00+00:00,2022-02-08 00:00:00+01:00
755748.252,1,2022-02-08 23:00:00+00:00,2022-02-09 00:00:00+01:00
762082.393,1,2022-02-09 23:00:00+00:00,2022-02-10 00:00:00+01:00
754633.793,1,2022-02-10 23:00:00+00:00,2022-02-11 00:00:00+01:00
679947.691,1,2022-02-11 23:00:00+00:00,2022-02-12 00:00:00+01:00
635776.528,1,2022-02-12 23:00:00+00:00,2022-02-13 00:00:00+01:00
741719.03,1,2022-02-13 23:00:00+00:00,2022-02-14 00:00:00+01:00
759124.039,1,2022-02-14 23:00:00+00:00,2022-02-15 00:00:00+01:00
758265.98,1,2022-02-15 23:00:00+00:00,2022-02-16 00:00:00+01:00
744050.02,1,2022-02-16 23:00:00+00:00,2022-02-17 00:00:00+01:00
735427.048,1,2022-02-17 23:00:00+00:00,2022-02-18 00:00:00+01:00
677992.558,1,2022-02-18 23:00:00+00:00,2022-02-19 00:00:00+01:00
628491.111,1,2022-02-19 23:00:00+00:00,2022-02-20 00:00:00+01:00
726597.17,1,2022-02-20 23:00:00+00:00,2022-02-21 00:00:00+01:00
734120.281,1,2022-02-21 23:00:00+00:00,2022-02-22 00:00:00+01:00
732237.567,1,2022-02-22 23:00:00+00:00,2022-02-23 00:00:00+01:00
736907.737,1,2022-02-23 23:00:00+00:00,2022-02-24 00:00:00+01:00
742820.885,1,2022-02-24 23:00:00+00:00,2022-02-25 00:00:00+01:00
670693.047,1,2022-02-25 23:00:00+00:00,2022-02-26 00:00:00+01:00
618013.898,1,2022-02-26 23:00:00+00:00,2022-02-27 00:00:00+01:00
697748.424,1,2022-02-27 23:00:00+00:00,2022-02-28 00:00:00+01:00
722629.686,1,2022-02-28 23:00:00+00:00,2022-03-01 00:00:00+01:00
735689.298,1,2022-03-01 23:00:00+00:00,2022-03-02 00:00:00+01:00
742779.369,1,2022-03-02 23:00:00+00:00,2022-03-03 00:00:00+01:00
743386.909,1,2022-03-03 23:00:00+00:00,2022-03-04 00:00:00+01:00
660787.324,1,2022-03-04 23:00:00+00:00,2022-03-05 00:00:00+01:00
620251.472,1,2022-03-05 23:00:00+00:00,2022-03-06 00:00:00+01:00
732493.133,1,2022-03-06 23:00:00+00:00,2022-03-07 00:00:00+01:00
735113.962,1,2022-03-07 23:00:00+00:00,2022-03-08 00:00:00+01:00
726757.341,1,2022-03-08 23:00:00+00:00,2022-03-09 00:00:00+01:00
722215.252,1,2022-03-09 23:00:00+00:00,2022-03-10 00:00:00+01:00
731329.705,1,2022-03-10 23:00:00+00:00,2022-03-11 00:00:00+01:00
642182.296,1,2022-03-11 23:00:00+00:00,2022-03-12 00:00:00+01:00
593322.595,1,2022-03-12 23:00:00+00:00,2022-03-13 00:00:00+01:00
726364.443,1,2022-03-13 23:00:00+00:00,2022-03-14 00:00:00+01:00
727251.646,1,2022-03-14 23:00:00+00:00,2022-03-15 00:00:00+01:00
728889.512,1,2022-03-15 23:00:00+00:00,2022-03-16 00:00:00+01:00
726425.305,1,2022-03-16 23:00:00+00:00,2022-03-17 00:00:00+01:00
704833.012,1,2022-03-17 23:00:00+00:00,2022-03-18 00:00:00+01:00
624061.488,1,2022-03-18 23:00:00+00:00,2022-03-19 00:00:00+01:00
591749.465,1,2022-03-19 23:00:00+00:00,2022-03-20 00:00:00+01:00
698550.305,1,2022-03-20 23:00:00+00:00,2022-03-21 00:00:00+01:00
717641.0,1,2022-03-21 23:00:00+00:00,2022-03-22 00:00:00+01:00
719548.211,1,2022-03-22 23:00:00+00:00,2022-03-23 00:00:00+01:00
725071.963,1,2022-03-23 23:00:00+00:00,2022-03-24 00:00:00+01:00
706766.452,1,2022-03-24 23:00:00+00:00,2022-03-25 00:00:00+01:00
631663.488,1,2022-03-25 23:00:00+00:00,2022-03-26 00:00:00+01:00
554056.158,1,2022-03-26 23:00:00+00:00,2022-03-27 00:00:00+01:00
677673.545,1,2022-03-27 22:00:00+00:00,2022-03-28 00:00:00+02:00
692972.303,1,2022-03-28 22:00:00+00:00,2022-03-29 00:00:00+02:00
707690.926,1,2022-03-29 22:00:00+00:00,2022-03-30 00:00:00+02:00
705601.198,1,2022-03-30 22:00:00+00:00,2022-03-31 00:00:00+02:00
710892.602,1,2022-03-31 22:00:00+00:00,2022-04-01 00:00:00+02:00
645549.332,1,2022-04-01 22:00:00+00:00,2022-04-02 00:00:00+02:00
613758.289,1,2022-04-02 22:00:00+00:00,2022-04-03 00:00:00+02:00
744100.153,1,2022-04-03 22:00:00+00:00,2022-04-04 00:00:00+02:00
762729.139,1,2022-04-04 22:00:00+00:00,2022-04-05 00:00:00+02:00
744533.256,1,2022-04-05 22:00:00+00:00,2022-04-06 00:00:00+02:00
722876.934,1,2022-04-06 22:00:00+00:00,2022-04-07 00:00:00+02:00
707077.849,1,2022-04-07 22:00:00+00:00,2022-04-08 00:00:00+02:00
621527.143,1,2022-04-08 22:00:00+00:00,2022-04-09 00:00:00+02:00
574809.756,1,2022-04-09 22:00:00+00:00,2022-04-10 00:00:00+02:00
667783.117,1,2022-04-10 22:00:00+00:00,2022-04-11 00:00:00+02:00
687251.619,1,2022-04-11 22:00:00+00:00,2022-04-12 00:00:00+02:00
685363.179,1,2022-04-12 22:00:00+00:00,2022-04-13 00:00:00+02:00
585210.51,1,2022-04-13 22:00:00+00:00,2022-04-14 00:00:00+02:00
536448.535,1,2022-04-14 22:00:00+00:00,2022-04-15 00:00:00+02:00
551086.712,1,2022-04-15 22:00:00+00:00,2022-04-16 00:00:00+02:00
527257.849,1,2022-04-16 22:00:00+00:00,2022-04-17 00:00:00+02:00
580335.76,1,2022-04-17 22:00:00+00:00,2022-04-18 00:00:00+02:00
657825.815,1,2022-04-18 22:00:00+00:00,2022-04-19 00:00:00+02:00
698469.112,1,2022-04-19 22:00:00+00:00,2022-04-20 00:00:00+02:00
697710.847,1,2022-04-20 22:00:00+00:00,2022-04-21 00:00:00+02:00
695637.89,1,2022-04-21 22:00:00+00:00,2022-04-22 00:00:00+02:00
628779.932,1,2022-04-22 22:00:00+00:00,2022-04-23 00:00:00+02:00
571994.039,1,2022-04-23 22:00:00+00:00,2022-04-24 00:00:00+02:00
654714.455,1,2022-04-24 22:00:00+00:00,2022-04-25 00:00:00+02:00
677540.715,1,2022-04-25 22:00:00+00:00,2022-04-26 00:00:00+02:00
687613.611,1,2022-04-26 22:00:00+00:00,2022-04-27 00:00:00+02:00
688510.063,1,2022-04-27 22:00:00+00:00,2022-04-28 00:00:00+02:00
669022.367,1,2022-04-28 22:00:00+00:00,2022-04-29 00:00:00+02:00
592600.643,1,2022-04-29 22:00:00+00:00,2022-04-30 00:00:00+02:00
528390.929,1,2022-04-30 22:00:00+00:00,2022-05-01 00:00:00+02:00
614138.744,1,2022-05-01 22:00:00+00:00,2022-05-02 00:00:00+02:00
677392.499,1,2022-05-02 22:00:00+00:00,2022-05-03 00:00:00+02:00
687315.435,1,2022-05-03 22:00:00+00:00,2022-05-04 00:00:00+02:00
680762.673,1,2022-05-04 22:00:00+00:00,2022-05-05 00:00:00+02:00
668597.638,1,2022-05-05 22:00:00+00:00,2022-05-06 00:00:00+02:00
596496.276,1,2022-05-06 22:00:00+00:00,2022-05-07 00:00:00+02:00
550457.934,1,2022-05-07 22:00:00+00:00,2022-05-08 00:00:00+02:00
650598.557,1,2022-05-08 22:00:00+00:00,2022-05-09 00:00:00+02:00
673774.152,1,2022-05-09 22:00:00+00:00,2022-05-10 00:00:00+02:00
678560.086,1,2022-05-10 22:00:00+00:00,2022-05-11 00:00:00+02:00
683981.303,1,2022-05-11 22:00:00+00:00,2022-05-12 00:00:00+02:00
678906.624,1,2022-05-12 22:00:00+00:00,2022-05-13 00:00:00+02:00
613471.345,1,2022-05-13 22:00:00+00:00,2022-05-14 00:00:00+02:00
565340.711,1,2022-05-14 22:00:00+00:00,2022-05-15 00:00:00+02:00
658606.234,1,2022-05-15 22:00:00+00:00,2022-05-16 00:00:00+02:00
689159.568,1,2022-05-16 22:00:00+00:00,2022-05-17 00:00:00+02:00
701701.58,1,2022-05-17 22:00:00+00:00,2022-05-18 00:00:00+02:00
716668.676,1,2022-05-18 22:00:00+00:00,2022-05-19 00:00:00+02:00
714896.579,1,2022-05-19 22:00:00+00:00,2022-05-20 00:00:00+02:00
645687.218,1,2022-05-20 22:00:00+00:00,2022-05-21 00:00:00+02:00
591016.568,1,2022-05-21 22:00:00+00:00,2022-05-22 00:00:00+02:00
692293.672,1,2022-05-22 22:00:00+00:00,2022-05-23 00:00:00+02:00
699490.143,1,2022-05-23 22:00:00+00:00,2022-05-24 00:00:00+02:00
683203.914,1,2022-05-24 22:00:00+00:00,2022-05-25 00:00:00+02:00
688924.599,1,2022-05-25 22:00:00+00:00,2022-05-26 00:00:00+02:00
691167.658,1,2022-05-26 22:00:00+00:00,2022-05-27 00:00:00+02:00
628739.734,1,2022-05-27 22:00:00+00:00,2022-05-28 00:00:00+02:00
579504.708,1,2022-05-28 22:00:00+00:00,2022-05-29 00:00:00+02:00
672096.948,1,2022-05-29 22:00:00+00:00,2022-05-30 00:00:00+02:00
699889.965,1,2022-05-30 22:00:00+00:00,2022-05-31 00:00:00+02:00
709660.649,1,2022-05-31 22:00:00+00:00,2022-06-01 00:00:00+02:00
714096.111,1,2022-06-01 22:00:00+00:00,2022-06-02 00:00:00+02:00
711460.499,1,2022-06-02 22:00:00+00:00,2022-06-03 00:00:00+02:00
632752.836,1,2022-06-03 22:00:00+00:00,2022-06-04 00:00:00+02:00
583681.514,1,2022-06-04 22:00:00+00:00,2022-06-05 00:00:00+02:00
671690.704,1,2022-06-05 22:00:00+00:00,2022-06-06 00:00:00+02:00
720817.352,1,2022-06-06 22:00:00+00:00,2022-06-07 00:00:00+02:00
734652.173,1,2022-06-07 22:00:00+00:00,2022-06-08 00:00:00+02:00
740426.075,1,2022-06-08 22:00:00+00:00,2022-06-09 00:00:00+02:00
740712.627,1,2022-06-09 22:00:00+00:00,2022-06-10 00:00:00+02:00
678773.887,1,2022-06-10 22:00:00+00:00,2022-06-11 00:00:00+02:00
633281.978,1,2022-06-11 22:00:00+00:00,2022-06-12 00:00:00+02:00
758638.075,1,2022-06-12 22:00:00+00:00,2022-06-13 00:00:00+02:00
798691.052,1,2022-06-13 22:00:00+00:00,2022-06-14 00:00:00+02:00
816499.073,1,2022-06-14 22:00:00+00:00,2022-06-15 00:00:00+02:00
810374.883,1,2022-06-15 22:00:00+00:00,2022-06-16 00:00:00+02:00
807731.237,1,2022-06-16 22:00:00+00:00,2022-06-17 00:00:00+02:00
721874.37,1,2022-06-17 22:00:00+00:00,2022-06-18 00:00:00+02:00
639567.443,1,2022-06-18 22:00:00+00:00,2022-06-19 00:00:00+02:00
746482.216,1,2022-06-19 22:00:00+00:00,2022-06-20 00:00:00+02:00
754336.941,1,2022-06-20 22:00:00+00:00,2022-06-21 00:00:00+02:00
735366.573,1,2022-06-21 22:00:00+00:00,2022-06-22 00:00:00+02:00
712244.518,1,2022-06-22 22:00:00+00:00,2022-06-23 00:00:00+02:00
658105.271,1,2022-06-23 22:00:00+00:00,2022-06-24 00:00:00+02:00
634796.661,1,2022-06-24 22:00:00+00:00,2022-06-25 00:00:00+02:00
597120.111,1,2022-06-25 22:00:00+00:00,2022-06-26 00:00:00+02:00
697550.971,1,2022-06-26 22:00:00+00:00,2022-06-27 00:00:00+02:00
717423.769,1,2022-06-27 22:00:00+00:00,2022-06-28 00:00:00+02:00
727046.257,1,2022-06-28 22:00:00+00:00,2022-06-29 00:00:00+02:00
724490.783,1,2022-06-29 22:00:00+00:00,2022-06-30 00:00:00+02:00
714296.439,1,2022-06-30 22:00:00+00:00,2022-07-01 00:00:00+02:00
664621.873,1,2022-07-01 22:00:00+00:00,2022-07-02 00:00:00+02:00
628386.931,1,2022-07-02 22:00:00+00:00,2022-07-03 00:00:00+02:00
734811.021,1,2022-07-03 22:00:00+00:00,2022-07-04 00:00:00+02:00
766576.117,1,2022-07-04 22:00:00+00:00,2022-07-05 00:00:00+02:00
763815.16,1,2022-07-05 22:00:00+00:00,2022-07-06 00:00:00+02:00
756028.699,1,2022-07-06 22:00:00+00:00,2022-07-07 00:00:00+02:00
760229.022,1,2022-07-07 22:00:00+00:00,2022-07-08 00:00:00+02:00
692390.322,1,2022-07-08 22:00:00+00:00,2022-07-09 00:00:00+02:00
652462.732,1,2022-07-09 22:00:00+00:00,2022-07-10 00:00:00+02:00
781323.554,1,2022-07-10 22:00:00+00:00,2022-07-11 00:00:00+02:00
811270.388,1,2022-07-11 22:00:00+00:00,2022-07-12 00:00:00+02:00
827870.215,1,2022-07-12 22:00:00+00:00,2022-07-13 00:00:00+02:00
836258.259,1,2022-07-13 22:00:00+00:00,2022-07-14 00:00:00+02:00
831856.371,1,2022-07-14 22:00:00+00:00,2022-07-15 00:00:00+02:00
748679.261,1,2022-07-15 22:00:00+00:00,2022-07-16 00:00:00+02:00
698666.051,1,2022-07-16 22:00:00+00:00,2022-07-17 00:00:00+02:00
822023.508,1,2022-07-17 22:00:00+00:00,2022-07-18 00:00:00+02:00
823558.586,1,2022-07-18 22:00:00+00:00,2022-07-19 00:00:00+02:00
823283.426,1,2022-07-19 22:00:00+00:00,2022-07-20 00:00:00+02:00
836727.903,1,2022-07-20 22:00:00+00:00,2022-07-21 00:00:00+02:00
831424.411,1,2022-07-21 22:00:00+00:00,2022-07-22 00:00:00+02:00
735091.226,1,2022-07-22 22:00:00+00:00,2022-07-23 00:00:00+02:00
687821.417,1,2022-07-23 22:00:00+00:00,2022-07-24 00:00:00+02:00
787876.394,1,2022-07-24 22:00:00+00:00,2022-07-25 00:00:00+02:00
824187.447,1,2022-07-25 22:00:00+00:00,2022-07-26 00:00:00+02:00
806232.992,1,2022-07-26 22:00:00+00:00,2022-07-27 00:00:00+02:00
800376.722,1,2022-07-27 22:00:00+00:00,2022-07-28 00:00:00+02:00
793992.235,1,2022-07-28 22:00:00+00:00,2022-07-29 00:00:00+02:00
718385.467,1,2022-07-29 22:00:00+00:00,2022-07-30 00:00:00+02:00
675415.017,1,2022-07-30 22:00:00+00:00,2022-07-31 00:00:00+02:00
782866.189,1,2022-07-31 22:00:00+00:00,2022-08-01 00:00:00+02:00
800030.828,1,2022-08-01 22:00:00+00:00,2022-08-02 00:00:00+02:00
795863.729,1,2022-08-02 22:00:00+00:00,2022-08-03 00:00:00+02:00
789564.733,1,2022-08-03 22:00:00+00:00,2022-08-04 00:00:00+02:00
772886.414,1,2022-08-04 22:00:00+00:00,2022-08-05 00:00:00+02:00
699119.098,1,2022-08-05 22:00:00+00:00,2022-08-06 00:00:00+02:00
647889.366,1,2022-08-06 22:00:00+00:00,2022-08-07 00:00:00+02:00
727811.301,1,2022-08-07 22:00:00+00:00,2022-08-08 00:00:00+02:00
745979.959,1,2022-08-08 22:00:00+00:00,2022-08-09 00:00:00+02:00
754636.552,1,2022-08-09 22:00:00+00:00,2022-08-10 00:00:00+02:00
750843.942,1,2022-08-10 22:00:00+00:00,2022-08-11 00:00:00+02:00
750786.746,1,2022-08-11 22:00:00+00:00,2022-08-12 00:00:00+02:00
698246.392,1,2022-08-12 22:00:00+00:00,2022-08-13 00:00:00+02:00
629884.456,1,2022-08-13 22:00:00+00:00,2022-08-14 00:00:00+02:00
622660.016,1,2022-08-14 22:00:00+00:00,2022-08-15 00:00:00+02:00
680755.938,1,2022-08-15 22:00:00+00:00,2022-08-16 00:00:00+02:00
677139.664,1,2022-08-16 22:00:00+00:00,2022-08-17 00:00:00+02:00
659330.261,1,2022-08-17 22:00:00+00:00,2022-08-18 00:00:00+02:00
661916.618,1,2022-08-18 22:00:00+00:00,2022-08-19 00:00:00+02:00
633699.219,1,2022-08-19 22:00:00+00:00,2022-08-20 00:00:00+02:00
602791.839,1,2022-08-20 22:00:00+00:00,2022-08-21 00:00:00+02:00
703153.961,1,2022-08-21 22:00:00+00:00,2022-08-22 00:00:00+02:00
730634.865,1,2022-08-22 22:00:00+00:00,2022-08-23 00:00:00+02:00
738558.459,1,2022-08-23 22:00:00+00:00,2022-08-24 00:00:00+02:00
736603.211,1,2022-08-24 22:00:00+00:00,2022-08-25 00:00:00+02:00
725562.063,1,2022-08-25 22:00:00+00:00,2022-08-26 00:00:00+02:00
656630.131,1,2022-08-26 22:00:00+00:00,2022-08-27 00:00:00+02:00
615465.721,1,2022-08-27 22:00:00+00:00,2022-08-28 00:00:00+02:00
727200.545,1,2022-08-28 22:00:00+00:00,2022-08-29 00:00:00+02:00
750924.467,1,2022-08-29 22:00:00+00:00,2022-08-30 00:00:00+02:00
740231.753,1,2022-08-30 22:00:00+00:00,2022-08-31 00:00:00+02:00
731641.339,1,2022-08-31 22:00:00+00:00,2022-09-01 00:00:00+02:00
732227.67,1,2022-09-01 22:00:00+00:00,2022-09-02 00:00:00+02:00
642236.01,1,2022-09-02 22:00:00+00:00,2022-09-03 00:00:00+02:00
596575.601,1,2022-09-03 22:00:00+00:00,2022-09-04 00:00:00+02:00
711057.502,1,2022-09-04 22:00:00+00:00,2022-09-05 00:00:00+02:00
727527.085,1,2022-09-05 22:00:00+00:00,2022-09-06 00:00:00+02:00
731678.0,1,2022-09-06 22:00:00+00:00,2022-09-07 00:00:00+02:00
715619.573,1,2022-09-07 22:00:00+00:00,2022-09-08 00:00:00+02:00
721661.277,1,2022-09-08 22:00:00+00:00,2022-09-09 00:00:00+02:00
653804.812,1,2022-09-09 22:00:00+00:00,2022-09-10 00:00:00+02:00
619822.057,1,2022-09-10 22:00:00+00:00,2022-09-11 00:00:00+02:00
743105.948,1,2022-09-11 22:00:00+00:00,2022-09-12 00:00:00+02:00
746416.15,1,2022-09-12 22:00:00+00:00,2022-09-13 00:00:00+02:00
722541.723,1,2022-09-13 22:00:00+00:00,2022-09-14 00:00:00+02:00
713473.613,1,2022-09-14 22:00:00+00:00,2022-09-15 00:00:00+02:00
708799.082,1,2022-09-15 22:00:00+00:00,2022-09-16 00:00:00+02:00
619334.834,1,2022-09-16 22:00:00+00:00,2022-09-17 00:00:00+02:00
574254.188,1,2022-09-17 22:00:00+00:00,2022-09-18 00:00:00+02:00
685476.662,1,2022-09-18 22:00:00+00:00,2022-09-19 00:00:00+02:00
704300.231,1,2022-09-19 22:00:00+00:00,2022-09-20 00:00:00+02:00
700070.02,1,2022-09-20 22:00:00+00:00,2022-09-21 00:00:00+02:00
695597.389,1,2022-09-21 22:00:00+00:00,2022-09-22 00:00:00+02:00
689988.523,1,2022-09-22 22:00:00+00:00,2022-09-23 00:00:00+02:00
602468.746,1,2022-09-23 22:00:00+00:00,2022-09-24 00:00:00+02:00
547492.934,1,2022-09-24 22:00:00+00:00,2022-09-25 00:00:00+02:00
638740.351,1,2022-09-25 22:00:00+00:00,2022-09-26 00:00:00+02:00
659456.712,1,2022-09-26 22:00:00+00:00,2022-09-27 00:00:00+02:00
663780.704,1,2022-09-27 22:00:00+00:00,2022-09-28 00:00:00+02:00
663785.856,1,2022-09-28 22:00:00+00:00,2022-09-29 00:00:00+02:00
649024.388,1,2022-09-29 22:00:00+00:00,2022-09-30 00:00:00+02:00
576530.486,1,2022-09-30 22:00:00+00:00,2022-10-01 00:00:00+02:00
536105.027,1,2022-10-01 22:00:00+00:00,2022-10-02 00:00:00+02:00
644976.653,1,2022-10-02 22:00:00+00:00,2022-10-03 00:00:00+02:00
667812.384,1,2022-10-03 22:00:00+00:00,2022-10-04 00:00:00+02:00
669204.132,1,2022-10-04 22:00:00+00:00,2022-10-05 00:00:00+02:00
675127.531,1,2022-10-05 22:00:00+00:00,2022-10-06 00:00:00+02:00
666351.834,1,2022-10-06 22:00:00+00:00,2022-10-07 00:00:00+02:00
589542.598,1,2022-10-07 22:00:00+00:00,2022-10-08 00:00:00+02:00
540796.45,1,2022-10-08 22:00:00+00:00,2022-10-09 00:00:00+02:00
644622.826,1,2022-10-09 22:00:00+00:00,2022-10-10 00:00:00+02:00
654510.421,1,2022-10-10 22:00:00+00:00,2022-10-11 00:00:00+02:00
557942.649,1,2022-10-11 22:00:00+00:00,2022-10-12 00:00:00+02:00
641378.909,1,2022-10-12 22:00:00+00:00,2022-10-13 00:00:00+02:00
654335.366,1,2022-10-13 22:00:00+00:00,2022-10-14 00:00:00+02:00
579414.681,1,2022-10-14 22:00:00+00:00,2022-10-15 00:00:00+02:00
540243.248,1,2022-10-15 22:00:00+00:00,2022-10-16 00:00:00+02:00
645458.789,1,2022-10-16 22:00:00+00:00,2022-10-17 00:00:00+02:00
666698.644,1,2022-10-17 22:00:00+00:00,2022-10-18 00:00:00+02:00
678778.124,1,2022-10-18 22:00:00+00:00,2022-10-19 00:00:00+02:00
683996.794,1,2022-10-19 22:00:00+00:00,2022-10-20 00:00:00+02:00
672847.573,1,2022-10-20 22:00:00+00:00,2022-10-21 00:00:00+02:00
586790.797,1,2022-10-21 22:00:00+00:00,2022-10-22 00:00:00+02:00
551003.213,1,2022-10-22 22:00:00+00:00,2022-10-23 00:00:00+02:00
646287.207,1,2022-10-23 22:00:00+00:00,2022-10-24 00:00:00+02:00
663966.837,1,2022-10-24 22:00:00+00:00,2022-10-25 00:00:00+02:00
669571.962,1,2022-10-25 22:00:00+00:00,2022-10-26 00:00:00+02:00
664276.72,1,2022-10-26 22:00:00+00:00,2022-10-27 00:00:00+02:00
653085.719,1,2022-10-27 22:00:00+00:00,2022-10-28 00:00:00+02:00
573082.907,1,2022-10-28 22:00:00+00:00,2022-10-29 00:00:00+02:00
547874.045,1,2022-10-29 22:00:00+00:00,2022-10-30 00:00:00+02:00
587498.589,1,2022-10-30 23:00:00+00:00,2022-10-31 00:00:00+01:00
538630.845,1,2022-10-31 23:00:00+00:00,2022-11-01 00:00:00+01:00
634187.151,1,2022-11-01 23:00:00+00:00,2022-11-02 00:00:00+01:00
656532.768,1,2022-11-02 23:00:00+00:00,2022-11-03 00:00:00+01:00
653078.471,1,2022-11-03 23:00:00+00:00,2022-11-04 00:00:00+01:00
571841.348,1,2022-11-04 23:00:00+00:00,2022-11-05 00:00:00+01:00
532238.943,1,2022-11-05 23:00:00+00:00,2022-11-06 00:00:00+01:00
612953.806,1,2022-11-06 23:00:00+00:00,2022-11-07 00:00:00+01:00
666701.201,1,2022-11-07 23:00:00+00:00,2022-11-08 00:00:00+01:00
661163.333,1,2022-11-08 23:00:00+00:00,2022-11-09 00:00:00+01:00
664449.942,1,2022-11-09 23:00:00+00:00,2022-11-10 00:00:00+01:00
664653.882,1,2022-11-10 23:00:00+00:00,2022-11-11 00:00:00+01:00
588358.835,1,2022-11-11 23:00:00+00:00,2022-11-12 00:00:00+01:00
542933.157,1,2022-11-12 23:00:00+00:00,2022-11-13 00:00:00+01:00
652741.12,1,2022-11-13 23:00:00+00:00,2022-11-14 00:00:00+01:00
651544.301,1,2022-11-14 23:00:00+00:00,2022-11-15 00:00:00+01:00
681393.885,1,2022-11-15 23:00:00+00:00,2022-11-16 00:00:00+01:00
679641.411,1,2022-11-16 23:00:00+00:00,2022-11-17 00:00:00+01:00
675636.087,1,2022-11-17 23:00:00+00:00,2022-11-18 00:00:00+01:00
603900.284,1,2022-11-18 23:00:00+00:00,2022-11-19 00:00:00+01:00
560680.142,1,2022-11-19 23:00:00+00:00,2022-11-20 00:00:00+01:00
686937.943,1,2022-11-20 23:00:00+00:00,2022-11-21 00:00:00+01:00
715617.289,1,2022-11-21 23:00:00+00:00,2022-11-22 00:00:00+01:00
701571.613,1,2022-11-22 23:00:00+00:00,2022-11-23 00:00:00+01:00
698309.438,1,2022-11-23 23:00:00+00:00,2022-11-24 00:00:00+01:00
682256.747,1,2022-11-24 23:00:00+00:00,2022-11-25 00:00:00+01:00
614741.775,1,2022-11-25 23:00:00+00:00,2022-11-26 00:00:00+01:00
582620.008,1,2022-11-26 23:00:00+00:00,2022-11-27 00:00:00+01:00
688907.474,1,2022-11-27 23:00:00+00:00,2022-11-28 00:00:00+01:00
712802.199,1,2022-11-28 23:00:00+00:00,2022-11-29 00:00:00+01:00
724740.32,1,2022-11-29 23:00:00+00:00,2022-11-30 00:00:00+01:00
730613.079,1,2022-11-30 23:00:00+00:00,2022-12-01 00:00:00+01:00
731618.823,1,2022-12-01 23:00:00+00:00,2022-12-02 00:00:00+01:00
659861.394,1,2022-12-02 23:00:00+00:00,2022-12-03 00:00:00+01:00
616327.939,1,2022-12-03 23:00:00+00:00,2022-12-04 00:00:00+01:00
707473.451,1,2022-12-04 23:00:00+00:00,2022-12-05 00:00:00+01:00
645078.436,1,2022-12-05 23:00:00+00:00,2022-12-06 00:00:00+01:00
693711.869,1,2022-12-06 23:00:00+00:00,2022-12-07 00:00:00+01:00
632319.537,1,2022-12-07 23:00:00+00:00,2022-12-08 00:00:00+01:00
671091.448,1,2022-12-08 23:00:00+00:00,2022-12-09 00:00:00+01:00
623146.186,1,2022-12-09 23:00:00+00:00,2022-12-10 00:00:00+01:00
606821.364,1,2022-12-10 23:00:00+00:00,2022-12-11 00:00:00+01:00
728180.46,1,2022-12-11 23:00:00+00:00,2022-12-12 00:00:00+01:00
732934.204,1,2022-12-12 23:00:00+00:00,2022-12-13 00:00:00+01:00
717540.301,1,2022-12-13 23:00:00+00:00,2022-12-14 00:00:00+01:00
712548.603,1,2022-12-14 23:00:00+00:00,2022-12-15 00:00:00+01:00
713514.912,1,2022-12-15 23:00:00+00:00,2022-12-16 00:00:00+01:00
629703.175,1,2022-12-16 23:00:00+00:00,2022-12-17 00:00:00+01:00
591386.911,1,2022-12-17 23:00:00+00:00,2022-12-18 00:00:00+01:00
708990.929,1,2022-12-18 23:00:00+00:00,2022-12-19 00:00:00+01:00
724156.043,1,2022-12-19 23:00:00+00:00,2022-12-20 00:00:00+01:00
711189.579,1,2022-12-20 23:00:00+00:00,2022-12-21 00:00:00+01:00
694814.032,1,2022-12-21 23:00:00+00:00,2022-12-22 00:00:00+01:00
657996.045,1,2022-12-22 23:00:00+00:00,2022-12-23 00:00:00+01:00
562091.314,1,2022-12-23 23:00:00+00:00,2022-12-24 00:00:00+01:00
489067.621,1,2022-12-24 23:00:00+00:00,2022-12-25 00:00:00+01:00
532343.828,1,2022-12-25 23:00:00+00:00,2022-12-26 00:00:00+01:00
612141.492,1,2022-12-26 23:00:00+00:00,2022-12-27 00:00:00+01:00
629989.307,1,2022-12-27 23:00:00+00:00,2022-12-28 00:00:00+01:00
637184.984,1,2022-12-28 23:00:00+00:00,2022-12-29 00:00:00+01:00
624064.594,1,2022-12-29 23:00:00+00:00,2022-12-30 00:00:00+01:00
559754.852,1,2022-12-30 23:00:00+00:00,2022-12-31 00:00:00+01:00
506425.906,1,2022-12-31 23:00:00+00:00,2023-01-01 00:00:00+01:00
621645.824,1,2023-01-01 23:00:00+00:00,2023-01-02 00:00:00+01:00
677052.137,1,2023-01-02 23:00:00+00:00,2023-01-03 00:00:00+01:00
689160.95,1,2023-01-03 23:00:00+00:00,2023-01-04 00:00:00+01:00
671291.045,1,2023-01-04 23:00:00+00:00,2023-01-05 00:00:00+01:00
580299.936,1,2023-01-05 23:00:00+00:00,2023-01-06 00:00:00+01:00
626064.221,1,2023-01-06 23:00:00+00:00,2023-01-07 00:00:00+01:00
614482.321,1,2023-01-07 23:00:00+00:00,2023-01-08 00:00:00+01:00
702001.315,1,2023-01-08 23:00:00+00:00,2023-01-09 00:00:00+01:00
731661.44,1,2023-01-09 23:00:00+00:00,2023-01-10 00:00:00+01:00
738957.782,1,2023-01-10 23:00:00+00:00,2023-01-11 00:00:00+01:00
743091.787,1,2023-01-11 23:00:00+00:00,2023-01-12 00:00:00+01:00
737961.141,1,2023-01-12 23:00:00+00:00,2023-01-13 00:00:00+01:00
663062.596,1,2023-01-13 23:00:00+00:00,2023-01-14 00:00:00+01:00
615888.197,1,2023-01-14 23:00:00+00:00,2023-01-15 00:00:00+01:00
755509.285,1,2023-01-15 23:00:00+00:00,2023-01-16 00:00:00+01:00
758739.977,1,2023-01-16 23:00:00+00:00,2023-01-17 00:00:00+01:00
780321.606,1,2023-01-17 23:00:00+00:00,2023-01-18 00:00:00+01:00
790062.795,1,2023-01-18 23:00:00+00:00,2023-01-19 00:00:00+01:00
757426.586,1,2023-01-19 23:00:00+00:00,2023-01-20 00:00:00+01:00
676924.309,1,2023-01-20 23:00:00+00:00,2023-01-21 00:00:00+01:00
649293.321,1,2023-01-21 23:00:00+00:00,2023-01-22 00:00:00+01:00
787526.211,1,2023-01-22 23:00:00+00:00,2023-01-23 00:00:00+01:00
825630.213,1,2023-01-23 23:00:00+00:00,2023-01-24 00:00:00+01:00
816153.242,1,2023-01-24 23:00:00+00:00,2023-01-25 00:00:00+01:00
817260.311,1,2023-01-25 23:00:00+00:00,2023-01-26 00:00:00+01:00
806430.869,1,2023-01-26 23:00:00+00:00,2023-01-27 00:00:00+01:00
718692.953,1,2023-01-27 23:00:00+00:00,2023-01-28 00:00:00+01:00
675983.757,1,2023-01-28 23:00:00+00:00,2023-01-29 00:00:00+01:00
795325.338,1,2023-01-29 23:00:00+00:00,2023-01-30 00:00:00+01:00
803698.92,1,2023-01-30 23:00:00+00:00,2023-01-31 00:00:00+01:00
801662.332,1,2023-01-31 23:00:00+00:00,2023-02-01 00:00:00+01:00
790975.567,1,2023-02-01 23:00:00+00:00,2023-02-02 00:00:00+01:00
775632.369,1,2023-02-02 23:00:00+00:00,2023-02-03 00:00:00+01:00
684167.496,1,2023-02-03 23:00:00+00:00,2023-02-04 00:00:00+01:00
638690.856,1,2023-02-04 23:00:00+00:00,2023-02-05 00:00:00+01:00
775399.85,1,2023-02-05 23:00:00+00:00,2023-02-06 00:00:00+01:00
808031.458,1,2023-02-06 23:00:00+00:00,2023-02-07 00:00:00+01:00
805426.932,1,2023-02-07 23:00:00+00:00,2023-02-08 00:00:00+01:00
795325.55,1,2023-02-08 23:00:00+00:00,2023-02-09 00:00:00+01:00
791833.872,1,2023-02-09 23:00:00+00:00,2023-02-10 00:00:00+01:00
696716.754,1,2023-02-10 23:00:00+00:00,2023-02-11 00:00:00+01:00
648805.368,1,2023-02-11 23:00:00+00:00,2023-02-12 00:00:00+01:00
763941.892,1,2023-02-12 23:00:00+00:00,2023-02-13 00:00:00+01:00
776349.758,1,2023-02-13 23:00:00+00:00,2023-02-14 00:00:00+01:00
765234.644,1,2023-02-14 23:00:00+00:00,2023-02-15 00:00:00+01:00
756184.773,1,2023-02-15 23:00:00+00:00,2023-02-16 00:00:00+01:00
745841.242,1,2023-02-16 23:00:00+00:00,2023-02-17 00:00:00+01:00
656958.729,1,2023-02-17 23:00:00+00:00,2023-02-18 00:00:00+01:00
604243.142,1,2023-02-18 23:00:00+00:00,2023-02-19 00:00:00+01:00
703843.757,1,2023-02-19 23:00:00+00:00,2023-02-20 00:00:00+01:00
718542.25,1,2023-02-20 23:00:00+00:00,2023-02-21 00:00:00+01:00
723179.886,1,2023-02-21 23:00:00+00:00,2023-02-22 00:00:00+01:00
744746.598,1,2023-02-22 23:00:00+00:00,2023-02-23 00:00:00+01:00
741153.705,1,2023-02-23 23:00:00+00:00,2023-02-24 00:00:00+01:00
670495.14,1,2023-02-24 23:00:00+00:00,2023-02-25 00:00:00+01:00
633054.625,1,2023-02-25 23:00:00+00:00,2023-02-26 00:00:00+01:00
769247.838,1,2023-02-26 23:00:00+00:00,2023-02-27 00:00:00+01:00
774548.797,1,2023-02-27 23:00:00+00:00,2023-02-28 00:00:00+01:00
790626.199,1,2023-02-28 23:00:00+00:00,2023-03-01 00:00:00+01:00
796204.01,1,2023-03-01 23:00:00+00:00,2023-03-02 00:00:00+01:00
772937.401,1,2023-03-02 23:00:00+00:00,2023-03-03 00:00:00+01:00
674017.739,1,2023-03-03 23:00:00+00:00,2023-03-04 00:00:00+01:00
635805.655,1,2023-03-04 23:00:00+00:00,2023-03-05 00:00:00+01:00
739440.9,1,2023-03-05 23:00:00+00:00,2023-03-06 00:00:00+01:00
736668.395,1,2023-03-06 23:00:00+00:00,2023-03-07 00:00:00+01:00
726365.685,1,2023-03-07 23:00:00+00:00,2023-03-08 00:00:00+01:00
716452.857,1,2023-03-08 23:00:00+00:00,2023-03-09 00:00:00+01:00
689273.37,1,2023-03-09 23:00:00+00:00,2023-03-10 00:00:00+01:00
608584.638,1,2023-03-10 23:00:00+00:00,2023-03-11 00:00:00+01:00
557439.954,1,2023-03-11 23:00:00+00:00,2023-03-12 00:00:00+01:00
658906.077,1,2023-03-12 23:00:00+00:00,2023-03-13 00:00:00+01:00
669720.805,1,2023-03-13 23:00:00+00:00,2023-03-14 00:00:00+01:00
669686.9,1,2023-03-14 23:00:00+00:00,2023-03-15 00:00:00+01:00
671404.492,1,2023-03-15 23:00:00+00:00,2023-03-16 00:00:00+01:00
669898.72,1,2023-03-16 23:00:00+00:00,2023-03-17 00:00:00+01:00
603233.37,1,2023-03-17 23:00:00+00:00,2023-03-18 00:00:00+01:00
551700.834,1,2023-03-18 23:00:00+00:00,2023-03-19 00:00:00+01:00
641384.343,1,2023-03-19 23:00:00+00:00,2023-03-20 00:00:00+01:00
667437.684,1,2023-03-20 23:00:00+00:00,2023-03-21 00:00:00+01:00
665415.519,1,2023-03-21 23:00:00+00:00,2023-03-22 00:00:00+01:00
664773.196,1,2023-03-22 23:00:00+00:00,2023-03-23 00:00:00+01:00
664920.294,1,2023-03-23 23:00:00+00:00,2023-03-24 00:00:00+01:00
595900.869,1,2023-03-24 23:00:00+00:00,2023-03-25 00:00:00+01:00
525933.283,1,2023-03-25 23:00:00+00:00,2023-03-26 00:00:00+01:00
642067.363,1,2023-03-26 22:00:00+00:00,2023-03-27 00:00:00+02:00
655229.932,1,2023-03-27 22:00:00+00:00,2023-03-28 00:00:00+02:00
657287.875,1,2023-03-28 22:00:00+00:00,2023-03-29 00:00:00+02:00
660755.927,1,2023-03-29 22:00:00+00:00,2023-03-30 00:00:00+02:00
660236.946,1,2023-03-30 22:00:00+00:00,2023-03-31 00:00:00+02:00
592046.555,1,2023-03-31 22:00:00+00:00,2023-04-01 00:00:00+02:00
548874.924,1,2023-04-01 22:00:00+00:00,2023-04-02 00:00:00+02:00
639072.811,1,2023-04-02 22:00:00+00:00,2023-04-03 00:00:00+02:00
652016.035,1,2023-04-03 22:00:00+00:00,2023-04-04 00:00:00+02:00
639631.827,1,2023-04-04 22:00:00+00:00,2023-04-05 00:00:00+02:00
564889.452,1,2023-04-05 22:00:00+00:00,2023-04-06 00:00:00+02:00
518549.539,1,2023-04-06 22:00:00+00:00,2023-04-07 00:00:00+02:00
531339.729,1,2023-04-07 22:00:00+00:00,2023-04-08 00:00:00+02:00
508947.86,1,2023-04-08 22:00:00+00:00,2023-04-09 00:00:00+02:00
562915.862,1,2023-04-09 22:00:00+00:00,2023-04-10 00:00:00+02:00
631802.137,1,2023-04-10 22:00:00+00:00,2023-04-11 00:00:00+02:00
660115.2,1,2023-04-11 22:00:00+00:00,2023-04-12 00:00:00+02:00
658532.314,1,2023-04-12 22:00:00+00:00,2023-04-13 00:00:00+02:00
664022.635,1,2023-04-13 22:00:00+00:00,2023-04-14 00:00:00+02:00
592441.566,1,2023-04-14 22:00:00+00:00,2023-04-15 00:00:00+02:00
547231.264,1,2023-04-15 22:00:00+00:00,2023-04-16 00:00:00+02:00
634831.145,1,2023-04-16 22:00:00+00:00,2023-04-17 00:00:00+02:00
654865.618,1,2023-04-17 22:00:00+00:00,2023-04-18 00:00:00+02:00
654950.573,1,2023-04-18 22:00:00+00:00,2023-04-19 00:00:00+02:00
656653.518,1,2023-04-19 22:00:00+00:00,2023-04-20 00:00:00+02:00
650980.32,1,2023-04-20 22:00:00+00:00,2023-04-21 00:00:00+02:00
590495.8,1,2023-04-21 22:00:00+00:00,2023-04-22 00:00:00+02:00
544376.883,1,2023-04-22 22:00:00+00:00,2023-04-23 00:00:00+02:00
633779.346,1,2023-04-23 22:00:00+00:00,2023-04-24 00:00:00+02:00
659059.16,1,2023-04-24 22:00:00+00:00,2023-04-25 00:00:00+02:00
661852.956,1,2023-04-25 22:00:00+00:00,2023-04-26 00:00:00+02:00
666829.312,1,2023-04-26 22:00:00+00:00,2023-04-27 00:00:00+02:00
661354.264,1,2023-04-27 22:00:00+00:00,2023-04-28 00:00:00+02:00
592081.712,1,2023-04-28 22:00:00+00:00,2023-04-29 00:00:00+02:00
542193.983,1,2023-04-29 22:00:00+00:00,2023-04-30 00:00:00+02:00
523889.313,1,2023-04-30 22:00:00+00:00,2023-05-01 00:00:00+02:00
622434.735,1,2023-05-01 22:00:00+00:00,2023-05-02 00:00:00+02:00
660714.847,1,2023-05-02 22:00:00+00:00,2023-05-03 00:00:00+02:00
665290.908,1,2023-05-03 22:00:00+00:00,2023-05-04 00:00:00+02:00
659616.923,1,2023-05-04 22:00:00+00:00,2023-05-05 00:00:00+02:00
590485.791,1,2023-05-05 22:00:00+00:00,2023-05-06 00:00:00+02:00
548502.085,1,2023-05-06 22:00:00+00:00,2023-05-07 00:00:00+02:00
642369.829,1,2023-05-07 22:00:00+00:00,2023-05-08 00:00:00+02:00
668097.149,1,2023-05-08 22:00:00+00:00,2023-05-09 00:00:00+02:00
663531.114,1,2023-05-09 22:00:00+00:00,2023-05-10 00:00:00+02:00
657135.64,1,2023-05-10 22:00:00+00:00,2023-05-11 00:00:00+02:00
656184.255,1,2023-05-11 22:00:00+00:00,2023-05-12 00:00:00+02:00
585306.083,1,2023-05-12 22:00:00+00:00,2023-05-13 00:00:00+02:00
542358.512,1,2023-05-13 22:00:00+00:00,2023-05-14 00:00:00+02:00
631619.964,1,2023-05-14 22:00:00+00:00,2023-05-15 00:00:00+02:00
651749.949,1,2023-05-15 22:00:00+00:00,2023-05-16 00:00:00+02:00
643132.606,1,2023-05-16 22:00:00+00:00,2023-05-17 00:00:00+02:00
651137.81,1,2023-05-17 22:00:00+00:00,2023-05-18 00:00:00+02:00
646534.241,1,2023-05-18 22:00:00+00:00,2023-05-19 00:00:00+02:00
576238.824,1,2023-05-19 22:00:00+00:00,2023-05-20 00:00:00+02:00
535466.982,1,2023-05-20 22:00:00+00:00,2023-05-21 00:00:00+02:00
639422.481,1,2023-05-21 22:00:00+00:00,2023-05-22 00:00:00+02:00
654198.935,1,2023-05-22 22:00:00+00:00,2023-05-23 00:00:00+02:00
650279.581,1,2023-05-23 22:00:00+00:00,2023-05-24 00:00:00+02:00
651724.712,1,2023-05-24 22:00:00+00:00,2023-05-25 00:00:00+02:00
638249.622,1,2023-05-25 22:00:00+00:00,2023-05-26 00:00:00+02:00
566548.508,1,2023-05-26 22:00:00+00:00,2023-05-27 00:00:00+02:00
521285.615,1,2023-05-27 22:00:00+00:00,2023-05-28 00:00:00+02:00
621366.375,1,2023-05-28 22:00:00+00:00,2023-05-29 00:00:00+02:00
638434.329,1,2023-05-29 22:00:00+00:00,2023-05-30 00:00:00+02:00
640059.655,1,2023-05-30 22:00:00+00:00,2023-05-31 00:00:00+02:00
649942.676,1,2023-05-31 22:00:00+00:00,2023-06-01 00:00:00+02:00
642678.488,1,2023-06-01 22:00:00+00:00,2023-06-02 00:00:00+02:00
571764.741,1,2023-06-02 22:00:00+00:00,2023-06-03 00:00:00+02:00
529995.247,1,2023-06-03 22:00:00+00:00,2023-06-04 00:00:00+02:00
632165.698,1,2023-06-04 22:00:00+00:00,2023-06-05 00:00:00+02:00
660649.668,1,2023-06-05 22:00:00+00:00,2023-06-06 00:00:00+02:00
675239.156,1,2023-06-06 22:00:00+00:00,2023-06-07 00:00:00+02:00
666873.185,1,2023-06-07 22:00:00+00:00,2023-06-08 00:00:00+02:00
657431.943,1,2023-06-08 22:00:00+00:00,2023-06-09 00:00:00+02:00
585434.217,1,2023-06-09 22:00:00+00:00,2023-06-10 00:00:00+02:00
546386.353,1,2023-06-10 22:00:00+00:00,2023-06-11 00:00:00+02:00
654286.647,1,2023-06-11 22:00:00+00:00,2023-06-12 00:00:00+02:00
671548.429,1,2023-06-12 22:00:00+00:00,2023-06-13 00:00:00+02:00
675031.725,1,2023-06-13 22:00:00+00:00,2023-06-14 00:00:00+02:00
685681.558,1,2023-06-14 22:00:00+00:00,2023-06-15 00:00:00+02:00
695921.152,1,2023-06-15 22:00:00+00:00,2023-06-16 00:00:00+02:00
627665.321,1,2023-06-16 22:00:00+00:00,2023-06-17 00:00:00+02:00
577954.372,1,2023-06-17 22:00:00+00:00,2023-06-18 00:00:00+02:00
684896.351,1,2023-06-18 22:00:00+00:00,2023-06-19 00:00:00+02:00
704703.371,1,2023-06-19 22:00:00+00:00,2023-06-20 00:00:00+02:00
714975.961,1,2023-06-20 22:00:00+00:00,2023-06-21 00:00:00+02:00
709422.083,1,2023-06-21 22:00:00+00:00,2023-06-22 00:00:00+02:00
705413.541,1,2023-06-22 22:00:00+00:00,2023-06-23 00:00:00+02:00
628176.282,1,2023-06-23 22:00:00+00:00,2023-06-24 00:00:00+02:00
616012.038,1,2023-06-24 22:00:00+00:00,2023-06-25 00:00:00+02:00
753018.153,1,2023-06-25 22:00:00+00:00,2023-06-26 00:00:00+02:00
772286.006,1,2023-06-26 22:00:00+00:00,2023-06-27 00:00:00+02:00
777596.436,1,2023-06-27 22:00:00+00:00,2023-06-28 00:00:00+02:00
771072.346,1,2023-06-28 22:00:00+00:00,2023-06-29 00:00:00+02:00
729157.132,1,2023-06-29 22:00:00+00:00,2023-06-30 00:00:00+02:00
646254.981,1,2023-06-30 22:00:00+00:00,2023-07-01 00:00:00+02:00
615130.595,1,2023-07-01 22:00:00+00:00,2023-07-02 00:00:00+02:00
741756.166,1,2023-07-02 22:00:00+00:00,2023-07-03 00:00:00+02:00
754074.66,1,2023-07-03 22:00:00+00:00,2023-07-04 00:00:00+02:00
756329.156,1,2023-07-04 22:00:00+00:00,2023-07-05 00:00:00+02:00
760166.347,1,2023-07-05 22:00:00+00:00,2023-07-06 00:00:00+02:00
752018.825,1,2023-07-06 22:00:00+00:00,2023-07-07 00:00:00+02:00
665130.797,1,2023-07-07 22:00:00+00:00,2023-07-08 00:00:00+02:00
628912.612,1,2023-07-08 22:00:00+00:00,2023-07-09 00:00:00+02:00
778800.77,1,2023-07-09 22:00:00+00:00,2023-07-10 00:00:00+02:00
820243.486,1,2023-07-10 22:00:00+00:00,2023-07-11 00:00:00+02:00
813329.123,1,2023-07-11 22:00:00+00:00,2023-07-12 00:00:00+02:00
799787.648,1,2023-07-12 22:00:00+00:00,2023-07-13 00:00:00+02:00
800527.393,1,2023-07-13 22:00:00+00:00,2023-07-14 00:00:00+02:00
698753.666,1,2023-07-14 22:00:00+00:00,2023-07-15 00:00:00+02:00
639880.119,1,2023-07-15 22:00:00+00:00,2023-07-16 00:00:00+02:00
781395.496,1,2023-07-16 22:00:00+00:00,2023-07-17 00:00:00+02:00
824598.568,1,2023-07-17 22:00:00+00:00,2023-07-18 00:00:00+02:00
837501.706,1,2023-07-18 22:00:00+00:00,2023-07-19 00:00:00+02:00
818438.549,1,2023-07-19 22:00:00+00:00,2023-07-20 00:00:00+02:00
780090.042,1,2023-07-20 22:00:00+00:00,2023-07-21 00:00:00+02:00
681943.561,1,2023-07-21 22:00:00+00:00,2023-07-22 00:00:00+02:00
646041.839,1,2023-07-22 22:00:00+00:00,2023-07-23 00:00:00+02:00
752105.434,1,2023-07-23 22:00:00+00:00,2023-07-24 00:00:00+02:00
721372.938,1,2023-07-24 22:00:00+00:00,2023-07-25 00:00:00+02:00
733046.018,1,2023-07-25 22:00:00+00:00,2023-07-26 00:00:00+02:00
748428.535,1,2023-07-26 22:00:00+00:00,2023-07-27 00:00:00+02:00
740713.259,1,2023-07-27 22:00:00+00:00,2023-07-28 00:00:00+02:00
680851.05,1,2023-07-28 22:00:00+00:00,2023-07-29 00:00:00+02:00
645350.877,1,2023-07-29 22:00:00+00:00,2023-07-30 00:00:00+02:00
736624.838,1,2023-07-30 22:00:00+00:00,2023-07-31 00:00:00+02:00
754106.067,1,2023-07-31 22:00:00+00:00,2023-08-01 00:00:00+02:00
767572.867,1,2023-08-01 22:00:00+00:00,2023-08-02 00:00:00+02:00
743787.712,1,2023-08-02 22:00:00+00:00,2023-08-03 00:00:00+02:00
689678.817,1,2023-08-03 22:00:00+00:00,2023-08-04 00:00:00+02:00
616704.903,1,2023-08-04 22:00:00+00:00,2023-08-05 00:00:00+02:00
594272.852,1,2023-08-05 22:00:00+00:00,2023-08-06 00:00:00+02:00
677200.493,1,2023-08-06 22:00:00+00:00,2023-08-07 00:00:00+02:00
710098.443,1,2023-08-07 22:00:00+00:00,2023-08-08 00:00:00+02:00
730621.532,1,2023-08-08 22:00:00+00:00,2023-08-09 00:00:00+02:00
746766.603,1,2023-08-09 22:00:00+00:00,2023-08-10 00:00:00+02:00
739105.889,1,2023-08-10 22:00:00+00:00,2023-08-11 00:00:00+02:00
680130.564,1,2023-08-11 22:00:00+00:00,2023-08-12 00:00:00+02:00
633561.647,1,2023-08-12 22:00:00+00:00,2023-08-13 00:00:00+02:00
679049.268,1,2023-08-13 22:00:00+00:00,2023-08-14 00:00:00+02:00
632371.277,1,2023-08-14 22:00:00+00:00,2023-08-15 00:00:00+02:00
697609.563,1,2023-08-15 22:00:00+00:00,2023-08-16 00:00:00+02:00
705886.436,1,2023-08-16 22:00:00+00:00,2023-08-17 00:00:00+02:00
708620.632,1,2023-08-17 22:00:00+00:00,2023-08-18 00:00:00+02:00
669852.416,1,2023-08-18 22:00:00+00:00,2023-08-19 00:00:00+02:00
650595.656,1,2023-08-19 22:00:00+00:00,2023-08-20 00:00:00+02:00
769909.688,1,2023-08-20 22:00:00+00:00,2023-08-21 00:00:00+02:00
791908.796,1,2023-08-21 22:00:00+00:00,2023-08-22 00:00:00+02:00
805114.493,1,2023-08-22 22:00:00+00:00,2023-08-23 00:00:00+02:00
806257.924,1,2023-08-23 22:00:00+00:00,2023-08-24 00:00:00+02:00
795777.497,1,2023-08-24 22:00:00+00:00,2023-08-25 00:00:00+02:00
704096.731,1,2023-08-25 22:00:00+00:00,2023-08-26 00:00:00+02:00
589812.346,1,2023-08-26 22:00:00+00:00,2023-08-27 00:00:00+02:00
666251.744,1,2023-08-27 22:00:00+00:00,2023-08-28 00:00:00+02:00
684519.165,1,2023-08-28 22:00:00+00:00,2023-08-29 00:00:00+02:00
691690.676,1,2023-08-29 22:00:00+00:00,2023-08-30 00:00:00+02:00
696633.256,1,2023-08-30 22:00:00+00:00,2023-08-31 00:00:00+02:00
707897.142,1,2023-08-31 22:00:00+00:00,2023-09-01 00:00:00+02:00
617334.231,1,2023-09-01 22:00:00+00:00,2023-09-02 00:00:00+02:00
567635.528,1,2023-09-02 22:00:00+00:00,2023-09-03 00:00:00+02:00
680749.198,1,2023-09-03 22:00:00+00:00,2023-09-04 00:00:00+02:00
702074.366,1,2023-09-04 22:00:00+00:00,2023-09-05 00:00:00+02:00
713455.091,1,2023-09-05 22:00:00+00:00,2023-09-06 00:00:00+02:00
718709.335,1,2023-09-06 22:00:00+00:00,2023-09-07 00:00:00+02:00
696807.158,1,2023-09-07 22:00:00+00:00,2023-09-08 00:00:00+02:00
623814.065,1,2023-09-08 22:00:00+00:00,2023-09-09 00:00:00+02:00
582350.336,1,2023-09-09 22:00:00+00:00,2023-09-10 00:00:00+02:00
670861.718,1,2023-09-10 22:00:00+00:00,2023-09-11 00:00:00+02:00
705037.939,1,2023-09-11 22:00:00+00:00,2023-09-12 00:00:00+02:00
705471.848,1,2023-09-12 22:00:00+00:00,2023-09-13 00:00:00+02:00
712650.088,1,2023-09-13 22:00:00+00:00,2023-09-14 00:00:00+02:00
704741.902,1,2023-09-14 22:00:00+00:00,2023-09-15 00:00:00+02:00
610152.639,1,2023-09-15 22:00:00+00:00,2023-09-16 00:00:00+02:00
573642.626,1,2023-09-16 22:00:00+00:00,2023-09-17 00:00:00+02:00
665858.082,1,2023-09-17 22:00:00+00:00,2023-09-18 00:00:00+02:00
683286.703,1,2023-09-18 22:00:00+00:00,2023-09-19 00:00:00+02:00
680363.13,1,2023-09-19 22:00:00+00:00,2023-09-20 00:00:00+02:00
682301.958,1,2023-09-20 22:00:00+00:00,2023-09-21 00:00:00+02:00
657786.885,1,2023-09-21 22:00:00+00:00,2023-09-22 00:00:00+02:00
577386.642,1,2023-09-22 22:00:00+00:00,2023-09-23 00:00:00+02:00
541155.475,1,2023-09-23 22:00:00+00:00,2023-09-24 00:00:00+02:00
644344.176,1,2023-09-24 22:00:00+00:00,2023-09-25 00:00:00+02:00
673007.777,1,2023-09-25 22:00:00+00:00,2023-09-26 00:00:00+02:00
684381.179,1,2023-09-26 22:00:00+00:00,2023-09-27 00:00:00+02:00
688482.194,1,2023-09-27 22:00:00+00:00,2023-09-28 00:00:00+02:00
682620.495,1,2023-09-28 22:00:00+00:00,2023-09-29 00:00:00+02:00
608394.984,1,2023-09-29 22:00:00+00:00,2023-09-30 00:00:00+02:00
568592.41,1,2023-09-30 22:00:00+00:00,2023-10-01 00:00:00+02:00
677907.782,1,2023-10-01 22:00:00+00:00,2023-10-02 00:00:00+02:00
694129.802,1,2023-10-02 22:00:00+00:00,2023-10-03 00:00:00+02:00
697359.162,1,2023-10-03 22:00:00+00:00,2023-10-04 00:00:00+02:00
698683.251,1,2023-10-04 22:00:00+00:00,2023-10-05 00:00:00+02:00
699421.954,1,2023-10-05 22:00:00+00:00,2023-10-06 00:00:00+02:00
618380.502,1,2023-10-06 22:00:00+00:00,2023-10-07 00:00:00+02:00
572203.065,1,2023-10-07 22:00:00+00:00,2023-10-08 00:00:00+02:00
661444.716,1,2023-10-08 22:00:00+00:00,2023-10-09 00:00:00+02:00
682328.873,1,2023-10-09 22:00:00+00:00,2023-10-10 00:00:00+02:00
676631.446,1,2023-10-10 22:00:00+00:00,2023-10-11 00:00:00+02:00
575504.945,1,2023-10-11 22:00:00+00:00,2023-10-12 00:00:00+02:00
615394.793,1,2023-10-12 22:00:00+00:00,2023-10-13 00:00:00+02:00
578579.097,1,2023-10-13 22:00:00+00:00,2023-10-14 00:00:00+02:00
541876.33,1,2023-10-14 22:00:00+00:00,2023-10-15 00:00:00+02:00
656582.378,1,2023-10-15 22:00:00+00:00,2023-10-16 00:00:00+02:00
685735.457,1,2023-10-16 22:00:00+00:00,2023-10-17 00:00:00+02:00
691544.263,1,2023-10-17 22:00:00+00:00,2023-10-18 00:00:00+02:00
695588.62,1,2023-10-18 22:00:00+00:00,2023-10-19 00:00:00+02:00
670024.187,1,2023-10-19 22:00:00+00:00,2023-10-20 00:00:00+02:00
578655.968,1,2023-10-20 22:00:00+00:00,2023-10-21 00:00:00+02:00
547584.426,1,2023-10-21 22:00:00+00:00,2023-10-22 00:00:00+02:00
652396.01,1,2023-10-22 22:00:00+00:00,2023-10-23 00:00:00+02:00
668310.627,1,2023-10-23 22:00:00+00:00,2023-10-24 00:00:00+02:00
680986.583,1,2023-10-24 22:00:00+00:00,2023-10-25 00:00:00+02:00
695519.318,1,2023-10-25 22:00:00+00:00,2023-10-26 00:00:00+02:00
681696.979,1,2023-10-26 22:00:00+00:00,2023-10-27 00:00:00+02:00
600928.081,1,2023-10-27 22:00:00+00:00,2023-10-28 00:00:00+02:00
584792.106,1,2023-10-28 22:00:00+00:00,2023-10-29 00:00:00+02:00
663807.745,1,2023-10-29 23:00:00+00:00,2023-10-30 00:00:00+01:00
677491.268,1,2023-10-30 23:00:00+00:00,2023-10-31 00:00:00+01:00
595447.394,1,2023-10-31 23:00:00+00:00,2023-11-01 00:00:00+01:00
681524.046,1,2023-11-01 23:00:00+00:00,2023-11-02 00:00:00+01:00
688910.052,1,2023-11-02 23:00:00+00:00,2023-11-03 00:00:00+01:00
621381.226,1,2023-11-03 23:00:00+00:00,2023-11-04 00:00:00+01:00
573801.32,1,2023-11-04 23:00:00+00:00,2023-11-05 00:00:00+01:00
677205.414,1,2023-11-05 23:00:00+00:00,2023-11-06 00:00:00+01:00
699291.04,1,2023-11-06 23:00:00+00:00,2023-11-07 00:00:00+01:00
713708.037,1,2023-11-07 23:00:00+00:00,2023-11-08 00:00:00+01:00
703993.269,1,2023-11-08 23:00:00+00:00,2023-11-09 00:00:00+01:00
703513.302,1,2023-11-09 23:00:00+00:00,2023-11-10 00:00:00+01:00
628504.13,1,2023-11-10 23:00:00+00:00,2023-11-11 00:00:00+01:00
573478.299,1,2023-11-11 23:00:00+00:00,2023-11-12 00:00:00+01:00
672700.842,1,2023-11-12 23:00:00+00:00,2023-11-13 00:00:00+01:00
682941.124,1,2023-11-13 23:00:00+00:00,2023-11-14 00:00:00+01:00
690217.89,1,2023-11-14 23:00:00+00:00,2023-11-15 00:00:00+01:00
694399.37,1,2023-11-15 23:00:00+00:00,2023-11-16 00:00:00+01:00
681979.844,1,2023-11-16 23:00:00+00:00,2023-11-17 00:00:00+01:00
604200.644,1,2023-11-17 23:00:00+00:00,2023-11-18 00:00:00+01:00
560129.864,1,2023-11-18 23:00:00+00:00,2023-11-19 00:00:00+01:00
674097.163,1,2023-11-19 23:00:00+00:00,2023-11-20 00:00:00+01:00
697706.662,1,2023-11-20 23:00:00+00:00,2023-11-21 00:00:00+01:00
709139.885,1,2023-11-21 23:00:00+00:00,2023-11-22 00:00:00+01:00
713863.707,1,2023-11-22 23:00:00+00:00,2023-11-23 00:00:00+01:00
715114.11,1,2023-11-23 23:00:00+00:00,2023-11-24 00:00:00+01:00
635313.081,1,2023-11-24 23:00:00+00:00,2023-11-25 00:00:00+01:00
602380.968,1,2023-11-25 23:00:00+00:00,2023-11-26 00:00:00+01:00
720961.771,1,2023-11-26 23:00:00+00:00,2023-11-27 00:00:00+01:00
737005.018,1,2023-11-27 23:00:00+00:00,2023-11-28 00:00:00+01:00
735891.426,1,2023-11-28 23:00:00+00:00,2023-11-29 00:00:00+01:00
724390.897,1,2023-11-29 23:00:00+00:00,2023-11-30 00:00:00+01:00
721843.711,1,2023-11-30 23:00:00+00:00,2023-12-01 00:00:00+01:00
646520.006,1,2023-12-01 23:00:00+00:00,2023-12-02 00:00:00+01:00
624482.267,1,2023-12-02 23:00:00+00:00,2023-12-03 00:00:00+01:00
743449.538,1,2023-12-03 23:00:00+00:00,2023-12-04 00:00:00+01:00
751522.63,1,2023-12-04 23:00:00+00:00,2023-12-05 00:00:00+01:00
674816.633,1,2023-12-05 23:00:00+00:00,2023-12-06 00:00:00+01:00
701438.509,1,2023-12-06 23:00:00+00:00,2023-12-07 00:00:00+01:00
638304.87,1,2023-12-07 23:00:00+00:00,2023-12-08 00:00:00+01:00
633897.78,1,2023-12-08 23:00:00+00:00,2023-12-09 00:00:00+01:00
604532.257,1,2023-12-09 23:00:00+00:00,2023-12-10 00:00:00+01:00
712662.101,1,2023-12-10 23:00:00+00:00,2023-12-11 00:00:00+01:00
734744.889,1,2023-12-11 23:00:00+00:00,2023-12-12 00:00:00+01:00
741549.886,1,2023-12-12 23:00:00+00:00,2023-12-13 00:00:00+01:00
745172.248,1,2023-12-13 23:00:00+00:00,2023-12-14 00:00:00+01:00
739184.562,1,2023-12-14 23:00:00+00:00,2023-12-15 00:00:00+01:00
662260.256,1,2023-12-15 23:00:00+00:00,2023-12-16 00:00:00+01:00
636365.322,1,2023-12-16 23:00:00+00:00,2023-12-17 00:00:00+01:00
758212.531,1,2023-12-17 23:00:00+00:00,2023-12-18 00:00:00+01:00
774315.347,1,2023-12-18 23:00:00+00:00,2023-12-19 00:00:00+01:00
781442.119,1,2023-12-19 23:00:00+00:00,2023-12-20 00:00:00+01:00
758822.16,1,2023-12-20 23:00:00+00:00,2023-12-21 00:00:00+01:00
721413.251,1,2023-12-21 23:00:00+00:00,2023-12-22 00:00:00+01:00
640883.947,1,2023-12-22 23:00:00+00:00,2023-12-23 00:00:00+01:00
596118.636,1,2023-12-23 23:00:00+00:00,2023-12-24 00:00:00+01:00
553617.338,1,2023-12-24 23:00:00+00:00,2023-12-25 00:00:00+01:00
654679.567,1,2023-12-25 23:00:00+00:00,2023-12-26 00:00:00+01:00
703161.901,1,2023-12-26 23:00:00+00:00,2023-12-27 00:00:00+01:00
710999.762,1,2023-12-27 23:00:00+00:00,2023-12-28 00:00:00+01:00
698783.477,1,2023-12-28 23:00:00+00:00,2023-12-29 00:00:00+01:00
630400.595,1,2023-12-29 23:00:00+00:00,2023-12-30 00:00:00+01:00
606791.929,1,2023-12-30 23:00:00+00:00,2023-12-31 00:00:00+01:00
555244.867,1,2023-12-31 23:00:00+00:00,2024-01-01 00:00:00+01:00
703015.288,1,2024-01-01 23:00:00+00:00,2024-01-02 00:00:00+01:00
721647.165,1,2024-01-02 23:00:00+00:00,2024-01-03 00:00:00+01:00
726021.564,1,2024-01-03 23:00:00+00:00,2024-01-04 00:00:00+01:00
697927.044,1,2024-01-04 23:00:00+00:00,2024-01-05 00:00:00+01:00
614433.071,1,2024-01-05 23:00:00+00:00,2024-01-06 00:00:00+01:00
637873.153,1,2024-01-06 23:00:00+00:00,2024-01-07 00:00:00+01:00
784344.305,1,2024-01-07 23:00:00+00:00,2024-01-08 00:00:00+01:00
811334.555,1,2024-01-08 23:00:00+00:00,2024-01-09 00:00:00+01:00
818554.39,1,2024-01-09 23:00:00+00:00,2024-01-10 00:00:00+01:00
808748.333,1,2024-01-10 23:00:00+00:00,2024-01-11 00:00:00+01:00
805039.453,1,2024-01-11 23:00:00+00:00,2024-01-12 00:00:00+01:00
717299.596,1,2024-01-12 23:00:00+00:00,2024-01-13 00:00:00+01:00
660467.647,1,2024-01-13 23:00:00+00:00,2024-01-14 00:00:00+01:00
770268.23,1,2024-01-14 23:00:00+00:00,2024-01-15 00:00:00+01:00
770386.472,1,2024-01-15 23:00:00+00:00,2024-01-16 00:00:00+01:00
759854.347,1,2024-01-16 23:00:00+00:00,2024-01-17 00:00:00+01:00
742783.492,1,2024-01-17 23:00:00+00:00,2024-01-18 00:00:00+01:00
776526.605,1,2024-01-18 23:00:00+00:00,2024-01-19 00:00:00+01:00
683033.933,1,2024-01-19 23:00:00+00:00,2024-01-20 00:00:00+01:00
640605.651,1,2024-01-20 23:00:00+00:00,2024-01-21 00:00:00+01:00
756819.433,1,2024-01-21 23:00:00+00:00,2024-01-22 00:00:00+01:00
753138.609,1,2024-01-22 23:00:00+00:00,2024-01-23 00:00:00+01:00
740425.099,1,2024-01-23 23:00:00+00:00,2024-01-24 00:00:00+01:00
731835.908,1,2024-01-24 23:00:00+00:00,2024-01-25 00:00:00+01:00
723523.058,1,2024-01-25 23:00:00+00:00,2024-01-26 00:00:00+01:00
637219.431,1,2024-01-26 23:00:00+00:00,2024-01-27 00:00:00+01:00
600542.109,1,2024-01-27 23:00:00+00:00,2024-01-28 00:00:00+01:00
722022.961,1,2024-01-28 23:00:00+00:00,2024-01-29 00:00:00+01:00
739056.741,1,2024-01-29 23:00:00+00:00,2024-01-30 00:00:00+01:00
743579.224,1,2024-01-30 23:00:00+00:00,2024-01-31 00:00:00+01:00
742360.015,1,2024-01-31 23:00:00+00:00,2024-02-01 00:00:00+01:00
732137.756,1,2024-02-01 23:00:00+00:00,2024-02-02 00:00:00+01:00
645683.778,1,2024-02-02 23:00:00+00:00,2024-02-03 00:00:00+01:00
603124.588,1,2024-02-03 23:00:00+00:00,2024-02-04 00:00:00+01:00
723751.094,1,2024-02-04 23:00:00+00:00,2024-02-05 00:00:00+01:00
737643.259,1,2024-02-05 23:00:00+00:00,2024-02-06 00:00:00+01:00
749239.087,1,2024-02-06 23:00:00+00:00,2024-02-07 00:00:00+01:00
753771.808,1,2024-02-07 23:00:00+00:00,2024-02-08 00:00:00+01:00
755078.183,1,2024-02-08 23:00:00+00:00,2024-02-09 00:00:00+01:00
663286.901,1,2024-02-09 23:00:00+00:00,2024-02-10 00:00:00+01:00
637388.013,1,2024-02-10 23:00:00+00:00,2024-02-11 00:00:00+01:00
714805.293,1,2024-02-11 23:00:00+00:00,2024-02-12 00:00:00+01:00
711774.274,1,2024-02-12 23:00:00+00:00,2024-02-13 00:00:00+01:00
720159.286,1,2024-02-13 23:00:00+00:00,2024-02-14 00:00:00+01:00
729110.689,1,2024-02-14 23:00:00+00:00,2024-02-15 00:00:00+01:00
717799.65,1,2024-02-15 23:00:00+00:00,2024-02-16 00:00:00+01:00
624221.905,1,2024-02-16 23:00:00+00:00,2024-02-17 00:00:00+01:00
584974.522,1,2024-02-17 23:00:00+00:00,2024-02-18 00:00:00+01:00
689633.162,1,2024-02-18 23:00:00+00:00,2024-02-19 00:00:00+01:00
701883.264,1,2024-02-19 23:00:00+00:00,2024-02-20 00:00:00+01:00
717459.193,1,2024-02-20 23:00:00+00:00,2024-02-21 00:00:00+01:00
727081.55,1,2024-02-21 23:00:00+00:00,2024-02-22 00:00:00+01:00
724628.099,1,2024-02-22 23:00:00+00:00,2024-02-23 00:00:00+01:00
657800.038,1,2024-02-23 23:00:00+00:00,2024-02-24 00:00:00+01:00
626143.633,1,2024-02-24 23:00:00+00:00,2024-02-25 00:00:00+01:00
730573.86,1,2024-02-25 23:00:00+00:00,2024-02-26 00:00:00+01:00
746142.904,1,2024-02-26 23:00:00+00:00,2024-02-27 00:00:00+01:00
732016.128,1,2024-02-27 23:00:00+00:00,2024-02-28 00:00:00+01:00
735852.499,1,2024-02-28 23:00:00+00:00,2024-02-29 00:00:00+01:00
729467.223,1,2024-02-29 23:00:00+00:00,2024-03-01 00:00:00+01:00
666467.109,1,2024-03-01 23:00:00+00:00,2024-03-02 00:00:00+01:00
621709.846,1,2024-03-02 23:00:00+00:00,2024-03-03 00:00:00+01:00
737435.932,1,2024-03-03 23:00:00+00:00,2024-03-04 00:00:00+01:00
723424.215,1,2024-03-04 23:00:00+00:00,2024-03-05 00:00:00+01:00
729789.252,1,2024-03-05 23:00:00+00:00,2024-03-06 00:00:00+01:00
746093.475,1,2024-03-06 23:00:00+00:00,2024-03-07 00:00:00+01:00
749031.934,1,2024-03-07 23:00:00+00:00,2024-03-08 00:00:00+01:00
692419.871,1,2024-03-08 23:00:00+00:00,2024-03-09 00:00:00+01:00
627303.729,1,2024-03-09 23:00:00+00:00,2024-03-10 00:00:00+01:00
717439.261,1,2024-03-10 23:00:00+00:00,2024-03-11 00:00:00+01:00
716317.541,1,2024-03-11 23:00:00+00:00,2024-03-12 00:00:00+01:00
716865.216,1,2024-03-12 23:00:00+00:00,2024-03-13 00:00:00+01:00
717487.516,1,2024-03-13 23:00:00+00:00,2024-03-14 00:00:00+01:00
698375.264,1,2024-03-14 23:00:00+00:00,2024-03-15 00:00:00+01:00
619190.554,1,2024-03-15 23:00:00+00:00,2024-03-16 00:00:00+01:00
571959.711,1,2024-03-16 23:00:00+00:00,2024-03-17 00:00:00+01:00
656466.182,1,2024-03-17 23:00:00+00:00,2024-03-18 00:00:00+01:00
650942.94,1,2024-03-18 23:00:00+00:00,2024-03-19 00:00:00+01:00
677715.876,1,2024-03-19 23:00:00+00:00,2024-03-20 00:00:00+01:00
684131.084,1,2024-03-20 23:00:00+00:00,2024-03-21 00:00:00+01:00
675156.316,1,2024-03-21 23:00:00+00:00,2024-03-22 00:00:00+01:00
603767.889,1,2024-03-22 23:00:00+00:00,2024-03-23 00:00:00+01:00
563702.618,1,2024-03-23 23:00:00+00:00,2024-03-24 00:00:00+01:00
685192.419,1,2024-03-24 23:00:00+00:00,2024-03-25 00:00:00+01:00
699802.428,1,2024-03-25 23:00:00+00:00,2024-03-26 00:00:00+01:00
695408.52,1,2024-03-26 23:00:00+00:00,2024-03-27 00:00:00+01:00
617996.902,1,2024-03-27 23:00:00+00:00,2024-03-28 00:00:00+01:00
573029.121,1,2024-03-28 23:00:00+00:00,2024-03-29 00:00:00+01:00
588708.264,1,2024-03-29 23:00:00+00:00,2024-03-30 00:00:00+01:00
561847.85,1,2024-03-30 23:00:00+00:00,2024-03-31 00:00:00+01:00
623303.276,1,2024-03-31 22:00:00+00:00,2024-04-01 00:00:00+02:00
694646.131,1,2024-04-01 22:00:00+00:00,2024-04-02 00:00:00+02:00
688565.412,1,2024-04-02 22:00:00+00:00,2024-04-03 00:00:00+02:00
677501.897,1,2024-04-03 22:00:00+00:00,2024-04-04 00:00:00+02:00
671728.963,1,2024-04-04 22:00:00+00:00,2024-04-05 00:00:00+02:00
604539.804,1,2024-04-05 22:00:00+00:00,2024-04-06 00:00:00+02:00
561830.999,1,2024-04-06 22:00:00+00:00,2024-04-07 00:00:00+02:00
657510.236,1,2024-04-07 22:00:00+00:00,2024-04-08 00:00:00+02:00
668332.691,1,2024-04-08 22:00:00+00:00,2024-04-09 00:00:00+02:00
668277.546,1,2024-04-09 22:00:00+00:00,2024-04-10 00:00:00+02:00
666051.0,1,2024-04-10 22:00:00+00:00,2024-04-11 00:00:00+02:00
664534.289,1,2024-04-11 22:00:00+00:00,2024-04-12 00:00:00+02:00
585627.137,1,2024-04-12 22:00:00+00:00,2024-04-13 00:00:00+02:00
543795.772,1,2024-04-13 22:00:00+00:00,2024-04-14 00:00:00+02:00
648467.3,1,2024-04-14 22:00:00+00:00,2024-04-15 00:00:00+02:00
666104.149,1,2024-04-15 22:00:00+00:00,2024-04-16 00:00:00+02:00
661868.183,1,2024-04-16 22:00:00+00:00,2024-04-17 00:00:00+02:00
666332.603,1,2024-04-17 22:00:00+00:00,2024-04-18 00:00:00+02:00
663124.782,1,2024-04-18 22:00:00+00:00,2024-04-19 00:00:00+02:00
589557.074,1,2024-04-19 22:00:00+00:00,2024-04-20 00:00:00+02:00
546008.854,1,2024-04-20 22:00:00+00:00,2024-04-21 00:00:00+02:00
651354.591,1,2024-04-21 22:00:00+00:00,2024-04-22 00:00:00+02:00
667541.496,1,2024-04-22 22:00:00+00:00,2024-04-23 00:00:00+02:00
675674.227,1,2024-04-23 22:00:00+00:00,2024-04-24 00:00:00+02:00
691514.386,1,2024-04-24 22:00:00+00:00,2024-04-25 00:00:00+02:00
675506.739,1,2024-04-25 22:00:00+00:00,2024-04-26 00:00:00+02:00
611988.992,1,2024-04-26 22:00:00+00:00,2024-04-27 00:00:00+02:00
568776.214,1,2024-04-27 22:00:00+00:00,2024-04-28 00:00:00+02:00
672239.614,1,2024-04-28 22:00:00+00:00,2024-04-29 00:00:00+02:00
665002.708,1,2024-04-29 22:00:00+00:00,2024-04-30 00:00:00+02:00
568495.068,1,2024-04-30 22:00:00+00:00,2024-05-01 00:00:00+02:00
635501.984,1,2024-05-01 22:00:00+00:00,2024-05-02 00:00:00+02:00
652238.521,1,2024-05-02 22:00:00+00:00,2024-05-03 00:00:00+02:00
593627.948,1,2024-05-03 22:00:00+00:00,2024-05-04 00:00:00+02:00
555852.311,1,2024-05-04 22:00:00+00:00,2024-05-05 00:00:00+02:00
648228.123,1,2024-05-05 22:00:00+00:00,2024-05-06 00:00:00+02:00
652583.945,1,2024-05-06 22:00:00+00:00,2024-05-07 00:00:00+02:00
658873.053,1,2024-05-07 22:00:00+00:00,2024-05-08 00:00:00+02:00
655891.305,1,2024-05-08 22:00:00+00:00,2024-05-09 00:00:00+02:00
645699.657,1,2024-05-09 22:00:00+00:00,2024-05-10 00:00:00+02:00
580019.888,1,2024-05-10 22:00:00+00:00,2024-05-11 00:00:00+02:00
541009.031,1,2024-05-11 22:00:00+00:00,2024-05-12 00:00:00+02:00
646028.397,1,2024-05-12 22:00:00+00:00,2024-05-13 00:00:00+02:00
665540.527,1,2024-05-13 22:00:00+00:00,2024-05-14 00:00:00+02:00
655349.807,1,2024-05-14 22:00:00+00:00,2024-05-15 00:00:00+02:00
661439.853,1,2024-05-15 22:00:00+00:00,2024-05-16 00:00:00+02:00
652048.475,1,2024-05-16 22:00:00+00:00,2024-05-17 00:00:00+02:00
584137.337,1,2024-05-17 22:00:00+00:00,2024-05-18 00:00:00+02:00
545024.052,1,2024-05-18 22:00:00+00:00,2024-05-19 00:00:00+02:00
632021.971,1,2024-05-19 22:00:00+00:00,2024-05-20 00:00:00+02:00
656109.774,1,2024-05-20 22:00:00+00:00,2024-05-21 00:00:00+02:00
659114.186,1,2024-05-21 22:00:00+00:00,2024-05-22 00:00:00+02:00
657885.535,1,2024-05-22 22:00:00+00:00,2024-05-23 00:00:00+02:00
652663.71,1,2024-05-23 22:00:00+00:00,2024-05-24 00:00:00+02:00
584566.506,1,2024-05-24 22:00:00+00:00,2024-05-25 00:00:00+02:00
543898.242,1,2024-05-25 22:00:00+00:00,2024-05-26 00:00:00+02:00
656440.291,1,2024-05-26 22:00:00+00:00,2024-05-27 00:00:00+02:00
665817.233,1,2024-05-27 22:00:00+00:00,2024-05-28 00:00:00+02:00
678938.262,1,2024-05-28 22:00:00+00:00,2024-05-29 00:00:00+02:00
684233.4,1,2024-05-29 22:00:00+00:00,2024-05-30 00:00:00+02:00
672026.119,1,2024-05-30 22:00:00+00:00,2024-05-31 00:00:00+02:00
605685.889,1,2024-05-31 22:00:00+00:00,2024-06-01 00:00:00+02:00
560792.014,1,2024-06-01 22:00:00+00:00,2024-06-02 00:00:00+02:00
664249.663,1,2024-06-02 22:00:00+00:00,2024-06-03 00:00:00+02:00
676223.208,1,2024-06-03 22:00:00+00:00,2024-06-04 00:00:00+02:00
690706.326,1,2024-06-04 22:00:00+00:00,2024-06-05 00:00:00+02:00
709405.629,1,2024-06-05 22:00:00+00:00,2024-06-06 00:00:00+02:00
709081.52,1,2024-06-06 22:00:00+00:00,2024-06-07 00:00:00+02:00
625017.26,1,2024-06-07 22:00:00+00:00,2024-06-08 00:00:00+02:00
564689.066,1,2024-06-08 22:00:00+00:00,2024-06-09 00:00:00+02:00
667360.68,1,2024-06-09 22:00:00+00:00,2024-06-10 00:00:00+02:00
675023.098,1,2024-06-10 22:00:00+00:00,2024-06-11 00:00:00+02:00
669532.698,1,2024-06-11 22:00:00+00:00,2024-06-12 00:00:00+02:00
656769.75,1,2024-06-12 22:00:00+00:00,2024-06-13 00:00:00+02:00
674206.766,1,2024-06-13 22:00:00+00:00,2024-06-14 00:00:00+02:00
601068.708,1,2024-06-14 22:00:00+00:00,2024-06-15 00:00:00+02:00
561514.511,1,2024-06-15 22:00:00+00:00,2024-06-16 00:00:00+02:00
681820.916,1,2024-06-16 22:00:00+00:00,2024-06-17 00:00:00+02:00
699419.396,1,2024-06-17 22:00:00+00:00,2024-06-18 00:00:00+02:00
690884.271,1,2024-06-18 22:00:00+00:00,2024-06-19 00:00:00+02:00
684434.641,1,2024-06-19 22:00:00+00:00,2024-06-20 00:00:00+02:00
669689.165,1,2024-06-20 22:00:00+00:00,2024-06-21 00:00:00+02:00
608838.516,1,2024-06-21 22:00:00+00:00,2024-06-22 00:00:00+02:00
569494.463,1,2024-06-22 22:00:00+00:00,2024-06-23 00:00:00+02:00
649416.806,1,2024-06-23 22:00:00+00:00,2024-06-24 00:00:00+02:00
712922.105,1,2024-06-24 22:00:00+00:00,2024-06-25 00:00:00+02:00
717892.384,1,2024-06-25 22:00:00+00:00,2024-06-26 00:00:00+02:00
721054.708,1,2024-06-26 22:00:00+00:00,2024-06-27 00:00:00+02:00
715511.219,1,2024-06-27 22:00:00+00:00,2024-06-28 00:00:00+02:00
630142.827,1,2024-06-28 22:00:00+00:00,2024-06-29 00:00:00+02:00
584627.364,1,2024-06-29 22:00:00+00:00,2024-06-30 00:00:00+02:00
681409.249,1,2024-06-30 22:00:00+00:00,2024-07-01 00:00:00+02:00
703491.606,1,2024-07-01 22:00:00+00:00,2024-07-02 00:00:00+02:00
721171.089,1,2024-07-02 22:00:00+00:00,2024-07-03 00:00:00+02:00
741981.107,1,2024-07-03 22:00:00+00:00,2024-07-04 00:00:00+02:00
744021.161,1,2024-07-04 22:00:00+00:00,2024-07-05 00:00:00+02:00
655275.862,1,2024-07-05 22:00:00+00:00,2024-07-06 00:00:00+02:00
592880.387,1,2024-07-06 22:00:00+00:00,2024-07-07 00:00:00+02:00
704684.064,1,2024-07-07 22:00:00+00:00,2024-07-08 00:00:00+02:00
735322.24,1,2024-07-08 22:00:00+00:00,2024-07-09 00:00:00+02:00
756032.335,1,2024-07-09 22:00:00+00:00,2024-07-10 00:00:00+02:00
784406.465,1,2024-07-10 22:00:00+00:00,2024-07-11 00:00:00+02:00
774064.671,1,2024-07-11 22:00:00+00:00,2024-07-12 00:00:00+02:00
669619.273,1,2024-07-12 22:00:00+00:00,2024-07-13 00:00:00+02:00
619815.61,1,2024-07-13 22:00:00+00:00,2024-07-14 00:00:00+02:00
746760.75,1,2024-07-14 22:00:00+00:00,2024-07-15 00:00:00+02:00
761435.351,1,2024-07-15 22:00:00+00:00,2024-07-16 00:00:00+02:00
769574.128,1,2024-07-16 22:00:00+00:00,2024-07-17 00:00:00+02:00
788334.388,1,2024-07-17 22:00:00+00:00,2024-07-18 00:00:00+02:00
798658.134,1,2024-07-18 22:00:00+00:00,2024-07-19 00:00:00+02:00
713125.299,1,2024-07-19 22:00:00+00:00,2024-07-20 00:00:00+02:00
642305.943,1,2024-07-20 22:00:00+00:00,2024-07-21 00:00:00+02:00
742688.427,1,2024-07-21 22:00:00+00:00,2024-07-22 00:00:00+02:00
783735.147,1,2024-07-22 22:00:00+00:00,2024-07-23 00:00:00+02:00
806576.408,1,2024-07-23 22:00:00+00:00,2024-07-24 00:00:00+02:00
773955.13,1,2024-07-24 22:00:00+00:00,2024-07-25 00:00:00+02:00
773590.842,1,2024-07-25 22:00:00+00:00,2024-07-26 00:00:00+02:00
703718.397,1,2024-07-26 22:00:00+00:00,2024-07-27 00:00:00+02:00
669515.361,1,2024-07-27 22:00:00+00:00,2024-07-28 00:00:00+02:00
795661.898,1,2024-07-28 22:00:00+00:00,2024-07-29 00:00:00+02:00
814439.123,1,2024-07-29 22:00:00+00:00,2024-07-30 00:00:00+02:00
808446.346,1,2024-07-30 22:00:00+00:00,2024-07-31 00:00:00+02:00
822334.593,1,2024-07-31 22:00:00+00:00,2024-08-01 00:00:00+02:00
796742.399,1,2024-08-01 22:00:00+00:00,2024-08-02 00:00:00+02:00
700122.36,1,2024-08-02 22:00:00+00:00,2024-08-03 00:00:00+02:00
664411.431,1,2024-08-03 22:00:00+00:00,2024-08-04 00:00:00+02:00
759002.69,1,2024-08-04 22:00:00+00:00,2024-08-05 00:00:00+02:00
771423.581,1,2024-08-05 22:00:00+00:00,2024-08-06 00:00:00+02:00
772073.249,1,2024-08-06 22:00:00+00:00,2024-08-07 00:00:00+02:00
772401.538,1,2024-08-07 22:00:00+00:00,2024-08-08 00:00:00+02:00
772935.824,1,2024-08-08 22:00:00+00:00,2024-08-09 00:00:00+02:00
713464.803,1,2024-08-09 22:00:00+00:00,2024-08-10 00:00:00+02:00
671701.722,1,2024-08-10 22:00:00+00:00,2024-08-11 00:00:00+02:00
750014.535,1,2024-08-11 22:00:00+00:00,2024-08-12 00:00:00+02:00
737828.997,1,2024-08-12 22:00:00+00:00,2024-08-13 00:00:00+02:00
702725.921,1,2024-08-13 22:00:00+00:00,2024-08-14 00:00:00+02:00
617541.371,1,2024-08-14 22:00:00+00:00,2024-08-15 00:00:00+02:00
655090.386,1,2024-08-15 22:00:00+00:00,2024-08-16 00:00:00+02:00
647929.123,1,2024-08-16 22:00:00+00:00,2024-08-17 00:00:00+02:00
628945.697,1,2024-08-17 22:00:00+00:00,2024-08-18 00:00:00+02:00
712297.821,1,2024-08-18 22:00:00+00:00,2024-08-19 00:00:00+02:00
732700.795,1,2024-08-19 22:00:00+00:00,2024-08-20 00:00:00+02:00
742774.409,1,2024-08-20 22:00:00+00:00,2024-08-21 00:00:00+02:00
749146.713,1,2024-08-21 22:00:00+00:00,2024-08-22 00:00:00+02:00
743446.72,1,2024-08-22 22:00:00+00:00,2024-08-23 00:00:00+02:00
688878.926,1,2024-08-23 22:00:00+00:00,2024-08-24 00:00:00+02:00
647915.767,1,2024-08-24 22:00:00+00:00,2024-08-25 00:00:00+02:00
738601.944,1,2024-08-25 22:00:00+00:00,2024-08-26 00:00:00+02:00
765981.401,1,2024-08-26 22:00:00+00:00,2024-08-27 00:00:00+02:00
777702.507,1,2024-08-27 22:00:00+00:00,2024-08-28 00:00:00+02:00
767391.885,1,2024-08-28 22:00:00+00:00,2024-08-29 00:00:00+02:00
754877.136,1,2024-08-29 22:00:00+00:00,2024-08-30 00:00:00+02:00
679489.19,1,2024-08-30 22:00:00+00:00,2024-08-31 00:00:00+02:00
635520.797,1,2024-08-31 22:00:00+00:00,2024-09-01 00:00:00+02:00
747148.328,1,2024-09-01 22:00:00+00:00,2024-09-02 00:00:00+02:00
749492.829,1,2024-09-02 22:00:00+00:00,2024-09-03 00:00:00+02:00
724877.568,1,2024-09-03 22:00:00+00:00,2024-09-04 00:00:00+02:00
711286.885,1,2024-09-04 22:00:00+00:00,2024-09-05 00:00:00+02:00
713336.528,1,2024-09-05 22:00:00+00:00,2024-09-06 00:00:00+02:00
627865.294,1,2024-09-06 22:00:00+00:00,2024-09-07 00:00:00+02:00
586439.281,1,2024-09-07 22:00:00+00:00,2024-09-08 00:00:00+02:00
678959.577,1,2024-09-08 22:00:00+00:00,2024-09-09 00:00:00+02:00
702676.435,1,2024-09-09 22:00:00+00:00,2024-09-10 00:00:00+02:00
690262.905,1,2024-09-10 22:00:00+00:00,2024-09-11 00:00:00+02:00
712003.62,1,2024-09-11 22:00:00+00:00,2024-09-12 00:00:00+02:00
684372.294,1,2024-09-12 22:00:00+00:00,2024-09-13 00:00:00+02:00
603145.351,1,2024-09-13 22:00:00+00:00,2024-09-14 00:00:00+02:00
565914.59,1,2024-09-14 22:00:00+00:00,2024-09-15 00:00:00+02:00
677158.157,1,2024-09-15 22:00:00+00:00,2024-09-16 00:00:00+02:00
693667.015,1,2024-09-16 22:00:00+00:00,2024-09-17 00:00:00+02:00
697682.109,1,2024-09-17 22:00:00+00:00,2024-09-18 00:00:00+02:00
695367.747,1,2024-09-18 22:00:00+00:00,2024-09-19 00:00:00+02:00
686311.435,1,2024-09-19 22:00:00+00:00,2024-09-20 00:00:00+02:00
612520.092,1,2024-09-20 22:00:00+00:00,2024-09-21 00:00:00+02:00
563714.064,1,2024-09-21 22:00:00+00:00,2024-09-22 00:00:00+02:00
658402.489,1,2024-09-22 22:00:00+00:00,2024-09-23 00:00:00+02:00
666549.893,1,2024-09-23 22:00:00+00:00,2024-09-24 00:00:00+02:00
690170.306,1,2024-09-24 22:00:00+00:00,2024-09-25 00:00:00+02:00
709563.671,1,2024-09-25 22:00:00+00:00,2024-09-26 00:00:00+02:00
681451.804,1,2024-09-26 22:00:00+00:00,2024-09-27 00:00:00+02:00
586411.756,1,2024-09-27 22:00:00+00:00,2024-09-28 00:00:00+02:00
547130.07,1,2024-09-28 22:00:00+00:00,2024-09-29 00:00:00+02:00
651718.723,1,2024-09-29 22:00:00+00:00,2024-09-30 00:00:00+02:00
684612.618,1,2024-09-30 22:00:00+00:00,2024-10-01 00:00:00+02:00
704137.965,1,2024-10-01 22:00:00+00:00,2024-10-02 00:00:00+02:00
693438.927,1,2024-10-02 22:00:00+00:00,2024-10-03 00:00:00+02:00
675767.86,1,2024-10-03 22:00:00+00:00,2024-10-04 00:00:00+02:00
606869.229,1,2024-10-04 22:00:00+00:00,2024-10-05 00:00:00+02:00
577173.06,1,2024-10-05 22:00:00+00:00,2024-10-06 00:00:00+02:00
690070.631,1,2024-10-06 22:00:00+00:00,2024-10-07 00:00:00+02:00
690974.941,1,2024-10-07 22:00:00+00:00,2024-10-08 00:00:00+02:00
688394.281,1,2024-10-08 22:00:00+00:00,2024-10-09 00:00:00+02:00
674602.585,1,2024-10-09 22:00:00+00:00,2024-10-10 00:00:00+02:00
664565.584,1,2024-10-10 22:00:00+00:00,2024-10-11 00:00:00+02:00
589272.325,1,2024-10-11 22:00:00+00:00,2024-10-12 00:00:00+02:00
549390.403,1,2024-10-12 22:00:00+00:00,2024-10-13 00:00:00+02:00
668027.312,1,2024-10-13 22:00:00+00:00,2024-10-14 00:00:00+02:00
693335.616,1,2024-10-14 22:00:00+00:00,2024-10-15 00:00:00+02:00
696267.98,1,2024-10-15 22:00:00+00:00,2024-10-16 00:00:00+02:00
689262.671,1,2024-10-16 22:00:00+00:00,2024-10-17 00:00:00+02:00
672083.364,1,2024-10-17 22:00:00+00:00,2024-10-18 00:00:00+02:00
592622.751,1,2024-10-18 22:00:00+00:00,2024-10-19 00:00:00+02:00
556263.258,1,2024-10-19 22:00:00+00:00,2024-10-20 00:00:00+02:00
652929.134,1,2024-10-20 22:00:00+00:00,2024-10-21 00:00:00+02:00
677075.735,1,2024-10-21 22:00:00+00:00,2024-10-22 00:00:00+02:00
675029.303,1,2024-10-22 22:00:00+00:00,2024-10-23 00:00:00+02:00
675732.064,1,2024-10-23 22:00:00+00:00,2024-10-24 00:00:00+02:00
680753.442,1,2024-10-24 22:00:00+00:00,2024-10-25 00:00:00+02:00
600259.491,1,2024-10-25 22:00:00+00:00,2024-10-26 00:00:00+02:00
592818.011,1,2024-10-26 22:00:00+00:00,2024-10-27 00:00:00+02:00
674874.49,1,2024-10-27 23:00:00+00:00,2024-10-28 00:00:00+01:00
700574.099,1,2024-10-28 23:00:00+00:00,2024-10-29 00:00:00+01:00
687653.302,1,2024-10-29 23:00:00+00:00,2024-10-30 00:00:00+01:00
666086.577,1,2024-10-30 23:00:00+00:00,2024-10-31 00:00:00+01:00
576955.641,1,2024-10-31 23:00:00+00:00,2024-11-01 00:00:00+01:00
573530.388,1,2024-11-01 23:00:00+00:00,2024-11-02 00:00:00+01:00
554206.328,1,2024-11-02 23:00:00+00:00,2024-11-03 00:00:00+01:00
651653.41,1,2024-11-03 23:00:00+00:00,2024-11-04 00:00:00+01:00
671008.768,1,2024-11-04 23:00:00+00:00,2024-11-05 00:00:00+01:00
674763.53,1,2024-11-05 23:00:00+00:00,2024-11-06 00:00:00+01:00
675631.479,1,2024-11-06 23:00:00+00:00,2024-11-07 00:00:00+01:00
682336.02,1,2024-11-07 23:00:00+00:00,2024-11-08 00:00:00+01:00
603689.931,1,2024-11-08 23:00:00+00:00,2024-11-09 00:00:00+01:00
564790.043,1,2024-11-09 23:00:00+00:00,2024-11-10 00:00:00+01:00
667031.681,1,2024-11-10 23:00:00+00:00,2024-11-11 00:00:00+01:00
698667.79,1,2024-11-11 23:00:00+00:00,2024-11-12 00:00:00+01:00
729582.134,1,2024-11-12 23:00:00+00:00,2024-11-13 00:00:00+01:00
713120.292,1,2024-11-13 23:00:00+00:00,2024-11-14 00:00:00+01:00
704955.638,1,2024-11-14 23:00:00+00:00,2024-11-15 00:00:00+01:00
622878.804,1,2024-11-15 23:00:00+00:00,2024-11-16 00:00:00+01:00
578882.985,1,2024-11-16 23:00:00+00:00,2024-11-17 00:00:00+01:00
682827.51,1,2024-11-17 23:00:00+00:00,2024-11-18 00:00:00+01:00
698671.221,1,2024-11-18 23:00:00+00:00,2024-11-19 00:00:00+01:00
707107.296,1,2024-11-19 23:00:00+00:00,2024-11-20 00:00:00+01:00
723249.489,1,2024-11-20 23:00:00+00:00,2024-11-21 00:00:00+01:00
708584.877,1,2024-11-21 23:00:00+00:00,2024-11-22 00:00:00+01:00
627903.578,1,2024-11-22 23:00:00+00:00,2024-11-23 00:00:00+01:00
588974.226,1,2024-11-23 23:00:00+00:00,2024-11-24 00:00:00+01:00
698078.343,1,2024-11-24 23:00:00+00:00,2024-11-25 00:00:00+01:00
720149.567,1,2024-11-25 23:00:00+00:00,2024-11-26 00:00:00+01:00
724324.978,1,2024-11-26 23:00:00+00:00,2024-11-27 00:00:00+01:00
730708.457,1,2024-11-27 23:00:00+00:00,2024-11-28 00:00:00+01:00
718561.576,1,2024-11-28 23:00:00+00:00,2024-11-29 00:00:00+01:00
635729.236,1,2024-11-29 23:00:00+00:00,2024-11-30 00:00:00+01:00
603031.577,1,2024-11-30 23:00:00+00:00,2024-12-01 00:00:00+01:00
706645.856,1,2024-12-01 23:00:00+00:00,2024-12-02 00:00:00+01:00
723815.781,1,2024-12-02 23:00:00+00:00,2024-12-03 00:00:00+01:00
733823.736,1,2024-12-03 23:00:00+00:00,2024-12-04 00:00:00+01:00
728678.452,1,2024-12-04 23:00:00+00:00,2024-12-05 00:00:00+01:00
634732.969,1,2024-12-05 23:00:00+00:00,2024-12-06 00:00:00+01:00
626204.107,1,2024-12-06 23:00:00+00:00,2024-12-07 00:00:00+01:00
618579.423,1,2024-12-07 23:00:00+00:00,2024-12-08 00:00:00+01:00
727630.736,1,2024-12-08 23:00:00+00:00,2024-12-09 00:00:00+01:00
781334.031,1,2024-12-09 23:00:00+00:00,2024-12-10 00:00:00+01:00
809721.081,1,2024-12-10 23:00:00+00:00,2024-12-11 00:00:00+01:00
805169.012,1,2024-12-11 23:00:00+00:00,2024-12-12 00:00:00+01:00
785137.193,1,2024-12-12 23:00:00+00:00,2024-12-13 00:00:00+01:00
704828.445,1,2024-12-13 23:00:00+00:00,2024-12-14 00:00:00+01:00
672362.256,1,2024-12-14 23:00:00+00:00,2024-12-15 00:00:00+01:00
782975.415,1,2024-12-15 23:00:00+00:00,2024-12-16 00:00:00+01:00
796202.148,1,2024-12-16 23:00:00+00:00,2024-12-17 00:00:00+01:00
781895.5,1,2024-12-17 23:00:00+00:00,2024-12-18 00:00:00+01:00
769610.762,1,2024-12-18 23:00:00+00:00,2024-12-19 00:00:00+01:00
744247.659,1,2024-12-19 23:00:00+00:00,2024-12-20 00:00:00+01:00
674505.332,1,2024-12-20 23:00:00+00:00,2024-12-21 00:00:00+01:00
642593.443,1,2024-12-21 23:00:00+00:00,2024-12-22 00:00:00+01:00
690633.09,1,2024-12-22 23:00:00+00:00,2024-12-23 00:00:00+01:00
642852.982,1,2024-12-23 23:00:00+00:00,2024-12-24 00:00:00+01:00
547482.617,1,2024-12-24 23:00:00+00:00,2024-12-25 00:00:00+01:00
643051.101,1,2024-12-25 23:00:00+00:00,2024-12-26 00:00:00+01:00
676247.896,1,2024-12-26 23:00:00+00:00,2024-12-27 00:00:00+01:00
642095.784,1,2024-12-27 23:00:00+00:00,2024-12-28 00:00:00+01:00
619712.688,1,2024-12-28 23:00:00+00:00,2024-12-29 00:00:00+01:00
691924.592,1,2024-12-29 23:00:00+00:00,2024-12-30 00:00:00+01:00
666906.666,1,2024-12-30 23:00:00+00:00,2024-12-31 00:00:00+01:00
585942.98,1,2024-12-31 23:00:00+00:00,2025-01-01 00:00:00+01:00
714746.165,1,2025-01-01 23:00:00+00:00,2025-01-02 00:00:00+01:00
743131.902,1,2025-01-02 23:00:00+00:00,2025-01-03 00:00:00+01:00
672654.205,1,2025-01-03 23:00:00+00:00,2025-01-04 00:00:00+01:00
637473.016,1,2025-01-04 23:00:00+00:00,2025-01-05 00:00:00+01:00
612375.246,1,2025-01-05 23:00:00+00:00,2025-01-06 00:00:00+01:00
761126.956,1,2025-01-06 23:00:00+00:00,2025-01-07 00:00:00+01:00
785457.969,1,2025-01-07 23:00:00+00:00,2025-01-08 00:00:00+01:00
766861.319,1,2025-01-08 23:00:00+00:00,2025-01-09 00:00:00+01:00
758349.049,1,2025-01-09 23:00:00+00:00,2025-01-10 00:00:00+01:00
670140.941,1,2025-01-10 23:00:00+00:00,2025-01-11 00:00:00+01:00
627798.603,1,2025-01-11 23:00:00+00:00,2025-01-12 00:00:00+01:00
770960.273,1,2025-01-12 23:00:00+00:00,2025-01-13 00:00:00+01:00
811334.506,1,2025-01-13 23:00:00+00:00,2025-01-14 00:00:00+01:00
825272.872,1,2025-01-14 23:00:00+00:00,2025-01-15 00:00:00+01:00
837533.046,1,2025-01-15 23:00:00+00:00,2025-01-16 00:00:00+01:00
823171.174,1,2025-01-16 23:00:00+00:00,2025-01-17 00:00:00+01:00
721462.081,1,2025-01-17 23:00:00+00:00,2025-01-18 00:00:00+01:00
686072.784,1,2025-01-18 23:00:00+00:00,2025-01-19 00:00:00+01:00
814665.825,1,2025-01-19 23:00:00+00:00,2025-01-20 00:00:00+01:00
816068.543,1,2025-01-20 23:00:00+00:00,2025-01-21 00:00:00+01:00
786025.216,1,2025-01-21 23:00:00+00:00,2025-01-22 00:00:00+01:00
763306.352,1,2025-01-22 23:00:00+00:00,2025-01-23 00:00:00+01:00
754465.345,1,2025-01-23 23:00:00+00:00,2025-01-24 00:00:00+01:00
677659.658,1,2025-01-24 23:00:00+00:00,2025-01-25 00:00:00+01:00
639514.665,1,2025-01-25 23:00:00+00:00,2025-01-26 00:00:00+01:00
745544.984,1,2025-01-26 23:00:00+00:00,2025-01-27 00:00:00+01:00
776292.423,1,2025-01-27 23:00:00+00:00,2025-01-28 00:00:00+01:00
797240.69,1,2025-01-28 23:00:00+00:00,2025-01-29 00:00:00+01:00
783496.217,1,2025-01-29 23:00:00+00:00,2025-01-30 00:00:00+01:00
772257.643,1,2025-01-30 23:00:00+00:00,2025-01-31 00:00:00+01:00
695742.806,1,2025-01-31 23:00:00+00:00,2025-02-01 00:00:00+01:00
659166.289,1,2025-02-01 23:00:00+00:00,2025-02-02 00:00:00+01:00
768751.535,1,2025-02-02 23:00:00+00:00,2025-02-03 00:00:00+01:00
782615.522,1,2025-02-03 23:00:00+00:00,2025-02-04 00:00:00+01:00
782147.842,1,2025-02-04 23:00:00+00:00,2025-02-05 00:00:00+01:00
786399.816,1,2025-02-05 23:00:00+00:00,2025-02-06 00:00:00+01:00
796255.651,1,2025-02-06 23:00:00+00:00,2025-02-07 00:00:00+01:00
689583.624,1,2025-02-07 23:00:00+00:00,2025-02-08 00:00:00+01:00
647247.053,1,2025-02-08 23:00:00+00:00,2025-02-09 00:00:00+01:00
757836.189,1,2025-02-09 23:00:00+00:00,2025-02-10 00:00:00+01:00
765437.268,1,2025-02-10 23:00:00+00:00,2025-02-11 00:00:00+01:00
773734.442,1,2025-02-11 23:00:00+00:00,2025-02-12 00:00:00+01:00
757461.905,1,2025-02-12 23:00:00+00:00,2025-02-13 00:00:00+01:00
735597.658,1,2025-02-13 23:00:00+00:00,2025-02-14 00:00:00+01:00
663818.4,1,2025-02-14 23:00:00+00:00,2025-02-15 00:00:00+01:00
612138.615,1,2025-02-15 23:00:00+00:00,2025-02-16 00:00:00+01:00
714984.452,1,2025-02-16 23:00:00+00:00,2025-02-17 00:00:00+01:00
741638.655,1,2025-02-17 23:00:00+00:00,2025-02-18 00:00:00+01:00
729534.345,1,2025-02-18 23:00:00+00:00,2025-02-19 00:00:00+01:00
730459.658,1,2025-02-19 23:00:00+00:00,2025-02-20 00:00:00+01:00
739860.672,1,2025-02-20 23:00:00+00:00,2025-02-21 00:00:00+01:00
654390.89,1,2025-02-21 23:00:00+00:00,2025-02-22 00:00:00+01:00
607511.781,1,2025-02-22 23:00:00+00:00,2025-02-23 00:00:00+01:00
721880.389,1,2025-02-23 23:00:00+00:00,2025-02-24 00:00:00+01:00
746983.888,1,2025-02-24 23:00:00+00:00,2025-02-25 00:00:00+01:00
730095.38,1,2025-02-25 23:00:00+00:00,2025-02-26 00:00:00+01:00
744246.435,1,2025-02-26 23:00:00+00:00,2025-02-27 00:00:00+01:00
728757.572,1,2025-02-27 23:00:00+00:00,2025-02-28 00:00:00+01:00
674402.166,1,2025-02-28 23:00:00+00:00,2025-03-01 00:00:00+01:00
650396.07,1,2025-03-01 23:00:00+00:00,2025-03-02 00:00:00+01:00
755086.29,1,2025-03-02 23:00:00+00:00,2025-03-03 00:00:00+01:00
744807.974,1,2025-03-03 23:00:00+00:00,2025-03-04 00:00:00+01:00
752665.268,1,2025-03-04 23:00:00+00:00,2025-03-05 00:00:00+01:00
749868.661,1,2025-03-05 23:00:00+00:00,2025-03-06 00:00:00+01:00
753167.277,1,2025-03-06 23:00:00+00:00,2025-03-07 00:00:00+01:00
671512.347,1,2025-03-07 23:00:00+00:00,2025-03-08 00:00:00+01:00
620722.295,1,2025-03-08 23:00:00+00:00,2025-03-09 00:00:00+01:00
734634.856,1,2025-03-09 23:00:00+00:00,2025-03-10 00:00:00+01:00
747241.364,1,2025-03-10 23:00:00+00:00,2025-03-11 00:00:00+01:00
739860.815,1,2025-03-11 23:00:00+00:00,2025-03-12 00:00:00+01:00
763516.9,1,2025-03-12 23:00:00+00:00,2025-03-13 00:00:00+01:00
769103.571,1,2025-03-13 23:00:00+00:00,2025-03-14 00:00:00+01:00
670687.823,1,2025-03-14 23:00:00+00:00,2025-03-15 00:00:00+01:00
639887.798,1,2025-03-15 23:00:00+00:00,2025-03-16 00:00:00+01:00
762626.413,1,2025-03-16 23:00:00+00:00,2025-03-17 00:00:00+01:00
770472.372,1,2025-03-17 23:00:00+00:00,2025-03-18 00:00:00+01:00
733051.493,1,2025-03-18 23:00:00+00:00,2025-03-19 00:00:00+01:00
748652.109,1,2025-03-19 23:00:00+00:00,2025-03-20 00:00:00+01:00
741686.419,1,2025-03-20 23:00:00+00:00,2025-03-21 00:00:00+01:00
655406.165,1,2025-03-21 23:00:00+00:00,2025-03-22 00:00:00+01:00
624174.655,1,2025-03-22 23:00:00+00:00,2025-03-23 00:00:00+01:00
732146.565,1,2025-03-23 23:00:00+00:00,2025-03-24 00:00:00+01:00
733866.448,1,2025-03-24 23:00:00+00:00,2025-03-25 00:00:00+01:00
717975.591,1,2025-03-25 23:00:00+00:00,2025-03-26 00:00:00+01:00
709511.544,1,2025-03-26 23:00:00+00:00,2025-03-27 00:00:00+01:00
690635.545,1,2025-03-27 23:00:00+00:00,2025-03-28 00:00:00+01:00
612039.247,1,2025-03-28 23:00:00+00:00,2025-03-29 00:00:00+01:00
545216.607,1,2025-03-29 23:00:00+00:00,2025-03-30 00:00:00+01:00
662750.293,1,2025-03-30 22:00:00+00:00,2025-03-31 00:00:00+02:00
676301.821,1,2025-03-31 22:00:00+00:00,2025-04-01 00:00:00+02:00
703946.462,1,2025-04-01 22:00:00+00:00,2025-04-02 00:00:00+02:00
718951.132,1,2025-04-02 22:00:00+00:00,2025-04-03 00:00:00+02:00
708784.256,1,2025-04-03 22:00:00+00:00,2025-04-04 00:00:00+02:00
613858.999,1,2025-04-04 22:00:00+00:00,2025-04-05 00:00:00+02:00
563374.676,1,2025-04-05 22:00:00+00:00,2025-04-06 00:00:00+02:00
658781.007,1,2025-04-06 22:00:00+00:00,2025-04-07 00:00:00+02:00
665636.233,1,2025-04-07 22:00:00+00:00,2025-04-08 00:00:00+02:00
665425.778,1,2025-04-08 22:00:00+00:00,2025-04-09 00:00:00+02:00
669829.591,1,2025-04-09 22:00:00+00:00,2025-04-10 00:00:00+02:00
681494.754,1,2025-04-10 22:00:00+00:00,2025-04-11 00:00:00+02:00
615965.335,1,2025-04-11 22:00:00+00:00,2025-04-12 00:00:00+02:00
566522.479,1,2025-04-12 22:00:00+00:00,2025-04-13 00:00:00+02:00
663353.056,1,2025-04-13 22:00:00+00:00,2025-04-14 00:00:00+02:00
682260.517,1,2025-04-14 22:00:00+00:00,2025-04-15 00:00:00+02:00
673627.34,1,2025-04-15 22:00:00+00:00,2025-04-16 00:00:00+02:00
592808.906,1,2025-04-16 22:00:00+00:00,2025-04-17 00:00:00+02:00
553234.748,1,2025-04-17 22:00:00+00:00,2025-04-18 00:00:00+02:00
567968.671,1,2025-04-18 22:00:00+00:00,2025-04-19 00:00:00+02:00
545999.637,1,2025-04-19 22:00:00+00:00,2025-04-20 00:00:00+02:00
596556.17,1,2025-04-20 22:00:00+00:00,2025-04-21 00:00:00+02:00
666991.926,1,2025-04-21 22:00:00+00:00,2025-04-22 00:00:00+02:00
653559.57,1,2025-04-22 22:00:00+00:00,2025-04-23 00:00:00+02:00
655046.639,1,2025-04-23 22:00:00+00:00,2025-04-24 00:00:00+02:00
657828.984,1,2025-04-24 22:00:00+00:00,2025-04-25 00:00:00+02:00
586832.148,1,2025-04-25 22:00:00+00:00,2025-04-26 00:00:00+02:00
541841.685,1,2025-04-26 22:00:00+00:00,2025-04-27 00:00:00+02:00
403297.49,1,2025-04-27 22:00:00+00:00,2025-04-28 00:00:00+02:00
590008.854,1,2025-04-28 22:00:00+00:00,2025-04-29 00:00:00+02:00
643741.834,1,2025-04-29 22:00:00+00:00,2025-04-30 00:00:00+02:00
545193.63,1,2025-04-30 22:00:00+00:00,2025-05-01 00:00:00+02:00
591309.24,1,2025-05-01 22:00:00+00:00,2025-05-02 00:00:00+02:00
560744.858,1,2025-05-02 22:00:00+00:00,2025-05-03 00:00:00+02:00
533515.623,1,2025-05-03 22:00:00+00:00,2025-05-04 00:00:00+02:00
648347.913,1,2025-05-04 22:00:00+00:00,2025-05-05 00:00:00+02:00
657604.151,1,2025-05-05 22:00:00+00:00,2025-05-06 00:00:00+02:00
659421.69,1,2025-05-06 22:00:00+00:00,2025-05-07 00:00:00+02:00
668850.822,1,2025-05-07 22:00:00+00:00,2025-05-08 00:00:00+02:00
666459.818,1,2025-05-08 22:00:00+00:00,2025-05-09 00:00:00+02:00
590408.884,1,2025-05-09 22:00:00+00:00,2025-05-10 00:00:00+02:00
545283.335,1,2025-05-10 22:00:00+00:00,2025-05-11 00:00:00+02:00
643322.615,1,2025-05-11 22:00:00+00:00,2025-05-12 00:00:00+02:00
660084.118,1,2025-05-12 22:00:00+00:00,2025-05-13 00:00:00+02:00
672458.81,1,2025-05-13 22:00:00+00:00,2025-05-14 00:00:00+02:00
660896.599,1,2025-05-14 22:00:00+00:00,2025-05-15 00:00:00+02:00
648891.302,1,2025-05-15 22:00:00+00:00,2025-05-16 00:00:00+02:00
570958.901,1,2025-05-16 22:00:00+00:00,2025-05-17 00:00:00+02:00
535313.366,1,2025-05-17 22:00:00+00:00,2025-05-18 00:00:00+02:00
643300.851,1,2025-05-18 22:00:00+00:00,2025-05-19 00:00:00+02:00
652747.818,1,2025-05-19 22:00:00+00:00,2025-05-20 00:00:00+02:00
664074.541,1,2025-05-20 22:00:00+00:00,2025-05-21 00:00:00+02:00
668747.534,1,2025-05-21 22:00:00+00:00,2025-05-22 00:00:00+02:00
662081.848,1,2025-05-22 22:00:00+00:00,2025-05-23 00:00:00+02:00
576100.857,1,2025-05-23 22:00:00+00:00,2025-05-24 00:00:00+02:00
541965.112,1,2025-05-24 22:00:00+00:00,2025-05-25 00:00:00+02:00
656709.372,1,2025-05-25 22:00:00+00:00,2025-05-26 00:00:00+02:00
673794.192,1,2025-05-26 22:00:00+00:00,2025-05-27 00:00:00+02:00
690693.207,1,2025-05-27 22:00:00+00:00,2025-05-28 00:00:00+02:00
705719.635,1,2025-05-28 22:00:00+00:00,2025-05-29 00:00:00+02:00
715887.756,1,2025-05-29 22:00:00+00:00,2025-05-30 00:00:00+02:00
642741.787,1,2025-05-30 22:00:00+00:00,2025-05-31 00:00:00+02:00
602819.715,1,2025-05-31 22:00:00+00:00,2025-06-01 00:00:00+02:00
710381.373,1,2025-06-01 22:00:00+00:00,2025-06-02 00:00:00+02:00
703507.438,1,2025-06-02 22:00:00+00:00,2025-06-03 00:00:00+02:00
697097.43,1,2025-06-03 22:00:00+00:00,2025-06-04 00:00:00+02:00
701181.314,1,2025-06-04 22:00:00+00:00,2025-06-05 00:00:00+02:00
703707.936,1,2025-06-05 22:00:00+00:00,2025-06-06 00:00:00+02:00
630969.58,1,2025-06-06 22:00:00+00:00,2025-06-07 00:00:00+02:00
598851.312,1,2025-06-07 22:00:00+00:00,2025-06-08 00:00:00+02:00
711622.037,1,2025-06-08 22:00:00+00:00,2025-06-09 00:00:00+02:00
755719.469,1,2025-06-09 22:00:00+00:00,2025-06-10 00:00:00+02:00
753794.119,1,2025-06-10 22:00:00+00:00,2025-06-11 00:00:00+02:00
736017.95,1,2025-06-11 22:00:00+00:00,2025-06-12 00:00:00+02:00
742056.53,1,2025-06-12 22:00:00+00:00,2025-06-13 00:00:00+02:00
663394.009,1,2025-06-13 22:00:00+00:00,2025-06-14 00:00:00+02:00
627891.392,1,2025-06-14 22:00:00+00:00,2025-06-15 00:00:00+02:00
756596.132,1,2025-06-15 22:00:00+00:00,2025-06-16 00:00:00+02:00
790348.281,1,2025-06-16 22:00:00+00:00,2025-06-17 00:00:00+02:00
799721.974,1,2025-06-17 22:00:00+00:00,2025-06-18 00:00:00+02:00
801405.043,1,2025-06-18 22:00:00+00:00,2025-06-19 00:00:00+02:00
800467.012,1,2025-06-19 22:00:00+00:00,2025-06-20 00:00:00+02:00
718037.908,1,2025-06-20 22:00:00+00:00,2025-06-21 00:00:00+02:00
669508.036,1,2025-06-21 22:00:00+00:00,2025-06-22 00:00:00+02:00
770147.158,1,2025-06-22 22:00:00+00:00,2025-06-23 00:00:00+02:00
757680.57,1,2025-06-23 22:00:00+00:00,2025-06-24 00:00:00+02:00
780480.5,1,2025-06-24 22:00:00+00:00,2025-06-25 00:00:00+02:00
790453.374,1,2025-06-25 22:00:00+00:00,2025-06-26 00:00:00+02:00
806679.344,1,2025-06-26 22:00:00+00:00,2025-06-27 00:00:00+02:00
736928.967,1,2025-06-27 22:00:00+00:00,2025-06-28 00:00:00+02:00
707452.281,1,2025-06-28 22:00:00+00:00,2025-06-29 00:00:00+02:00
837662.946,1,2025-06-29 22:00:00+00:00,2025-06-30 00:00:00+02:00
857059.05,1,2025-06-30 22:00:00+00:00,2025-07-01 00:00:00+02:00
861178.961,1,2025-07-01 22:00:00+00:00,2025-07-02 00:00:00+02:00
856810.16,1,2025-07-02 22:00:00+00:00,2025-07-03 00:00:00+02:00
841678.891,1,2025-07-03 22:00:00+00:00,2025-07-04 00:00:00+02:00
745880.855,1,2025-07-04 22:00:00+00:00,2025-07-05 00:00:00+02:00
688994.137,1,2025-07-05 22:00:00+00:00,2025-07-06 00:00:00+02:00
803282.925,1,2025-07-06 22:00:00+00:00,2025-07-07 00:00:00+02:00
794518.367,1,2025-07-07 22:00:00+00:00,2025-07-08 00:00:00+02:00
809500.683,1,2025-07-08 22:00:00+00:00,2025-07-09 00:00:00+02:00
805006.775,1,2025-07-09 22:00:00+00:00,2025-07-10 00:00:00+02:00
788513.787,1,2025-07-10 22:00:00+00:00,2025-07-11 00:00:00+02:00
671976.538,1,2025-07-11 22:00:00+00:00,2025-07-12 00:00:00+02:00
615530.549,1,2025-07-12 22:00:00+00:00,2025-07-13 00:00:00+02:00
762786.592,1,2025-07-13 22:00:00+00:00,2025-07-14 00:00:00+02:00
797809.236,1,2025-07-14 22:00:00+00:00,2025-07-15 00:00:00+02:00
816806.174,1,2025-07-15 22:00:00+00:00,2025-07-16 00:00:00+02:00
839518.237,1,2025-07-16 22:00:00+00:00,2025-07-17 00:00:00+02:00
821388.608,1,2025-07-17 22:00:00+00:00,2025-07-18 00:00:00+02:00
711703.525,1,2025-07-18 22:00:00+00:00,2025-07-19 00:00:00+02:00
659396.043,1,2025-07-19 22:00:00+00:00,2025-07-20 00:00:00+02:00
758458.184,1,2025-07-20 22:00:00+00:00,2025-07-21 00:00:00+02:00
775365.945,1,2025-07-21 22:00:00+00:00,2025-07-22 00:00:00+02:00
789988.712,1,2025-07-22 22:00:00+00:00,2025-07-23 00:00:00+02:00
750581.907,1,2025-07-23 22:00:00+00:00,2025-07-24 00:00:00+02:00
692758.153,1,2025-07-24 22:00:00+00:00,2025-07-25 00:00:00+02:00
645962.042,1,2025-07-25 22:00:00+00:00,2025-07-26 00:00:00+02:00
622844.787,1,2025-07-26 22:00:00+00:00,2025-07-27 00:00:00+02:00
736634.927,1,2025-07-27 22:00:00+00:00,2025-07-28 00:00:00+02:00
731472.681,1,2025-07-28 22:00:00+00:00,2025-07-29 00:00:00+02:00
738786.755,1,2025-07-29 22:00:00+00:00,2025-07-30 00:00:00+02:00
738863.756,1,2025-07-30 22:00:00+00:00,2025-07-31 00:00:00+02:00
739168.874,1,2025-07-31 22:00:00+00:00,2025-08-01 00:00:00+02:00
671105.203,1,2025-08-01 22:00:00+00:00,2025-08-02 00:00:00+02:00
633322.338,1,2025-08-02 22:00:00+00:00,2025-08-03 00:00:00+02:00
737077.917,1,2025-08-03 22:00:00+00:00,2025-08-04 00:00:00+02:00
736755.325,1,2025-08-04 22:00:00+00:00,2025-08-05 00:00:00+02:00
739498.764,1,2025-08-05 22:00:00+00:00,2025-08-06 00:00:00+02:00
757495.856,1,2025-08-06 22:00:00+00:00,2025-08-07 00:00:00+02:00
755794.716,1,2025-08-07 22:00:00+00:00,2025-08-08 00:00:00+02:00
696125.623,1,2025-08-08 22:00:00+00:00,2025-08-09 00:00:00+02:00
665327.02,1,2025-08-09 22:00:00+00:00,2025-08-10 00:00:00+02:00
770154.375,1,2025-08-10 22:00:00+00:00,2025-08-11 00:00:00+02:00
789354.172,1,2025-08-11 22:00:00+00:00,2025-08-12 00:00:00+02:00
784300.347,1,2025-08-12 22:00:00+00:00,2025-08-13 00:00:00+02:00
768795.674,1,2025-08-13 22:00:00+00:00,2025-08-14 00:00:00+02:00
697692.381,1,2025-08-14 22:00:00+00:00,2025-08-15 00:00:00+02:00
712442.645,1,2025-08-15 22:00:00+00:00,2025-08-16 00:00:00+02:00
698785.936,1,2025-08-16 22:00:00+00:00,2025-08-17 00:00:00+02:00
790921.696,1,2025-08-17 22:00:00+00:00,2025-08-18 00:00:00+02:00
765059.914,1,2025-08-18 22:00:00+00:00,2025-08-19 00:00:00+02:00
728307.604,1,2025-08-19 22:00:00+00:00,2025-08-20 00:00:00+02:00
711360.986,1,2025-08-20 22:00:00+00:00,2025-08-21 00:00:00+02:00
703280.779,1,2025-08-21 22:00:00+00:00,2025-08-22 00:00:00+02:00
649410.059,1,2025-08-22 22:00:00+00:00,2025-08-23 00:00:00+02:00
621691.167,1,2025-08-23 22:00:00+00:00,2025-08-24 00:00:00+02:00
738402.878,1,2025-08-24 22:00:00+00:00,2025-08-25 00:00:00+02:00
769015.844,1,2025-08-25 22:00:00+00:00,2025-08-26 00:00:00+02:00
776240.472,1,2025-08-26 22:00:00+00:00,2025-08-27 00:00:00+02:00
739751.54,1,2025-08-27 22:00:00+00:00,2025-08-28 00:00:00+02:00
709249.68,1,2025-08-28 22:00:00+00:00,2025-08-29 00:00:00+02:00
645955.613,1,2025-08-29 22:00:00+00:00,2025-08-30 00:00:00+02:00
613728.66,1,2025-08-30 22:00:00+00:00,2025-08-31 00:00:00+02:00
695220.826,1,2025-08-31 22:00:00+00:00,2025-09-01 00:00:00+02:00
709142.509,1,2025-09-01 22:00:00+00:00,2025-09-02 00:00:00+02:00
724181.849,1,2025-09-02 22:00:00+00:00,2025-09-03 00:00:00+02:00
739985.161,1,2025-09-03 22:00:00+00:00,2025-09-04 00:00:00+02:00
733111.581,1,2025-09-04 22:00:00+00:00,2025-09-05 00:00:00+02:00
662031.9,1,2025-09-05 22:00:00+00:00,2025-09-06 00:00:00+02:00
637765.409,1,2025-09-06 22:00:00+00:00,2025-09-07 00:00:00+02:00
734401.925,1,2025-09-07 22:00:00+00:00,2025-09-08 00:00:00+02:00
729514.882,1,2025-09-08 22:00:00+00:00,2025-09-09 00:00:00+02:00
720856.008,1,2025-09-09 22:00:00+00:00,2025-09-10 00:00:00+02:00
707468.81,1,2025-09-10 22:00:00+00:00,2025-09-11 00:00:00+02:00
718782.125,1,2025-09-11 22:00:00+00:00,2025-09-12 00:00:00+02:00
648966.215,1,2025-09-12 22:00:00+00:00,2025-09-13 00:00:00+02:00
609958.866,1,2025-09-13 22:00:00+00:00,2025-09-14 00:00:00+02:00
735815.203,1,2025-09-14 22:00:00+00:00,2025-09-15 00:00:00+02:00
762031.043,1,2025-09-15 22:00:00+00:00,2025-09-16 00:00:00+02:00
771778.465,1,2025-09-16 22:00:00+00:00,2025-09-17 00:00:00+02:00
777066.321,1,2025-09-17 22:00:00+00:00,2025-09-18 00:00:00+02:00
773874.683,1,2025-09-18 22:00:00+00:00,2025-09-19 00:00:00+02:00
681940.62,1,2025-09-19 22:00:00+00:00,2025-09-20 00:00:00+02:00
619816.49,1,2025-09-20 22:00:00+00:00,2025-09-21 00:00:00+02:00
673251.051,1,2025-09-21 22:00:00+00:00,2025-09-22 00:00:00+02:00
682359.452,1,2025-09-22 22:00:00+00:00,2025-09-23 00:00:00+02:00
679205.773,1,2025-09-23 22:00:00+00:00,2025-09-24 00:00:00+02:00
687310.548,1,2025-09-24 22:00:00+00:00,2025-09-25 00:00:00+02:00
678828.907,1,2025-09-25 22:00:00+00:00,2025-09-26 00:00:00+02:00
606807.853,1,2025-09-26 22:00:00+00:00,2025-09-27 00:00:00+02:00
576950.527,1,2025-09-27 22:00:00+00:00,2025-09-28 00:00:00+02:00
667956.997,1,2025-09-28 22:00:00+00:00,2025-09-29 00:00:00+02:00
680217.557,1,2025-09-29 22:00:00+00:00,2025-09-30 00:00:00+02:00
681447.858,1,2025-09-30 22:00:00+00:00,2025-10-01 00:00:00+02:00
685450.521,1,2025-10-01 22:00:00+00:00,2025-10-02 00:00:00+02:00
690816.932,1,2025-10-02 22:00:00+00:00,2025-10-03 00:00:00+02:00
616790.228,1,2025-10-03 22:00:00+00:00,2025-10-04 00:00:00+02:00
572165.532,1,2025-10-04 22:00:00+00:00,2025-10-05 00:00:00+02:00
675839.454,1,2025-10-05 22:00:00+00:00,2025-10-06 00:00:00+02:00
685160.976,1,2025-10-06 22:00:00+00:00,2025-10-07 00:00:00+02:00
694124.826,1,2025-10-07 22:00:00+00:00,2025-10-08 00:00:00+02:00
687061.764,1,2025-10-08 22:00:00+00:00,2025-10-09 00:00:00+02:00
674000.228,1,2025-10-09 22:00:00+00:00,2025-10-10 00:00:00+02:00
597229.387,1,2025-10-10 22:00:00+00:00,2025-10-11 00:00:00+02:00
556264.228,1,2025-10-11 22:00:00+00:00,2025-10-12 00:00:00+02:00
643114.682,1,2025-10-12 22:00:00+00:00,2025-10-13 00:00:00+02:00
684525.569,1,2025-10-13 22:00:00+00:00,2025-10-14 00:00:00+02:00
685175.099,1,2025-10-14 22:00:00+00:00,2025-10-15 00:00:00+02:00
692752.575,1,2025-10-15 22:00:00+00:00,2025-10-16 00:00:00+02:00
685426.652,1,2025-10-16 22:00:00+00:00,2025-10-17 00:00:00+02:00
598999.213,1,2025-10-17 22:00:00+00:00,2025-10-18 00:00:00+02:00
569217.087,1,2025-10-18 22:00:00+00:00,2025-10-19 00:00:00+02:00
678283.258,1,2025-10-19 22:00:00+00:00,2025-10-20 00:00:00+02:00
699998.238,1,2025-10-20 22:00:00+00:00,2025-10-21 00:00:00+02:00
702111.01,1,2025-10-21 22:00:00+00:00,2025-10-22 00:00:00+02:00
697468.385,1,2025-10-22 22:00:00+00:00,2025-10-23 00:00:00+02:00
682693.846,1,2025-10-23 22:00:00+00:00,2025-10-24 00:00:00+02:00
611453.291,1,2025-10-24 22:00:00+00:00,2025-10-25 00:00:00+02:00
597182.047,1,2025-10-25 22:00:00+00:00,2025-10-26 00:00:00+02:00
664881.843,1,2025-10-26 23:00:00+00:00,2025-10-27 00:00:00+01:00
685758.817,1,2025-10-27 23:00:00+00:00,2025-10-28 00:00:00+01:00
701784.681,1,2025-10-28 23:00:00+00:00,2025-10-29 00:00:00+01:00
690636.076,1,2025-10-29 23:00:00+00:00,2025-10-30 00:00:00+01:00
682352.959,1,2025-10-30 23:00:00+00:00,2025-10-31 00:00:00+01:00
592224.216,1,2025-10-31 23:00:00+00:00,2025-11-01 00:00:00+01:00
564919.581,1,2025-11-01 23:00:00+00:00,2025-11-02 00:00:00+01:00
667334.984,1,2025-11-02 23:00:00+00:00,2025-11-03 00:00:00+01:00
692342.243,1,2025-11-03 23:00:00+00:00,2025-11-04 00:00:00+01:00
709914.049,1,2025-11-04 23:00:00+00:00,2025-11-05 00:00:00+01:00
707569.02,1,2025-11-05 23:00:00+00:00,2025-11-06 00:00:00+01:00
709465.115,1,2025-11-06 23:00:00+00:00,2025-11-07 00:00:00+01:00
628388.251,1,2025-11-07 23:00:00+00:00,2025-11-08 00:00:00+01:00
587930.143,1,2025-11-08 23:00:00+00:00,2025-11-09 00:00:00+01:00
692243.583,1,2025-11-09 23:00:00+00:00,2025-11-10 00:00:00+01:00
716770.269,1,2025-11-10 23:00:00+00:00,2025-11-11 00:00:00+01:00
716983.285,1,2025-11-11 23:00:00+00:00,2025-11-12 00:00:00+01:00
736367.279,1,2025-11-12 23:00:00+00:00,2025-11-13 00:00:00+01:00
725333.914,1,2025-11-13 23:00:00+00:00,2025-11-14 00:00:00+01:00
644732.613,1,2025-11-14 23:00:00+00:00,2025-11-15 00:00:00+01:00
595938.319,1,2025-11-15 23:00:00+00:00,2025-11-16 00:00:00+01:00
708643.281,1,2025-11-16 23:00:00+00:00,2025-11-17 00:00:00+01:00
727783.879,1,2025-11-17 23:00:00+00:00,2025-11-18 00:00:00+01:00
746921.31,1,2025-11-18 23:00:00+00:00,2025-11-19 00:00:00+01:00
764895.823,1,2025-11-19 23:00:00+00:00,2025-11-20 00:00:00+01:00
778121.195,1,2025-11-20 23:00:00+00:00,2025-11-21 00:00:00+01:00
700721.906,1,2025-11-21 23:00:00+00:00,2025-11-22 00:00:00+01:00
662908.597,1,2025-11-22 23:00:00+00:00,2025-11-23 00:00:00+01:00
777546.671,1,2025-11-23 23:00:00+00:00,2025-11-24 00:00:00+01:00
781672.446,1,2025-11-24 23:00:00+00:00,2025-11-25 00:00:00+01:00
789660.236,1,2025-11-25 23:00:00+00:00,2025-11-26 00:00:00+01:00
798053.606,1,2025-11-26 23:00:00+00:00,2025-11-27 00:00:00+01:00
788945.539,1,2025-11-27 23:00:00+00:00,2025-11-28 00:00:00+01:00
703367.672,1,2025-11-28 23:00:00+00:00,2025-11-29 00:00:00+01:00
673718.189,1,2025-11-29 23:00:00+00:00,2025-11-30 00:00:00+01:00
790477.858,1,2025-11-30 23:00:00+00:00,2025-12-01 00:00:00+01:00
811207.404,1,2025-12-01 23:00:00+00:00,2025-12-02 00:00:00+01:00
812350.358,1,2025-12-02 23:00:00+00:00,2025-12-03 00:00:00+01:00
837451.359,1,2025-12-03 23:00:00+00:00,2025-12-04 00:00:00+01:00
804046.095,1,2025-12-04 23:00:00+00:00,2025-12-05 00:00:00+01:00
680064.047,1,2025-12-05 23:00:00+00:00,2025-12-06 00:00:00+01:00
631522.224,1,2025-12-06 23:00:00+00:00,2025-12-07 00:00:00+01:00
651584.392,1,2025-12-07 23:00:00+00:00,2025-12-08 00:00:00+01:00
765538.19,1,2025-12-08 23:00:00+00:00,2025-12-09 00:00:00+01:00
793943.663,1,2025-12-09 23:00:00+00:00,2025-12-10 00:00:00+01:00
787803.972,1,2025-12-10 23:00:00+00:00,2025-12-11 00:00:00+01:00
786938.366,1,2025-12-11 23:00:00+00:00,2025-12-12 00:00:00+01:00
686876.902,1,2025-12-12 23:00:00+00:00,2025-12-13 00:00:00+01:00
658575.236,1,2025-12-13 23:00:00+00:00,2025-12-14 00:00:00+01:00
772519.725,1,2025-12-14 23:00:00+00:00,2025-12-15 00:00:00+01:00
802984.693,1,2025-12-15 23:00:00+00:00,2025-12-16 00:00:00+01:00
782501.052,1,2025-12-16 23:00:00+00:00,2025-12-17 00:00:00+01:00
780182.277,1,2025-12-17 23:00:00+00:00,2025-12-18 00:00:00+01:00
775930.19,1,2025-12-18 23:00:00+00:00,2025-12-19 00:00:00+01:00
692820.584,1,2025-12-19 23:00:00+00:00,2025-12-20 00:00:00+01:00
670225.5,1,2025-12-20 23:00:00+00:00,2025-12-21 00:00:00+01:00
770160.815,1,2025-12-21 23:00:00+00:00,2025-12-22 00:00:00+01:00
777702.768,1,2025-12-22 23:00:00+00:00,2025-12-23 00:00:00+01:00
686264.862,1,2025-12-23 23:00:00+00:00,2025-12-24 00:00:00+01:00
610017.094,1,2025-12-24 23:00:00+00:00,2025-12-25 00:00:00+01:00
683547.617,1,2025-12-25 23:00:00+00:00,2025-12-26 00:00:00+01:00
677335.172,1,2025-12-26 23:00:00+00:00,2025-12-27 00:00:00+01:00
639207.147,1,2025-12-27 23:00:00+00:00,2025-12-28 00:00:00+01:00
713546.431,1,2025-12-28 23:00:00+00:00,2025-12-29 00:00:00+01:00
724067.707,1,2025-12-29 23:00:00+00:00,2025-12-30 00:00:00+01:00
684034.843,1,2025-12-30 23:00:00+00:00,2025-12-31 00:00:00+01:00
