fecha,ciudad,latitud,longitud,temperatura_max,temperatura_min,temperatura_media,sensacion_max,sensacion_min,hora_amanecer,hora_atardecer,radiacion_acumulada,viento_max,precipitacion_total,año,mes,dia,fuente,HDD,CDD
2021-01-01,Madrid,40.386642,-3.6760864,6.4,1.6,3.6,0.9,-2.4,09:37,18:59,8.78,22.9,3.6,2021,1,1,Open-Meteo (ERA5),14.4,0.0
2021-01-02,Madrid,40.386642,-3.6760864,5.2,-1.4,1.7,0.4,-5.3,09:37,18:59,8.24,20.1,0.0,2021,1,2,Open-Meteo (ERA5),16.3,0.0
2021-01-03,Madrid,40.386642,-3.6760864,7.3,-2.5,1.4,2.8,-6.4,09:37,19:00,8.41,15.0,0.0,2021,1,3,Open-Meteo (ERA5),16.6,0.0
2021-01-04,Madrid,40.386642,-3.6760864,5.9,-0.8,1.6,1.3,-4.9,09:37,19:01,8.72,17.0,0.1,2021,1,4,Open-Meteo (ERA5),16.4,0.0
2021-01-05,Madrid,40.386642,-3.6760864,4.7,-4.0,-0.3,1.5,-7.6,09:37,19:02,9.68,8.8,0.0,2021,1,5,Open-Meteo (ERA5),18.3,0.0
2021-01-06,Madrid,40.386642,-3.6760864,5.8,-4.1,-0.5,2.1,-8.0,09:37,19:03,9.47,10.3,0.0,2021,1,6,Open-Meteo (ERA5),18.5,0.0
2021-01-07,Madrid,40.386642,-3.6760864,2.5,-2.3,-0.4,-1.7,-7.1,09:37,19:04,3.26,14.0,1.8,2021,1,7,Open-Meteo (ERA5),18.4,0.0
2021-01-08,Madrid,40.386642,-3.6760864,1.4,-2.0,-0.3,-3.3,-7.0,09:37,19:05,1.82,23.2,13.6,2021,1,8,Open-Meteo (ERA5),18.3,0.0
2021-01-09,Madrid,40.386642,-3.6760864,0.6,-1.4,-0.4,-2.2,-7.8,09:37,19:06,2.69,27.0,33.4,2021,1,9,Open-Meteo (ERA5),18.4,0.0
2021-01-10,Madrid,40.386642,-3.6760864,3.7,-1.5,1.0,-0.0,-5.6,09:37,19:07,9.28,16.4,0.1,2021,1,10,Open-Meteo (ERA5),17.0,0.0
2021-01-11,Madrid,40.386642,-3.6760864,5.8,-3.1,0.4,0.8,-7.4,09:36,19:08,9.41,16.0,0.0,2021,1,11,Open-Meteo (ERA5),17.6,0.0
2021-01-12,Madrid,40.386642,-3.6760864,4.0,-6.4,-2.7,0.4,-9.9,09:36,19:09,10.35,7.7,0.0,2021,1,12,Open-Meteo (ERA5),20.7,0.0
2021-01-13,Madrid,40.386642,-3.6760864,5.1,-6.7,-2.3,1.6,-10.9,09:36,19:10,10.62,7.9,0.0,2021,1,13,Open-Meteo (ERA5),20.3,0.0
2021-01-14,Madrid,40.386642,-3.6760864,5.6,-11.1,-3.2,2.2,-16.1,09:35,19:11,10.88,13.1,0.0,2021,1,14,Open-Meteo (ERA5),21.2,0.0
2021-01-15,Madrid,40.386642,-3.6760864,6.9,-5.7,0.0,3.9,-9.5,09:35,19:12,10.48,12.8,0.0,2021,1,15,Open-Meteo (ERA5),18.0,0.0
2021-01-16,Madrid,40.386642,-3.6760864,7.8,-4.8,-0.2,4.8,-9.0,09:35,19:13,11.08,10.8,0.0,2021,1,16,Open-Meteo (ERA5),18.2,0.0
2021-01-17,Madrid,40.386642,-3.6760864,6.5,-9.6,-1.7,2.9,-14.6,09:34,19:14,11.42,11.4,0.0,2021,1,17,Open-Meteo (ERA5),19.7,0.0
2021-01-18,Madrid,40.386642,-3.6760864,7.4,-6.3,-0.4,4.8,-11.4,09:34,19:16,11.1,14.4,0.0,2021,1,18,Open-Meteo (ERA5),18.4,0.0
2021-01-19,Madrid,40.386642,-3.6760864,4.7,-6.3,-1.5,2.1,-10.9,09:33,19:17,11.03,12.1,0.0,2021,1,19,Open-Meteo (ERA5),19.5,0.0
2021-01-20,Madrid,40.386642,-3.6760864,5.5,-4.0,1.9,2.3,-8.2,09:32,19:18,2.99,16.9,2.5,2021,1,20,Open-Meteo (ERA5),16.1,0.0
2021-01-21,Madrid,40.386642,-3.6760864,10.6,5.6,7.8,6.6,2.0,09:32,19:19,3.72,24.9,0.5,2021,1,21,Open-Meteo (ERA5),10.2,0.0
2021-01-22,Madrid,40.386642,-3.6760864,9.9,3.3,7.6,5.7,-0.1,09:31,19:20,5.84,39.4,2.3,2021,1,22,Open-Meteo (ERA5),10.4,0.0
2021-01-23,Madrid,40.386642,-3.6760864,9.6,2.8,5.8,5.5,-1.2,09:31,19:22,2.01,31.1,2.0,2021,1,23,Open-Meteo (ERA5),12.2,0.0
2021-01-24,Madrid,40.386642,-3.6760864,11.6,6.8,9.1,7.4,2.7,09:30,19:23,8.07,24.8,0.6,2021,1,24,Open-Meteo (ERA5),8.9,0.0
2021-01-25,Madrid,40.386642,-3.6760864,12.8,6.8,10.0,9.2,3.6,09:29,19:24,2.78,29.6,1.5,2021,1,25,Open-Meteo (ERA5),8.0,0.0
2021-01-26,Madrid,40.386642,-3.6760864,15.6,8.1,11.3,14.4,6.7,09:28,19:25,6.01,15.0,0.4,2021,1,26,Open-Meteo (ERA5),6.699999999999999,0.0
2021-01-27,Madrid,40.386642,-3.6760864,18.3,10.9,13.3,17.4,9.5,09:28,19:26,9.6,14.3,0.0,2021,1,27,Open-Meteo (ERA5),4.699999999999999,0.0
2021-01-28,Madrid,40.386642,-3.6760864,14.3,8.9,11.1,13.2,7.5,09:27,19:28,5.57,10.6,0.2,2021,1,28,Open-Meteo (ERA5),6.9,0.0
2021-01-29,Madrid,40.386642,-3.6760864,14.4,7.1,10.1,12.3,5.4,09:26,19:29,6.64,15.6,0.0,2021,1,29,Open-Meteo (ERA5),7.9,0.0
2021-01-30,Madrid,40.386642,-3.6760864,11.6,8.3,10.1,8.0,3.7,09:25,19:30,9.38,26.3,4.3,2021,1,30,Open-Meteo (ERA5),7.9,0.0
2021-01-31,Madrid,40.386642,-3.6760864,13.2,5.2,9.0,8.7,0.6,09:24,19:31,5.27,30.0,0.4,2021,1,31,Open-Meteo (ERA5),9.0,0.0
2021-02-01,Madrid,40.386642,-3.6760864,14.8,7.5,10.4,10.9,3.8,09:23,19:32,10.25,24.6,0.0,2021,2,1,Open-Meteo (ERA5),7.6,0.0
2021-02-02,Madrid,40.386642,-3.6760864,12.6,7.4,9.9,9.9,4.2,09:22,19:34,4.44,18.3,0.2,2021,2,2,Open-Meteo (ERA5),8.1,0.0
2021-02-03,Madrid,40.386642,-3.6760864,11.6,7.8,9.6,10.1,5.1,09:21,19:35,3.46,14.4,0.6,2021,2,3,Open-Meteo (ERA5),8.4,0.0
2021-02-04,Madrid,40.386642,-3.6760864,13.8,8.1,10.4,11.9,6.2,09:20,19:36,7.98,13.5,0.2,2021,2,4,Open-Meteo (ERA5),7.6,0.0
2021-02-05,Madrid,40.386642,-3.6760864,16.5,7.1,10.7,14.3,4.1,09:19,19:37,11.82,13.8,9.6,2021,2,5,Open-Meteo (ERA5),7.300000000000001,0.0
2021-02-06,Madrid,40.386642,-3.6760864,11.6,5.5,8.2,10.3,3.2,09:18,19:38,6.72,17.4,11.5,2021,2,6,Open-Meteo (ERA5),9.8,0.0
2021-02-07,Madrid,40.386642,-3.6760864,11.6,4.2,7.3,6.9,1.2,09:17,19:40,10.41,23.2,1.0,2021,2,7,Open-Meteo (ERA5),10.7,0.0
2021-02-08,Madrid,40.386642,-3.6760864,10.1,5.6,7.7,5.2,0.9,09:16,19:41,9.72,27.8,10.5,2021,2,8,Open-Meteo (ERA5),10.3,0.0
2021-02-09,Madrid,40.386642,-3.6760864,9.4,5.9,7.4,4.7,1.4,09:15,19:42,2.87,38.2,14.2,2021,2,9,Open-Meteo (ERA5),10.6,0.0
2021-02-10,Madrid,40.386642,-3.6760864,13.1,5.8,8.6,9.2,1.3,09:13,19:43,12.43,33.8,3.6,2021,2,10,Open-Meteo (ERA5),9.4,0.0
2021-02-11,Madrid,40.386642,-3.6760864,13.5,6.2,9.8,10.9,2.9,09:12,19:45,4.57,18.0,0.7,2021,2,11,Open-Meteo (ERA5),8.2,0.0
2021-02-12,Madrid,40.386642,-3.6760864,14.1,8.2,11.0,10.2,5.3,09:11,19:46,10.51,24.2,1.2,2021,2,12,Open-Meteo (ERA5),7.0,0.0
2021-02-13,Madrid,40.386642,-3.6760864,16.2,3.1,8.7,13.4,0.3,09:10,19:47,12.01,11.5,0.0,2021,2,13,Open-Meteo (ERA5),9.3,0.0
2021-02-14,Madrid,40.386642,-3.6760864,14.9,2.2,8.3,12.6,-0.7,09:08,19:48,13.83,8.7,0.0,2021,2,14,Open-Meteo (ERA5),9.7,0.0
2021-02-15,Madrid,40.386642,-3.6760864,14.6,4.2,8.4,12.7,1.5,09:07,19:49,12.28,10.6,0.0,2021,2,15,Open-Meteo (ERA5),9.6,0.0
2021-02-16,Madrid,40.386642,-3.6760864,15.1,2.5,7.9,11.8,-0.2,09:06,19:51,13.87,14.6,0.0,2021,2,16,Open-Meteo (ERA5),10.1,0.0
2021-02-17,Madrid,40.386642,-3.6760864,15.9,4.4,9.4,13.8,2.8,09:05,19:52,13.2,9.4,0.0,2021,2,17,Open-Meteo (ERA5),8.6,0.0
2021-02-18,Madrid,40.386642,-3.6760864,15.6,3.7,9.2,11.6,1.0,09:03,19:53,13.48,19.4,0.0,2021,2,18,Open-Meteo (ERA5),8.8,0.0
2021-02-19,Madrid,40.386642,-3.6760864,17.0,4.8,9.6,13.1,2.2,09:02,19:54,15.08,15.2,0.0,2021,2,19,Open-Meteo (ERA5),8.4,0.0
2021-02-20,Madrid,40.386642,-3.6760864,18.1,5.4,10.4,13.4,2.6,09:01,19:55,14.7,18.4,0.0,2021,2,20,Open-Meteo (ERA5),7.6,0.0
2021-02-21,Madrid,40.386642,-3.6760864,11.6,7.2,9.6,8.9,4.2,08:59,19:56,6.09,18.7,5.0,2021,2,21,Open-Meteo (ERA5),8.4,0.0
2021-02-22,Madrid,40.386642,-3.6760864,10.9,5.2,7.4,8.0,0.9,08:58,19:58,6.84,22.7,1.9,2021,2,22,Open-Meteo (ERA5),10.6,0.0
2021-02-23,Madrid,40.386642,-3.6760864,14.1,1.9,7.3,11.2,-1.4,08:56,19:59,13.04,10.2,0.0,2021,2,23,Open-Meteo (ERA5),10.7,0.0
2021-02-24,Madrid,40.386642,-3.6760864,16.0,2.6,8.4,13.0,-0.4,08:55,20:00,15.55,18.4,0.0,2021,2,24,Open-Meteo (ERA5),9.6,0.0
2021-02-25,Madrid,40.386642,-3.6760864,14.0,4.7,8.9,11.9,1.6,08:53,20:01,11.25,12.1,0.0,2021,2,25,Open-Meteo (ERA5),9.1,0.0
2021-02-26,Madrid,40.386642,-3.6760864,16.2,4.8,10.0,14.3,2.0,08:52,20:02,14.56,11.1,0.0,2021,2,26,Open-Meteo (ERA5),8.0,0.0
2021-02-27,Madrid,40.386642,-3.6760864,18.4,4.8,10.9,16.1,1.6,08:50,20:03,16.59,13.7,0.0,2021,2,27,Open-Meteo (ERA5),7.1,0.0
2021-02-28,Madrid,40.386642,-3.6760864,14.8,2.5,8.9,10.7,-0.5,08:49,20:04,13.31,17.6,0.1,2021,2,28,Open-Meteo (ERA5),9.1,0.0
2021-03-01,Madrid,40.386642,-3.6760864,11.1,4.7,8.0,8.7,1.6,08:47,20:06,6.92,13.0,3.9,2021,3,1,Open-Meteo (ERA5),10.0,0.0
2021-03-02,Madrid,40.386642,-3.6760864,14.4,5.2,9.6,12.0,3.1,08:46,20:07,10.05,9.5,0.1,2021,3,2,Open-Meteo (ERA5),8.4,0.0
2021-03-03,Madrid,40.386642,-3.6760864,15.9,4.9,10.3,14.6,2.6,08:44,20:08,15.17,7.6,0.0,2021,3,3,Open-Meteo (ERA5),7.699999999999999,0.0
2021-03-04,Madrid,40.386642,-3.6760864,15.4,4.6,9.6,13.5,2.6,08:43,20:09,13.56,9.7,0.0,2021,3,4,Open-Meteo (ERA5),8.4,0.0
2021-03-05,Madrid,40.386642,-3.6760864,14.9,6.4,10.1,12.8,3.9,08:41,20:10,11.82,11.2,0.5,2021,3,5,Open-Meteo (ERA5),7.9,0.0
2021-03-06,Madrid,40.386642,-3.6760864,15.4,6.8,10.9,12.4,4.3,08:40,20:11,12.84,11.3,0.0,2021,3,6,Open-Meteo (ERA5),7.1,0.0
2021-03-07,Madrid,40.386642,-3.6760864,13.4,6.4,9.8,11.0,4.5,08:38,20:12,12.63,10.6,0.3,2021,3,7,Open-Meteo (ERA5),8.2,0.0
2021-03-08,Madrid,40.386642,-3.6760864,11.7,4.8,7.7,9.6,2.5,08:36,20:13,12.48,20.7,4.5,2021,3,8,Open-Meteo (ERA5),10.3,0.0
2021-03-09,Madrid,40.386642,-3.6760864,12.9,3.6,8.2,10.5,-0.5,08:35,20:14,14.81,17.0,0.1,2021,3,9,Open-Meteo (ERA5),9.8,0.0
2021-03-10,Madrid,40.386642,-3.6760864,15.6,-0.1,7.3,12.5,-3.3,08:33,20:15,18.94,9.5,0.0,2021,3,10,Open-Meteo (ERA5),10.7,0.0
2021-03-11,Madrid,40.386642,-3.6760864,18.5,4.8,11.1,16.0,2.0,08:32,20:17,18.38,18.9,0.0,2021,3,11,Open-Meteo (ERA5),6.9,0.0
2021-03-12,Madrid,40.386642,-3.6760864,14.8,6.7,10.5,10.8,4.4,08:30,20:18,15.22,22.2,0.0,2021,3,12,Open-Meteo (ERA5),7.5,0.0
2021-03-13,Madrid,40.386642,-3.6760864,15.9,0.8,8.7,12.2,-2.0,08:29,20:19,19.61,17.1,0.0,2021,3,13,Open-Meteo (ERA5),9.3,0.0
2021-03-14,Madrid,40.386642,-3.6760864,15.8,3.0,9.4,13.8,0.3,08:27,20:20,17.3,17.9,0.0,2021,3,14,Open-Meteo (ERA5),8.6,0.0
2021-03-15,Madrid,40.386642,-3.6760864,18.2,2.7,10.2,14.5,-0.2,08:25,20:21,19.83,20.9,0.0,2021,3,15,Open-Meteo (ERA5),7.800000000000001,0.0
2021-03-16,Madrid,40.386642,-3.6760864,19.0,5.7,11.8,14.2,1.2,08:24,20:22,19.83,24.8,0.0,2021,3,16,Open-Meteo (ERA5),6.199999999999999,0.0
2021-03-17,Madrid,40.386642,-3.6760864,19.5,7.1,12.2,13.9,2.3,08:22,20:23,20.18,25.7,0.0,2021,3,17,Open-Meteo (ERA5),5.800000000000001,0.0
2021-03-18,Madrid,40.386642,-3.6760864,12.2,4.6,8.9,6.4,-0.6,08:20,20:24,14.88,24.7,0.0,2021,3,18,Open-Meteo (ERA5),9.1,0.0
2021-03-19,Madrid,40.386642,-3.6760864,11.9,4.1,7.3,6.8,-0.7,08:19,20:25,9.03,22.6,0.6,2021,3,19,Open-Meteo (ERA5),10.7,0.0
2021-03-20,Madrid,40.386642,-3.6760864,11.9,2.0,6.5,6.6,-4.0,08:17,20:26,21.37,27.6,0.0,2021,3,20,Open-Meteo (ERA5),11.5,0.0
2021-03-21,Madrid,40.386642,-3.6760864,15.9,2.5,8.2,11.6,-2.3,08:15,20:27,20.33,19.6,0.0,2021,3,21,Open-Meteo (ERA5),9.8,0.0
2021-03-22,Madrid,40.386642,-3.6760864,17.2,1.3,9.1,13.1,-1.7,08:14,20:28,20.34,15.5,0.0,2021,3,22,Open-Meteo (ERA5),8.9,0.0
2021-03-23,Madrid,40.386642,-3.6760864,19.0,2.2,11.0,16.6,-1.1,08:12,20:29,21.74,9.9,0.0,2021,3,23,Open-Meteo (ERA5),7.0,0.0
2021-03-24,Madrid,40.386642,-3.6760864,20.7,3.7,12.4,17.8,0.1,08:10,20:30,21.79,12.2,0.0,2021,3,24,Open-Meteo (ERA5),5.6,0.0
2021-03-25,Madrid,40.386642,-3.6760864,21.1,4.5,13.1,17.9,1.8,08:09,20:31,21.84,15.9,0.0,2021,3,25,Open-Meteo (ERA5),4.9,0.0
2021-03-26,Madrid,40.386642,-3.6760864,19.2,7.4,13.7,15.2,4.9,08:07,20:32,20.05,22.7,0.0,2021,3,26,Open-Meteo (ERA5),4.300000000000001,0.0
2021-03-27,Madrid,40.386642,-3.6760864,19.7,6.4,13.1,17.1,2.0,08:06,20:33,19.88,20.6,0.0,2021,3,27,Open-Meteo (ERA5),4.9,0.0
2021-03-28,Madrid,40.386642,-3.6760864,22.4,6.3,14.1,19.2,4.0,08:04,20:34,21.74,16.1,0.0,2021,3,28,Open-Meteo (ERA5),3.9000000000000004,0.0
2021-03-29,Madrid,40.386642,-3.6760864,22.7,6.8,14.9,17.8,3.8,08:02,20:35,18.71,27.2,0.0,2021,3,29,Open-Meteo (ERA5),3.0999999999999996,0.0
2021-03-30,Madrid,40.386642,-3.6760864,23.4,8.6,16.0,18.9,5.7,08:01,20:37,20.99,22.4,0.0,2021,3,30,Open-Meteo (ERA5),2.0,0.0
2021-03-31,Madrid,40.386642,-3.6760864,24.6,7.1,16.0,20.8,3.4,07:59,20:38,22.89,20.4,0.0,2021,3,31,Open-Meteo (ERA5),2.0,0.0
2021-04-01,Madrid,40.386642,-3.6760864,23.9,10.1,16.4,21.2,5.9,07:58,20:39,20.69,20.6,0.0,2021,4,1,Open-Meteo (ERA5),1.6000000000000014,0.0
2021-04-02,Madrid,40.386642,-3.6760864,16.0,10.6,13.4,14.8,9.5,07:56,20:40,12.13,15.1,3.9,2021,4,2,Open-Meteo (ERA5),4.6,0.0
2021-04-03,Madrid,40.386642,-3.6760864,19.5,7.7,13.0,18.7,6.0,07:54,20:41,19.0,17.1,0.8,2021,4,3,Open-Meteo (ERA5),5.0,0.0
2021-04-04,Madrid,40.386642,-3.6760864,19.5,6.0,12.6,18.9,1.7,07:53,20:42,23.79,17.9,0.0,2021,4,4,Open-Meteo (ERA5),5.4,0.0
2021-04-05,Madrid,40.386642,-3.6760864,21.0,5.2,13.0,19.8,2.3,07:51,20:43,23.87,11.8,0.0,2021,4,5,Open-Meteo (ERA5),5.0,0.0
2021-04-06,Madrid,40.386642,-3.6760864,22.9,4.9,14.2,20.9,2.1,07:49,20:44,24.43,20.0,0.0,2021,4,6,Open-Meteo (ERA5),3.8000000000000007,0.0
2021-04-07,Madrid,40.386642,-3.6760864,20.0,4.6,12.5,18.2,-0.3,07:48,20:45,23.69,20.9,0.0,2021,4,7,Open-Meteo (ERA5),5.5,0.0
2021-04-08,Madrid,40.386642,-3.6760864,17.3,7.7,12.2,15.9,5.0,07:46,20:46,12.07,17.3,0.1,2021,4,8,Open-Meteo (ERA5),5.800000000000001,0.0
2021-04-09,Madrid,40.386642,-3.6760864,14.1,8.7,11.0,12.8,6.3,07:45,20:47,8.88,11.3,7.1,2021,4,9,Open-Meteo (ERA5),7.0,0.0
2021-04-10,Madrid,40.386642,-3.6760864,17.5,8.1,12.0,17.0,6.4,07:43,20:48,17.97,17.3,4.9,2021,4,10,Open-Meteo (ERA5),6.0,0.0
2021-04-11,Madrid,40.386642,-3.6760864,15.8,9.6,12.1,14.6,5.5,07:41,20:49,15.03,19.6,19.1,2021,4,11,Open-Meteo (ERA5),5.9,0.0
2021-04-12,Madrid,40.386642,-3.6760864,16.2,4.1,10.0,14.8,-0.1,07:40,20:50,25.43,18.4,0.0,2021,4,12,Open-Meteo (ERA5),8.0,0.0
2021-04-13,Madrid,40.386642,-3.6760864,13.9,6.2,10.3,11.2,2.6,07:38,20:51,7.79,15.6,1.4,2021,4,13,Open-Meteo (ERA5),7.699999999999999,0.0
2021-04-14,Madrid,40.386642,-3.6760864,19.6,7.6,13.1,20.3,5.2,07:37,20:52,20.2,12.8,4.3,2021,4,14,Open-Meteo (ERA5),4.9,0.0
2021-04-15,Madrid,40.386642,-3.6760864,17.0,9.8,13.0,15.4,8.3,07:35,20:53,12.49,10.8,0.5,2021,4,15,Open-Meteo (ERA5),5.0,0.0
2021-04-16,Madrid,40.386642,-3.6760864,17.2,8.6,11.5,14.2,4.1,07:34,20:54,20.33,22.1,0.5,2021,4,16,Open-Meteo (ERA5),6.5,0.0
2021-04-17,Madrid,40.386642,-3.6760864,17.2,2.5,9.2,14.6,-2.0,07:32,20:55,25.97,17.3,0.0,2021,4,17,Open-Meteo (ERA5),8.8,0.0
2021-04-18,Madrid,40.386642,-3.6760864,18.0,2.8,10.6,16.4,-0.5,07:31,20:56,26.25,15.4,0.0,2021,4,18,Open-Meteo (ERA5),7.4,0.0
2021-04-19,Madrid,40.386642,-3.6760864,20.9,5.4,13.1,18.9,2.7,07:29,20:57,19.98,21.5,0.2,2021,4,19,Open-Meteo (ERA5),4.9,0.0
2021-04-20,Madrid,40.386642,-3.6760864,18.5,8.8,13.4,16.3,7.2,07:28,20:58,17.56,14.3,2.7,2021,4,20,Open-Meteo (ERA5),4.6,0.0
2021-04-21,Madrid,40.386642,-3.6760864,17.6,8.4,12.3,15.1,6.7,07:27,20:59,14.29,20.1,1.7,2021,4,21,Open-Meteo (ERA5),5.699999999999999,0.0
2021-04-22,Madrid,40.386642,-3.6760864,16.4,9.8,12.3,15.4,8.2,07:25,21:00,12.51,10.8,19.4,2021,4,22,Open-Meteo (ERA5),5.699999999999999,0.0
2021-04-23,Madrid,40.386642,-3.6760864,17.1,8.8,13.2,14.1,7.4,07:24,21:01,13.49,21.3,0.2,2021,4,23,Open-Meteo (ERA5),4.800000000000001,0.0
2021-04-24,Madrid,40.386642,-3.6760864,18.4,8.6,13.1,15.4,6.1,07:22,21:02,19.23,19.0,5.7,2021,4,24,Open-Meteo (ERA5),4.9,0.0
2021-04-25,Madrid,40.386642,-3.6760864,15.0,9.8,12.3,13.2,7.7,07:21,21:03,13.12,13.4,7.0,2021,4,25,Open-Meteo (ERA5),5.699999999999999,0.0
2021-04-26,Madrid,40.386642,-3.6760864,18.7,9.2,13.6,17.0,8.2,07:20,21:04,22.2,11.2,4.7,2021,4,26,Open-Meteo (ERA5),4.4,0.0
2021-04-27,Madrid,40.386642,-3.6760864,18.5,8.8,13.6,17.4,7.3,07:18,21:05,16.44,13.4,8.6,2021,4,27,Open-Meteo (ERA5),4.4,0.0
2021-04-28,Madrid,40.386642,-3.6760864,18.3,9.9,13.4,17.2,9.1,07:17,21:06,17.23,18.4,8.7,2021,4,28,Open-Meteo (ERA5),4.6,0.0
2021-04-29,Madrid,40.386642,-3.6760864,15.6,10.5,12.7,12.8,7.4,07:16,21:08,18.51,26.7,1.1,2021,4,29,Open-Meteo (ERA5),5.300000000000001,0.0
2021-04-30,Madrid,40.386642,-3.6760864,16.3,6.7,11.2,13.7,4.9,07:14,21:09,18.48,17.4,0.7,2021,4,30,Open-Meteo (ERA5),6.800000000000001,0.0
2021-05-01,Madrid,40.386642,-3.6760864,15.8,6.3,11.3,14.0,4.4,07:13,21:10,21.84,15.0,0.6,2021,5,1,Open-Meteo (ERA5),6.699999999999999,0.0
2021-05-02,Madrid,40.386642,-3.6760864,16.8,7.5,12.0,14.7,4.1,07:12,21:11,21.76,16.9,0.6,2021,5,2,Open-Meteo (ERA5),6.0,0.0
2021-05-03,Madrid,40.386642,-3.6760864,17.0,8.2,12.1,15.8,5.6,07:11,21:12,15.39,14.7,2.3,2021,5,3,Open-Meteo (ERA5),5.9,0.0
2021-05-04,Madrid,40.386642,-3.6760864,21.3,6.8,14.0,20.9,5.1,07:09,21:13,26.44,9.9,0.0,2021,5,4,Open-Meteo (ERA5),4.0,0.0
2021-05-05,Madrid,40.386642,-3.6760864,23.9,9.1,16.4,22.9,6.4,07:08,21:14,28.02,10.4,0.0,2021,5,5,Open-Meteo (ERA5),1.6000000000000014,0.0
2021-05-06,Madrid,40.386642,-3.6760864,25.8,9.1,17.9,23.2,7.3,07:07,21:15,28.02,17.4,0.0,2021,5,6,Open-Meteo (ERA5),0.10000000000000142,0.0
2021-05-07,Madrid,40.386642,-3.6760864,27.4,11.6,20.0,26.2,10.4,07:06,21:16,27.56,14.8,0.0,2021,5,7,Open-Meteo (ERA5),0.0,2.0
2021-05-08,Madrid,40.386642,-3.6760864,29.2,12.9,21.3,25.6,10.8,07:05,21:17,26.54,23.2,0.0,2021,5,8,Open-Meteo (ERA5),0.0,3.3000000000000007
2021-05-09,Madrid,40.386642,-3.6760864,20.6,11.1,16.5,16.3,8.6,07:04,21:18,15.11,33.6,7.1,2021,5,9,Open-Meteo (ERA5),1.5,0.0
2021-05-10,Madrid,40.386642,-3.6760864,17.2,7.6,11.6,12.6,4.5,07:03,21:19,21.73,29.7,0.7,2021,5,10,Open-Meteo (ERA5),6.4,0.0
2021-05-11,Madrid,40.386642,-3.6760864,17.1,5.9,11.5,13.0,2.3,07:02,21:20,25.1,20.1,0.0,2021,5,11,Open-Meteo (ERA5),6.5,0.0
2021-05-12,Madrid,40.386642,-3.6760864,20.0,10.1,14.0,15.5,6.0,07:01,21:21,20.8,27.1,0.2,2021,5,12,Open-Meteo (ERA5),4.0,0.0
2021-05-13,Madrid,40.386642,-3.6760864,20.2,8.9,14.4,16.7,5.7,07:00,21:22,21.07,27.2,0.0,2021,5,13,Open-Meteo (ERA5),3.5999999999999996,0.0
2021-05-14,Madrid,40.386642,-3.6760864,23.9,11.2,16.7,21.2,8.1,06:59,21:23,27.13,18.4,0.0,2021,5,14,Open-Meteo (ERA5),1.3000000000000007,0.0
2021-05-15,Madrid,40.386642,-3.6760864,26.8,11.1,19.1,24.7,9.3,06:58,21:23,26.38,24.4,0.0,2021,5,15,Open-Meteo (ERA5),0.0,1.1000000000000014
2021-05-16,Madrid,40.386642,-3.6760864,25.7,13.1,20.0,24.3,11.6,06:57,21:24,24.28,20.8,0.4,2021,5,16,Open-Meteo (ERA5),0.0,2.0
2021-05-17,Madrid,40.386642,-3.6760864,26.5,13.0,19.6,24.1,11.5,06:56,21:25,28.66,20.5,0.0,2021,5,17,Open-Meteo (ERA5),0.0,1.6000000000000014
2021-05-18,Madrid,40.386642,-3.6760864,28.5,11.6,20.4,25.5,9.1,06:55,21:26,27.16,21.6,0.0,2021,5,18,Open-Meteo (ERA5),0.0,2.3999999999999986
2021-05-19,Madrid,40.386642,-3.6760864,25.4,12.3,19.2,23.2,9.3,06:54,21:27,28.87,19.3,0.0,2021,5,19,Open-Meteo (ERA5),0.0,1.1999999999999993
2021-05-20,Madrid,40.386642,-3.6760864,28.3,11.1,20.2,27.7,7.6,06:53,21:28,28.92,17.3,0.0,2021,5,20,Open-Meteo (ERA5),0.0,2.1999999999999993
2021-05-21,Madrid,40.386642,-3.6760864,29.3,14.1,22.7,26.1,13.0,06:53,21:29,27.45,28.7,0.0,2021,5,21,Open-Meteo (ERA5),0.0,4.699999999999999
2021-05-22,Madrid,40.386642,-3.6760864,22.5,14.2,18.1,19.4,10.5,06:52,21:30,22.05,21.9,0.0,2021,5,22,Open-Meteo (ERA5),0.0,0.10000000000000142
2021-05-23,Madrid,40.386642,-3.6760864,19.5,12.2,15.2,18.2,7.5,06:51,21:31,17.81,21.6,1.6,2021,5,23,Open-Meteo (ERA5),2.8000000000000007,0.0
2021-05-24,Madrid,40.386642,-3.6760864,21.5,9.1,16.1,18.4,5.7,06:50,21:32,20.63,14.4,0.0,2021,5,24,Open-Meteo (ERA5),1.8999999999999986,0.0
2021-05-25,Madrid,40.386642,-3.6760864,26.1,10.1,18.6,25.8,6.4,06:50,21:33,29.43,20.7,0.0,2021,5,25,Open-Meteo (ERA5),0.0,0.6000000000000014
2021-05-26,Madrid,40.386642,-3.6760864,26.4,13.4,19.7,25.3,12.0,06:49,21:33,24.49,15.2,0.0,2021,5,26,Open-Meteo (ERA5),0.0,1.6999999999999993
2021-05-27,Madrid,40.386642,-3.6760864,27.9,13.7,21.6,27.0,12.4,06:49,21:34,22.97,15.2,0.0,2021,5,27,Open-Meteo (ERA5),0.0,3.6000000000000014
2021-05-28,Madrid,40.386642,-3.6760864,25.7,15.9,20.7,25.8,15.3,06:48,21:35,20.36,23.3,6.2,2021,5,28,Open-Meteo (ERA5),0.0,2.6999999999999993
2021-05-29,Madrid,40.386642,-3.6760864,30.0,14.3,22.7,30.7,14.2,06:47,21:36,27.9,16.5,0.0,2021,5,29,Open-Meteo (ERA5),0.0,4.699999999999999
2021-05-30,Madrid,40.386642,-3.6760864,31.5,16.6,24.2,30.6,15.3,06:47,21:37,24.57,25.9,0.0,2021,5,30,Open-Meteo (ERA5),0.0,6.199999999999999
2021-05-31,Madrid,40.386642,-3.6760864,31.9,18.0,24.6,29.8,17.4,06:47,21:37,24.42,21.2,0.0,2021,5,31,Open-Meteo (ERA5),0.0,6.600000000000001
2021-06-01,Madrid,40.386642,-3.6760864,23.8,15.8,19.9,22.9,15.8,06:46,21:38,22.71,19.1,5.0,2021,6,1,Open-Meteo (ERA5),0.0,1.8999999999999986
2021-06-02,Madrid,40.386642,-3.6760864,27.2,12.1,19.5,25.5,11.8,06:46,21:39,27.48,15.3,0.0,2021,6,2,Open-Meteo (ERA5),0.0,1.5
2021-06-03,Madrid,40.386642,-3.6760864,28.5,15.1,22.2,27.0,13.9,06:45,21:39,25.31,16.6,0.3,2021,6,3,Open-Meteo (ERA5),0.0,4.199999999999999
2021-06-04,Madrid,40.386642,-3.6760864,28.1,15.2,22.2,26.7,14.5,06:45,21:40,29.47,20.9,0.0,2021,6,4,Open-Meteo (ERA5),0.0,4.199999999999999
2021-06-05,Madrid,40.386642,-3.6760864,21.1,15.4,18.7,21.5,13.4,06:45,21:41,13.66,22.2,1.7,2021,6,5,Open-Meteo (ERA5),0.0,0.6999999999999993
2021-06-06,Madrid,40.386642,-3.6760864,28.9,13.1,20.5,28.4,13.5,06:45,21:41,26.62,13.1,0.0,2021,6,6,Open-Meteo (ERA5),0.0,2.5
2021-06-07,Madrid,40.386642,-3.6760864,31.6,15.1,23.7,30.4,12.9,06:44,21:42,29.4,15.3,0.0,2021,6,7,Open-Meteo (ERA5),0.0,5.699999999999999
2021-06-08,Madrid,40.386642,-3.6760864,33.8,16.9,25.7,32.1,14.8,06:44,21:43,29.37,20.3,0.0,2021,6,8,Open-Meteo (ERA5),0.0,7.699999999999999
2021-06-09,Madrid,40.386642,-3.6760864,34.6,17.5,26.9,31.7,15.8,06:44,21:43,29.71,21.0,0.0,2021,6,9,Open-Meteo (ERA5),0.0,8.899999999999999
2021-06-10,Madrid,40.386642,-3.6760864,34.3,18.1,26.8,32.6,16.8,06:44,21:44,29.58,20.0,0.0,2021,6,10,Open-Meteo (ERA5),0.0,8.8
2021-06-11,Madrid,40.386642,-3.6760864,33.5,18.9,25.2,32.8,18.1,06:44,21:44,24.54,26.9,0.5,2021,6,11,Open-Meteo (ERA5),0.0,7.199999999999999
2021-06-12,Madrid,40.386642,-3.6760864,31.7,16.9,24.4,29.8,15.7,06:44,21:45,28.18,21.9,0.0,2021,6,12,Open-Meteo (ERA5),0.0,6.399999999999999
2021-06-13,Madrid,40.386642,-3.6760864,32.8,18.6,25.6,30.5,16.9,06:44,21:45,26.85,20.8,0.1,2021,6,13,Open-Meteo (ERA5),0.0,7.600000000000001
2021-06-14,Madrid,40.386642,-3.6760864,32.0,18.6,25.9,32.4,17.6,06:44,21:46,26.48,16.7,0.0,2021,6,14,Open-Meteo (ERA5),0.0,7.899999999999999
2021-06-15,Madrid,40.386642,-3.6760864,33.2,19.8,26.6,30.2,18.0,06:44,21:46,23.59,21.5,0.1,2021,6,15,Open-Meteo (ERA5),0.0,8.600000000000001
2021-06-16,Madrid,40.386642,-3.6760864,32.0,20.5,25.4,31.2,19.9,06:44,21:46,24.06,21.9,0.4,2021,6,16,Open-Meteo (ERA5),0.0,7.399999999999999
2021-06-17,Madrid,40.386642,-3.6760864,23.8,15.8,18.9,23.4,14.5,06:44,21:47,19.43,20.0,3.9,2021,6,17,Open-Meteo (ERA5),0.0,0.8999999999999986
2021-06-18,Madrid,40.386642,-3.6760864,24.6,13.9,18.9,23.1,14.0,06:44,21:47,19.98,23.2,1.8,2021,6,18,Open-Meteo (ERA5),0.0,0.8999999999999986
2021-06-19,Madrid,40.386642,-3.6760864,24.1,13.6,18.6,22.4,13.0,06:44,21:47,24.41,15.1,0.1,2021,6,19,Open-Meteo (ERA5),0.0,0.6000000000000014
2021-06-20,Madrid,40.386642,-3.6760864,19.9,14.6,16.7,16.1,12.3,06:44,21:47,14.04,26.4,0.7,2021,6,20,Open-Meteo (ERA5),1.3000000000000007,0.0
2021-06-21,Madrid,40.386642,-3.6760864,21.5,11.4,16.8,17.7,8.3,06:44,21:48,21.46,23.5,0.5,2021,6,21,Open-Meteo (ERA5),1.1999999999999993,0.0
2021-06-22,Madrid,40.386642,-3.6760864,21.5,12.9,17.0,21.1,12.0,06:45,21:48,18.85,10.8,2.3,2021,6,22,Open-Meteo (ERA5),1.0,0.0
2021-06-23,Madrid,40.386642,-3.6760864,23.9,13.4,18.4,22.3,11.0,06:45,21:48,22.96,18.1,0.1,2021,6,23,Open-Meteo (ERA5),0.0,0.3999999999999986
2021-06-24,Madrid,40.386642,-3.6760864,28.4,12.4,20.5,28.0,9.7,06:45,21:48,29.53,20.9,0.0,2021,6,24,Open-Meteo (ERA5),0.0,2.5
2021-06-25,Madrid,40.386642,-3.6760864,31.8,15.6,23.9,31.1,13.2,06:45,21:48,28.69,14.9,0.0,2021,6,25,Open-Meteo (ERA5),0.0,5.899999999999999
2021-06-26,Madrid,40.386642,-3.6760864,32.2,18.8,26.1,29.9,18.2,06:46,21:48,27.2,24.1,0.0,2021,6,26,Open-Meteo (ERA5),0.0,8.100000000000001
2021-06-27,Madrid,40.386642,-3.6760864,30.0,18.2,24.6,25.9,15.5,06:46,21:48,29.73,31.3,0.0,2021,6,27,Open-Meteo (ERA5),0.0,6.600000000000001
2021-06-28,Madrid,40.386642,-3.6760864,28.1,14.9,21.9,26.3,12.8,06:47,21:48,30.72,16.9,0.0,2021,6,28,Open-Meteo (ERA5),0.0,3.8999999999999986
2021-06-29,Madrid,40.386642,-3.6760864,30.0,14.4,22.8,28.6,12.0,06:47,21:48,30.35,12.6,0.0,2021,6,29,Open-Meteo (ERA5),0.0,4.800000000000001
2021-06-30,Madrid,40.386642,-3.6760864,32.8,16.2,24.9,30.5,13.9,06:48,21:48,30.3,18.1,0.0,2021,6,30,Open-Meteo (ERA5),0.0,6.899999999999999
2021-07-01,Madrid,40.386642,-3.6760864,33.3,18.1,26.4,30.7,15.5,06:48,21:48,30.26,18.6,0.0,2021,7,1,Open-Meteo (ERA5),0.0,8.399999999999999
2021-07-02,Madrid,40.386642,-3.6760864,34.0,18.5,26.9,30.8,15.6,06:49,21:48,30.4,20.8,0.0,2021,7,2,Open-Meteo (ERA5),0.0,8.899999999999999
2021-07-03,Madrid,40.386642,-3.6760864,32.6,18.1,26.2,30.4,16.8,06:49,21:48,27.91,27.2,0.0,2021,7,3,Open-Meteo (ERA5),0.0,8.2
2021-07-04,Madrid,40.386642,-3.6760864,31.9,19.0,26.0,30.1,17.5,06:50,21:48,29.62,20.0,0.0,2021,7,4,Open-Meteo (ERA5),0.0,8.0
2021-07-05,Madrid,40.386642,-3.6760864,33.7,18.8,26.5,31.5,18.5,06:50,21:47,29.83,27.7,0.0,2021,7,5,Open-Meteo (ERA5),0.0,8.5
2021-07-06,Madrid,40.386642,-3.6760864,25.5,19.0,21.5,22.7,17.0,06:51,21:47,10.48,21.6,0.5,2021,7,6,Open-Meteo (ERA5),0.0,3.5
2021-07-07,Madrid,40.386642,-3.6760864,27.5,12.8,20.3,26.1,12.3,06:51,21:47,29.96,21.9,0.0,2021,7,7,Open-Meteo (ERA5),0.0,2.3000000000000007
2021-07-08,Madrid,40.386642,-3.6760864,29.5,14.5,22.3,28.3,11.9,06:52,21:47,30.22,16.3,0.0,2021,7,8,Open-Meteo (ERA5),0.0,4.300000000000001
2021-07-09,Madrid,40.386642,-3.6760864,33.3,16.5,25.4,33.5,13.8,06:53,21:46,29.29,16.0,0.0,2021,7,9,Open-Meteo (ERA5),0.0,7.399999999999999
2021-07-10,Madrid,40.386642,-3.6760864,37.2,20.0,28.9,35.5,19.9,06:53,21:46,29.72,16.9,0.0,2021,7,10,Open-Meteo (ERA5),0.0,10.899999999999999
2021-07-11,Madrid,40.386642,-3.6760864,39.8,20.5,30.6,38.0,18.0,06:54,21:45,27.15,33.2,0.0,2021,7,11,Open-Meteo (ERA5),0.0,12.600000000000001
2021-07-12,Madrid,40.386642,-3.6760864,30.8,20.9,25.4,26.8,18.1,06:55,21:45,29.36,25.2,0.0,2021,7,12,Open-Meteo (ERA5),0.0,7.399999999999999
2021-07-13,Madrid,40.386642,-3.6760864,27.5,14.4,20.9,26.3,11.2,06:56,21:44,29.52,17.9,0.0,2021,7,13,Open-Meteo (ERA5),0.0,2.8999999999999986
2021-07-14,Madrid,40.386642,-3.6760864,29.0,15.1,22.5,27.5,12.7,06:56,21:44,29.11,20.1,0.0,2021,7,14,Open-Meteo (ERA5),0.0,4.5
2021-07-15,Madrid,40.386642,-3.6760864,31.4,15.9,24.2,31.2,13.3,06:57,21:43,29.44,25.0,0.0,2021,7,15,Open-Meteo (ERA5),0.0,6.199999999999999
2021-07-16,Madrid,40.386642,-3.6760864,35.5,18.1,27.3,35.4,16.0,06:58,21:43,29.35,19.5,0.0,2021,7,16,Open-Meteo (ERA5),0.0,9.3
2021-07-17,Madrid,40.386642,-3.6760864,37.9,20.2,29.7,37.1,18.4,06:59,21:42,29.49,16.6,0.0,2021,7,17,Open-Meteo (ERA5),0.0,11.7
2021-07-18,Madrid,40.386642,-3.6760864,36.5,21.8,29.9,34.3,21.1,07:00,21:41,29.7,21.8,0.0,2021,7,18,Open-Meteo (ERA5),0.0,11.899999999999999
2021-07-19,Madrid,40.386642,-3.6760864,36.5,20.3,28.8,35.1,19.4,07:00,21:41,29.28,18.2,0.0,2021,7,19,Open-Meteo (ERA5),0.0,10.8
2021-07-20,Madrid,40.386642,-3.6760864,35.3,21.5,29.3,33.4,20.6,07:01,21:40,28.28,17.6,0.0,2021,7,20,Open-Meteo (ERA5),0.0,11.3
2021-07-21,Madrid,40.386642,-3.6760864,36.5,20.5,29.4,35.6,18.5,07:02,21:39,29.04,10.9,0.0,2021,7,21,Open-Meteo (ERA5),0.0,11.399999999999999
2021-07-22,Madrid,40.386642,-3.6760864,37.8,22.0,30.3,35.2,21.0,07:03,21:38,29.31,18.2,0.0,2021,7,22,Open-Meteo (ERA5),0.0,12.3
2021-07-23,Madrid,40.386642,-3.6760864,33.0,21.4,28.1,29.8,18.9,07:04,21:38,28.92,24.5,0.0,2021,7,23,Open-Meteo (ERA5),0.0,10.100000000000001
2021-07-24,Madrid,40.386642,-3.6760864,31.5,16.9,25.1,29.0,15.5,07:05,21:37,28.83,16.1,0.0,2021,7,24,Open-Meteo (ERA5),0.0,7.100000000000001
2021-07-25,Madrid,40.386642,-3.6760864,30.4,16.8,24.5,29.4,14.4,07:06,21:36,25.1,19.2,0.0,2021,7,25,Open-Meteo (ERA5),0.0,6.5
2021-07-26,Madrid,40.386642,-3.6760864,29.9,17.9,24.2,29.2,17.4,07:06,21:35,25.44,13.6,0.3,2021,7,26,Open-Meteo (ERA5),0.0,6.199999999999999
2021-07-27,Madrid,40.386642,-3.6760864,33.1,19.0,26.5,31.9,18.7,07:07,21:34,27.91,17.7,0.0,2021,7,27,Open-Meteo (ERA5),0.0,8.5
2021-07-28,Madrid,40.386642,-3.6760864,35.3,19.5,27.9,34.2,18.2,07:08,21:33,28.06,16.7,0.0,2021,7,28,Open-Meteo (ERA5),0.0,9.899999999999999
2021-07-29,Madrid,40.386642,-3.6760864,35.1,21.4,28.7,34.2,21.7,07:09,21:32,27.98,17.7,0.0,2021,7,29,Open-Meteo (ERA5),0.0,10.7
2021-07-30,Madrid,40.386642,-3.6760864,34.0,22.0,28.4,31.5,19.3,07:10,21:31,28.56,21.6,0.0,2021,7,30,Open-Meteo (ERA5),0.0,10.399999999999999
2021-07-31,Madrid,40.386642,-3.6760864,26.9,17.7,22.0,26.9,15.0,07:11,21:30,21.91,23.0,3.5,2021,7,31,Open-Meteo (ERA5),0.0,4.0
2021-08-01,Madrid,40.386642,-3.6760864,27.2,13.8,20.3,25.2,12.4,07:12,21:29,26.18,13.5,0.0,2021,8,1,Open-Meteo (ERA5),0.0,2.3000000000000007
2021-08-02,Madrid,40.386642,-3.6760864,29.2,15.6,23.0,28.8,12.9,07:13,21:28,26.52,14.0,0.0,2021,8,2,Open-Meteo (ERA5),0.0,5.0
2021-08-03,Madrid,40.386642,-3.6760864,32.2,17.2,25.2,30.0,16.7,07:14,21:27,25.98,19.2,0.0,2021,8,3,Open-Meteo (ERA5),0.0,7.199999999999999
2021-08-04,Madrid,40.386642,-3.6760864,31.1,20.8,26.3,29.7,19.4,07:15,21:26,24.97,16.5,0.0,2021,8,4,Open-Meteo (ERA5),0.0,8.3
2021-08-05,Madrid,40.386642,-3.6760864,34.5,17.6,26.8,32.9,16.3,07:16,21:25,27.27,15.6,0.0,2021,8,5,Open-Meteo (ERA5),0.0,8.8
2021-08-06,Madrid,40.386642,-3.6760864,33.2,18.8,26.5,29.1,17.6,07:17,21:23,27.96,25.4,0.0,2021,8,6,Open-Meteo (ERA5),0.0,8.5
2021-08-07,Madrid,40.386642,-3.6760864,29.6,18.2,24.5,27.9,15.4,07:18,21:22,27.03,19.7,0.0,2021,8,7,Open-Meteo (ERA5),0.0,6.5
2021-08-08,Madrid,40.386642,-3.6760864,30.8,15.9,23.8,29.0,13.6,07:19,21:21,27.49,16.7,0.0,2021,8,8,Open-Meteo (ERA5),0.0,5.800000000000001
2021-08-09,Madrid,40.386642,-3.6760864,33.7,18.8,26.4,33.1,20.0,07:20,21:20,26.53,12.9,0.0,2021,8,9,Open-Meteo (ERA5),0.0,8.399999999999999
2021-08-10,Madrid,40.386642,-3.6760864,35.0,21.9,28.8,35.5,22.6,07:21,21:18,25.29,13.5,0.0,2021,8,10,Open-Meteo (ERA5),0.0,10.8
2021-08-11,Madrid,40.386642,-3.6760864,38.0,23.3,30.6,37.5,23.4,07:22,21:17,23.91,18.0,0.0,2021,8,11,Open-Meteo (ERA5),0.0,12.600000000000001
2021-08-12,Madrid,40.386642,-3.6760864,37.5,22.8,30.2,36.1,22.3,07:23,21:16,26.49,22.0,0.0,2021,8,12,Open-Meteo (ERA5),0.0,12.2
2021-08-13,Madrid,40.386642,-3.6760864,41.5,21.1,31.3,38.1,18.9,07:24,21:14,24.64,20.5,0.0,2021,8,13,Open-Meteo (ERA5),0.0,13.3
2021-08-14,Madrid,40.386642,-3.6760864,40.2,24.4,33.0,38.5,24.0,07:25,21:13,24.71,20.0,0.0,2021,8,14,Open-Meteo (ERA5),0.0,15.0
2021-08-15,Madrid,40.386642,-3.6760864,40.2,22.5,32.0,36.7,21.8,07:25,21:12,24.65,33.0,0.0,2021,8,15,Open-Meteo (ERA5),0.0,14.0
2021-08-16,Madrid,40.386642,-3.6760864,36.0,20.1,28.5,34.1,18.8,07:26,21:10,26.72,28.8,0.0,2021,8,16,Open-Meteo (ERA5),0.0,10.5
2021-08-17,Madrid,40.386642,-3.6760864,32.8,16.5,25.1,31.5,13.1,07:27,21:09,26.28,24.7,0.0,2021,8,17,Open-Meteo (ERA5),0.0,7.100000000000001
2021-08-18,Madrid,40.386642,-3.6760864,33.4,17.1,25.7,32.8,13.8,07:28,21:08,24.88,23.1,0.0,2021,8,18,Open-Meteo (ERA5),0.0,7.699999999999999
2021-08-19,Madrid,40.386642,-3.6760864,33.3,18.6,26.5,31.4,17.3,07:29,21:06,24.75,21.5,0.0,2021,8,19,Open-Meteo (ERA5),0.0,8.5
2021-08-20,Madrid,40.386642,-3.6760864,33.6,18.9,26.6,31.8,19.4,07:30,21:05,25.52,14.3,0.0,2021,8,20,Open-Meteo (ERA5),0.0,8.600000000000001
2021-08-21,Madrid,40.386642,-3.6760864,34.6,18.6,27.3,33.0,16.6,07:31,21:03,25.75,12.1,0.0,2021,8,21,Open-Meteo (ERA5),0.0,9.3
2021-08-22,Madrid,40.386642,-3.6760864,36.2,18.7,28.2,35.5,16.1,07:32,21:02,24.63,11.4,0.0,2021,8,22,Open-Meteo (ERA5),0.0,10.2
2021-08-23,Madrid,40.386642,-3.6760864,36.2,21.5,29.3,35.4,20.2,07:33,21:00,23.11,19.6,0.0,2021,8,23,Open-Meteo (ERA5),0.0,11.3
2021-08-24,Madrid,40.386642,-3.6760864,30.4,19.9,26.1,31.4,18.0,07:34,20:59,18.74,17.9,0.7,2021,8,24,Open-Meteo (ERA5),0.0,8.100000000000001
2021-08-25,Madrid,40.386642,-3.6760864,30.4,19.0,24.5,30.3,19.3,07:35,20:57,21.11,17.7,0.1,2021,8,25,Open-Meteo (ERA5),0.0,6.5
2021-08-26,Madrid,40.386642,-3.6760864,32.5,20.8,26.5,31.9,21.9,07:36,20:56,20.95,11.1,0.0,2021,8,26,Open-Meteo (ERA5),0.0,8.5
2021-08-27,Madrid,40.386642,-3.6760864,34.3,20.5,27.9,32.9,20.9,07:37,20:54,23.97,14.6,0.0,2021,8,27,Open-Meteo (ERA5),0.0,9.899999999999999
2021-08-28,Madrid,40.386642,-3.6760864,32.1,19.6,26.4,31.1,18.0,07:38,20:53,24.05,15.7,0.0,2021,8,28,Open-Meteo (ERA5),0.0,8.399999999999999
2021-08-29,Madrid,40.386642,-3.6760864,31.0,18.8,25.0,30.4,15.5,07:39,20:51,22.65,18.1,0.0,2021,8,29,Open-Meteo (ERA5),0.0,7.0
2021-08-30,Madrid,40.386642,-3.6760864,30.0,19.5,25.3,28.4,18.7,07:40,20:49,23.23,15.8,0.0,2021,8,30,Open-Meteo (ERA5),0.0,7.300000000000001
2021-08-31,Madrid,40.386642,-3.6760864,31.3,17.9,25.0,30.7,17.6,07:41,20:48,21.68,16.4,0.0,2021,8,31,Open-Meteo (ERA5),0.0,7.0
2021-09-01,Madrid,40.386642,-3.6760864,24.9,17.5,20.6,24.6,18.5,07:42,20:46,12.43,19.3,73.9,2021,9,1,Open-Meteo (ERA5),0.0,2.6000000000000014
2021-09-02,Madrid,40.386642,-3.6760864,24.5,15.4,19.6,24.5,16.6,07:43,20:45,18.41,11.1,11.5,2021,9,2,Open-Meteo (ERA5),0.0,1.6000000000000014
2021-09-03,Madrid,40.386642,-3.6760864,26.9,15.8,21.0,26.3,15.5,07:44,20:43,18.55,15.0,0.0,2021,9,3,Open-Meteo (ERA5),0.0,3.0
2021-09-04,Madrid,40.386642,-3.6760864,29.4,15.4,22.6,29.1,15.2,07:45,20:42,22.73,9.7,0.0,2021,9,4,Open-Meteo (ERA5),0.0,4.600000000000001
2021-09-05,Madrid,40.386642,-3.6760864,31.4,16.6,23.6,31.6,16.3,07:46,20:40,22.07,11.2,0.0,2021,9,5,Open-Meteo (ERA5),0.0,5.600000000000001
2021-09-06,Madrid,40.386642,-3.6760864,32.4,19.5,24.9,30.1,19.3,07:47,20:38,15.51,17.4,0.0,2021,9,6,Open-Meteo (ERA5),0.0,6.899999999999999
2021-09-07,Madrid,40.386642,-3.6760864,31.9,19.5,25.6,29.1,18.6,07:48,20:37,19.35,20.9,0.0,2021,9,7,Open-Meteo (ERA5),0.0,7.600000000000001
2021-09-08,Madrid,40.386642,-3.6760864,27.8,18.5,23.1,25.5,18.2,07:49,20:35,21.77,20.7,0.0,2021,9,8,Open-Meteo (ERA5),0.0,5.100000000000001
2021-09-09,Madrid,40.386642,-3.6760864,27.1,17.2,22.1,25.2,17.4,07:50,20:33,16.5,19.0,0.2,2021,9,9,Open-Meteo (ERA5),0.0,4.100000000000001
2021-09-10,Madrid,40.386642,-3.6760864,27.8,18.0,23.0,25.9,17.6,07:50,20:32,19.39,19.9,0.0,2021,9,10,Open-Meteo (ERA5),0.0,5.0
2021-09-11,Madrid,40.386642,-3.6760864,27.5,15.2,21.6,25.6,15.2,07:51,20:30,16.52,14.7,0.0,2021,9,11,Open-Meteo (ERA5),0.0,3.6000000000000014
2021-09-12,Madrid,40.386642,-3.6760864,30.9,15.1,23.1,29.6,13.9,07:52,20:28,21.42,10.9,0.0,2021,9,12,Open-Meteo (ERA5),0.0,5.100000000000001
2021-09-13,Madrid,40.386642,-3.6760864,27.2,18.4,22.0,24.7,17.5,07:53,20:27,11.02,19.3,2.6,2021,9,13,Open-Meteo (ERA5),0.0,4.0
2021-09-14,Madrid,40.386642,-3.6760864,20.2,17.2,18.5,19.9,17.6,07:54,20:25,7.22,18.7,12.9,2021,9,14,Open-Meteo (ERA5),0.0,0.5
2021-09-15,Madrid,40.386642,-3.6760864,21.7,14.4,18.0,21.4,15.5,07:55,20:23,14.12,10.5,1.9,2021,9,15,Open-Meteo (ERA5),0.0,0.0
2021-09-16,Madrid,40.386642,-3.6760864,24.1,14.4,18.8,25.5,14.4,07:56,20:22,17.89,9.4,0.1,2021,9,16,Open-Meteo (ERA5),0.0,0.8000000000000007
2021-09-17,Madrid,40.386642,-3.6760864,26.2,15.0,20.0,25.2,15.5,07:57,20:20,18.16,13.2,0.1,2021,9,17,Open-Meteo (ERA5),0.0,2.0
2021-09-18,Madrid,40.386642,-3.6760864,25.1,14.6,19.8,23.2,14.8,07:58,20:18,18.89,17.9,0.0,2021,9,18,Open-Meteo (ERA5),0.0,1.8000000000000007
2021-09-19,Madrid,40.386642,-3.6760864,23.9,10.9,17.3,23.1,8.9,07:59,20:17,20.88,13.7,0.0,2021,9,19,Open-Meteo (ERA5),0.6999999999999993,0.0
2021-09-20,Madrid,40.386642,-3.6760864,23.8,12.2,17.7,23.0,10.1,08:00,20:15,16.96,30.7,0.1,2021,9,20,Open-Meteo (ERA5),0.3000000000000007,0.0
2021-09-21,Madrid,40.386642,-3.6760864,22.9,10.4,16.0,18.8,6.8,08:01,20:13,20.29,28.5,0.0,2021,9,21,Open-Meteo (ERA5),2.0,0.0
2021-09-22,Madrid,40.386642,-3.6760864,21.4,11.4,16.0,19.6,9.0,08:02,20:12,13.92,17.0,4.5,2021,9,22,Open-Meteo (ERA5),2.0,0.0
2021-09-23,Madrid,40.386642,-3.6760864,24.3,13.2,18.2,23.4,11.3,08:03,20:10,15.01,17.6,1.3,2021,9,23,Open-Meteo (ERA5),0.0,0.1999999999999993
2021-09-24,Madrid,40.386642,-3.6760864,24.0,16.2,18.4,24.7,15.7,08:04,20:08,10.22,18.1,18.0,2021,9,24,Open-Meteo (ERA5),0.0,0.3999999999999986
2021-09-25,Madrid,40.386642,-3.6760864,20.4,14.4,17.0,18.3,13.9,08:05,20:07,14.97,18.4,2.3,2021,9,25,Open-Meteo (ERA5),1.0,0.0
2021-09-26,Madrid,40.386642,-3.6760864,23.0,11.9,17.2,22.5,11.8,08:06,20:05,18.79,10.4,0.0,2021,9,26,Open-Meteo (ERA5),0.8000000000000007,0.0
2021-09-27,Madrid,40.386642,-3.6760864,24.9,11.6,18.0,25.5,10.8,08:07,20:03,19.17,9.0,0.0,2021,9,27,Open-Meteo (ERA5),0.0,0.0
2021-09-28,Madrid,40.386642,-3.6760864,24.6,11.3,17.5,23.6,10.3,08:08,20:02,15.93,10.9,0.0,2021,9,28,Open-Meteo (ERA5),0.5,0.0
2021-09-29,Madrid,40.386642,-3.6760864,23.8,11.4,17.5,23.0,10.2,08:09,20:00,18.79,14.8,0.0,2021,9,29,Open-Meteo (ERA5),0.5,0.0
2021-09-30,Madrid,40.386642,-3.6760864,23.8,12.8,17.8,24.0,10.5,08:10,19:58,15.67,13.8,0.0,2021,9,30,Open-Meteo (ERA5),0.1999999999999993,0.0
2021-10-01,Madrid,40.386642,-3.6760864,25.5,12.1,18.3,24.4,10.6,08:11,19:57,16.2,7.6,0.0,2021,10,1,Open-Meteo (ERA5),0.0,0.3000000000000007
2021-10-02,Madrid,40.386642,-3.6760864,24.9,11.2,18.3,22.3,10.3,08:12,19:55,15.52,15.5,0.2,2021,10,2,Open-Meteo (ERA5),0.0,0.3000000000000007
2021-10-03,Madrid,40.386642,-3.6760864,18.6,10.8,15.6,16.9,8.7,08:13,19:53,6.16,20.9,7.8,2021,10,3,Open-Meteo (ERA5),2.4000000000000004,0.0
2021-10-04,Madrid,40.386642,-3.6760864,19.2,7.6,12.8,16.6,5.6,08:14,19:52,17.31,11.2,0.0,2021,10,4,Open-Meteo (ERA5),5.199999999999999,0.0
2021-10-05,Madrid,40.386642,-3.6760864,23.6,10.8,16.2,20.7,8.9,08:15,19:50,14.13,21.5,0.0,2021,10,5,Open-Meteo (ERA5),1.8000000000000007,0.0
2021-10-06,Madrid,40.386642,-3.6760864,22.9,11.8,17.1,22.2,11.1,08:16,19:48,17.19,14.7,0.0,2021,10,6,Open-Meteo (ERA5),0.8999999999999986,0.0
2021-10-07,Madrid,40.386642,-3.6760864,25.5,8.9,16.7,23.4,6.9,08:17,19:47,17.68,10.5,0.0,2021,10,7,Open-Meteo (ERA5),1.3000000000000007,0.0
2021-10-08,Madrid,40.386642,-3.6760864,26.0,10.7,18.1,24.5,8.6,08:18,19:45,17.25,12.0,0.0,2021,10,8,Open-Meteo (ERA5),0.0,0.10000000000000142
2021-10-09,Madrid,40.386642,-3.6760864,24.0,9.6,16.9,22.2,6.3,08:19,19:44,16.67,14.6,0.0,2021,10,9,Open-Meteo (ERA5),1.1000000000000014,0.0
2021-10-10,Madrid,40.386642,-3.6760864,22.7,11.8,16.9,21.7,9.0,08:20,19:42,13.28,17.2,0.0,2021,10,10,Open-Meteo (ERA5),1.1000000000000014,0.0
2021-10-11,Madrid,40.386642,-3.6760864,23.5,11.3,17.0,21.6,9.0,08:21,19:41,15.17,14.0,0.0,2021,10,11,Open-Meteo (ERA5),1.0,0.0
2021-10-12,Madrid,40.386642,-3.6760864,23.9,10.6,16.8,22.6,8.6,08:22,19:39,16.35,10.5,0.0,2021,10,12,Open-Meteo (ERA5),1.1999999999999993,0.0
2021-10-13,Madrid,40.386642,-3.6760864,24.9,10.4,17.2,20.8,6.5,08:23,19:37,16.83,15.2,0.0,2021,10,13,Open-Meteo (ERA5),0.8000000000000007,0.0
2021-10-14,Madrid,40.386642,-3.6760864,23.5,8.1,15.6,21.4,5.6,08:24,19:36,16.21,14.1,0.0,2021,10,14,Open-Meteo (ERA5),2.4000000000000004,0.0
2021-10-15,Madrid,40.386642,-3.6760864,24.5,9.4,16.6,22.4,7.6,08:25,19:34,15.84,9.7,0.0,2021,10,15,Open-Meteo (ERA5),1.3999999999999986,0.0
2021-10-16,Madrid,40.386642,-3.6760864,21.4,10.2,15.7,19.8,7.4,08:26,19:33,9.49,8.8,0.1,2021,10,16,Open-Meteo (ERA5),2.3000000000000007,0.0
2021-10-17,Madrid,40.386642,-3.6760864,22.8,11.9,17.3,21.6,11.5,08:28,19:32,13.68,14.3,1.7,2021,10,17,Open-Meteo (ERA5),0.6999999999999993,0.0
2021-10-18,Madrid,40.386642,-3.6760864,22.9,11.4,17.2,22.7,10.7,08:29,19:30,12.51,7.9,0.0,2021,10,18,Open-Meteo (ERA5),0.8000000000000007,0.0
2021-10-19,Madrid,40.386642,-3.6760864,23.8,12.4,17.9,23.2,11.5,08:30,19:29,14.55,8.7,0.0,2021,10,19,Open-Meteo (ERA5),0.10000000000000142,0.0
2021-10-20,Madrid,40.386642,-3.6760864,24.1,11.6,17.4,22.0,10.5,08:31,19:27,12.42,18.1,0.0,2021,10,20,Open-Meteo (ERA5),0.6000000000000014,0.0
2021-10-21,Madrid,40.386642,-3.6760864,21.5,11.6,16.6,20.1,10.6,08:32,19:26,12.68,10.9,0.2,2021,10,21,Open-Meteo (ERA5),1.3999999999999986,0.0
2021-10-22,Madrid,40.386642,-3.6760864,20.2,11.8,15.2,15.2,7.6,08:33,19:24,14.38,21.7,0.0,2021,10,22,Open-Meteo (ERA5),2.8000000000000007,0.0
2021-10-23,Madrid,40.386642,-3.6760864,19.1,6.8,12.8,16.7,3.8,08:34,19:23,14.91,15.3,0.0,2021,10,23,Open-Meteo (ERA5),5.199999999999999,0.0
2021-10-24,Madrid,40.386642,-3.6760864,20.2,4.6,12.4,16.9,1.5,08:35,19:22,14.67,8.7,0.0,2021,10,24,Open-Meteo (ERA5),5.6,0.0
2021-10-25,Madrid,40.386642,-3.6760864,20.5,5.7,12.8,17.7,2.9,08:36,19:20,14.25,8.1,0.0,2021,10,25,Open-Meteo (ERA5),5.199999999999999,0.0
2021-10-26,Madrid,40.386642,-3.6760864,20.0,7.9,13.9,18.0,4.3,08:38,19:19,14.13,15.1,0.0,2021,10,26,Open-Meteo (ERA5),4.1,0.0
2021-10-27,Madrid,40.386642,-3.6760864,20.1,6.2,13.1,17.9,4.0,08:39,19:17,13.83,8.7,0.0,2021,10,27,Open-Meteo (ERA5),4.9,0.0
2021-10-28,Madrid,40.386642,-3.6760864,20.4,6.4,13.4,16.6,4.2,08:40,19:16,13.3,16.4,0.0,2021,10,28,Open-Meteo (ERA5),4.6,0.0
2021-10-29,Madrid,40.386642,-3.6760864,16.0,12.0,13.7,12.7,10.0,08:41,19:15,5.08,20.9,5.5,2021,10,29,Open-Meteo (ERA5),4.300000000000001,0.0
2021-10-30,Madrid,40.386642,-3.6760864,19.8,13.3,16.3,18.8,11.3,08:42,19:14,5.29,29.9,30.8,2021,10,30,Open-Meteo (ERA5),1.6999999999999993,0.0
2021-10-31,Madrid,40.386642,-3.6760864,19.5,13.0,16.1,16.8,13.0,08:43,19:12,5.63,35.4,21.8,2021,10,31,Open-Meteo (ERA5),1.8999999999999986,0.0
2021-11-01,Madrid,40.386642,-3.6760864,17.3,9.6,14.9,15.8,7.2,08:44,19:11,11.53,26.2,12.2,2021,11,1,Open-Meteo (ERA5),3.0999999999999996,0.0
2021-11-02,Madrid,40.386642,-3.6760864,13.9,6.9,10.2,11.5,4.3,08:45,19:10,9.77,26.5,0.5,2021,11,2,Open-Meteo (ERA5),7.800000000000001,0.0
2021-11-03,Madrid,40.386642,-3.6760864,12.1,5.9,9.0,8.3,1.9,08:47,19:09,11.64,27.3,6.0,2021,11,3,Open-Meteo (ERA5),9.0,0.0
2021-11-04,Madrid,40.386642,-3.6760864,10.4,2.5,6.3,8.0,-0.3,08:48,19:08,10.29,9.8,4.6,2021,11,4,Open-Meteo (ERA5),11.7,0.0
2021-11-05,Madrid,40.386642,-3.6760864,11.8,1.9,6.5,7.1,-1.1,08:49,19:07,12.02,21.8,0.2,2021,11,5,Open-Meteo (ERA5),11.5,0.0
2021-11-06,Madrid,40.386642,-3.6760864,13.6,2.8,6.8,9.3,-1.7,08:50,19:06,12.79,18.8,0.0,2021,11,6,Open-Meteo (ERA5),11.2,0.0
2021-11-07,Madrid,40.386642,-3.6760864,13.2,-0.2,6.3,10.5,-3.4,08:51,19:05,11.71,13.1,0.0,2021,11,7,Open-Meteo (ERA5),11.7,0.0
2021-11-08,Madrid,40.386642,-3.6760864,17.9,4.8,9.7,13.7,1.9,08:52,19:04,10.04,17.3,0.0,2021,11,8,Open-Meteo (ERA5),8.3,0.0
2021-11-09,Madrid,40.386642,-3.6760864,16.1,4.4,9.1,12.9,1.1,08:54,19:03,12.12,12.6,0.0,2021,11,9,Open-Meteo (ERA5),8.9,0.0
2021-11-10,Madrid,40.386642,-3.6760864,14.9,2.4,7.7,12.4,-1.2,08:55,19:02,12.03,13.4,0.0,2021,11,10,Open-Meteo (ERA5),10.3,0.0
2021-11-11,Madrid,40.386642,-3.6760864,14.5,2.5,7.5,12.6,-0.6,08:56,19:01,11.7,9.1,0.0,2021,11,11,Open-Meteo (ERA5),10.5,0.0
2021-11-12,Madrid,40.386642,-3.6760864,17.3,4.5,9.4,15.9,1.5,08:57,19:00,11.38,10.8,0.0,2021,11,12,Open-Meteo (ERA5),8.6,0.0
2021-11-13,Madrid,40.386642,-3.6760864,16.2,3.9,9.5,15.3,1.4,08:58,18:59,11.45,10.6,0.0,2021,11,13,Open-Meteo (ERA5),8.5,0.0
2021-11-14,Madrid,40.386642,-3.6760864,16.0,2.7,9.0,14.7,0.0,08:59,18:58,11.51,19.1,0.0,2021,11,14,Open-Meteo (ERA5),9.0,0.0
2021-11-15,Madrid,40.386642,-3.6760864,15.2,7.6,10.5,11.6,4.8,09:01,18:57,10.59,20.3,0.0,2021,11,15,Open-Meteo (ERA5),7.5,0.0
2021-11-16,Madrid,40.386642,-3.6760864,13.4,1.5,7.1,10.2,-1.6,09:02,18:56,11.12,12.2,0.0,2021,11,16,Open-Meteo (ERA5),10.9,0.0
2021-11-17,Madrid,40.386642,-3.6760864,14.3,4.8,8.5,10.6,1.2,09:03,18:56,10.89,17.6,0.0,2021,11,17,Open-Meteo (ERA5),9.5,0.0
2021-11-18,Madrid,40.386642,-3.6760864,13.8,3.8,7.7,11.3,-0.3,09:04,18:55,9.75,17.6,0.0,2021,11,18,Open-Meteo (ERA5),10.3,0.0
2021-11-19,Madrid,40.386642,-3.6760864,15.7,5.4,8.8,11.9,2.1,09:05,18:54,5.76,17.6,0.1,2021,11,19,Open-Meteo (ERA5),9.2,0.0
2021-11-20,Madrid,40.386642,-3.6760864,12.0,6.2,9.0,9.9,3.4,09:06,18:53,1.86,12.6,0.8,2021,11,20,Open-Meteo (ERA5),9.0,0.0
2021-11-21,Madrid,40.386642,-3.6760864,13.9,6.4,9.9,12.2,4.5,09:08,18:53,6.87,9.2,0.3,2021,11,21,Open-Meteo (ERA5),8.1,0.0
2021-11-22,Madrid,40.386642,-3.6760864,9.2,4.0,6.6,7.0,0.6,09:09,18:52,3.61,20.5,13.1,2021,11,22,Open-Meteo (ERA5),11.4,0.0
2021-11-23,Madrid,40.386642,-3.6760864,5.9,1.6,4.0,3.5,-1.1,09:10,18:52,5.22,12.4,3.2,2021,11,23,Open-Meteo (ERA5),14.0,0.0
2021-11-24,Madrid,40.386642,-3.6760864,8.4,0.1,3.6,4.9,-3.4,09:11,18:51,7.68,18.8,0.6,2021,11,24,Open-Meteo (ERA5),14.4,0.0
2021-11-25,Madrid,40.386642,-3.6760864,9.6,2.8,6.0,7.4,-0.3,09:12,18:51,6.61,18.3,0.0,2021,11,25,Open-Meteo (ERA5),12.0,0.0
2021-11-26,Madrid,40.386642,-3.6760864,10.4,1.9,5.0,7.0,-1.1,09:13,18:50,7.65,13.8,0.4,2021,11,26,Open-Meteo (ERA5),13.0,0.0
2021-11-27,Madrid,40.386642,-3.6760864,8.6,3.0,4.6,2.7,-1.8,09:14,18:50,7.49,28.2,0.2,2021,11,27,Open-Meteo (ERA5),13.4,0.0
2021-11-28,Madrid,40.386642,-3.6760864,8.6,2.3,5.0,3.3,-2.6,09:15,18:49,7.28,25.5,0.0,2021,11,28,Open-Meteo (ERA5),13.0,0.0
2021-11-29,Madrid,40.386642,-3.6760864,13.6,5.2,8.6,9.9,0.7,09:16,18:49,6.93,22.9,0.0,2021,11,29,Open-Meteo (ERA5),9.4,0.0
2021-11-30,Madrid,40.386642,-3.6760864,12.1,0.9,6.0,9.9,-2.0,09:17,18:49,9.42,10.9,0.0,2021,11,30,Open-Meteo (ERA5),12.0,0.0
2021-12-01,Madrid,40.386642,-3.6760864,10.6,-0.2,5.1,6.8,-3.3,09:18,18:48,6.43,20.8,1.6,2021,12,1,Open-Meteo (ERA5),12.9,0.0
2021-12-02,Madrid,40.386642,-3.6760864,8.4,2.5,5.6,4.7,-0.5,09:19,18:48,7.96,18.7,0.5,2021,12,2,Open-Meteo (ERA5),12.4,0.0
2021-12-03,Madrid,40.386642,-3.6760864,12.6,1.7,6.6,9.9,-1.5,09:20,18:48,8.69,19.2,0.0,2021,12,3,Open-Meteo (ERA5),11.4,0.0
2021-12-04,Madrid,40.386642,-3.6760864,10.6,3.8,6.4,7.3,0.4,09:21,18:48,5.4,17.2,0.3,2021,12,4,Open-Meteo (ERA5),11.6,0.0
2021-12-05,Madrid,40.386642,-3.6760864,10.3,4.1,6.9,5.2,-0.6,09:22,18:48,5.59,24.0,0.0,2021,12,5,Open-Meteo (ERA5),11.1,0.0
2021-12-06,Madrid,40.386642,-3.6760864,12.2,6.5,8.6,8.6,2.4,09:23,18:48,6.77,18.6,0.0,2021,12,6,Open-Meteo (ERA5),9.4,0.0
2021-12-07,Madrid,40.386642,-3.6760864,10.2,3.2,7.4,6.5,0.6,09:24,18:48,2.22,28.0,0.3,2021,12,7,Open-Meteo (ERA5),10.6,0.0
2021-12-08,Madrid,40.386642,-3.6760864,10.4,5.5,7.3,6.2,0.9,09:25,18:48,7.02,29.7,3.0,2021,12,8,Open-Meteo (ERA5),10.7,0.0
2021-12-09,Madrid,40.386642,-3.6760864,9.9,4.4,7.0,6.2,-0.6,09:26,18:48,2.99,22.4,0.0,2021,12,9,Open-Meteo (ERA5),11.0,0.0
2021-12-10,Madrid,40.386642,-3.6760864,14.1,6.7,9.6,10.6,2.5,09:27,18:48,4.4,24.2,0.6,2021,12,10,Open-Meteo (ERA5),8.4,0.0
2021-12-11,Madrid,40.386642,-3.6760864,15.7,6.8,10.4,14.7,4.0,09:27,18:48,7.71,20.9,0.0,2021,12,11,Open-Meteo (ERA5),7.6,0.0
2021-12-12,Madrid,40.386642,-3.6760864,13.0,3.3,7.6,11.9,0.8,09:28,18:48,8.63,8.5,0.0,2021,12,12,Open-Meteo (ERA5),10.4,0.0
2021-12-13,Madrid,40.386642,-3.6760864,12.1,0.9,5.8,10.7,-2.1,09:29,18:48,9.1,8.4,0.0,2021,12,13,Open-Meteo (ERA5),12.2,0.0
2021-12-14,Madrid,40.386642,-3.6760864,15.5,1.1,6.5,13.1,-2.1,09:30,18:48,9.06,11.4,0.0,2021,12,14,Open-Meteo (ERA5),11.5,0.0
2021-12-15,Madrid,40.386642,-3.6760864,15.6,1.2,7.2,13.0,-2.4,09:30,18:49,9.08,10.1,0.0,2021,12,15,Open-Meteo (ERA5),10.8,0.0
2021-12-16,Madrid,40.386642,-3.6760864,12.1,0.3,4.9,8.9,-3.3,09:31,18:49,9.02,11.0,0.0,2021,12,16,Open-Meteo (ERA5),13.1,0.0
2021-12-17,Madrid,40.386642,-3.6760864,11.6,-1.1,4.4,8.5,-4.9,09:31,18:49,9.01,10.7,0.0,2021,12,17,Open-Meteo (ERA5),13.6,0.0
2021-12-18,Madrid,40.386642,-3.6760864,10.0,-0.3,4.5,7.9,-3.5,09:32,18:50,4.19,13.4,0.1,2021,12,18,Open-Meteo (ERA5),13.5,0.0
2021-12-19,Madrid,40.386642,-3.6760864,11.8,4.0,6.7,9.5,1.3,09:33,18:50,4.42,9.4,0.6,2021,12,19,Open-Meteo (ERA5),11.3,0.0
2021-12-20,Madrid,40.386642,-3.6760864,9.3,0.8,4.6,7.7,-2.3,09:33,18:50,6.63,7.8,0.7,2021,12,20,Open-Meteo (ERA5),13.4,0.0
2021-12-21,Madrid,40.386642,-3.6760864,13.1,3.3,7.9,12.0,1.1,09:34,18:51,6.12,7.2,0.2,2021,12,21,Open-Meteo (ERA5),10.1,0.0
2021-12-22,Madrid,40.386642,-3.6760864,14.1,4.9,8.8,12.1,2.6,09:34,18:51,6.74,12.1,0.0,2021,12,22,Open-Meteo (ERA5),9.2,0.0
2021-12-23,Madrid,40.386642,-3.6760864,11.6,4.6,7.8,10.0,2.1,09:35,18:52,2.5,12.0,3.2,2021,12,23,Open-Meteo (ERA5),10.2,0.0
2021-12-24,Madrid,40.386642,-3.6760864,12.3,8.8,10.1,10.9,7.0,09:35,18:53,3.6,13.5,5.7,2021,12,24,Open-Meteo (ERA5),7.9,0.0
2021-12-25,Madrid,40.386642,-3.6760864,10.2,7.9,9.1,9.3,6.1,09:36,18:53,1.42,13.5,6.1,2021,12,25,Open-Meteo (ERA5),8.9,0.0
2021-12-26,Madrid,40.386642,-3.6760864,10.7,6.8,8.9,8.6,5.3,09:36,18:54,1.41,16.5,7.7,2021,12,26,Open-Meteo (ERA5),9.1,0.0
2021-12-27,Madrid,40.386642,-3.6760864,14.4,9.4,12.0,10.1,6.3,09:36,18:55,7.78,27.7,0.1,2021,12,27,Open-Meteo (ERA5),6.0,0.0
2021-12-28,Madrid,40.386642,-3.6760864,13.1,7.7,10.2,10.0,5.1,09:37,18:55,7.22,21.3,0.0,2021,12,28,Open-Meteo (ERA5),7.800000000000001,0.0
2021-12-29,Madrid,40.386642,-3.6760864,11.6,5.5,7.8,10.5,3.7,09:37,18:56,5.16,9.1,0.0,2021,12,29,Open-Meteo (ERA5),10.2,0.0
2021-12-30,Madrid,40.386642,-3.6760864,13.5,1.7,6.6,12.7,-1.3,09:37,18:57,9.1,9.5,0.0,2021,12,30,Open-Meteo (ERA5),11.4,0.0
2021-12-31,Madrid,40.386642,-3.6760864,14.1,1.1,6.7,12.5,-1.7,09:37,18:58,9.21,9.7,0.0,2021,12,31,Open-Meteo (ERA5),11.3,0.0
2022-01-01,Madrid,40.386642,-3.6760864,16.2,2.1,7.8,14.6,-1.4,09:37,18:58,9.04,10.7,0.0,2022,1,1,Open-Meteo (ERA5),10.2,0.0
2022-01-02,Madrid,40.386642,-3.6760864,14.2,1.4,6.6,12.7,-1.9,09:37,18:59,7.85,7.4,0.0,2022,1,2,Open-Meteo (ERA5),11.4,0.0
2022-01-03,Madrid,40.386642,-3.6760864,13.8,1.3,6.6,11.8,-1.5,09:37,19:00,8.74,9.5,0.0,2022,1,3,Open-Meteo (ERA5),11.4,0.0
2022-01-04,Madrid,40.386642,-3.6760864,13.1,3.7,7.1,10.3,0.9,09:37,19:01,7.73,25.9,7.5,2022,1,4,Open-Meteo (ERA5),10.9,0.0
2022-01-05,Madrid,40.386642,-3.6760864,9.9,4.5,6.2,5.6,-0.4,09:37,19:02,5.81,20.2,5.3,2022,1,5,Open-Meteo (ERA5),11.8,0.0
2022-01-06,Madrid,40.386642,-3.6760864,7.9,1.4,4.2,5.0,-1.8,09:37,19:03,9.03,8.3,0.0,2022,1,6,Open-Meteo (ERA5),13.8,0.0
2022-01-07,Madrid,40.386642,-3.6760864,10.7,-0.3,4.4,6.7,-3.6,09:37,19:04,8.87,18.9,0.0,2022,1,7,Open-Meteo (ERA5),13.6,0.0
2022-01-08,Madrid,40.386642,-3.6760864,9.8,-2.5,2.9,6.5,-5.9,09:37,19:05,8.74,14.4,0.0,2022,1,8,Open-Meteo (ERA5),15.1,0.0
2022-01-09,Madrid,40.386642,-3.6760864,12.9,3.1,7.5,8.7,-1.3,09:37,19:06,6.14,24.9,0.0,2022,1,9,Open-Meteo (ERA5),10.5,0.0
2022-01-10,Madrid,40.386642,-3.6760864,15.1,8.5,11.0,13.9,6.1,09:37,19:07,8.33,17.2,0.2,2022,1,10,Open-Meteo (ERA5),7.0,0.0
2022-01-11,Madrid,40.386642,-3.6760864,16.0,6.1,9.9,13.0,3.4,09:36,19:08,9.02,18.8,0.0,2022,1,11,Open-Meteo (ERA5),8.1,0.0
2022-01-12,Madrid,40.386642,-3.6760864,11.8,2.8,6.9,8.3,-0.8,09:36,19:09,10.2,19.1,0.0,2022,1,12,Open-Meteo (ERA5),11.1,0.0
2022-01-13,Madrid,40.386642,-3.6760864,9.4,-2.2,3.0,6.1,-5.7,09:36,19:10,8.24,12.2,0.0,2022,1,13,Open-Meteo (ERA5),15.0,0.0
2022-01-14,Madrid,40.386642,-3.6760864,8.1,-2.8,1.8,4.5,-6.8,09:35,19:11,10.35,10.3,0.0,2022,1,14,Open-Meteo (ERA5),16.2,0.0
2022-01-15,Madrid,40.386642,-3.6760864,7.6,-3.3,1.1,4.8,-6.8,09:35,19:12,10.31,9.3,0.0,2022,1,15,Open-Meteo (ERA5),16.9,0.0
2022-01-16,Madrid,40.386642,-3.6760864,8.4,-3.0,1.5,5.7,-6.5,09:35,19:13,10.41,7.2,0.0,2022,1,16,Open-Meteo (ERA5),16.5,0.0
2022-01-17,Madrid,40.386642,-3.6760864,9.8,-2.3,2.5,7.4,-6.1,09:34,19:14,10.45,10.2,0.0,2022,1,17,Open-Meteo (ERA5),15.5,0.0
2022-01-18,Madrid,40.386642,-3.6760864,11.2,-2.5,2.6,8.6,-6.2,09:34,19:15,10.8,8.8,0.0,2022,1,18,Open-Meteo (ERA5),15.4,0.0
2022-01-19,Madrid,40.386642,-3.6760864,11.0,-3.5,2.3,7.8,-7.4,09:33,19:17,10.94,8.8,0.0,2022,1,19,Open-Meteo (ERA5),15.7,0.0
2022-01-20,Madrid,40.386642,-3.6760864,12.4,-1.6,4.1,8.4,-5.3,09:33,19:18,10.63,16.2,0.0,2022,1,20,Open-Meteo (ERA5),13.9,0.0
2022-01-21,Madrid,40.386642,-3.6760864,9.4,-1.1,3.4,5.2,-4.4,09:32,19:19,10.61,16.4,0.0,2022,1,21,Open-Meteo (ERA5),14.6,0.0
2022-01-22,Madrid,40.386642,-3.6760864,8.9,-2.1,2.4,6.2,-6.8,09:31,19:20,8.36,16.5,0.0,2022,1,22,Open-Meteo (ERA5),15.6,0.0
2022-01-23,Madrid,40.386642,-3.6760864,9.8,-1.4,3.0,7.3,-5.1,09:31,19:21,8.19,13.4,0.0,2022,1,23,Open-Meteo (ERA5),15.0,0.0
2022-01-24,Madrid,40.386642,-3.6760864,10.6,-0.2,4.1,6.8,-3.5,09:30,19:22,8.03,11.4,0.0,2022,1,24,Open-Meteo (ERA5),13.9,0.0
2022-01-25,Madrid,40.386642,-3.6760864,11.1,1.4,5.5,7.7,-2.0,09:29,19:24,6.65,12.6,0.2,2022,1,25,Open-Meteo (ERA5),12.5,0.0
2022-01-26,Madrid,40.386642,-3.6760864,11.4,-1.5,4.0,8.5,-5.6,09:29,19:25,10.11,13.2,0.0,2022,1,26,Open-Meteo (ERA5),14.0,0.0
2022-01-27,Madrid,40.386642,-3.6760864,13.2,-1.4,4.8,9.8,-5.3,09:28,19:26,11.65,11.6,0.0,2022,1,27,Open-Meteo (ERA5),13.2,0.0
2022-01-28,Madrid,40.386642,-3.6760864,14.3,-1.4,4.9,10.0,-6.0,09:27,19:27,12.25,13.5,0.0,2022,1,28,Open-Meteo (ERA5),13.1,0.0
2022-01-29,Madrid,40.386642,-3.6760864,15.2,-2.0,5.0,11.1,-6.5,09:26,19:28,12.32,13.6,0.0,2022,1,29,Open-Meteo (ERA5),13.0,0.0
2022-01-30,Madrid,40.386642,-3.6760864,15.4,-1.5,5.7,11.9,-6.1,09:25,19:30,12.44,9.9,0.0,2022,1,30,Open-Meteo (ERA5),12.3,0.0
2022-01-31,Madrid,40.386642,-3.6760864,15.1,-3.3,5.4,11.3,-7.2,09:24,19:31,12.47,19.2,0.0,2022,1,31,Open-Meteo (ERA5),12.6,0.0
2022-02-01,Madrid,40.386642,-3.6760864,16.6,4.9,9.3,11.4,0.3,09:23,19:32,11.69,27.2,0.0,2022,2,1,Open-Meteo (ERA5),8.7,0.0
2022-02-02,Madrid,40.386642,-3.6760864,19.1,3.0,9.8,15.9,-0.0,09:22,19:33,12.78,15.8,0.0,2022,2,2,Open-Meteo (ERA5),8.2,0.0
2022-02-03,Madrid,40.386642,-3.6760864,18.0,0.2,8.3,14.6,-3.5,09:21,19:34,12.06,15.8,0.0,2022,2,3,Open-Meteo (ERA5),9.7,0.0
2022-02-04,Madrid,40.386642,-3.6760864,14.8,4.2,9.6,12.1,2.3,09:20,19:36,8.82,8.5,0.0,2022,2,4,Open-Meteo (ERA5),8.4,0.0
2022-02-05,Madrid,40.386642,-3.6760864,15.4,6.0,9.9,11.3,2.2,09:19,19:37,10.82,22.4,0.0,2022,2,5,Open-Meteo (ERA5),8.1,0.0
2022-02-06,Madrid,40.386642,-3.6760864,14.4,0.8,7.2,11.0,-4.0,09:18,19:38,13.14,18.8,0.0,2022,2,6,Open-Meteo (ERA5),10.8,0.0
2022-02-07,Madrid,40.386642,-3.6760864,17.4,0.3,7.8,12.8,-3.6,09:17,19:39,13.25,19.3,0.0,2022,2,7,Open-Meteo (ERA5),10.2,0.0
2022-02-08,Madrid,40.386642,-3.6760864,16.9,2.3,9.1,13.8,-1.2,09:16,19:41,13.29,17.9,0.0,2022,2,8,Open-Meteo (ERA5),8.9,0.0
2022-02-09,Madrid,40.386642,-3.6760864,15.2,1.2,8.1,12.3,-2.1,09:15,19:42,13.5,9.2,0.0,2022,2,9,Open-Meteo (ERA5),9.9,0.0
2022-02-10,Madrid,40.386642,-3.6760864,16.6,-0.4,8.3,13.4,-3.8,09:14,19:43,13.47,10.5,0.0,2022,2,10,Open-Meteo (ERA5),9.7,0.0
2022-02-11,Madrid,40.386642,-3.6760864,17.6,2.7,9.8,14.6,-0.5,09:13,19:44,13.1,16.7,0.0,2022,2,11,Open-Meteo (ERA5),8.2,0.0
2022-02-12,Madrid,40.386642,-3.6760864,15.2,2.8,8.9,12.0,-0.1,09:11,19:45,11.7,8.7,0.0,2022,2,12,Open-Meteo (ERA5),9.1,0.0
2022-02-13,Madrid,40.386642,-3.6760864,14.8,5.1,9.5,9.2,3.0,09:10,19:47,6.72,26.9,0.7,2022,2,13,Open-Meteo (ERA5),8.5,0.0
2022-02-14,Madrid,40.386642,-3.6760864,12.6,3.8,8.5,7.4,0.3,09:09,19:48,14.18,22.5,0.9,2022,2,14,Open-Meteo (ERA5),9.5,0.0
2022-02-15,Madrid,40.386642,-3.6760864,13.8,-0.2,6.5,9.1,-3.7,09:08,19:49,13.99,17.1,0.0,2022,2,15,Open-Meteo (ERA5),11.5,0.0
2022-02-16,Madrid,40.386642,-3.6760864,15.6,3.9,9.1,12.3,0.6,09:06,19:50,13.08,18.8,0.0,2022,2,16,Open-Meteo (ERA5),8.9,0.0
2022-02-17,Madrid,40.386642,-3.6760864,17.5,2.2,9.4,15.1,-0.3,09:05,19:51,14.68,8.7,0.0,2022,2,17,Open-Meteo (ERA5),8.6,0.0
2022-02-18,Madrid,40.386642,-3.6760864,18.8,2.0,10.5,16.5,-0.7,09:04,19:53,14.74,12.6,0.0,2022,2,18,Open-Meteo (ERA5),7.5,0.0
2022-02-19,Madrid,40.386642,-3.6760864,13.1,7.1,9.3,8.6,1.4,09:02,19:54,5.87,26.4,0.3,2022,2,19,Open-Meteo (ERA5),8.7,0.0
2022-02-20,Madrid,40.386642,-3.6760864,15.4,-1.4,6.9,12.2,-4.7,09:01,19:55,15.36,13.1,0.0,2022,2,20,Open-Meteo (ERA5),11.1,0.0
2022-02-21,Madrid,40.386642,-3.6760864,18.4,2.6,9.7,14.5,-0.3,08:59,19:56,15.63,15.8,0.0,2022,2,21,Open-Meteo (ERA5),8.3,0.0
2022-02-22,Madrid,40.386642,-3.6760864,20.5,2.0,10.7,15.7,-2.2,08:58,19:57,16.15,13.4,0.0,2022,2,22,Open-Meteo (ERA5),7.300000000000001,0.0
2022-02-23,Madrid,40.386642,-3.6760864,18.6,2.8,10.5,15.1,-1.4,08:57,19:58,14.21,13.9,0.0,2022,2,23,Open-Meteo (ERA5),7.5,0.0
2022-02-24,Madrid,40.386642,-3.6760864,17.8,2.2,10.0,14.3,-1.5,08:55,20:00,13.53,13.4,0.0,2022,2,24,Open-Meteo (ERA5),8.0,0.0
2022-02-25,Madrid,40.386642,-3.6760864,11.6,6.8,8.7,7.1,2.5,08:54,20:01,2.99,19.5,4.1,2022,2,25,Open-Meteo (ERA5),9.3,0.0
2022-02-26,Madrid,40.386642,-3.6760864,9.8,5.9,8.1,7.3,2.7,08:52,20:02,3.92,19.4,1.4,2022,2,26,Open-Meteo (ERA5),9.9,0.0
2022-02-27,Madrid,40.386642,-3.6760864,13.4,7.1,9.3,11.1,5.0,08:51,20:03,10.27,9.0,0.6,2022,2,27,Open-Meteo (ERA5),8.7,0.0
2022-02-28,Madrid,40.386642,-3.6760864,16.9,3.8,9.6,14.6,1.0,08:49,20:04,16.69,9.8,0.0,2022,2,28,Open-Meteo (ERA5),8.4,0.0
2022-03-01,Madrid,40.386642,-3.6760864,17.8,1.9,9.8,14.7,-1.3,08:48,20:05,16.35,12.5,0.0,2022,3,1,Open-Meteo (ERA5),8.2,0.0
2022-03-02,Madrid,40.386642,-3.6760864,17.0,7.6,11.7,13.0,5.1,08:46,20:06,15.22,23.3,0.4,2022,3,2,Open-Meteo (ERA5),6.300000000000001,0.0
2022-03-03,Madrid,40.386642,-3.6760864,10.6,3.2,7.7,8.5,1.0,08:45,20:08,5.22,27.2,14.4,2022,3,3,Open-Meteo (ERA5),10.3,0.0
2022-03-04,Madrid,40.386642,-3.6760864,13.2,5.2,8.4,9.2,0.2,08:43,20:09,10.48,26.8,2.2,2022,3,4,Open-Meteo (ERA5),9.6,0.0
2022-03-05,Madrid,40.386642,-3.6760864,10.6,0.8,6.2,8.2,-2.3,08:42,20:10,13.51,13.0,0.0,2022,3,5,Open-Meteo (ERA5),11.8,0.0
2022-03-06,Madrid,40.386642,-3.6760864,11.1,1.5,6.6,7.8,-3.1,08:40,20:11,13.05,18.3,0.0,2022,3,6,Open-Meteo (ERA5),11.4,0.0
2022-03-07,Madrid,40.386642,-3.6760864,11.4,4.8,6.7,8.5,1.6,08:39,20:12,6.96,17.6,16.5,2022,3,7,Open-Meteo (ERA5),11.3,0.0
2022-03-08,Madrid,40.386642,-3.6760864,12.4,3.6,7.5,9.1,0.8,08:37,20:13,12.75,18.2,1.1,2022,3,8,Open-Meteo (ERA5),10.5,0.0
2022-03-09,Madrid,40.386642,-3.6760864,13.8,2.5,8.1,11.5,-0.2,08:35,20:14,11.99,12.0,0.1,2022,3,9,Open-Meteo (ERA5),9.9,0.0
2022-03-10,Madrid,40.386642,-3.6760864,14.4,3.8,9.2,10.8,0.6,08:34,20:15,12.86,17.4,3.6,2022,3,10,Open-Meteo (ERA5),8.8,0.0
2022-03-11,Madrid,40.386642,-3.6760864,13.8,7.2,9.5,9.6,4.5,08:32,20:16,8.09,20.6,8.8,2022,3,11,Open-Meteo (ERA5),8.5,0.0
2022-03-12,Madrid,40.386642,-3.6760864,13.2,3.2,8.4,8.3,-0.1,08:31,20:17,15.05,25.9,1.8,2022,3,12,Open-Meteo (ERA5),9.6,0.0
2022-03-13,Madrid,40.386642,-3.6760864,13.6,4.8,9.4,11.0,1.6,08:29,20:18,19.28,17.7,9.5,2022,3,13,Open-Meteo (ERA5),8.6,0.0
2022-03-14,Madrid,40.386642,-3.6760864,12.4,5.3,7.8,9.7,0.5,08:27,20:19,2.87,24.2,13.4,2022,3,14,Open-Meteo (ERA5),10.2,0.0
2022-03-15,Madrid,40.386642,-3.6760864,19.0,7.9,12.5,16.2,4.6,08:26,20:21,10.83,20.6,0.6,2022,3,15,Open-Meteo (ERA5),5.5,0.0
2022-03-16,Madrid,40.386642,-3.6760864,16.2,9.5,12.7,15.0,6.8,08:24,20:22,12.83,23.7,0.7,2022,3,16,Open-Meteo (ERA5),5.300000000000001,0.0
2022-03-17,Madrid,40.386642,-3.6760864,13.6,8.5,11.0,8.4,4.3,08:22,20:23,10.94,32.9,1.7,2022,3,17,Open-Meteo (ERA5),7.0,0.0
2022-03-18,Madrid,40.386642,-3.6760864,14.1,6.4,10.0,11.4,2.4,08:21,20:24,13.14,18.4,0.0,2022,3,18,Open-Meteo (ERA5),8.0,0.0
2022-03-19,Madrid,40.386642,-3.6760864,12.9,5.5,9.1,10.9,2.6,08:19,20:25,11.64,13.8,0.0,2022,3,19,Open-Meteo (ERA5),8.9,0.0
2022-03-20,Madrid,40.386642,-3.6760864,14.1,6.0,9.9,10.1,3.5,08:17,20:26,9.34,23.0,0.7,2022,3,20,Open-Meteo (ERA5),8.1,0.0
2022-03-21,Madrid,40.386642,-3.6760864,15.1,8.5,10.2,12.6,4.8,08:16,20:27,8.94,20.9,12.7,2022,3,21,Open-Meteo (ERA5),7.800000000000001,0.0
2022-03-22,Madrid,40.386642,-3.6760864,13.0,8.1,9.9,8.7,4.7,08:14,20:28,9.3,27.6,27.7,2022,3,22,Open-Meteo (ERA5),8.1,0.0
2022-03-23,Madrid,40.386642,-3.6760864,11.9,6.7,8.7,8.9,3.2,08:13,20:29,7.69,20.9,4.1,2022,3,23,Open-Meteo (ERA5),9.3,0.0
2022-03-24,Madrid,40.386642,-3.6760864,13.0,6.3,8.7,10.6,2.3,08:11,20:30,7.82,21.0,6.6,2022,3,24,Open-Meteo (ERA5),9.3,0.0
2022-03-25,Madrid,40.386642,-3.6760864,14.2,7.8,10.1,11.8,4.8,08:09,20:31,8.6,18.0,6.2,2022,3,25,Open-Meteo (ERA5),7.9,0.0
2022-03-26,Madrid,40.386642,-3.6760864,13.9,7.1,9.6,12.3,3.7,08:08,20:32,9.24,17.4,1.9,2022,3,26,Open-Meteo (ERA5),8.4,0.0
2022-03-27,Madrid,40.386642,-3.6760864,15.3,7.3,10.8,12.1,5.6,08:06,20:33,12.93,16.7,0.2,2022,3,27,Open-Meteo (ERA5),7.199999999999999,0.0
2022-03-28,Madrid,40.386642,-3.6760864,17.0,4.7,10.2,15.4,1.9,08:04,20:34,17.59,14.7,0.1,2022,3,28,Open-Meteo (ERA5),7.800000000000001,0.0
2022-03-29,Madrid,40.386642,-3.6760864,15.5,7.8,11.4,13.8,6.2,08:03,20:35,13.99,11.2,7.8,2022,3,29,Open-Meteo (ERA5),6.6,0.0
2022-03-30,Madrid,40.386642,-3.6760864,12.7,8.5,10.3,9.3,6.5,08:01,20:36,9.53,16.9,3.7,2022,3,30,Open-Meteo (ERA5),7.699999999999999,0.0
2022-03-31,Madrid,40.386642,-3.6760864,14.3,4.7,8.9,10.7,2.2,07:59,20:37,17.33,17.6,0.4,2022,3,31,Open-Meteo (ERA5),9.1,0.0
2022-04-01,Madrid,40.386642,-3.6760864,10.2,3.0,6.6,6.5,-2.6,07:58,20:38,20.85,22.8,0.2,2022,4,1,Open-Meteo (ERA5),11.4,0.0
2022-04-02,Madrid,40.386642,-3.6760864,10.4,-1.3,4.4,6.4,-4.7,07:56,20:39,22.89,19.7,0.0,2022,4,2,Open-Meteo (ERA5),13.6,0.0
2022-04-03,Madrid,40.386642,-3.6760864,10.2,-1.6,4.4,5.4,-5.6,07:55,20:40,22.64,21.3,0.0,2022,4,3,Open-Meteo (ERA5),13.6,0.0
2022-04-04,Madrid,40.386642,-3.6760864,11.7,-1.2,5.1,6.7,-6.8,07:53,20:41,17.71,23.8,0.0,2022,4,4,Open-Meteo (ERA5),12.9,0.0
2022-04-05,Madrid,40.386642,-3.6760864,8.5,1.8,5.1,5.2,-3.0,07:51,20:42,9.27,15.8,0.2,2022,4,5,Open-Meteo (ERA5),12.9,0.0
2022-04-06,Madrid,40.386642,-3.6760864,15.7,3.5,8.7,13.3,0.8,07:50,20:43,22.63,18.3,0.0,2022,4,6,Open-Meteo (ERA5),9.3,0.0
2022-04-07,Madrid,40.386642,-3.6760864,19.0,5.5,12.1,16.2,2.8,07:48,20:45,23.81,19.8,0.0,2022,4,7,Open-Meteo (ERA5),5.9,0.0
2022-04-08,Madrid,40.386642,-3.6760864,15.6,5.9,10.7,11.3,2.8,07:46,20:46,18.35,24.0,0.0,2022,4,8,Open-Meteo (ERA5),7.300000000000001,0.0
2022-04-09,Madrid,40.386642,-3.6760864,17.0,9.1,12.5,15.8,6.5,07:45,20:47,15.99,17.8,0.4,2022,4,9,Open-Meteo (ERA5),5.5,0.0
2022-04-10,Madrid,40.386642,-3.6760864,22.2,8.6,15.1,20.4,7.6,07:43,20:48,19.48,21.5,0.3,2022,4,10,Open-Meteo (ERA5),2.9000000000000004,0.0
2022-04-11,Madrid,40.386642,-3.6760864,21.9,7.4,14.6,18.2,5.4,07:42,20:49,20.97,25.0,0.8,2022,4,11,Open-Meteo (ERA5),3.4000000000000004,0.0
2022-04-12,Madrid,40.386642,-3.6760864,16.6,6.4,11.5,14.7,4.5,07:40,20:50,19.36,21.3,3.9,2022,4,12,Open-Meteo (ERA5),6.5,0.0
2022-04-13,Madrid,40.386642,-3.6760864,18.8,4.7,12.2,15.1,2.6,07:39,20:51,19.02,17.9,0.1,2022,4,13,Open-Meteo (ERA5),5.800000000000001,0.0
2022-04-14,Madrid,40.386642,-3.6760864,21.0,8.6,14.9,19.1,6.2,07:37,20:52,23.52,14.1,0.0,2022,4,14,Open-Meteo (ERA5),3.0999999999999996,0.0
2022-04-15,Madrid,40.386642,-3.6760864,23.5,8.6,16.1,23.4,7.0,07:36,20:53,24.52,10.6,0.0,2022,4,15,Open-Meteo (ERA5),1.8999999999999986,0.0
2022-04-16,Madrid,40.386642,-3.6760864,26.9,9.8,17.9,25.9,8.0,07:34,20:54,23.76,17.2,0.0,2022,4,16,Open-Meteo (ERA5),0.10000000000000142,0.0
2022-04-17,Madrid,40.386642,-3.6760864,26.5,9.3,18.0,26.0,7.1,07:33,20:55,23.4,12.0,0.0,2022,4,17,Open-Meteo (ERA5),0.0,0.0
2022-04-18,Madrid,40.386642,-3.6760864,26.0,11.4,18.9,24.4,7.6,07:31,20:56,25.03,16.1,0.0,2022,4,18,Open-Meteo (ERA5),0.0,0.8999999999999986
2022-04-19,Madrid,40.386642,-3.6760864,19.1,8.5,14.0,17.3,3.6,07:30,20:57,19.92,31.5,1.2,2022,4,19,Open-Meteo (ERA5),4.0,0.0
2022-04-20,Madrid,40.386642,-3.6760864,13.4,3.0,8.2,8.7,-1.8,07:28,20:58,12.86,30.6,19.7,2022,4,20,Open-Meteo (ERA5),9.8,0.0
2022-04-21,Madrid,40.386642,-3.6760864,16.3,5.2,10.4,13.0,2.8,07:27,20:59,20.76,17.6,0.0,2022,4,21,Open-Meteo (ERA5),7.6,0.0
2022-04-22,Madrid,40.386642,-3.6760864,10.6,7.1,8.9,7.0,3.4,07:25,21:00,6.29,24.1,19.9,2022,4,22,Open-Meteo (ERA5),9.1,0.0
2022-04-23,Madrid,40.386642,-3.6760864,11.9,5.1,8.2,7.1,0.1,07:24,21:01,19.12,31.5,3.0,2022,4,23,Open-Meteo (ERA5),9.8,0.0
2022-04-24,Madrid,40.386642,-3.6760864,17.3,4.0,10.5,15.2,1.2,07:23,21:02,26.65,13.4,0.0,2022,4,24,Open-Meteo (ERA5),7.5,0.0
2022-04-25,Madrid,40.386642,-3.6760864,19.4,5.2,12.5,18.9,2.0,07:21,21:03,26.75,10.2,0.0,2022,4,25,Open-Meteo (ERA5),5.5,0.0
2022-04-26,Madrid,40.386642,-3.6760864,20.9,8.4,14.2,21.0,6.5,07:20,21:04,21.37,13.0,0.4,2022,4,26,Open-Meteo (ERA5),3.8000000000000007,0.0
2022-04-27,Madrid,40.386642,-3.6760864,16.0,10.4,12.7,14.7,9.4,07:19,21:05,15.27,14.7,10.1,2022,4,27,Open-Meteo (ERA5),5.300000000000001,0.0
2022-04-28,Madrid,40.386642,-3.6760864,15.8,8.9,12.2,14.3,7.6,07:17,21:06,17.6,19.8,1.6,2022,4,28,Open-Meteo (ERA5),5.800000000000001,0.0
2022-04-29,Madrid,40.386642,-3.6760864,22.5,8.6,15.0,21.7,6.3,07:16,21:07,24.52,12.8,0.0,2022,4,29,Open-Meteo (ERA5),3.0,0.0
2022-04-30,Madrid,40.386642,-3.6760864,23.2,9.2,16.2,22.9,7.9,07:15,21:08,21.25,10.2,0.3,2022,4,30,Open-Meteo (ERA5),1.8000000000000007,0.0
2022-05-01,Madrid,40.386642,-3.6760864,24.3,10.4,17.4,23.0,8.8,07:13,21:09,25.2,16.9,0.3,2022,5,1,Open-Meteo (ERA5),0.6000000000000014,0.0
2022-05-02,Madrid,40.386642,-3.6760864,17.6,10.7,13.9,16.8,8.4,07:12,21:10,20.47,17.0,4.5,2022,5,2,Open-Meteo (ERA5),4.1,0.0
2022-05-03,Madrid,40.386642,-3.6760864,17.5,9.6,12.8,14.5,6.6,07:11,21:11,16.95,23.0,6.4,2022,5,3,Open-Meteo (ERA5),5.199999999999999,0.0
2022-05-04,Madrid,40.386642,-3.6760864,20.1,9.2,14.3,17.1,5.8,07:10,21:12,24.08,20.9,0.1,2022,5,4,Open-Meteo (ERA5),3.6999999999999993,0.0
2022-05-05,Madrid,40.386642,-3.6760864,22.8,8.4,15.3,21.1,6.4,07:09,21:13,26.97,13.7,0.0,2022,5,5,Open-Meteo (ERA5),2.6999999999999993,0.0
2022-05-06,Madrid,40.386642,-3.6760864,23.5,7.8,15.6,21.5,5.4,07:07,21:14,28.22,17.6,0.0,2022,5,6,Open-Meteo (ERA5),2.4000000000000004,0.0
2022-05-07,Madrid,40.386642,-3.6760864,23.9,9.4,16.6,22.2,6.3,07:06,21:15,28.2,16.4,0.0,2022,5,7,Open-Meteo (ERA5),1.3999999999999986,0.0
2022-05-08,Madrid,40.386642,-3.6760864,26.2,10.4,18.3,25.0,7.9,07:05,21:16,27.99,12.5,0.0,2022,5,8,Open-Meteo (ERA5),0.0,0.3000000000000007
2022-05-09,Madrid,40.386642,-3.6760864,27.2,11.1,19.5,26.7,8.7,07:04,21:17,27.24,16.8,0.0,2022,5,9,Open-Meteo (ERA5),0.0,1.5
2022-05-10,Madrid,40.386642,-3.6760864,28.4,12.0,20.7,28.4,10.3,07:03,21:18,27.23,10.4,0.0,2022,5,10,Open-Meteo (ERA5),0.0,2.6999999999999993
2022-05-11,Madrid,40.386642,-3.6760864,29.8,14.2,22.3,29.3,12.1,07:02,21:19,25.96,15.0,0.0,2022,5,11,Open-Meteo (ERA5),0.0,4.300000000000001
2022-05-12,Madrid,40.386642,-3.6760864,27.5,14.9,21.7,27.0,12.9,07:01,21:20,23.83,13.4,0.0,2022,5,12,Open-Meteo (ERA5),0.0,3.6999999999999993
2022-05-13,Madrid,40.386642,-3.6760864,29.8,13.6,22.1,28.8,12.0,07:00,21:21,28.05,12.3,0.0,2022,5,13,Open-Meteo (ERA5),0.0,4.100000000000001
2022-05-14,Madrid,40.386642,-3.6760864,28.8,16.0,21.8,28.6,14.6,06:59,21:22,23.37,15.0,0.8,2022,5,14,Open-Meteo (ERA5),0.0,3.8000000000000007
2022-05-15,Madrid,40.386642,-3.6760864,24.2,14.9,19.6,22.4,13.0,06:58,21:23,24.55,21.1,0.2,2022,5,15,Open-Meteo (ERA5),0.0,1.6000000000000014
2022-05-16,Madrid,40.386642,-3.6760864,25.5,12.9,19.3,25.0,11.2,06:57,21:24,27.51,15.3,0.0,2022,5,16,Open-Meteo (ERA5),0.0,1.3000000000000007
2022-05-17,Madrid,40.386642,-3.6760864,28.0,13.8,21.0,27.2,12.7,06:56,21:25,27.82,15.6,0.0,2022,5,17,Open-Meteo (ERA5),0.0,3.0
2022-05-18,Madrid,40.386642,-3.6760864,31.8,13.9,23.3,30.7,12.8,06:55,21:26,27.78,15.8,0.0,2022,5,18,Open-Meteo (ERA5),0.0,5.300000000000001
2022-05-19,Madrid,40.386642,-3.6760864,34.8,16.4,25.8,32.5,15.7,06:54,21:27,26.3,31.1,0.0,2022,5,19,Open-Meteo (ERA5),0.0,7.800000000000001
2022-05-20,Madrid,40.386642,-3.6760864,33.2,17.6,25.7,31.0,15.6,06:54,21:28,23.36,22.5,0.0,2022,5,20,Open-Meteo (ERA5),0.0,7.699999999999999
2022-05-21,Madrid,40.386642,-3.6760864,34.2,16.5,26.0,33.2,14.9,06:53,21:29,25.52,17.9,0.0,2022,5,21,Open-Meteo (ERA5),0.0,8.0
2022-05-22,Madrid,40.386642,-3.6760864,28.2,18.4,22.6,25.8,16.1,06:52,21:30,25.01,29.1,0.0,2022,5,22,Open-Meteo (ERA5),0.0,4.600000000000001
2022-05-23,Madrid,40.386642,-3.6760864,27.8,14.9,21.0,25.9,13.8,06:51,21:31,26.07,17.9,0.0,2022,5,23,Open-Meteo (ERA5),0.0,3.0
2022-05-24,Madrid,40.386642,-3.6760864,23.1,13.2,17.6,21.3,9.6,06:51,21:31,18.48,28.6,0.0,2022,5,24,Open-Meteo (ERA5),0.3999999999999986,0.0
2022-05-25,Madrid,40.386642,-3.6760864,22.5,9.3,15.8,20.3,6.1,06:50,21:32,27.09,23.1,0.0,2022,5,25,Open-Meteo (ERA5),2.1999999999999993,0.0
2022-05-26,Madrid,40.386642,-3.6760864,26.9,10.1,18.5,24.6,7.6,06:49,21:33,29.37,21.1,0.0,2022,5,26,Open-Meteo (ERA5),0.0,0.5
2022-05-27,Madrid,40.386642,-3.6760864,31.2,13.9,22.9,29.0,11.0,06:49,21:34,29.73,20.4,0.0,2022,5,27,Open-Meteo (ERA5),0.0,4.899999999999999
2022-05-28,Madrid,40.386642,-3.6760864,32.5,15.3,24.3,31.5,13.2,06:48,21:35,29.43,14.8,0.0,2022,5,28,Open-Meteo (ERA5),0.0,6.300000000000001
2022-05-29,Madrid,40.386642,-3.6760864,30.5,16.8,24.0,27.6,15.4,06:48,21:36,27.21,20.2,0.0,2022,5,29,Open-Meteo (ERA5),0.0,6.0
2022-05-30,Madrid,40.386642,-3.6760864,23.0,15.6,20.2,20.7,12.6,06:47,21:36,25.54,23.1,0.0,2022,5,30,Open-Meteo (ERA5),0.0,2.1999999999999993
2022-05-31,Madrid,40.386642,-3.6760864,30.1,13.8,21.9,28.1,13.3,06:47,21:37,29.25,19.1,0.0,2022,5,31,Open-Meteo (ERA5),0.0,3.8999999999999986
2022-06-01,Madrid,40.386642,-3.6760864,29.3,17.5,23.2,27.4,14.8,06:46,21:38,28.16,20.9,0.0,2022,6,1,Open-Meteo (ERA5),0.0,5.199999999999999
2022-06-02,Madrid,40.386642,-3.6760864,27.6,15.9,22.1,26.2,15.6,06:46,21:39,26.46,17.5,0.0,2022,6,2,Open-Meteo (ERA5),0.0,4.100000000000001
2022-06-03,Madrid,40.386642,-3.6760864,28.0,17.2,22.5,24.9,16.1,06:46,21:39,26.28,22.5,0.0,2022,6,3,Open-Meteo (ERA5),0.0,4.5
2022-06-04,Madrid,40.386642,-3.6760864,26.3,15.2,20.9,24.6,13.8,06:45,21:40,29.08,25.2,0.0,2022,6,4,Open-Meteo (ERA5),0.0,2.8999999999999986
2022-06-05,Madrid,40.386642,-3.6760864,28.7,13.4,21.6,27.5,11.9,06:45,21:41,30.08,13.4,0.0,2022,6,5,Open-Meteo (ERA5),0.0,3.6000000000000014
2022-06-06,Madrid,40.386642,-3.6760864,30.9,15.2,23.8,27.6,14.4,06:45,21:41,28.35,19.7,0.0,2022,6,6,Open-Meteo (ERA5),0.0,5.800000000000001
2022-06-07,Madrid,40.386642,-3.6760864,32.0,16.9,25.3,30.3,15.6,06:44,21:42,29.38,21.1,0.0,2022,6,7,Open-Meteo (ERA5),0.0,7.300000000000001
2022-06-08,Madrid,40.386642,-3.6760864,29.1,18.7,24.7,27.3,17.0,06:44,21:43,25.56,23.7,0.0,2022,6,8,Open-Meteo (ERA5),0.0,6.699999999999999
2022-06-09,Madrid,40.386642,-3.6760864,33.0,18.5,25.9,32.3,17.4,06:44,21:43,29.16,14.6,0.0,2022,6,9,Open-Meteo (ERA5),0.0,7.899999999999999
2022-06-10,Madrid,40.386642,-3.6760864,35.2,18.6,27.5,34.5,16.8,06:44,21:44,29.28,21.0,0.0,2022,6,10,Open-Meteo (ERA5),0.0,9.5
2022-06-11,Madrid,40.386642,-3.6760864,34.2,21.0,28.3,34.1,19.2,06:44,21:44,23.58,17.5,0.0,2022,6,11,Open-Meteo (ERA5),0.0,10.3
2022-06-12,Madrid,40.386642,-3.6760864,36.0,20.8,28.1,35.4,19.1,06:44,21:45,26.7,22.3,0.0,2022,6,12,Open-Meteo (ERA5),0.0,10.100000000000001
2022-06-13,Madrid,40.386642,-3.6760864,37.8,20.7,29.8,36.5,19.1,06:44,21:45,28.81,13.8,0.0,2022,6,13,Open-Meteo (ERA5),0.0,11.8
2022-06-14,Madrid,40.386642,-3.6760864,40.1,21.5,31.3,36.7,21.1,06:43,21:45,27.9,26.2,0.0,2022,6,14,Open-Meteo (ERA5),0.0,13.3
2022-06-15,Madrid,40.386642,-3.6760864,38.8,22.0,30.7,36.8,21.1,06:44,21:46,26.32,24.4,0.0,2022,6,15,Open-Meteo (ERA5),0.0,12.7
2022-06-16,Madrid,40.386642,-3.6760864,37.2,22.2,29.5,35.6,21.4,06:44,21:46,25.36,24.7,0.4,2022,6,16,Open-Meteo (ERA5),0.0,11.5
2022-06-17,Madrid,40.386642,-3.6760864,39.2,21.0,30.3,37.1,19.1,06:44,21:47,27.32,21.4,0.0,2022,6,17,Open-Meteo (ERA5),0.0,12.3
2022-06-18,Madrid,40.386642,-3.6760864,39.8,21.4,31.0,35.8,19.6,06:44,21:47,26.98,31.4,0.0,2022,6,18,Open-Meteo (ERA5),0.0,13.0
2022-06-19,Madrid,40.386642,-3.6760864,30.2,18.1,23.8,26.3,16.1,06:44,21:47,26.02,27.4,0.0,2022,6,19,Open-Meteo (ERA5),0.0,5.800000000000001
2022-06-20,Madrid,40.386642,-3.6760864,27.3,17.5,22.5,24.6,17.1,06:44,21:47,24.61,23.3,0.0,2022,6,20,Open-Meteo (ERA5),0.0,4.5
2022-06-21,Madrid,40.386642,-3.6760864,27.6,14.4,21.4,24.2,11.8,06:44,21:48,27.78,24.0,0.0,2022,6,21,Open-Meteo (ERA5),0.0,3.3999999999999986
2022-06-22,Madrid,40.386642,-3.6760864,22.8,14.4,19.2,19.0,11.5,06:45,21:48,20.12,19.9,0.2,2022,6,22,Open-Meteo (ERA5),0.0,1.1999999999999993
2022-06-23,Madrid,40.386642,-3.6760864,23.8,14.9,19.2,21.2,13.7,06:45,21:48,24.36,23.9,1.8,2022,6,23,Open-Meteo (ERA5),0.0,1.1999999999999993
2022-06-24,Madrid,40.386642,-3.6760864,26.5,13.6,20.3,24.0,12.3,06:45,21:48,27.83,20.4,0.1,2022,6,24,Open-Meteo (ERA5),0.0,2.3000000000000007
2022-06-25,Madrid,40.386642,-3.6760864,28.0,15.2,21.4,24.2,13.1,06:46,21:48,25.81,26.2,0.0,2022,6,25,Open-Meteo (ERA5),0.0,3.3999999999999986
2022-06-26,Madrid,40.386642,-3.6760864,27.2,14.4,21.6,24.5,12.6,06:46,21:48,30.33,18.7,0.0,2022,6,26,Open-Meteo (ERA5),0.0,3.6000000000000014
2022-06-27,Madrid,40.386642,-3.6760864,28.6,15.6,21.9,28.2,12.2,06:46,21:48,29.15,22.2,0.0,2022,6,27,Open-Meteo (ERA5),0.0,3.8999999999999986
2022-06-28,Madrid,40.386642,-3.6760864,30.8,14.5,23.1,29.6,12.4,06:47,21:48,30.31,18.5,0.0,2022,6,28,Open-Meteo (ERA5),0.0,5.100000000000001
2022-06-29,Madrid,40.386642,-3.6760864,31.8,16.7,25.1,29.0,14.8,06:47,21:48,30.4,22.1,0.0,2022,6,29,Open-Meteo (ERA5),0.0,7.100000000000001
2022-06-30,Madrid,40.386642,-3.6760864,30.2,18.0,24.2,27.7,16.0,06:48,21:48,28.76,17.7,0.0,2022,6,30,Open-Meteo (ERA5),0.0,6.199999999999999
2022-07-01,Madrid,40.386642,-3.6760864,32.3,15.1,24.0,31.6,11.8,06:48,21:48,29.93,25.5,0.0,2022,7,1,Open-Meteo (ERA5),0.0,6.0
2022-07-02,Madrid,40.386642,-3.6760864,34.5,19.9,27.6,35.6,20.4,06:48,21:48,28.01,13.7,0.0,2022,7,2,Open-Meteo (ERA5),0.0,9.600000000000001
2022-07-03,Madrid,40.386642,-3.6760864,34.1,21.9,28.5,33.9,22.8,06:49,21:48,26.58,22.1,0.0,2022,7,3,Open-Meteo (ERA5),0.0,10.5
2022-07-04,Madrid,40.386642,-3.6760864,34.3,21.2,28.2,32.6,19.7,06:49,21:48,30.01,16.3,0.0,2022,7,4,Open-Meteo (ERA5),0.0,10.2
2022-07-05,Madrid,40.386642,-3.6760864,36.8,19.2,28.6,34.0,17.6,06:50,21:48,30.37,20.1,0.0,2022,7,5,Open-Meteo (ERA5),0.0,10.600000000000001
2022-07-06,Madrid,40.386642,-3.6760864,29.4,19.5,25.5,31.1,18.3,06:51,21:47,24.83,20.1,6.0,2022,7,6,Open-Meteo (ERA5),0.0,7.5
2022-07-07,Madrid,40.386642,-3.6760864,32.5,17.7,25.1,29.9,15.3,06:51,21:47,30.23,25.5,0.0,2022,7,7,Open-Meteo (ERA5),0.0,7.100000000000001
2022-07-08,Madrid,40.386642,-3.6760864,35.0,18.0,26.7,34.3,15.6,06:52,21:47,30.01,22.6,0.0,2022,7,8,Open-Meteo (ERA5),0.0,8.7
2022-07-09,Madrid,40.386642,-3.6760864,36.9,20.2,29.2,37.0,19.0,06:53,21:46,29.52,21.6,0.0,2022,7,9,Open-Meteo (ERA5),0.0,11.2
2022-07-10,Madrid,40.386642,-3.6760864,38.5,21.2,30.6,37.7,19.3,06:53,21:46,29.78,17.3,0.0,2022,7,10,Open-Meteo (ERA5),0.0,12.600000000000001
2022-07-11,Madrid,40.386642,-3.6760864,37.5,22.2,30.6,36.7,20.7,06:54,21:45,26.98,15.3,0.0,2022,7,11,Open-Meteo (ERA5),0.0,12.600000000000001
2022-07-12,Madrid,40.386642,-3.6760864,38.2,22.5,31.0,37.4,21.3,06:55,21:45,28.98,15.1,0.0,2022,7,12,Open-Meteo (ERA5),0.0,13.0
2022-07-13,Madrid,40.386642,-3.6760864,39.9,23.2,32.4,38.8,21.2,06:55,21:44,28.16,11.0,0.0,2022,7,13,Open-Meteo (ERA5),0.0,14.399999999999999
2022-07-14,Madrid,40.386642,-3.6760864,41.3,24.5,33.7,39.9,21.9,06:56,21:44,28.99,21.1,0.0,2022,7,14,Open-Meteo (ERA5),0.0,15.700000000000003
2022-07-15,Madrid,40.386642,-3.6760864,40.1,23.5,32.8,38.1,20.2,06:57,21:43,29.52,19.4,0.0,2022,7,15,Open-Meteo (ERA5),0.0,14.799999999999997
2022-07-16,Madrid,40.386642,-3.6760864,39.7,23.9,32.5,38.7,22.0,06:58,21:43,29.18,14.5,0.0,2022,7,16,Open-Meteo (ERA5),0.0,14.5
2022-07-17,Madrid,40.386642,-3.6760864,39.9,24.5,32.8,37.9,22.8,06:59,21:42,29.13,17.9,0.0,2022,7,17,Open-Meteo (ERA5),0.0,14.799999999999997
2022-07-18,Madrid,40.386642,-3.6760864,40.3,24.0,32.2,37.6,22.6,06:59,21:42,27.77,28.9,0.0,2022,7,18,Open-Meteo (ERA5),0.0,14.200000000000003
2022-07-19,Madrid,40.386642,-3.6760864,33.9,23.1,29.4,31.0,20.9,07:00,21:41,29.57,20.7,0.0,2022,7,19,Open-Meteo (ERA5),0.0,11.399999999999999
2022-07-20,Madrid,40.386642,-3.6760864,36.5,20.2,29.1,35.3,17.3,07:01,21:40,29.57,13.4,0.0,2022,7,20,Open-Meteo (ERA5),0.0,11.100000000000001
2022-07-21,Madrid,40.386642,-3.6760864,37.9,22.1,30.3,37.1,21.7,07:02,21:39,28.66,15.0,0.0,2022,7,21,Open-Meteo (ERA5),0.0,12.3
2022-07-22,Madrid,40.386642,-3.6760864,37.8,23.6,31.1,35.7,23.0,07:03,21:39,28.03,21.4,0.0,2022,7,22,Open-Meteo (ERA5),0.0,13.100000000000001
2022-07-23,Madrid,40.386642,-3.6760864,38.5,20.7,30.4,34.9,20.5,07:04,21:38,29.39,18.3,0.0,2022,7,23,Open-Meteo (ERA5),0.0,12.399999999999999
2022-07-24,Madrid,40.386642,-3.6760864,39.7,22.3,31.1,36.1,19.5,07:04,21:37,28.31,32.0,0.0,2022,7,24,Open-Meteo (ERA5),0.0,13.100000000000001
2022-07-25,Madrid,40.386642,-3.6760864,37.5,23.0,30.9,33.7,21.8,07:05,21:36,28.98,22.5,0.0,2022,7,25,Open-Meteo (ERA5),0.0,12.899999999999999
2022-07-26,Madrid,40.386642,-3.6760864,36.0,20.7,28.8,34.9,19.7,07:06,21:35,27.76,19.3,0.0,2022,7,26,Open-Meteo (ERA5),0.0,10.8
2022-07-27,Madrid,40.386642,-3.6760864,35.5,21.0,28.7,35.3,18.6,07:07,21:34,27.93,23.0,0.0,2022,7,27,Open-Meteo (ERA5),0.0,10.7
2022-07-28,Madrid,40.386642,-3.6760864,35.8,22.0,29.4,33.6,20.5,07:08,21:33,28.33,22.0,0.0,2022,7,28,Open-Meteo (ERA5),0.0,11.399999999999999
2022-07-29,Madrid,40.386642,-3.6760864,36.6,22.0,29.9,34.5,21.8,07:09,21:32,28.23,17.6,0.0,2022,7,29,Open-Meteo (ERA5),0.0,11.899999999999999
2022-07-30,Madrid,40.386642,-3.6760864,37.0,21.7,29.1,35.0,20.1,07:10,21:31,23.89,27.2,0.0,2022,7,30,Open-Meteo (ERA5),0.0,11.100000000000001
2022-07-31,Madrid,40.386642,-3.6760864,36.0,23.2,29.8,36.6,24.0,07:11,21:30,25.59,12.8,0.0,2022,7,31,Open-Meteo (ERA5),0.0,11.8
2022-08-01,Madrid,40.386642,-3.6760864,38.3,24.0,31.7,38.8,23.4,07:12,21:29,25.24,15.9,0.0,2022,8,1,Open-Meteo (ERA5),0.0,13.7
2022-08-02,Madrid,40.386642,-3.6760864,34.8,24.2,30.4,36.5,24.5,07:13,21:28,22.58,15.4,1.0,2022,8,2,Open-Meteo (ERA5),0.0,12.399999999999999
2022-08-03,Madrid,40.386642,-3.6760864,38.3,22.6,30.8,36.8,23.1,07:14,21:27,26.4,16.8,1.0,2022,8,3,Open-Meteo (ERA5),0.0,12.8
2022-08-04,Madrid,40.386642,-3.6760864,37.1,22.0,30.2,36.3,21.0,07:15,21:26,26.79,15.3,0.0,2022,8,4,Open-Meteo (ERA5),0.0,12.2
2022-08-05,Madrid,40.386642,-3.6760864,36.8,22.7,30.1,35.6,21.6,07:16,21:25,26.87,16.3,0.0,2022,8,5,Open-Meteo (ERA5),0.0,12.100000000000001
2022-08-06,Madrid,40.386642,-3.6760864,36.6,22.8,30.0,35.5,20.8,07:17,21:24,26.44,13.6,0.0,2022,8,6,Open-Meteo (ERA5),0.0,12.0
2022-08-07,Madrid,40.386642,-3.6760864,36.5,22.8,30.1,35.0,21.7,07:18,21:22,27.04,12.6,0.0,2022,8,7,Open-Meteo (ERA5),0.0,12.100000000000001
2022-08-08,Madrid,40.386642,-3.6760864,36.7,21.0,29.4,35.4,19.8,07:19,21:21,26.26,14.7,0.0,2022,8,8,Open-Meteo (ERA5),0.0,11.399999999999999
2022-08-09,Madrid,40.386642,-3.6760864,37.5,22.5,30.3,36.4,21.2,07:19,21:20,25.87,14.0,0.0,2022,8,9,Open-Meteo (ERA5),0.0,12.3
2022-08-10,Madrid,40.386642,-3.6760864,36.8,24.1,30.2,35.7,23.3,07:20,21:19,22.67,27.8,0.0,2022,8,10,Open-Meteo (ERA5),0.0,12.2
2022-08-11,Madrid,40.386642,-3.6760864,35.5,23.5,29.5,34.9,23.2,07:21,21:18,22.21,18.6,0.0,2022,8,11,Open-Meteo (ERA5),0.0,11.5
2022-08-12,Madrid,40.386642,-3.6760864,37.0,22.5,30.2,35.7,21.8,07:22,21:16,25.61,19.7,0.0,2022,8,12,Open-Meteo (ERA5),0.0,12.2
2022-08-13,Madrid,40.386642,-3.6760864,30.0,22.2,26.2,28.2,21.1,07:23,21:15,7.82,32.2,3.2,2022,8,13,Open-Meteo (ERA5),0.0,8.2
2022-08-14,Madrid,40.386642,-3.6760864,31.9,17.9,25.0,27.5,17.6,07:24,21:14,26.67,23.2,0.0,2022,8,14,Open-Meteo (ERA5),0.0,7.0
2022-08-15,Madrid,40.386642,-3.6760864,31.2,16.4,24.7,28.8,13.7,07:25,21:12,26.32,16.4,0.0,2022,8,15,Open-Meteo (ERA5),0.0,6.699999999999999
2022-08-16,Madrid,40.386642,-3.6760864,29.3,18.9,24.6,26.1,16.0,07:26,21:11,25.32,27.8,0.0,2022,8,16,Open-Meteo (ERA5),0.0,6.600000000000001
2022-08-17,Madrid,40.386642,-3.6760864,27.6,15.9,21.6,27.4,14.3,07:27,21:09,22.5,18.0,1.4,2022,8,17,Open-Meteo (ERA5),0.0,3.6000000000000014
2022-08-18,Madrid,40.386642,-3.6760864,29.4,14.6,21.6,26.9,12.9,07:28,21:08,25.43,19.4,0.0,2022,8,18,Open-Meteo (ERA5),0.0,3.6000000000000014
2022-08-19,Madrid,40.386642,-3.6760864,31.0,15.6,23.4,30.3,13.9,07:29,21:07,25.89,18.0,0.0,2022,8,19,Open-Meteo (ERA5),0.0,5.399999999999999
2022-08-20,Madrid,40.386642,-3.6760864,34.3,17.4,26.2,33.0,15.4,07:30,21:05,25.45,14.4,0.0,2022,8,20,Open-Meteo (ERA5),0.0,8.2
2022-08-21,Madrid,40.386642,-3.6760864,36.7,18.6,28.6,33.8,16.9,07:31,21:04,25.2,22.9,0.0,2022,8,21,Open-Meteo (ERA5),0.0,10.600000000000001
2022-08-22,Madrid,40.386642,-3.6760864,35.8,20.6,28.3,35.3,18.7,07:32,21:02,24.03,19.5,0.0,2022,8,22,Open-Meteo (ERA5),0.0,10.3
2022-08-23,Madrid,40.386642,-3.6760864,36.7,20.4,28.5,35.9,19.4,07:33,21:01,23.42,23.0,0.0,2022,8,23,Open-Meteo (ERA5),0.0,10.5
2022-08-24,Madrid,40.386642,-3.6760864,36.2,22.1,29.1,34.8,22.1,07:34,20:59,22.99,18.0,0.0,2022,8,24,Open-Meteo (ERA5),0.0,11.100000000000001
2022-08-25,Madrid,40.386642,-3.6760864,34.0,20.9,27.8,33.7,20.4,07:35,20:58,22.67,23.2,0.0,2022,8,25,Open-Meteo (ERA5),0.0,9.8
2022-08-26,Madrid,40.386642,-3.6760864,31.0,19.5,25.5,30.7,18.4,07:36,20:56,21.42,22.5,0.1,2022,8,26,Open-Meteo (ERA5),0.0,7.5
2022-08-27,Madrid,40.386642,-3.6760864,30.5,18.5,25.0,30.2,18.0,07:37,20:55,21.58,13.5,0.1,2022,8,27,Open-Meteo (ERA5),0.0,7.0
2022-08-28,Madrid,40.386642,-3.6760864,34.2,19.6,27.1,32.6,19.7,07:38,20:53,22.24,17.4,0.0,2022,8,28,Open-Meteo (ERA5),0.0,9.100000000000001
2022-08-29,Madrid,40.386642,-3.6760864,32.2,20.9,26.2,30.4,21.1,07:39,20:51,18.37,24.7,6.5,2022,8,29,Open-Meteo (ERA5),0.0,8.2
2022-08-30,Madrid,40.386642,-3.6760864,34.5,20.4,27.5,32.0,19.8,07:40,20:50,23.86,22.2,0.0,2022,8,30,Open-Meteo (ERA5),0.0,9.5
2022-08-31,Madrid,40.386642,-3.6760864,31.2,20.0,26.3,28.4,17.3,07:41,20:48,24.0,17.7,0.0,2022,8,31,Open-Meteo (ERA5),0.0,8.3
2022-09-01,Madrid,40.386642,-3.6760864,31.8,17.0,24.8,29.2,15.5,07:42,20:47,23.88,16.2,0.0,2022,9,1,Open-Meteo (ERA5),0.0,6.800000000000001
2022-09-02,Madrid,40.386642,-3.6760864,29.5,17.5,24.1,26.5,16.1,07:43,20:45,22.63,20.4,0.0,2022,9,2,Open-Meteo (ERA5),0.0,6.100000000000001
2022-09-03,Madrid,40.386642,-3.6760864,28.1,17.0,22.9,26.1,15.1,07:44,20:44,22.48,17.9,0.0,2022,9,3,Open-Meteo (ERA5),0.0,4.899999999999999
2022-09-04,Madrid,40.386642,-3.6760864,28.5,15.0,22.5,25.9,13.0,07:45,20:42,23.08,16.9,0.0,2022,9,4,Open-Meteo (ERA5),0.0,4.5
2022-09-05,Madrid,40.386642,-3.6760864,28.3,15.0,22.0,25.5,13.4,07:46,20:40,23.11,19.6,0.0,2022,9,5,Open-Meteo (ERA5),0.0,4.0
2022-09-06,Madrid,40.386642,-3.6760864,28.4,15.8,22.2,26.3,15.1,07:46,20:39,22.64,22.4,0.0,2022,9,6,Open-Meteo (ERA5),0.0,4.199999999999999
2022-09-07,Madrid,40.386642,-3.6760864,26.6,14.1,21.2,22.7,12.3,07:47,20:37,20.92,21.6,0.2,2022,9,7,Open-Meteo (ERA5),0.0,3.1999999999999993
2022-09-08,Madrid,40.386642,-3.6760864,29.0,17.0,22.5,27.8,17.3,07:48,20:35,18.19,19.0,2.5,2022,9,8,Open-Meteo (ERA5),0.0,4.5
2022-09-09,Madrid,40.386642,-3.6760864,31.4,18.0,24.7,30.8,18.7,07:49,20:34,21.7,12.4,0.0,2022,9,9,Open-Meteo (ERA5),0.0,6.699999999999999
2022-09-10,Madrid,40.386642,-3.6760864,33.3,18.5,26.2,32.3,16.8,07:50,20:32,21.79,13.2,0.0,2022,9,10,Open-Meteo (ERA5),0.0,8.2
2022-09-11,Madrid,40.386642,-3.6760864,34.8,19.5,27.6,33.4,18.5,07:51,20:30,21.76,24.0,0.0,2022,9,11,Open-Meteo (ERA5),0.0,9.600000000000001
2022-09-12,Madrid,40.386642,-3.6760864,30.0,21.9,26.1,28.1,21.4,07:52,20:29,13.44,22.2,2.1,2022,9,12,Open-Meteo (ERA5),0.0,8.100000000000001
2022-09-13,Madrid,40.386642,-3.6760864,27.2,17.8,22.2,23.8,16.1,07:53,20:27,13.46,37.4,5.6,2022,9,13,Open-Meteo (ERA5),0.0,4.199999999999999
2022-09-14,Madrid,40.386642,-3.6760864,22.1,15.8,18.7,20.8,15.8,07:54,20:25,13.38,17.9,0.8,2022,9,14,Open-Meteo (ERA5),0.0,0.6999999999999993
2022-09-15,Madrid,40.386642,-3.6760864,23.3,15.9,18.7,24.3,16.3,07:55,20:24,14.64,10.1,26.9,2022,9,15,Open-Meteo (ERA5),0.0,0.6999999999999993
2022-09-16,Madrid,40.386642,-3.6760864,25.8,15.0,20.1,27.4,15.1,07:56,20:22,19.78,9.7,0.0,2022,9,16,Open-Meteo (ERA5),0.0,2.1000000000000014
2022-09-17,Madrid,40.386642,-3.6760864,27.4,14.8,21.0,27.8,12.4,07:57,20:20,20.61,17.0,0.0,2022,9,17,Open-Meteo (ERA5),0.0,3.0
2022-09-18,Madrid,40.386642,-3.6760864,28.8,16.5,22.2,29.0,15.0,07:58,20:19,16.82,13.8,0.1,2022,9,18,Open-Meteo (ERA5),0.0,4.199999999999999
2022-09-19,Madrid,40.386642,-3.6760864,25.5,16.9,20.8,26.8,18.2,07:59,20:17,14.08,13.3,7.4,2022,9,19,Open-Meteo (ERA5),0.0,2.8000000000000007
2022-09-20,Madrid,40.386642,-3.6760864,28.0,16.8,21.9,27.4,17.8,08:00,20:15,19.25,15.5,14.0,2022,9,20,Open-Meteo (ERA5),0.0,3.8999999999999986
2022-09-21,Madrid,40.386642,-3.6760864,28.5,15.4,21.4,28.0,13.4,08:01,20:14,18.24,16.8,1.6,2022,9,21,Open-Meteo (ERA5),0.0,3.3999999999999986
2022-09-22,Madrid,40.386642,-3.6760864,28.2,14.8,21.8,27.1,13.2,08:02,20:12,18.03,15.6,0.0,2022,9,22,Open-Meteo (ERA5),0.0,3.8000000000000007
2022-09-23,Madrid,40.386642,-3.6760864,27.6,16.0,22.1,24.4,15.4,08:03,20:10,18.4,16.8,0.0,2022,9,23,Open-Meteo (ERA5),0.0,4.100000000000001
2022-09-24,Madrid,40.386642,-3.6760864,25.9,15.8,20.5,24.4,13.7,08:04,20:09,18.08,22.7,0.0,2022,9,24,Open-Meteo (ERA5),0.0,2.5
2022-09-25,Madrid,40.386642,-3.6760864,22.1,11.1,16.7,19.0,8.0,08:05,20:07,16.45,22.8,0.0,2022,9,25,Open-Meteo (ERA5),1.3000000000000007,0.0
2022-09-26,Madrid,40.386642,-3.6760864,23.6,10.4,16.7,21.4,6.8,08:06,20:05,18.84,20.1,0.1,2022,9,26,Open-Meteo (ERA5),1.3000000000000007,0.0
2022-09-27,Madrid,40.386642,-3.6760864,24.6,9.5,16.9,22.5,7.4,08:07,20:04,19.12,19.1,0.0,2022,9,27,Open-Meteo (ERA5),1.1000000000000014,0.0
2022-09-28,Madrid,40.386642,-3.6760864,23.6,10.7,17.8,20.2,8.8,08:08,20:02,16.01,20.8,0.0,2022,9,28,Open-Meteo (ERA5),0.1999999999999993,0.0
2022-09-29,Madrid,40.386642,-3.6760864,18.0,12.8,14.9,14.3,9.7,08:09,20:00,8.17,19.1,2.1,2022,9,29,Open-Meteo (ERA5),3.0999999999999996,0.0
2022-09-30,Madrid,40.386642,-3.6760864,20.8,7.3,14.0,17.5,5.6,08:10,19:59,17.72,17.7,0.0,2022,9,30,Open-Meteo (ERA5),4.0,0.0
2022-10-01,Madrid,40.386642,-3.6760864,23.4,7.8,15.9,21.4,5.8,08:11,19:57,18.31,9.1,0.0,2022,10,1,Open-Meteo (ERA5),2.0999999999999996,0.0
2022-10-02,Madrid,40.386642,-3.6760864,28.1,9.6,18.8,25.0,7.4,08:12,19:55,18.72,10.1,0.0,2022,10,2,Open-Meteo (ERA5),0.0,0.8000000000000007
2022-10-03,Madrid,40.386642,-3.6760864,28.7,12.1,19.6,26.1,9.0,08:13,19:54,14.44,18.9,0.0,2022,10,3,Open-Meteo (ERA5),0.0,1.6000000000000014
2022-10-04,Madrid,40.386642,-3.6760864,30.4,14.1,22.0,28.6,11.5,08:14,19:52,17.77,8.8,0.0,2022,10,4,Open-Meteo (ERA5),0.0,4.0
2022-10-05,Madrid,40.386642,-3.6760864,27.9,13.3,21.0,26.4,11.5,08:15,19:50,17.48,11.8,0.0,2022,10,5,Open-Meteo (ERA5),0.0,3.0
2022-10-06,Madrid,40.386642,-3.6760864,26.7,14.8,20.9,25.1,14.1,08:16,19:49,16.96,17.4,0.0,2022,10,6,Open-Meteo (ERA5),0.0,2.8999999999999986
2022-10-07,Madrid,40.386642,-3.6760864,24.0,13.4,19.1,23.2,12.8,08:17,19:47,14.95,12.6,0.0,2022,10,7,Open-Meteo (ERA5),0.0,1.1000000000000014
2022-10-08,Madrid,40.386642,-3.6760864,25.4,12.6,19.2,23.8,11.7,08:18,19:46,15.7,14.7,0.0,2022,10,8,Open-Meteo (ERA5),0.0,1.1999999999999993
2022-10-09,Madrid,40.386642,-3.6760864,23.8,14.0,19.0,23.3,13.3,08:19,19:44,15.26,12.0,0.0,2022,10,9,Open-Meteo (ERA5),0.0,1.0
2022-10-10,Madrid,40.386642,-3.6760864,21.1,14.1,17.2,20.4,13.3,08:20,19:43,10.11,12.6,0.7,2022,10,10,Open-Meteo (ERA5),0.8000000000000007,0.0
2022-10-11,Madrid,40.386642,-3.6760864,21.3,14.0,16.8,21.1,13.9,08:21,19:41,13.53,13.4,4.3,2022,10,11,Open-Meteo (ERA5),1.1999999999999993,0.0
2022-10-12,Madrid,40.386642,-3.6760864,22.5,11.9,16.8,22.1,10.7,08:22,19:39,15.36,10.1,0.1,2022,10,12,Open-Meteo (ERA5),1.1999999999999993,0.0
2022-10-13,Madrid,40.386642,-3.6760864,23.8,11.4,17.4,23.2,10.9,08:23,19:38,15.32,9.4,0.0,2022,10,13,Open-Meteo (ERA5),0.6000000000000014,0.0
2022-10-14,Madrid,40.386642,-3.6760864,26.1,11.1,18.1,24.7,10.2,08:24,19:36,15.75,8.2,0.0,2022,10,14,Open-Meteo (ERA5),0.0,0.10000000000000142
2022-10-15,Madrid,40.386642,-3.6760864,26.5,10.6,19.0,24.3,9.4,08:25,19:35,15.51,14.8,0.0,2022,10,15,Open-Meteo (ERA5),0.0,1.0
2022-10-16,Madrid,40.386642,-3.6760864,25.9,12.4,19.0,24.6,10.9,08:26,19:33,13.18,13.7,0.0,2022,10,16,Open-Meteo (ERA5),0.0,1.0
2022-10-17,Madrid,40.386642,-3.6760864,25.6,12.6,19.0,25.1,12.7,08:27,19:32,13.44,18.6,1.4,2022,10,17,Open-Meteo (ERA5),0.0,1.0
2022-10-18,Madrid,40.386642,-3.6760864,28.4,14.0,20.3,26.8,13.3,08:28,19:30,13.94,16.7,0.0,2022,10,18,Open-Meteo (ERA5),0.0,2.3000000000000007
2022-10-19,Madrid,40.386642,-3.6760864,25.8,15.9,20.0,23.0,14.7,08:29,19:29,9.03,32.4,1.0,2022,10,19,Open-Meteo (ERA5),0.0,2.0
2022-10-20,Madrid,40.386642,-3.6760864,21.5,13.9,17.2,16.8,11.9,08:31,19:27,5.39,31.8,7.1,2022,10,20,Open-Meteo (ERA5),0.8000000000000007,0.0
2022-10-21,Madrid,40.386642,-3.6760864,17.9,13.6,15.2,15.8,12.3,08:32,19:26,6.15,22.9,2.9,2022,10,21,Open-Meteo (ERA5),2.8000000000000007,0.0
2022-10-22,Madrid,40.386642,-3.6760864,21.5,11.7,15.5,19.1,11.1,08:33,19:25,9.62,23.1,9.8,2022,10,22,Open-Meteo (ERA5),2.5,0.0
2022-10-23,Madrid,40.386642,-3.6760864,17.6,14.1,15.7,15.7,12.0,08:34,19:23,8.74,25.5,6.0,2022,10,23,Open-Meteo (ERA5),2.3000000000000007,0.0
2022-10-24,Madrid,40.386642,-3.6760864,18.5,10.6,14.4,17.0,9.8,08:35,19:22,8.43,13.7,0.0,2022,10,24,Open-Meteo (ERA5),3.5999999999999996,0.0
2022-10-25,Madrid,40.386642,-3.6760864,24.0,11.8,16.4,21.0,11.2,08:36,19:20,12.1,24.2,0.0,2022,10,25,Open-Meteo (ERA5),1.6000000000000014,0.0
2022-10-26,Madrid,40.386642,-3.6760864,21.4,12.4,16.4,20.8,11.7,08:37,19:19,11.23,8.3,0.4,2022,10,26,Open-Meteo (ERA5),1.6000000000000014,0.0
2022-10-27,Madrid,40.386642,-3.6760864,25.1,12.9,17.8,24.0,12.0,08:38,19:18,11.13,14.8,0.0,2022,10,27,Open-Meteo (ERA5),0.1999999999999993,0.0
2022-10-28,Madrid,40.386642,-3.6760864,23.9,12.9,17.6,23.3,11.2,08:39,19:16,9.32,10.6,0.0,2022,10,28,Open-Meteo (ERA5),0.3999999999999986,0.0
2022-10-29,Madrid,40.386642,-3.6760864,24.5,12.6,17.4,23.9,11.1,08:41,19:15,12.23,12.1,0.0,2022,10,29,Open-Meteo (ERA5),0.6000000000000014,0.0
2022-10-30,Madrid,40.386642,-3.6760864,19.7,11.7,15.3,18.5,10.7,08:42,19:14,8.7,13.1,0.0,2022,10,30,Open-Meteo (ERA5),2.6999999999999993,0.0
2022-10-31,Madrid,40.386642,-3.6760864,16.7,10.1,13.1,16.4,9.0,08:43,19:13,3.5,12.9,0.9,2022,10,31,Open-Meteo (ERA5),4.9,0.0
2022-11-01,Madrid,40.386642,-3.6760864,19.1,10.2,14.0,18.1,9.1,08:44,19:12,8.05,12.6,0.4,2022,11,1,Open-Meteo (ERA5),4.0,0.0
2022-11-02,Madrid,40.386642,-3.6760864,20.5,8.2,13.5,19.5,6.4,08:45,19:10,12.4,8.5,0.0,2022,11,2,Open-Meteo (ERA5),4.5,0.0
2022-11-03,Madrid,40.386642,-3.6760864,16.4,12.4,13.7,12.5,9.6,08:46,19:09,5.21,21.9,2.6,2022,11,3,Open-Meteo (ERA5),4.300000000000001,0.0
2022-11-04,Madrid,40.386642,-3.6760864,15.9,7.4,11.6,14.0,5.1,08:48,19:08,11.54,14.5,0.0,2022,11,4,Open-Meteo (ERA5),6.4,0.0
2022-11-05,Madrid,40.386642,-3.6760864,15.9,3.5,9.3,13.9,0.9,08:49,19:07,12.74,7.7,0.0,2022,11,5,Open-Meteo (ERA5),8.7,0.0
2022-11-06,Madrid,40.386642,-3.6760864,18.5,4.4,10.4,16.2,2.2,08:50,19:06,12.38,7.6,0.0,2022,11,6,Open-Meteo (ERA5),7.6,0.0
2022-11-07,Madrid,40.386642,-3.6760864,18.1,5.5,11.0,16.2,3.5,08:51,19:05,11.84,8.1,0.0,2022,11,7,Open-Meteo (ERA5),7.0,0.0
2022-11-08,Madrid,40.386642,-3.6760864,16.2,7.9,12.2,13.9,6.1,08:52,19:04,5.58,19.4,0.6,2022,11,8,Open-Meteo (ERA5),5.800000000000001,0.0
2022-11-09,Madrid,40.386642,-3.6760864,16.1,9.5,12.8,14.6,8.4,08:53,19:03,6.04,15.0,4.9,2022,11,9,Open-Meteo (ERA5),5.199999999999999,0.0
2022-11-10,Madrid,40.386642,-3.6760864,16.7,5.4,10.7,15.1,3.4,08:55,19:02,11.74,10.4,0.0,2022,11,10,Open-Meteo (ERA5),7.300000000000001,0.0
2022-11-11,Madrid,40.386642,-3.6760864,15.8,5.8,10.1,14.6,2.9,08:56,19:01,7.57,16.6,2.1,2022,11,11,Open-Meteo (ERA5),7.9,0.0
2022-11-12,Madrid,40.386642,-3.6760864,20.9,9.4,12.4,18.3,7.5,08:57,19:00,8.36,18.8,8.2,2022,11,12,Open-Meteo (ERA5),5.6,0.0
2022-11-13,Madrid,40.386642,-3.6760864,17.9,8.5,12.3,17.0,7.1,08:58,18:59,8.25,9.4,0.1,2022,11,13,Open-Meteo (ERA5),5.699999999999999,0.0
2022-11-14,Madrid,40.386642,-3.6760864,15.6,8.3,11.6,13.4,6.8,08:59,18:58,4.49,22.3,0.3,2022,11,14,Open-Meteo (ERA5),6.4,0.0
2022-11-15,Madrid,40.386642,-3.6760864,15.9,12.2,13.5,12.3,9.5,09:00,18:57,5.21,31.4,2.0,2022,11,15,Open-Meteo (ERA5),4.5,0.0
2022-11-16,Madrid,40.386642,-3.6760864,13.8,10.9,12.5,11.8,8.7,09:02,18:56,5.28,25.1,2.6,2022,11,16,Open-Meteo (ERA5),5.5,0.0
2022-11-17,Madrid,40.386642,-3.6760864,17.8,12.1,14.2,14.2,10.6,09:03,18:56,6.22,31.1,0.7,2022,11,17,Open-Meteo (ERA5),3.8000000000000007,0.0
2022-11-18,Madrid,40.386642,-3.6760864,13.1,7.7,10.4,10.2,3.7,09:04,18:55,8.05,21.9,0.6,2022,11,18,Open-Meteo (ERA5),7.6,0.0
2022-11-19,Madrid,40.386642,-3.6760864,11.1,5.2,7.7,6.8,1.5,09:05,18:54,8.15,18.4,0.0,2022,11,19,Open-Meteo (ERA5),10.3,0.0
2022-11-20,Madrid,40.386642,-3.6760864,15.0,6.7,10.1,12.5,2.8,09:06,18:54,7.43,18.2,0.0,2022,11,20,Open-Meteo (ERA5),7.9,0.0
2022-11-21,Madrid,40.386642,-3.6760864,13.3,7.6,11.5,10.1,2.1,09:07,18:53,2.46,31.4,7.4,2022,11,21,Open-Meteo (ERA5),6.5,0.0
2022-11-22,Madrid,40.386642,-3.6760864,11.8,4.3,7.6,8.3,0.8,09:08,18:52,2.25,27.1,3.4,2022,11,22,Open-Meteo (ERA5),10.4,0.0
2022-11-23,Madrid,40.386642,-3.6760864,15.3,11.1,13.2,13.1,9.3,09:09,18:52,4.58,28.5,1.2,2022,11,23,Open-Meteo (ERA5),4.800000000000001,0.0
2022-11-24,Madrid,40.386642,-3.6760864,15.4,9.8,12.3,12.5,8.1,09:10,18:51,4.15,23.8,0.7,2022,11,24,Open-Meteo (ERA5),5.699999999999999,0.0
2022-11-25,Madrid,40.386642,-3.6760864,13.6,5.9,11.2,11.5,3.0,09:12,18:51,8.61,19.6,0.1,2022,11,25,Open-Meteo (ERA5),6.800000000000001,0.0
2022-11-26,Madrid,40.386642,-3.6760864,12.6,3.3,6.9,10.4,0.5,09:13,18:50,10.1,7.9,0.0,2022,11,26,Open-Meteo (ERA5),11.1,0.0
2022-11-27,Madrid,40.386642,-3.6760864,12.9,1.6,6.5,10.7,-1.3,09:14,18:50,8.99,9.3,1.3,2022,11,27,Open-Meteo (ERA5),11.5,0.0
2022-11-28,Madrid,40.386642,-3.6760864,12.4,5.4,8.4,7.3,2.0,09:15,18:50,8.67,22.0,1.4,2022,11,28,Open-Meteo (ERA5),9.6,0.0
2022-11-29,Madrid,40.386642,-3.6760864,11.6,2.2,6.3,9.6,-0.6,09:16,18:49,9.61,8.5,0.0,2022,11,29,Open-Meteo (ERA5),11.7,0.0
2022-11-30,Madrid,40.386642,-3.6760864,10.9,2.0,7.0,8.5,-0.8,09:17,18:49,8.63,6.2,0.0,2022,11,30,Open-Meteo (ERA5),11.0,0.0
2022-12-01,Madrid,40.386642,-3.6760864,12.2,3.4,7.2,8.0,-0.4,09:18,18:49,9.81,17.4,0.0,2022,12,1,Open-Meteo (ERA5),10.8,0.0
2022-12-02,Madrid,40.386642,-3.6760864,9.6,2.6,5.2,7.4,-1.5,09:19,18:48,7.35,13.7,0.0,2022,12,2,Open-Meteo (ERA5),12.8,0.0
2022-12-03,Madrid,40.386642,-3.6760864,10.1,0.9,4.9,7.1,-2.3,09:20,18:48,7.56,10.4,2.7,2022,12,3,Open-Meteo (ERA5),13.1,0.0
2022-12-04,Madrid,40.386642,-3.6760864,7.5,2.5,5.1,6.1,-0.6,09:21,18:48,3.1,10.7,6.4,2022,12,4,Open-Meteo (ERA5),12.9,0.0
2022-12-05,Madrid,40.386642,-3.6760864,10.0,3.0,6.6,8.6,0.3,09:22,18:48,2.05,13.8,8.7,2022,12,5,Open-Meteo (ERA5),11.4,0.0
2022-12-06,Madrid,40.386642,-3.6760864,12.2,8.0,9.6,11.7,6.7,09:23,18:48,4.08,9.6,3.1,2022,12,6,Open-Meteo (ERA5),8.4,0.0
2022-12-07,Madrid,40.386642,-3.6760864,11.9,5.5,8.4,10.8,3.9,09:24,18:48,4.08,6.9,0.6,2022,12,7,Open-Meteo (ERA5),9.6,0.0
2022-12-08,Madrid,40.386642,-3.6760864,12.9,5.7,9.4,11.4,3.7,09:25,18:48,3.39,22.6,14.1,2022,12,8,Open-Meteo (ERA5),8.6,0.0
2022-12-09,Madrid,40.386642,-3.6760864,11.7,7.7,9.2,9.8,6.1,09:25,18:48,2.24,19.3,9.7,2022,12,9,Open-Meteo (ERA5),8.8,0.0
2022-12-10,Madrid,40.386642,-3.6760864,12.5,6.3,8.8,9.6,4.3,09:26,18:48,7.56,13.7,4.3,2022,12,10,Open-Meteo (ERA5),9.2,0.0
2022-12-11,Madrid,40.386642,-3.6760864,8.9,6.7,7.8,6.9,3.6,09:27,18:48,2.84,18.6,18.5,2022,12,11,Open-Meteo (ERA5),10.2,0.0
2022-12-12,Madrid,40.386642,-3.6760864,14.6,8.4,11.6,11.7,6.6,09:28,18:48,2.31,28.7,7.3,2022,12,12,Open-Meteo (ERA5),6.4,0.0
2022-12-13,Madrid,40.386642,-3.6760864,14.7,13.2,13.8,13.9,10.3,09:29,18:48,0.98,34.2,33.4,2022,12,13,Open-Meteo (ERA5),4.199999999999999,0.0
2022-12-14,Madrid,40.386642,-3.6760864,13.9,10.5,12.0,12.7,8.8,09:29,18:48,3.91,29.2,10.3,2022,12,14,Open-Meteo (ERA5),6.0,0.0
2022-12-15,Madrid,40.386642,-3.6760864,10.9,7.4,9.4,7.9,4.6,09:30,18:49,5.0,21.3,1.5,2022,12,15,Open-Meteo (ERA5),8.6,0.0
2022-12-16,Madrid,40.386642,-3.6760864,9.9,5.5,7.6,8.3,3.5,09:31,18:49,2.93,14.2,1.3,2022,12,16,Open-Meteo (ERA5),10.4,0.0
2022-12-17,Madrid,40.386642,-3.6760864,11.9,4.7,7.6,10.9,2.0,09:31,18:49,5.09,8.7,0.0,2022,12,17,Open-Meteo (ERA5),10.4,0.0
2022-12-18,Madrid,40.386642,-3.6760864,10.4,4.9,7.1,8.5,2.8,09:32,18:50,3.9,8.6,0.1,2022,12,18,Open-Meteo (ERA5),10.9,0.0
2022-12-19,Madrid,40.386642,-3.6760864,10.9,1.8,5.5,9.3,-1.0,09:33,18:50,4.89,7.5,0.0,2022,12,19,Open-Meteo (ERA5),12.5,0.0
2022-12-20,Madrid,40.386642,-3.6760864,12.1,4.2,8.1,10.1,2.1,09:33,18:50,2.6,16.1,1.2,2022,12,20,Open-Meteo (ERA5),9.9,0.0
2022-12-21,Madrid,40.386642,-3.6760864,13.8,7.8,10.5,11.2,5.9,09:34,18:51,4.63,19.4,2.6,2022,12,21,Open-Meteo (ERA5),7.5,0.0
2022-12-22,Madrid,40.386642,-3.6760864,14.9,10.1,11.6,12.8,8.2,09:34,18:51,4.12,17.2,0.0,2022,12,22,Open-Meteo (ERA5),6.4,0.0
2022-12-23,Madrid,40.386642,-3.6760864,13.1,7.4,10.9,11.3,5.7,09:35,18:52,3.58,15.3,0.1,2022,12,23,Open-Meteo (ERA5),7.1,0.0
2022-12-24,Madrid,40.386642,-3.6760864,11.9,6.4,9.2,10.3,4.3,09:35,18:53,4.77,8.4,0.0,2022,12,24,Open-Meteo (ERA5),8.8,0.0
2022-12-25,Madrid,40.386642,-3.6760864,14.7,5.3,9.2,13.6,3.3,09:36,18:53,8.5,9.4,0.0,2022,12,25,Open-Meteo (ERA5),8.8,0.0
2022-12-26,Madrid,40.386642,-3.6760864,14.9,4.2,8.8,14.0,1.7,09:36,18:54,8.78,10.2,0.0,2022,12,26,Open-Meteo (ERA5),9.2,0.0
2022-12-27,Madrid,40.386642,-3.6760864,13.8,2.8,7.5,12.2,0.3,09:36,18:54,8.93,8.9,0.0,2022,12,27,Open-Meteo (ERA5),10.5,0.0
2022-12-28,Madrid,40.386642,-3.6760864,13.2,2.2,7.1,10.8,-0.3,09:36,18:55,8.93,12.5,0.0,2022,12,28,Open-Meteo (ERA5),10.9,0.0
2022-12-29,Madrid,40.386642,-3.6760864,11.6,6.7,9.3,8.5,4.2,09:37,18:56,2.72,23.0,2.7,2022,12,29,Open-Meteo (ERA5),8.7,0.0
2022-12-30,Madrid,40.386642,-3.6760864,13.7,7.4,10.8,10.0,5.0,09:37,18:56,6.04,24.3,0.0,2022,12,30,Open-Meteo (ERA5),7.199999999999999,0.0
2022-12-31,Madrid,40.386642,-3.6760864,13.1,2.5,7.6,10.6,0.1,09:37,18:57,9.14,10.0,0.0,2022,12,31,Open-Meteo (ERA5),10.4,0.0
2023-01-01,Madrid,40.386642,-3.6760864,14.6,3.7,8.5,12.7,0.9,09:37,18:58,7.52,12.3,0.0,2023,1,1,Open-Meteo (ERA5),9.5,0.0
2023-01-02,Madrid,40.386642,-3.6760864,11.4,7.4,9.0,10.1,4.9,09:37,18:59,5.49,10.6,1.1,2023,1,2,Open-Meteo (ERA5),9.0,0.0
2023-01-03,Madrid,40.386642,-3.6760864,11.4,4.3,7.0,9.6,1.9,09:37,19:00,8.85,9.2,0.0,2023,1,3,Open-Meteo (ERA5),11.0,0.0
2023-01-04,Madrid,40.386642,-3.6760864,11.1,0.6,5.0,9.5,-2.5,09:37,19:01,9.35,7.5,0.0,2023,1,4,Open-Meteo (ERA5),13.0,0.0
2023-01-05,Madrid,40.386642,-3.6760864,10.9,0.8,4.7,8.6,-2.5,09:37,19:01,9.35,9.5,0.0,2023,1,5,Open-Meteo (ERA5),13.3,0.0
2023-01-06,Madrid,40.386642,-3.6760864,9.8,-1.0,3.6,7.5,-4.1,09:37,19:02,9.59,6.9,0.0,2023,1,6,Open-Meteo (ERA5),14.4,0.0
2023-01-07,Madrid,40.386642,-3.6760864,9.6,1.1,5.2,6.8,-2.1,09:37,19:03,2.1,15.8,0.9,2023,1,7,Open-Meteo (ERA5),12.8,0.0
2023-01-08,Madrid,40.386642,-3.6760864,13.2,9.1,11.1,9.7,6.3,09:37,19:04,3.31,31.3,13.4,2023,1,8,Open-Meteo (ERA5),6.9,0.0
2023-01-09,Madrid,40.386642,-3.6760864,12.6,6.2,10.2,9.8,3.3,09:37,19:05,9.36,20.6,0.0,2023,1,9,Open-Meteo (ERA5),7.800000000000001,0.0
2023-01-10,Madrid,40.386642,-3.6760864,12.1,1.6,5.7,9.5,-1.2,09:37,19:06,9.52,11.6,0.0,2023,1,10,Open-Meteo (ERA5),12.3,0.0
2023-01-11,Madrid,40.386642,-3.6760864,9.6,4.2,6.9,8.1,2.0,09:36,19:07,3.42,9.7,0.2,2023,1,11,Open-Meteo (ERA5),11.1,0.0
2023-01-12,Madrid,40.386642,-3.6760864,10.6,0.6,4.5,8.3,-2.7,09:36,19:09,9.61,8.1,0.0,2023,1,12,Open-Meteo (ERA5),13.5,0.0
2023-01-13,Madrid,40.386642,-3.6760864,9.9,2.0,5.0,8.2,-0.8,09:36,19:10,7.28,8.7,0.0,2023,1,13,Open-Meteo (ERA5),13.0,0.0
2023-01-14,Madrid,40.386642,-3.6760864,9.4,-0.3,3.9,7.4,-3.2,09:36,19:11,7.28,7.1,0.0,2023,1,14,Open-Meteo (ERA5),14.1,0.0
2023-01-15,Madrid,40.386642,-3.6760864,10.9,3.0,6.1,7.2,-0.1,09:35,19:12,6.01,18.3,0.1,2023,1,15,Open-Meteo (ERA5),11.9,0.0
2023-01-16,Madrid,40.386642,-3.6760864,9.5,1.8,6.1,3.6,-2.5,09:35,19:13,2.63,36.9,0.2,2023,1,16,Open-Meteo (ERA5),11.9,0.0
2023-01-17,Madrid,40.386642,-3.6760864,10.6,4.0,8.1,3.7,-1.6,09:34,19:14,9.14,36.5,2.3,2023,1,17,Open-Meteo (ERA5),9.9,0.0
2023-01-18,Madrid,40.386642,-3.6760864,6.9,1.2,3.5,1.7,-4.1,09:34,19:15,8.34,22.0,0.1,2023,1,18,Open-Meteo (ERA5),14.5,0.0
2023-01-19,Madrid,40.386642,-3.6760864,8.3,0.9,3.8,2.6,-4.3,09:33,19:16,6.81,28.1,0.1,2023,1,19,Open-Meteo (ERA5),14.2,0.0
2023-01-20,Madrid,40.386642,-3.6760864,13.6,6.1,9.2,10.4,0.7,09:33,19:17,8.84,27.2,0.6,2023,1,20,Open-Meteo (ERA5),8.8,0.0
2023-01-21,Madrid,40.386642,-3.6760864,10.1,2.7,6.3,5.8,-1.9,09:32,19:18,10.45,18.9,2.0,2023,1,21,Open-Meteo (ERA5),11.7,0.0
2023-01-22,Madrid,40.386642,-3.6760864,8.4,-2.4,2.5,3.6,-6.4,09:32,19:20,11.36,20.6,0.0,2023,1,22,Open-Meteo (ERA5),15.5,0.0
2023-01-23,Madrid,40.386642,-3.6760864,8.3,-3.0,2.0,4.2,-6.6,09:31,19:21,10.76,18.9,0.3,2023,1,23,Open-Meteo (ERA5),16.0,0.0
2023-01-24,Madrid,40.386642,-3.6760864,5.7,-1.2,1.7,0.8,-5.3,09:30,19:22,6.38,20.9,0.0,2023,1,24,Open-Meteo (ERA5),16.3,0.0
2023-01-25,Madrid,40.386642,-3.6760864,9.4,-2.1,2.3,6.3,-6.4,09:29,19:23,11.45,13.3,0.0,2023,1,25,Open-Meteo (ERA5),15.7,0.0
2023-01-26,Madrid,40.386642,-3.6760864,9.2,0.8,4.2,4.0,-3.5,09:29,19:24,8.38,19.6,0.0,2023,1,26,Open-Meteo (ERA5),13.8,0.0
2023-01-27,Madrid,40.386642,-3.6760864,8.8,-1.3,2.9,2.9,-5.1,09:28,19:26,10.29,26.5,0.2,2023,1,27,Open-Meteo (ERA5),15.1,0.0
2023-01-28,Madrid,40.386642,-3.6760864,9.3,0.3,3.7,3.6,-4.3,09:27,19:27,10.49,28.7,0.0,2023,1,28,Open-Meteo (ERA5),14.3,0.0
2023-01-29,Madrid,40.386642,-3.6760864,7.1,-2.9,1.6,2.0,-6.7,09:26,19:28,10.85,21.2,0.0,2023,1,29,Open-Meteo (ERA5),16.4,0.0
2023-01-30,Madrid,40.386642,-3.6760864,7.6,-3.5,1.2,4.8,-7.3,09:25,19:29,12.2,13.5,0.0,2023,1,30,Open-Meteo (ERA5),16.8,0.0
2023-01-31,Madrid,40.386642,-3.6760864,9.9,-4.2,1.8,7.2,-7.7,09:24,19:31,12.29,7.3,0.0,2023,1,31,Open-Meteo (ERA5),16.2,0.0
2023-02-01,Madrid,40.386642,-3.6760864,11.6,-0.1,4.3,8.3,-4.1,09:24,19:32,12.34,12.9,0.0,2023,2,1,Open-Meteo (ERA5),13.7,0.0
2023-02-02,Madrid,40.386642,-3.6760864,12.5,-1.4,4.9,10.3,-5.2,09:23,19:33,12.5,13.3,0.0,2023,2,2,Open-Meteo (ERA5),13.1,0.0
2023-02-03,Madrid,40.386642,-3.6760864,14.9,-1.2,5.5,11.9,-5.0,09:22,19:34,12.91,10.3,0.0,2023,2,3,Open-Meteo (ERA5),12.5,0.0
2023-02-04,Madrid,40.386642,-3.6760864,16.0,-1.6,5.8,13.6,-5.6,09:21,19:35,13.12,10.2,0.0,2023,2,4,Open-Meteo (ERA5),12.2,0.0
2023-02-05,Madrid,40.386642,-3.6760864,16.4,1.6,7.3,13.1,-2.6,09:20,19:37,13.23,16.6,0.0,2023,2,5,Open-Meteo (ERA5),10.7,0.0
2023-02-06,Madrid,40.386642,-3.6760864,10.9,-0.3,5.3,5.6,-4.2,09:19,19:38,13.25,26.6,0.5,2023,2,6,Open-Meteo (ERA5),12.7,0.0
2023-02-07,Madrid,40.386642,-3.6760864,8.9,-0.3,4.1,5.8,-4.2,09:17,19:39,10.48,12.4,0.5,2023,2,7,Open-Meteo (ERA5),13.9,0.0
2023-02-08,Madrid,40.386642,-3.6760864,10.9,1.2,5.5,7.4,-3.0,09:16,19:40,8.27,17.6,0.0,2023,2,8,Open-Meteo (ERA5),12.5,0.0
2023-02-09,Madrid,40.386642,-3.6760864,9.4,2.2,5.6,6.2,-0.6,09:15,19:41,7.6,9.5,0.1,2023,2,9,Open-Meteo (ERA5),12.4,0.0
2023-02-10,Madrid,40.386642,-3.6760864,9.6,1.0,4.5,5.4,-2.3,09:14,19:43,12.35,11.7,0.0,2023,2,10,Open-Meteo (ERA5),13.5,0.0
2023-02-11,Madrid,40.386642,-3.6760864,10.7,-1.7,3.9,5.8,-5.8,09:13,19:44,13.44,16.6,0.0,2023,2,11,Open-Meteo (ERA5),14.1,0.0
2023-02-12,Madrid,40.386642,-3.6760864,12.1,-1.3,4.8,8.5,-5.4,09:12,19:45,11.36,12.8,0.0,2023,2,12,Open-Meteo (ERA5),13.2,0.0
2023-02-13,Madrid,40.386642,-3.6760864,11.7,-0.6,5.2,8.1,-4.0,09:10,19:46,12.88,12.1,0.0,2023,2,13,Open-Meteo (ERA5),12.8,0.0
2023-02-14,Madrid,40.386642,-3.6760864,12.1,2.2,6.3,8.4,-1.1,09:09,19:48,7.28,13.4,0.0,2023,2,14,Open-Meteo (ERA5),11.7,0.0
2023-02-15,Madrid,40.386642,-3.6760864,14.6,3.5,7.6,11.0,0.6,09:08,19:49,12.34,13.0,0.0,2023,2,15,Open-Meteo (ERA5),10.4,0.0
2023-02-16,Madrid,40.386642,-3.6760864,15.3,0.5,7.3,10.9,-2.8,09:06,19:50,14.74,13.0,0.0,2023,2,16,Open-Meteo (ERA5),10.7,0.0
2023-02-17,Madrid,40.386642,-3.6760864,16.2,0.4,7.5,11.9,-3.6,09:05,19:51,15.15,12.5,0.0,2023,2,17,Open-Meteo (ERA5),10.5,0.0
2023-02-18,Madrid,40.386642,-3.6760864,16.1,2.5,8.4,12.6,-1.9,09:04,19:52,10.03,13.1,0.0,2023,2,18,Open-Meteo (ERA5),9.6,0.0
2023-02-19,Madrid,40.386642,-3.6760864,20.5,3.8,11.4,16.4,0.9,09:02,19:53,14.18,14.7,0.8,2023,2,19,Open-Meteo (ERA5),6.6,0.0
2023-02-20,Madrid,40.386642,-3.6760864,20.8,5.1,12.3,15.9,1.7,09:01,19:55,12.89,17.6,0.0,2023,2,20,Open-Meteo (ERA5),5.699999999999999,0.0
2023-02-21,Madrid,40.386642,-3.6760864,16.6,4.6,11.1,14.9,1.5,09:00,19:56,12.91,12.2,0.5,2023,2,21,Open-Meteo (ERA5),6.9,0.0
2023-02-22,Madrid,40.386642,-3.6760864,17.2,3.5,10.4,13.9,1.1,08:58,19:57,14.14,14.6,0.1,2023,2,22,Open-Meteo (ERA5),7.6,0.0
2023-02-23,Madrid,40.386642,-3.6760864,10.1,3.8,7.3,7.1,-0.9,08:57,19:58,10.06,29.3,1.2,2023,2,23,Open-Meteo (ERA5),10.7,0.0
2023-02-24,Madrid,40.386642,-3.6760864,10.2,-1.8,4.1,6.8,-5.3,08:55,19:59,16.51,11.9,0.0,2023,2,24,Open-Meteo (ERA5),13.9,0.0
2023-02-25,Madrid,40.386642,-3.6760864,10.4,-2.9,3.4,6.2,-6.5,08:54,20:00,14.59,21.1,1.0,2023,2,25,Open-Meteo (ERA5),14.6,0.0
2023-02-26,Madrid,40.386642,-3.6760864,12.3,-2.9,4.1,7.1,-6.0,08:53,20:02,13.96,19.7,0.0,2023,2,26,Open-Meteo (ERA5),13.9,0.0
2023-02-27,Madrid,40.386642,-3.6760864,6.3,-2.4,2.3,0.8,-7.0,08:51,20:03,13.25,23.2,0.0,2023,2,27,Open-Meteo (ERA5),15.7,0.0
2023-02-28,Madrid,40.386642,-3.6760864,9.8,-4.3,1.9,5.7,-8.1,08:50,20:04,16.96,22.7,0.0,2023,2,28,Open-Meteo (ERA5),16.1,0.0
2023-03-01,Madrid,40.386642,-3.6760864,6.7,-3.8,1.5,2.1,-7.7,08:48,20:05,13.3,16.8,0.0,2023,3,1,Open-Meteo (ERA5),16.5,0.0
2023-03-02,Madrid,40.386642,-3.6760864,9.9,-3.0,3.2,6.8,-6.9,08:47,20:06,17.51,10.9,0.0,2023,3,2,Open-Meteo (ERA5),14.8,0.0
2023-03-03,Madrid,40.386642,-3.6760864,12.6,-2.6,4.5,9.3,-6.3,08:45,20:07,17.63,15.5,0.0,2023,3,3,Open-Meteo (ERA5),13.5,0.0
2023-03-04,Madrid,40.386642,-3.6760864,12.9,-1.2,5.8,10.0,-5.0,08:44,20:08,17.77,11.5,0.0,2023,3,4,Open-Meteo (ERA5),12.2,0.0
2023-03-05,Madrid,40.386642,-3.6760864,9.9,-1.4,5.0,6.9,-4.9,08:42,20:09,6.15,11.5,3.3,2023,3,5,Open-Meteo (ERA5),13.0,0.0
2023-03-06,Madrid,40.386642,-3.6760864,14.1,4.0,8.1,10.1,1.7,08:40,20:11,8.23,20.4,1.2,2023,3,6,Open-Meteo (ERA5),9.9,0.0
2023-03-07,Madrid,40.386642,-3.6760864,15.5,8.1,10.6,10.8,3.9,08:39,20:12,13.38,24.8,0.5,2023,3,7,Open-Meteo (ERA5),7.4,0.0
2023-03-08,Madrid,40.386642,-3.6760864,17.1,9.1,12.6,11.6,6.0,08:37,20:13,10.29,35.1,0.5,2023,3,8,Open-Meteo (ERA5),5.4,0.0
2023-03-09,Madrid,40.386642,-3.6760864,17.5,10.9,13.5,11.7,8.4,08:36,20:14,14.3,36.5,2.8,2023,3,9,Open-Meteo (ERA5),4.5,0.0
2023-03-10,Madrid,40.386642,-3.6760864,20.2,7.8,12.6,16.4,4.9,08:34,20:15,16.83,22.5,0.0,2023,3,10,Open-Meteo (ERA5),5.4,0.0
2023-03-11,Madrid,40.386642,-3.6760864,21.2,8.7,14.1,17.9,6.5,08:32,20:16,16.61,19.9,0.0,2023,3,11,Open-Meteo (ERA5),3.9000000000000004,0.0
2023-03-12,Madrid,40.386642,-3.6760864,22.4,8.4,15.3,21.3,7.3,08:31,20:17,18.21,15.1,0.0,2023,3,12,Open-Meteo (ERA5),2.6999999999999993,0.0
2023-03-13,Madrid,40.386642,-3.6760864,21.1,8.5,14.3,15.6,7.0,08:29,20:18,18.42,39.0,0.0,2023,3,13,Open-Meteo (ERA5),3.6999999999999993,0.0
2023-03-14,Madrid,40.386642,-3.6760864,18.2,5.9,11.8,14.3,2.3,08:28,20:19,18.41,22.7,0.0,2023,3,14,Open-Meteo (ERA5),6.199999999999999,0.0
2023-03-15,Madrid,40.386642,-3.6760864,20.1,3.7,12.0,17.3,0.8,08:26,20:20,19.36,7.9,0.0,2023,3,15,Open-Meteo (ERA5),6.0,0.0
2023-03-16,Madrid,40.386642,-3.6760864,24.4,5.1,14.6,21.2,2.0,08:24,20:21,18.17,16.1,0.0,2023,3,16,Open-Meteo (ERA5),3.4000000000000004,0.0
2023-03-17,Madrid,40.386642,-3.6760864,17.5,10.6,13.8,11.7,7.1,08:23,20:22,15.78,26.1,0.4,2023,3,17,Open-Meteo (ERA5),4.199999999999999,0.0
2023-03-18,Madrid,40.386642,-3.6760864,15.9,5.7,11.1,12.0,2.9,08:21,20:23,13.5,19.2,0.0,2023,3,18,Open-Meteo (ERA5),6.9,0.0
2023-03-19,Madrid,40.386642,-3.6760864,18.6,4.4,12.0,15.8,2.0,08:20,20:25,20.29,11.0,0.0,2023,3,19,Open-Meteo (ERA5),6.0,0.0
2023-03-20,Madrid,40.386642,-3.6760864,20.9,3.9,12.5,18.0,0.9,08:18,20:26,20.32,10.4,0.0,2023,3,20,Open-Meteo (ERA5),5.5,0.0
2023-03-21,Madrid,40.386642,-3.6760864,21.7,5.3,13.8,19.0,2.4,08:16,20:27,20.09,11.8,0.0,2023,3,21,Open-Meteo (ERA5),4.199999999999999,0.0
2023-03-22,Madrid,40.386642,-3.6760864,22.6,5.6,14.4,18.8,3.3,08:15,20:28,20.33,18.2,0.0,2023,3,22,Open-Meteo (ERA5),3.5999999999999996,0.0
2023-03-23,Madrid,40.386642,-3.6760864,21.9,7.1,15.2,17.6,4.0,08:13,20:29,20.11,20.8,0.0,2023,3,23,Open-Meteo (ERA5),2.8000000000000007,0.0
2023-03-24,Madrid,40.386642,-3.6760864,19.1,9.1,13.8,15.6,6.1,08:11,20:30,16.05,21.6,0.0,2023,3,24,Open-Meteo (ERA5),4.199999999999999,0.0
2023-03-25,Madrid,40.386642,-3.6760864,21.7,8.4,14.1,17.8,7.1,08:10,20:31,19.07,23.8,0.0,2023,3,25,Open-Meteo (ERA5),3.9000000000000004,0.0
2023-03-26,Madrid,40.386642,-3.6760864,21.4,8.7,15.0,16.1,6.3,08:08,20:32,21.64,25.0,0.0,2023,3,26,Open-Meteo (ERA5),3.0,0.0
2023-03-27,Madrid,40.386642,-3.6760864,20.1,5.6,13.0,17.8,2.4,08:06,20:33,22.27,13.4,0.0,2023,3,27,Open-Meteo (ERA5),5.0,0.0
2023-03-28,Madrid,40.386642,-3.6760864,23.2,5.2,14.4,20.3,1.5,08:05,20:34,22.03,9.8,0.0,2023,3,28,Open-Meteo (ERA5),3.5999999999999996,0.0
2023-03-29,Madrid,40.386642,-3.6760864,25.8,6.9,16.6,22.5,3.9,08:03,20:35,22.1,17.9,0.0,2023,3,29,Open-Meteo (ERA5),1.3999999999999986,0.0
2023-03-30,Madrid,40.386642,-3.6760864,22.8,11.7,17.4,18.9,8.1,08:01,20:36,21.38,29.3,0.0,2023,3,30,Open-Meteo (ERA5),0.6000000000000014,0.0
2023-03-31,Madrid,40.386642,-3.6760864,19.9,10.1,15.4,16.0,6.6,08:00,20:37,16.2,25.9,1.5,2023,3,31,Open-Meteo (ERA5),2.5999999999999996,0.0
2023-04-01,Madrid,40.386642,-3.6760864,19.9,9.9,14.4,14.2,6.5,07:58,20:38,15.37,29.4,0.0,2023,4,1,Open-Meteo (ERA5),3.5999999999999996,0.0
2023-04-02,Madrid,40.386642,-3.6760864,18.5,3.3,11.6,15.1,0.5,07:56,20:39,23.44,17.1,0.0,2023,4,2,Open-Meteo (ERA5),6.4,0.0
2023-04-03,Madrid,40.386642,-3.6760864,19.4,3.1,11.7,17.3,-0.1,07:55,20:40,23.36,15.0,0.0,2023,4,3,Open-Meteo (ERA5),6.300000000000001,0.0
2023-04-04,Madrid,40.386642,-3.6760864,20.7,6.2,13.6,15.2,1.9,07:53,20:41,24.53,23.2,0.0,2023,4,4,Open-Meteo (ERA5),4.4,0.0
2023-04-05,Madrid,40.386642,-3.6760864,21.5,3.6,13.1,17.8,-1.1,07:52,20:42,24.85,18.4,0.0,2023,4,5,Open-Meteo (ERA5),4.9,0.0
2023-04-06,Madrid,40.386642,-3.6760864,23.2,6.1,15.1,20.3,1.6,07:50,20:43,24.28,13.2,0.0,2023,4,6,Open-Meteo (ERA5),2.9000000000000004,0.0
2023-04-07,Madrid,40.386642,-3.6760864,24.8,5.7,15.8,21.6,2.1,07:49,20:44,24.46,17.8,0.0,2023,4,7,Open-Meteo (ERA5),2.1999999999999993,0.0
2023-04-08,Madrid,40.386642,-3.6760864,26.4,7.2,17.7,24.2,3.5,07:47,20:45,24.4,12.1,0.0,2023,4,8,Open-Meteo (ERA5),0.3000000000000007,0.0
2023-04-09,Madrid,40.386642,-3.6760864,27.3,8.2,18.8,24.5,5.1,07:45,20:46,23.91,20.9,0.0,2023,4,9,Open-Meteo (ERA5),0.0,0.8000000000000007
2023-04-10,Madrid,40.386642,-3.6760864,27.8,10.6,20.1,24.6,8.0,07:44,20:47,23.79,19.3,0.0,2023,4,10,Open-Meteo (ERA5),0.0,2.1000000000000014
2023-04-11,Madrid,40.386642,-3.6760864,26.7,10.2,18.9,23.1,7.3,07:42,20:48,24.47,21.4,0.0,2023,4,11,Open-Meteo (ERA5),0.0,0.8999999999999986
2023-04-12,Madrid,40.386642,-3.6760864,22.0,10.2,16.1,18.2,7.0,07:41,20:49,18.31,24.6,0.3,2023,4,12,Open-Meteo (ERA5),1.8999999999999986,0.0
2023-04-13,Madrid,40.386642,-3.6760864,17.7,6.8,12.0,13.0,1.8,07:39,20:50,24.81,23.7,0.0,2023,4,13,Open-Meteo (ERA5),6.0,0.0
2023-04-14,Madrid,40.386642,-3.6760864,20.9,9.1,14.5,15.5,5.5,07:38,20:51,17.31,31.3,0.0,2023,4,14,Open-Meteo (ERA5),3.5,0.0
2023-04-15,Madrid,40.386642,-3.6760864,24.7,9.9,16.3,22.5,6.9,07:36,20:53,22.83,21.3,0.0,2023,4,15,Open-Meteo (ERA5),1.6999999999999993,0.0
2023-04-16,Madrid,40.386642,-3.6760864,24.5,9.6,16.8,21.4,7.1,07:35,20:54,25.56,21.3,0.0,2023,4,16,Open-Meteo (ERA5),1.1999999999999993,0.0
2023-04-17,Madrid,40.386642,-3.6760864,24.9,8.6,17.0,22.0,4.5,07:33,20:55,25.98,19.3,0.0,2023,4,17,Open-Meteo (ERA5),1.0,0.0
2023-04-18,Madrid,40.386642,-3.6760864,22.6,7.9,15.7,20.6,3.8,07:32,20:56,26.15,19.4,0.0,2023,4,18,Open-Meteo (ERA5),2.3000000000000007,0.0
2023-04-19,Madrid,40.386642,-3.6760864,24.4,8.8,16.8,22.8,6.3,07:30,20:57,25.09,13.3,0.0,2023,4,19,Open-Meteo (ERA5),1.1999999999999993,0.0
2023-04-20,Madrid,40.386642,-3.6760864,27.4,10.6,19.4,24.0,7.6,07:29,20:58,25.82,20.6,0.0,2023,4,20,Open-Meteo (ERA5),0.0,1.3999999999999986
2023-04-21,Madrid,40.386642,-3.6760864,26.0,11.4,19.2,21.5,8.7,07:27,20:59,23.28,25.5,0.4,2023,4,21,Open-Meteo (ERA5),0.0,1.1999999999999993
2023-04-22,Madrid,40.386642,-3.6760864,21.0,12.1,16.1,18.0,9.9,07:26,21:00,21.93,21.1,8.8,2023,4,22,Open-Meteo (ERA5),1.8999999999999986,0.0
2023-04-23,Madrid,40.386642,-3.6760864,23.7,8.8,16.1,21.7,6.5,07:24,21:01,25.67,18.8,0.0,2023,4,23,Open-Meteo (ERA5),1.8999999999999986,0.0
2023-04-24,Madrid,40.386642,-3.6760864,25.6,10.5,18.4,23.6,9.3,07:23,21:02,25.17,16.8,0.0,2023,4,24,Open-Meteo (ERA5),0.0,0.3999999999999986
2023-04-25,Madrid,40.386642,-3.6760864,29.1,12.8,20.9,26.4,12.0,07:22,21:03,24.17,20.0,0.0,2023,4,25,Open-Meteo (ERA5),0.0,2.8999999999999986
2023-04-26,Madrid,40.386642,-3.6760864,29.5,12.6,21.5,26.2,10.8,07:20,21:04,26.7,17.3,0.0,2023,4,26,Open-Meteo (ERA5),0.0,3.5
2023-04-27,Madrid,40.386642,-3.6760864,31.4,13.4,22.9,28.8,10.9,07:19,21:05,25.44,18.9,0.0,2023,4,27,Open-Meteo (ERA5),0.0,4.899999999999999
2023-04-28,Madrid,40.386642,-3.6760864,32.1,15.5,24.1,28.9,13.0,07:18,21:06,23.92,20.8,0.0,2023,4,28,Open-Meteo (ERA5),0.0,6.100000000000001
2023-04-29,Madrid,40.386642,-3.6760864,26.5,16.6,22.2,24.1,14.7,07:16,21:07,17.18,19.2,3.2,2023,4,29,Open-Meteo (ERA5),0.0,4.199999999999999
2023-04-30,Madrid,40.386642,-3.6760864,25.1,13.7,19.5,23.8,12.0,07:15,21:08,22.02,21.2,0.0,2023,4,30,Open-Meteo (ERA5),0.0,1.5
2023-05-01,Madrid,40.386642,-3.6760864,26.3,11.1,19.3,25.8,9.2,07:14,21:09,26.86,20.6,0.0,2023,5,1,Open-Meteo (ERA5),0.0,1.3000000000000007
2023-05-02,Madrid,40.386642,-3.6760864,28.4,12.8,20.9,27.1,9.3,07:12,21:10,25.44,15.1,0.0,2023,5,2,Open-Meteo (ERA5),0.0,2.8999999999999986
2023-05-03,Madrid,40.386642,-3.6760864,30.9,14.3,22.4,26.5,11.3,07:11,21:11,23.81,23.8,0.0,2023,5,3,Open-Meteo (ERA5),0.0,4.399999999999999
2023-05-04,Madrid,40.386642,-3.6760864,24.9,15.2,20.5,20.6,12.6,07:10,21:12,25.65,24.2,0.0,2023,5,4,Open-Meteo (ERA5),0.0,2.5
2023-05-05,Madrid,40.386642,-3.6760864,26.8,11.1,19.6,24.0,8.9,07:09,21:13,27.47,15.0,0.0,2023,5,5,Open-Meteo (ERA5),0.0,1.6000000000000014
2023-05-06,Madrid,40.386642,-3.6760864,27.6,11.1,20.1,24.6,8.6,07:08,21:14,27.69,20.7,0.0,2023,5,6,Open-Meteo (ERA5),0.0,2.1000000000000014
2023-05-07,Madrid,40.386642,-3.6760864,27.7,14.6,21.1,27.1,12.4,07:06,21:15,26.1,15.6,0.2,2023,5,7,Open-Meteo (ERA5),0.0,3.1000000000000014
2023-05-08,Madrid,40.386642,-3.6760864,30.6,13.4,21.9,28.4,11.4,07:05,21:16,25.1,16.5,0.0,2023,5,8,Open-Meteo (ERA5),0.0,3.8999999999999986
2023-05-09,Madrid,40.386642,-3.6760864,28.1,16.4,22.9,27.0,15.4,07:04,21:17,25.14,24.7,0.0,2023,5,9,Open-Meteo (ERA5),0.0,4.899999999999999
2023-05-10,Madrid,40.386642,-3.6760864,25.0,13.1,19.0,23.1,10.1,07:03,21:18,26.79,20.6,0.0,2023,5,10,Open-Meteo (ERA5),0.0,1.0
2023-05-11,Madrid,40.386642,-3.6760864,22.5,10.4,16.6,19.6,6.2,07:02,21:19,27.38,23.0,0.0,2023,5,11,Open-Meteo (ERA5),1.3999999999999986,0.0
2023-05-12,Madrid,40.386642,-3.6760864,19.6,9.1,14.2,17.1,6.0,07:01,21:20,25.06,24.2,1.7,2023,5,12,Open-Meteo (ERA5),3.8000000000000007,0.0
2023-05-13,Madrid,40.386642,-3.6760864,20.7,7.2,14.3,18.5,3.9,07:00,21:21,25.35,22.1,0.0,2023,5,13,Open-Meteo (ERA5),3.6999999999999993,0.0
2023-05-14,Madrid,40.386642,-3.6760864,20.8,8.9,15.4,18.0,6.7,06:59,21:22,24.16,17.3,0.1,2023,5,14,Open-Meteo (ERA5),2.5999999999999996,0.0
2023-05-15,Madrid,40.386642,-3.6760864,21.5,9.0,15.5,19.3,6.8,06:58,21:23,21.32,20.2,0.0,2023,5,15,Open-Meteo (ERA5),2.5,0.0
2023-05-16,Madrid,40.386642,-3.6760864,23.1,8.8,15.9,20.3,5.0,06:57,21:24,28.35,20.7,0.0,2023,5,16,Open-Meteo (ERA5),2.0999999999999996,0.0
2023-05-17,Madrid,40.386642,-3.6760864,24.0,8.1,15.9,19.4,3.0,06:56,21:25,27.36,28.5,0.0,2023,5,17,Open-Meteo (ERA5),2.0999999999999996,0.0
2023-05-18,Madrid,40.386642,-3.6760864,22.9,8.7,15.5,18.3,4.0,06:55,21:26,28.84,28.3,0.0,2023,5,18,Open-Meteo (ERA5),2.5,0.0
2023-05-19,Madrid,40.386642,-3.6760864,21.9,8.9,15.2,17.4,4.7,06:55,21:27,26.7,26.6,0.0,2023,5,19,Open-Meteo (ERA5),2.8000000000000007,0.0
2023-05-20,Madrid,40.386642,-3.6760864,21.0,8.2,15.0,18.8,4.6,06:54,21:28,24.4,21.6,0.0,2023,5,20,Open-Meteo (ERA5),3.0,0.0
2023-05-21,Madrid,40.386642,-3.6760864,21.9,10.8,16.1,19.6,6.6,06:53,21:29,22.41,22.4,1.5,2023,5,21,Open-Meteo (ERA5),1.8999999999999986,0.0
2023-05-22,Madrid,40.386642,-3.6760864,23.0,12.6,17.8,20.1,11.2,06:52,21:29,20.39,16.6,0.3,2023,5,22,Open-Meteo (ERA5),0.1999999999999993,0.0
2023-05-23,Madrid,40.386642,-3.6760864,23.6,12.6,16.8,20.1,10.4,06:52,21:30,22.63,30.8,7.2,2023,5,23,Open-Meteo (ERA5),1.1999999999999993,0.0
2023-05-24,Madrid,40.386642,-3.6760864,22.9,12.3,17.2,21.6,11.1,06:51,21:31,22.67,14.8,1.9,2023,5,24,Open-Meteo (ERA5),0.8000000000000007,0.0
2023-05-25,Madrid,40.386642,-3.6760864,24.6,12.1,17.3,24.2,11.2,06:50,21:32,20.83,19.8,1.3,2023,5,25,Open-Meteo (ERA5),0.6999999999999993,0.0
2023-05-26,Madrid,40.386642,-3.6760864,19.2,13.2,15.8,19.3,11.4,06:50,21:33,11.19,23.9,17.0,2023,5,26,Open-Meteo (ERA5),2.1999999999999993,0.0
2023-05-27,Madrid,40.386642,-3.6760864,20.8,12.1,15.9,20.3,11.1,06:49,21:34,16.2,12.5,11.5,2023,5,27,Open-Meteo (ERA5),2.0999999999999996,0.0
2023-05-28,Madrid,40.386642,-3.6760864,20.0,13.1,16.0,20.0,13.1,06:48,21:35,19.54,11.4,2.3,2023,5,28,Open-Meteo (ERA5),2.0,0.0
2023-05-29,Madrid,40.386642,-3.6760864,22.6,11.8,16.4,23.5,11.8,06:48,21:35,21.87,13.7,2.2,2023,5,29,Open-Meteo (ERA5),1.6000000000000014,0.0
2023-05-30,Madrid,40.386642,-3.6760864,21.3,11.4,16.2,22.5,11.3,06:47,21:36,20.38,13.8,6.3,2023,5,30,Open-Meteo (ERA5),1.8000000000000007,0.0
2023-05-31,Madrid,40.386642,-3.6760864,22.4,12.7,17.3,23.6,12.6,06:47,21:37,25.38,11.8,0.5,2023,5,31,Open-Meteo (ERA5),0.6999999999999993,0.0
2023-06-01,Madrid,40.386642,-3.6760864,22.6,12.4,17.2,24.4,12.1,06:46,21:38,24.55,14.4,6.1,2023,6,1,Open-Meteo (ERA5),0.8000000000000007,0.0
2023-06-02,Madrid,40.386642,-3.6760864,22.0,12.8,16.2,24.0,11.8,06:46,21:39,19.52,13.3,4.9,2023,6,2,Open-Meteo (ERA5),1.8000000000000007,0.0
2023-06-03,Madrid,40.386642,-3.6760864,24.1,12.5,17.8,24.3,12.5,06:46,21:39,26.65,15.0,0.1,2023,6,3,Open-Meteo (ERA5),0.1999999999999993,0.0
2023-06-04,Madrid,40.386642,-3.6760864,24.0,13.2,18.6,25.7,13.2,06:45,21:40,25.43,10.0,0.3,2023,6,4,Open-Meteo (ERA5),0.0,0.6000000000000014
2023-06-05,Madrid,40.386642,-3.6760864,26.0,13.6,19.2,28.8,13.5,06:45,21:41,24.46,9.8,3.5,2023,6,5,Open-Meteo (ERA5),0.0,1.1999999999999993
2023-06-06,Madrid,40.386642,-3.6760864,27.2,14.0,20.7,28.1,14.1,06:45,21:41,27.93,9.4,0.0,2023,6,6,Open-Meteo (ERA5),0.0,2.6999999999999993
2023-06-07,Madrid,40.386642,-3.6760864,20.9,17.0,18.6,20.6,17.1,06:44,21:42,5.58,14.9,6.7,2023,6,7,Open-Meteo (ERA5),0.0,0.6000000000000014
2023-06-08,Madrid,40.386642,-3.6760864,21.4,15.3,18.0,21.0,16.1,06:44,21:42,12.38,12.3,3.7,2023,6,8,Open-Meteo (ERA5),0.0,0.0
2023-06-09,Madrid,40.386642,-3.6760864,23.2,14.9,18.7,21.8,14.2,06:44,21:43,24.22,20.6,2.3,2023,6,9,Open-Meteo (ERA5),0.0,0.6999999999999993
2023-06-10,Madrid,40.386642,-3.6760864,26.0,15.6,20.2,26.3,16.6,06:44,21:43,24.32,14.0,0.2,2023,6,10,Open-Meteo (ERA5),0.0,2.1999999999999993
2023-06-11,Madrid,40.386642,-3.6760864,27.0,16.0,21.3,26.1,16.6,06:44,21:44,26.35,20.9,0.1,2023,6,11,Open-Meteo (ERA5),0.0,3.3000000000000007
2023-06-12,Madrid,40.386642,-3.6760864,24.8,15.2,20.1,26.2,14.7,06:44,21:44,24.01,13.4,0.4,2023,6,12,Open-Meteo (ERA5),0.0,2.1000000000000014
2023-06-13,Madrid,40.386642,-3.6760864,24.1,14.6,19.3,23.5,14.9,06:44,21:45,24.99,23.6,2.7,2023,6,13,Open-Meteo (ERA5),0.0,1.3000000000000007
2023-06-14,Madrid,40.386642,-3.6760864,26.9,13.4,20.8,26.3,13.2,06:44,21:45,21.72,15.3,0.0,2023,6,14,Open-Meteo (ERA5),0.0,2.8000000000000007
2023-06-15,Madrid,40.386642,-3.6760864,31.9,15.7,23.8,31.3,14.7,06:44,21:46,27.32,15.0,0.0,2023,6,15,Open-Meteo (ERA5),0.0,5.800000000000001
2023-06-16,Madrid,40.386642,-3.6760864,33.5,17.5,25.9,33.3,15.8,06:44,21:46,29.22,17.4,0.0,2023,6,16,Open-Meteo (ERA5),0.0,7.899999999999999
2023-06-17,Madrid,40.386642,-3.6760864,34.9,19.5,27.3,33.9,19.3,06:44,21:47,24.71,24.3,0.0,2023,6,17,Open-Meteo (ERA5),0.0,9.3
2023-06-18,Madrid,40.386642,-3.6760864,30.8,18.1,23.2,31.0,17.8,06:44,21:47,23.43,20.4,3.2,2023,6,18,Open-Meteo (ERA5),0.0,5.199999999999999
2023-06-19,Madrid,40.386642,-3.6760864,31.0,17.4,23.9,29.8,17.6,06:44,21:47,24.08,21.6,3.1,2023,6,19,Open-Meteo (ERA5),0.0,5.899999999999999
2023-06-20,Madrid,40.386642,-3.6760864,27.3,18.1,23.5,26.3,16.8,06:44,21:47,25.15,18.8,0.4,2023,6,20,Open-Meteo (ERA5),0.0,5.5
2023-06-21,Madrid,40.386642,-3.6760864,29.2,16.9,22.2,28.7,16.6,06:44,21:48,20.97,16.5,14.9,2023,6,21,Open-Meteo (ERA5),0.0,4.199999999999999
2023-06-22,Madrid,40.386642,-3.6760864,28.2,15.2,21.8,28.4,16.3,06:45,21:48,25.82,11.8,0.6,2023,6,22,Open-Meteo (ERA5),0.0,3.8000000000000007
2023-06-23,Madrid,40.386642,-3.6760864,32.8,17.5,25.4,33.9,16.5,06:45,21:48,29.3,16.7,0.0,2023,6,23,Open-Meteo (ERA5),0.0,7.399999999999999
2023-06-24,Madrid,40.386642,-3.6760864,35.0,18.2,27.3,35.8,17.2,06:45,21:48,29.7,14.2,0.0,2023,6,24,Open-Meteo (ERA5),0.0,9.3
2023-06-25,Madrid,40.386642,-3.6760864,38.2,21.0,30.1,37.8,20.9,06:45,21:48,28.38,15.0,0.0,2023,6,25,Open-Meteo (ERA5),0.0,12.100000000000001
2023-06-26,Madrid,40.386642,-3.6760864,38.5,21.6,30.4,37.4,21.4,06:46,21:48,28.91,17.5,0.0,2023,6,26,Open-Meteo (ERA5),0.0,12.399999999999999
2023-06-27,Madrid,40.386642,-3.6760864,36.2,21.4,29.5,36.1,21.2,06:46,21:48,28.18,18.1,0.0,2023,6,27,Open-Meteo (ERA5),0.0,11.5
2023-06-28,Madrid,40.386642,-3.6760864,35.8,21.9,29.1,35.2,21.5,06:46,21:48,27.51,19.0,0.0,2023,6,28,Open-Meteo (ERA5),0.0,11.100000000000001
2023-06-29,Madrid,40.386642,-3.6760864,36.3,21.5,28.4,33.6,21.0,06:47,21:48,28.18,26.9,0.0,2023,6,29,Open-Meteo (ERA5),0.0,10.399999999999999
2023-06-30,Madrid,40.386642,-3.6760864,30.0,16.9,23.2,28.6,14.4,06:47,21:48,29.81,25.5,0.0,2023,6,30,Open-Meteo (ERA5),0.0,5.199999999999999
2023-07-01,Madrid,40.386642,-3.6760864,32.5,17.4,25.1,32.8,15.9,06:48,21:48,29.28,20.0,0.0,2023,7,1,Open-Meteo (ERA5),0.0,7.100000000000001
2023-07-02,Madrid,40.386642,-3.6760864,35.0,20.5,27.2,35.7,19.2,06:48,21:48,27.05,30.3,0.3,2023,7,2,Open-Meteo (ERA5),0.0,9.2
2023-07-03,Madrid,40.386642,-3.6760864,35.4,20.8,28.4,33.8,19.9,06:49,21:48,27.21,27.5,0.0,2023,7,3,Open-Meteo (ERA5),0.0,10.399999999999999
2023-07-04,Madrid,40.386642,-3.6760864,34.2,20.9,28.1,32.6,22.3,06:49,21:48,29.28,15.8,0.0,2023,7,4,Open-Meteo (ERA5),0.0,10.100000000000001
2023-07-05,Madrid,40.386642,-3.6760864,33.1,18.4,26.7,30.6,16.3,06:50,21:48,25.99,16.6,0.1,2023,7,5,Open-Meteo (ERA5),0.0,8.7
2023-07-06,Madrid,40.386642,-3.6760864,33.5,20.5,27.5,31.9,19.6,06:51,21:47,29.09,20.0,0.0,2023,7,6,Open-Meteo (ERA5),0.0,9.5
2023-07-07,Madrid,40.386642,-3.6760864,34.5,19.6,26.7,32.7,20.0,06:51,21:47,26.99,22.9,0.6,2023,7,7,Open-Meteo (ERA5),0.0,8.7
2023-07-08,Madrid,40.386642,-3.6760864,32.3,19.4,26.8,30.4,18.1,06:52,21:47,29.95,18.2,0.0,2023,7,8,Open-Meteo (ERA5),0.0,8.8
2023-07-09,Madrid,40.386642,-3.6760864,34.8,18.3,27.1,32.9,17.2,06:53,21:46,28.71,15.2,0.0,2023,7,9,Open-Meteo (ERA5),0.0,9.100000000000001
2023-07-10,Madrid,40.386642,-3.6760864,38.8,20.5,30.0,38.1,18.8,06:53,21:46,29.51,14.8,0.0,2023,7,10,Open-Meteo (ERA5),0.0,12.0
2023-07-11,Madrid,40.386642,-3.6760864,38.0,22.4,31.3,35.3,22.7,06:54,21:46,29.89,26.3,0.0,2023,7,11,Open-Meteo (ERA5),0.0,13.3
2023-07-12,Madrid,40.386642,-3.6760864,33.3,20.9,27.8,30.1,18.8,06:55,21:45,22.0,20.1,0.0,2023,7,12,Open-Meteo (ERA5),0.0,9.8
2023-07-13,Madrid,40.386642,-3.6760864,35.2,20.5,28.1,34.6,19.5,06:55,21:45,29.08,14.8,0.0,2023,7,13,Open-Meteo (ERA5),0.0,10.100000000000001
2023-07-14,Madrid,40.386642,-3.6760864,35.8,21.1,29.3,33.6,20.3,06:56,21:44,29.53,23.4,0.0,2023,7,14,Open-Meteo (ERA5),0.0,11.3
2023-07-15,Madrid,40.386642,-3.6760864,32.0,21.1,26.8,29.6,19.9,06:57,21:44,29.35,22.7,0.0,2023,7,15,Open-Meteo (ERA5),0.0,8.8
2023-07-16,Madrid,40.386642,-3.6760864,33.8,18.3,26.4,32.6,16.3,06:58,21:43,29.65,14.2,0.0,2023,7,16,Open-Meteo (ERA5),0.0,8.399999999999999
2023-07-17,Madrid,40.386642,-3.6760864,38.2,19.1,29.5,38.4,16.7,06:58,21:42,28.34,13.8,0.1,2023,7,17,Open-Meteo (ERA5),0.0,11.5
2023-07-18,Madrid,40.386642,-3.6760864,38.8,25.0,32.4,36.4,23.5,06:59,21:42,28.9,23.2,0.0,2023,7,18,Open-Meteo (ERA5),0.0,14.399999999999999
2023-07-19,Madrid,40.386642,-3.6760864,37.7,25.4,32.2,34.6,23.7,07:00,21:41,28.88,29.7,0.0,2023,7,19,Open-Meteo (ERA5),0.0,14.200000000000003
2023-07-20,Madrid,40.386642,-3.6760864,35.0,22.5,29.5,30.4,19.7,07:01,21:40,29.69,27.2,0.0,2023,7,20,Open-Meteo (ERA5),0.0,11.5
2023-07-21,Madrid,40.386642,-3.6760864,31.9,20.4,26.6,30.2,18.9,07:02,21:40,25.59,21.3,0.0,2023,7,21,Open-Meteo (ERA5),0.0,8.600000000000001
2023-07-22,Madrid,40.386642,-3.6760864,32.7,18.8,26.0,31.0,17.0,07:02,21:39,25.0,15.9,0.0,2023,7,22,Open-Meteo (ERA5),0.0,8.0
2023-07-23,Madrid,40.386642,-3.6760864,35.2,20.3,28.0,32.5,17.8,07:03,21:38,29.25,20.4,0.0,2023,7,23,Open-Meteo (ERA5),0.0,10.0
2023-07-24,Madrid,40.386642,-3.6760864,32.8,20.5,26.9,30.5,17.7,07:04,21:37,28.39,19.5,0.0,2023,7,24,Open-Meteo (ERA5),0.0,8.899999999999999
2023-07-25,Madrid,40.386642,-3.6760864,31.8,17.5,24.8,30.1,15.8,07:05,21:36,28.88,19.2,0.0,2023,7,25,Open-Meteo (ERA5),0.0,6.800000000000001
2023-07-26,Madrid,40.386642,-3.6760864,32.8,17.5,25.7,32.7,15.1,07:06,21:35,28.83,13.5,0.0,2023,7,26,Open-Meteo (ERA5),0.0,7.699999999999999
2023-07-27,Madrid,40.386642,-3.6760864,33.8,20.9,27.5,31.3,19.2,07:07,21:34,28.47,23.7,0.0,2023,7,27,Open-Meteo (ERA5),0.0,9.5
2023-07-28,Madrid,40.386642,-3.6760864,33.5,19.7,27.3,32.0,18.9,07:08,21:34,28.4,17.3,0.0,2023,7,28,Open-Meteo (ERA5),0.0,9.3
2023-07-29,Madrid,40.386642,-3.6760864,35.3,19.5,28.2,33.2,17.6,07:09,21:33,28.22,22.3,0.0,2023,7,29,Open-Meteo (ERA5),0.0,10.2
2023-07-30,Madrid,40.386642,-3.6760864,36.4,21.9,29.5,34.7,20.4,07:10,21:32,27.91,20.1,0.0,2023,7,30,Open-Meteo (ERA5),0.0,11.5
2023-07-31,Madrid,40.386642,-3.6760864,37.0,22.5,30.1,35.7,21.4,07:11,21:31,27.98,17.4,0.0,2023,7,31,Open-Meteo (ERA5),0.0,12.100000000000001
2023-08-01,Madrid,40.386642,-3.6760864,36.8,21.6,29.5,34.9,19.6,07:12,21:30,28.07,21.5,0.0,2023,8,1,Open-Meteo (ERA5),0.0,11.5
2023-08-02,Madrid,40.386642,-3.6760864,35.7,21.2,29.1,34.0,21.3,07:13,21:28,27.75,21.4,0.0,2023,8,2,Open-Meteo (ERA5),0.0,11.100000000000001
2023-08-03,Madrid,40.386642,-3.6760864,33.3,21.4,26.7,33.2,20.8,07:13,21:27,27.69,24.0,0.0,2023,8,3,Open-Meteo (ERA5),0.0,8.7
2023-08-04,Madrid,40.386642,-3.6760864,28.6,15.6,22.2,26.6,11.5,07:14,21:26,28.04,26.7,0.0,2023,8,4,Open-Meteo (ERA5),0.0,4.199999999999999
2023-08-05,Madrid,40.386642,-3.6760864,33.8,15.4,24.3,32.3,14.0,07:15,21:25,27.62,16.8,0.0,2023,8,5,Open-Meteo (ERA5),0.0,6.300000000000001
2023-08-06,Madrid,40.386642,-3.6760864,36.7,18.9,27.8,35.5,16.0,07:16,21:24,27.3,21.9,0.0,2023,8,6,Open-Meteo (ERA5),0.0,9.8
2023-08-07,Madrid,40.386642,-3.6760864,36.5,17.8,27.5,35.3,13.7,07:17,21:23,27.28,23.4,0.0,2023,8,7,Open-Meteo (ERA5),0.0,9.5
2023-08-08,Madrid,40.386642,-3.6760864,38.6,21.8,30.2,38.6,19.1,07:18,21:22,26.2,13.2,0.0,2023,8,8,Open-Meteo (ERA5),0.0,12.2
2023-08-09,Madrid,40.386642,-3.6760864,40.0,23.2,32.1,39.1,21.2,07:19,21:20,25.03,20.2,0.0,2023,8,9,Open-Meteo (ERA5),0.0,14.100000000000001
2023-08-10,Madrid,40.386642,-3.6760864,38.5,24.8,31.7,35.8,22.5,07:20,21:19,27.32,17.4,0.0,2023,8,10,Open-Meteo (ERA5),0.0,13.7
2023-08-11,Madrid,40.386642,-3.6760864,38.7,22.2,30.4,37.5,20.9,07:21,21:18,26.82,12.1,0.0,2023,8,11,Open-Meteo (ERA5),0.0,12.399999999999999
2023-08-12,Madrid,40.386642,-3.6760864,37.8,22.8,30.7,37.0,20.9,07:22,21:17,26.19,12.2,0.0,2023,8,12,Open-Meteo (ERA5),0.0,12.7
2023-08-13,Madrid,40.386642,-3.6760864,37.5,23.2,30.3,36.4,22.4,07:23,21:15,25.95,21.4,0.0,2023,8,13,Open-Meteo (ERA5),0.0,12.3
2023-08-14,Madrid,40.386642,-3.6760864,34.8,21.5,28.7,32.7,20.0,07:24,21:14,26.37,16.1,0.0,2023,8,14,Open-Meteo (ERA5),0.0,10.7
2023-08-15,Madrid,40.386642,-3.6760864,35.3,19.9,28.2,33.5,17.5,07:25,21:12,25.87,17.1,0.0,2023,8,15,Open-Meteo (ERA5),0.0,10.2
2023-08-16,Madrid,40.386642,-3.6760864,34.9,20.4,28.4,33.3,18.2,07:26,21:11,26.13,15.3,0.0,2023,8,16,Open-Meteo (ERA5),0.0,10.399999999999999
2023-08-17,Madrid,40.386642,-3.6760864,35.0,20.0,28.2,33.7,18.2,07:27,21:10,25.79,15.8,0.0,2023,8,17,Open-Meteo (ERA5),0.0,10.2
2023-08-18,Madrid,40.386642,-3.6760864,33.8,21.0,27.8,31.2,19.7,07:28,21:08,24.25,20.0,0.0,2023,8,18,Open-Meteo (ERA5),0.0,9.8
2023-08-19,Madrid,40.386642,-3.6760864,35.9,20.6,28.4,34.6,19.1,07:29,21:07,24.88,15.4,0.0,2023,8,19,Open-Meteo (ERA5),0.0,10.399999999999999
2023-08-20,Madrid,40.386642,-3.6760864,37.8,21.6,30.2,36.8,20.2,07:30,21:05,25.17,10.8,0.0,2023,8,20,Open-Meteo (ERA5),0.0,12.2
2023-08-21,Madrid,40.386642,-3.6760864,39.0,24.0,32.0,39.2,23.1,07:31,21:04,24.04,11.8,0.0,2023,8,21,Open-Meteo (ERA5),0.0,14.0
2023-08-22,Madrid,40.386642,-3.6760864,38.9,24.8,32.5,37.6,22.7,07:32,21:02,24.79,14.1,0.0,2023,8,22,Open-Meteo (ERA5),0.0,14.5
2023-08-23,Madrid,40.386642,-3.6760864,38.8,24.4,31.9,37.0,23.3,07:33,21:01,24.8,17.9,0.0,2023,8,23,Open-Meteo (ERA5),0.0,13.899999999999999
2023-08-24,Madrid,40.386642,-3.6760864,38.8,23.2,31.5,37.7,21.4,07:34,21:00,24.79,18.6,0.0,2023,8,24,Open-Meteo (ERA5),0.0,13.5
2023-08-25,Madrid,40.386642,-3.6760864,37.7,22.8,31.2,34.2,20.6,07:35,20:58,24.24,26.1,0.0,2023,8,25,Open-Meteo (ERA5),0.0,13.2
2023-08-26,Madrid,40.386642,-3.6760864,32.1,23.3,27.9,26.9,19.9,07:36,20:57,16.39,34.9,0.4,2023,8,26,Open-Meteo (ERA5),0.0,9.899999999999999
2023-08-27,Madrid,40.386642,-3.6760864,24.6,16.1,21.0,20.8,12.3,07:37,20:55,20.48,25.0,0.0,2023,8,27,Open-Meteo (ERA5),0.0,3.0
2023-08-28,Madrid,40.386642,-3.6760864,28.4,13.5,20.8,26.9,12.0,07:38,20:53,23.94,16.5,0.0,2023,8,28,Open-Meteo (ERA5),0.0,2.8000000000000007
2023-08-29,Madrid,40.386642,-3.6760864,27.2,16.2,22.0,26.1,15.4,07:39,20:52,20.78,19.3,0.0,2023,8,29,Open-Meteo (ERA5),0.0,4.0
2023-08-30,Madrid,40.386642,-3.6760864,28.2,15.6,22.3,25.9,13.7,07:40,20:50,21.15,15.3,0.0,2023,8,30,Open-Meteo (ERA5),0.0,4.300000000000001
2023-08-31,Madrid,40.386642,-3.6760864,31.2,15.9,23.9,29.5,13.8,07:40,20:49,23.74,13.6,0.0,2023,8,31,Open-Meteo (ERA5),0.0,5.899999999999999
2023-09-01,Madrid,40.386642,-3.6760864,31.8,17.0,25.3,29.6,15.1,07:41,20:47,21.2,17.7,0.0,2023,9,1,Open-Meteo (ERA5),0.0,7.300000000000001
2023-09-02,Madrid,40.386642,-3.6760864,22.7,17.2,19.6,22.6,16.7,07:42,20:46,14.68,23.1,8.2,2023,9,2,Open-Meteo (ERA5),0.0,1.6000000000000014
2023-09-03,Madrid,40.386642,-3.6760864,21.4,16.1,18.1,23.1,15.8,07:43,20:44,4.28,20.9,62.8,2023,9,3,Open-Meteo (ERA5),0.0,0.10000000000000142
2023-09-04,Madrid,40.386642,-3.6760864,24.0,17.6,19.6,25.6,18.8,07:44,20:42,14.03,12.4,29.2,2023,9,4,Open-Meteo (ERA5),0.0,1.6000000000000014
2023-09-05,Madrid,40.386642,-3.6760864,25.9,15.4,20.5,26.9,16.2,07:45,20:41,21.2,9.6,0.0,2023,9,5,Open-Meteo (ERA5),0.0,2.5
2023-09-06,Madrid,40.386642,-3.6760864,27.0,17.4,21.6,28.7,18.3,07:46,20:39,20.48,7.1,8.2,2023,9,6,Open-Meteo (ERA5),0.0,3.6000000000000014
2023-09-07,Madrid,40.386642,-3.6760864,27.7,18.5,22.8,30.3,19.9,07:47,20:37,19.0,9.9,0.0,2023,9,7,Open-Meteo (ERA5),0.0,4.800000000000001
2023-09-08,Madrid,40.386642,-3.6760864,27.8,17.8,22.6,29.3,18.1,07:48,20:36,20.47,18.3,0.2,2023,9,8,Open-Meteo (ERA5),0.0,4.600000000000001
2023-09-09,Madrid,40.386642,-3.6760864,26.5,18.1,21.7,26.5,19.2,07:49,20:34,17.59,16.0,3.2,2023,9,9,Open-Meteo (ERA5),0.0,3.6999999999999993
2023-09-10,Madrid,40.386642,-3.6760864,27.2,16.9,21.0,28.4,17.9,07:50,20:32,19.68,11.4,3.3,2023,9,10,Open-Meteo (ERA5),0.0,3.0
2023-09-11,Madrid,40.386642,-3.6760864,24.6,16.1,19.9,23.9,16.5,07:51,20:31,19.4,15.6,5.2,2023,9,11,Open-Meteo (ERA5),0.0,1.8999999999999986
2023-09-12,Madrid,40.386642,-3.6760864,25.1,14.9,19.6,25.4,15.1,07:52,20:29,19.15,9.3,0.1,2023,9,12,Open-Meteo (ERA5),0.0,1.6000000000000014
2023-09-13,Madrid,40.386642,-3.6760864,26.3,15.2,20.5,26.6,14.1,07:53,20:27,20.82,14.7,0.0,2023,9,13,Open-Meteo (ERA5),0.0,2.5
2023-09-14,Madrid,40.386642,-3.6760864,25.9,15.5,20.5,27.9,14.0,07:54,20:26,19.49,19.9,3.9,2023,9,14,Open-Meteo (ERA5),0.0,2.5
2023-09-15,Madrid,40.386642,-3.6760864,24.5,16.4,19.9,25.2,15.2,07:55,20:24,15.53,21.1,18.8,2023,9,15,Open-Meteo (ERA5),0.0,1.8999999999999986
2023-09-16,Madrid,40.386642,-3.6760864,22.5,15.1,18.5,21.8,15.9,07:56,20:23,14.54,15.2,0.9,2023,9,16,Open-Meteo (ERA5),0.0,0.5
2023-09-17,Madrid,40.386642,-3.6760864,19.9,14.9,17.4,18.3,14.5,07:57,20:21,9.59,20.7,16.0,2023,9,17,Open-Meteo (ERA5),0.6000000000000014,0.0
2023-09-18,Madrid,40.386642,-3.6760864,20.5,13.1,16.5,19.7,12.4,07:58,20:19,13.26,15.6,0.8,2023,9,18,Open-Meteo (ERA5),1.5,0.0
2023-09-19,Madrid,40.386642,-3.6760864,22.9,11.9,17.0,23.8,11.5,07:59,20:18,18.77,10.6,0.2,2023,9,19,Open-Meteo (ERA5),1.0,0.0
2023-09-20,Madrid,40.386642,-3.6760864,23.6,12.8,17.6,21.7,12.6,08:00,20:16,20.1,20.8,0.0,2023,9,20,Open-Meteo (ERA5),0.3999999999999986,0.0
2023-09-21,Madrid,40.386642,-3.6760864,19.0,13.4,15.9,17.4,11.2,08:01,20:14,7.55,30.9,1.9,2023,9,21,Open-Meteo (ERA5),2.0999999999999996,0.0
2023-09-22,Madrid,40.386642,-3.6760864,20.7,10.4,15.5,18.3,7.9,08:02,20:12,19.85,14.5,0.0,2023,9,22,Open-Meteo (ERA5),2.5,0.0
2023-09-23,Madrid,40.386642,-3.6760864,21.1,8.9,15.1,20.9,7.0,08:03,20:11,20.02,9.2,0.0,2023,9,23,Open-Meteo (ERA5),2.9000000000000004,0.0
2023-09-24,Madrid,40.386642,-3.6760864,25.1,10.2,17.1,25.0,8.5,08:04,20:09,20.02,9.9,0.0,2023,9,24,Open-Meteo (ERA5),0.8999999999999986,0.0
2023-09-25,Madrid,40.386642,-3.6760864,27.1,11.2,19.1,26.8,9.6,08:05,20:07,19.77,9.0,0.0,2023,9,25,Open-Meteo (ERA5),0.0,1.1000000000000014
2023-09-26,Madrid,40.386642,-3.6760864,27.5,12.5,20.0,27.4,11.2,08:05,20:06,19.12,10.1,0.0,2023,9,26,Open-Meteo (ERA5),0.0,2.0
2023-09-27,Madrid,40.386642,-3.6760864,27.8,13.1,20.1,27.8,12.2,08:06,20:04,18.43,9.6,0.0,2023,9,27,Open-Meteo (ERA5),0.0,2.1000000000000014
2023-09-28,Madrid,40.386642,-3.6760864,28.8,13.6,20.9,28.3,13.8,08:07,20:02,18.8,9.8,0.0,2023,9,28,Open-Meteo (ERA5),0.0,2.8999999999999986
2023-09-29,Madrid,40.386642,-3.6760864,30.3,15.4,22.2,30.1,14.1,08:08,20:01,18.76,10.7,0.0,2023,9,29,Open-Meteo (ERA5),0.0,4.199999999999999
2023-09-30,Madrid,40.386642,-3.6760864,30.0,14.6,22.1,30.3,13.8,08:09,19:59,18.43,9.3,0.0,2023,9,30,Open-Meteo (ERA5),0.0,4.100000000000001
2023-10-01,Madrid,40.386642,-3.6760864,31.1,14.0,22.5,30.0,13.2,08:10,19:57,18.57,9.3,0.0,2023,10,1,Open-Meteo (ERA5),0.0,4.5
2023-10-02,Madrid,40.386642,-3.6760864,30.0,13.6,21.6,29.1,12.4,08:11,19:56,18.3,8.2,0.0,2023,10,2,Open-Meteo (ERA5),0.0,3.6000000000000014
2023-10-03,Madrid,40.386642,-3.6760864,29.5,14.3,21.5,29.2,13.7,08:12,19:54,17.48,7.3,0.0,2023,10,3,Open-Meteo (ERA5),0.0,3.5
2023-10-04,Madrid,40.386642,-3.6760864,28.1,14.9,21.3,28.3,14.4,08:13,19:52,17.51,17.4,0.0,2023,10,4,Open-Meteo (ERA5),0.0,3.3000000000000007
2023-10-05,Madrid,40.386642,-3.6760864,30.1,14.6,22.2,29.7,14.1,08:14,19:51,17.57,9.2,0.0,2023,10,5,Open-Meteo (ERA5),0.0,4.199999999999999
2023-10-06,Madrid,40.386642,-3.6760864,30.7,14.1,21.9,29.7,12.6,08:15,19:49,17.55,10.1,0.0,2023,10,6,Open-Meteo (ERA5),0.0,3.8999999999999986
2023-10-07,Madrid,40.386642,-3.6760864,29.8,13.8,21.3,28.8,11.8,08:17,19:48,17.4,9.9,0.0,2023,10,7,Open-Meteo (ERA5),0.0,3.3000000000000007
2023-10-08,Madrid,40.386642,-3.6760864,30.3,13.1,21.2,29.4,11.3,08:18,19:46,17.13,9.7,0.0,2023,10,8,Open-Meteo (ERA5),0.0,3.1999999999999993
2023-10-09,Madrid,40.386642,-3.6760864,28.6,13.9,20.9,27.2,12.7,08:19,19:45,16.82,8.8,0.0,2023,10,9,Open-Meteo (ERA5),0.0,2.8999999999999986
2023-10-10,Madrid,40.386642,-3.6760864,27.1,12.1,19.5,25.9,10.3,08:20,19:43,16.88,8.0,0.0,2023,10,10,Open-Meteo (ERA5),0.0,1.5
2023-10-11,Madrid,40.386642,-3.6760864,26.7,11.2,18.9,25.4,9.5,08:21,19:41,16.68,8.4,0.0,2023,10,11,Open-Meteo (ERA5),0.0,0.8999999999999986
2023-10-12,Madrid,40.386642,-3.6760864,27.0,11.6,19.4,25.6,9.4,08:22,19:40,16.31,7.8,0.0,2023,10,12,Open-Meteo (ERA5),0.0,1.3999999999999986
2023-10-13,Madrid,40.386642,-3.6760864,25.8,12.2,19.3,23.3,10.9,08:23,19:38,12.62,17.1,0.1,2023,10,13,Open-Meteo (ERA5),0.0,1.3000000000000007
2023-10-14,Madrid,40.386642,-3.6760864,20.5,14.4,17.7,20.8,15.3,08:24,19:37,12.14,10.7,6.1,2023,10,14,Open-Meteo (ERA5),0.3000000000000007,0.0
2023-10-15,Madrid,40.386642,-3.6760864,21.1,12.6,16.8,20.9,12.4,08:25,19:35,11.46,10.1,0.9,2023,10,15,Open-Meteo (ERA5),1.1999999999999993,0.0
2023-10-16,Madrid,40.386642,-3.6760864,20.7,14.2,17.3,19.2,14.6,08:26,19:34,9.46,16.1,0.8,2023,10,16,Open-Meteo (ERA5),0.6999999999999993,0.0
2023-10-17,Madrid,40.386642,-3.6760864,24.2,15.4,19.0,21.7,15.2,08:27,19:32,11.49,33.5,2.0,2023,10,17,Open-Meteo (ERA5),0.0,1.0
2023-10-18,Madrid,40.386642,-3.6760864,20.9,15.1,17.5,17.6,13.3,08:28,19:31,11.83,30.6,3.5,2023,10,18,Open-Meteo (ERA5),0.5,0.0
2023-10-19,Madrid,40.386642,-3.6760864,17.9,12.6,15.3,14.4,10.3,08:29,19:29,2.39,40.5,46.8,2023,10,19,Open-Meteo (ERA5),2.6999999999999993,0.0
2023-10-20,Madrid,40.386642,-3.6760864,16.8,10.4,12.7,12.2,6.4,08:30,19:28,11.44,31.7,1.9,2023,10,20,Open-Meteo (ERA5),5.300000000000001,0.0
2023-10-21,Madrid,40.386642,-3.6760864,15.8,6.7,10.9,13.2,4.3,08:31,19:26,11.69,15.8,0.1,2023,10,21,Open-Meteo (ERA5),7.1,0.0
2023-10-22,Madrid,40.386642,-3.6760864,16.2,7.8,11.2,13.3,5.8,08:32,19:25,7.4,20.0,17.0,2023,10,22,Open-Meteo (ERA5),6.800000000000001,0.0
2023-10-23,Madrid,40.386642,-3.6760864,15.9,9.1,12.1,13.8,7.3,08:34,19:23,9.88,20.0,15.6,2023,10,23,Open-Meteo (ERA5),5.9,0.0
2023-10-24,Madrid,40.386642,-3.6760864,13.6,8.7,11.2,9.8,6.4,08:35,19:22,7.69,27.1,2.0,2023,10,24,Open-Meteo (ERA5),6.800000000000001,0.0
2023-10-25,Madrid,40.386642,-3.6760864,18.1,12.1,14.4,15.5,9.5,08:36,19:21,8.4,24.5,1.9,2023,10,25,Open-Meteo (ERA5),3.5999999999999996,0.0
2023-10-26,Madrid,40.386642,-3.6760864,18.0,12.9,16.0,15.7,10.0,08:37,19:19,6.31,37.0,5.5,2023,10,26,Open-Meteo (ERA5),2.0,0.0
2023-10-27,Madrid,40.386642,-3.6760864,15.2,10.3,12.4,12.0,7.3,08:38,19:18,9.09,27.9,0.1,2023,10,27,Open-Meteo (ERA5),5.6,0.0
2023-10-28,Madrid,40.386642,-3.6760864,16.3,11.8,13.6,12.6,9.3,08:39,19:17,9.11,29.4,1.2,2023,10,28,Open-Meteo (ERA5),4.4,0.0
2023-10-29,Madrid,40.386642,-3.6760864,16.4,12.4,13.8,13.6,9.6,08:40,19:16,5.49,25.6,7.7,2023,10,29,Open-Meteo (ERA5),4.199999999999999,0.0
2023-10-30,Madrid,40.386642,-3.6760864,14.5,9.1,12.2,11.8,6.3,08:41,19:14,10.36,22.8,12.8,2023,10,30,Open-Meteo (ERA5),5.800000000000001,0.0
2023-10-31,Madrid,40.386642,-3.6760864,13.5,6.0,9.4,11.4,4.3,08:43,19:13,7.76,13.4,0.0,2023,10,31,Open-Meteo (ERA5),8.6,0.0
2023-11-01,Madrid,40.386642,-3.6760864,14.5,7.5,11.6,11.5,5.7,08:44,19:12,4.45,29.1,0.8,2023,11,1,Open-Meteo (ERA5),6.4,0.0
2023-11-02,Madrid,40.386642,-3.6760864,15.6,8.0,13.1,12.0,3.3,08:45,19:11,5.61,37.5,15.3,2023,11,2,Open-Meteo (ERA5),4.9,0.0
2023-11-03,Madrid,40.386642,-3.6760864,12.6,6.3,9.4,8.3,1.4,08:46,19:10,9.0,32.6,1.4,2023,11,3,Open-Meteo (ERA5),8.6,0.0
2023-11-04,Madrid,40.386642,-3.6760864,15.0,9.3,12.0,10.0,5.8,08:47,19:08,3.82,42.3,1.7,2023,11,4,Open-Meteo (ERA5),6.0,0.0
2023-11-05,Madrid,40.386642,-3.6760864,13.8,8.3,10.4,9.5,4.5,08:48,19:07,9.25,24.5,0.2,2023,11,5,Open-Meteo (ERA5),7.6,0.0
2023-11-06,Madrid,40.386642,-3.6760864,12.8,5.0,8.4,8.6,2.4,08:50,19:06,11.11,17.7,0.3,2023,11,6,Open-Meteo (ERA5),9.6,0.0
2023-11-07,Madrid,40.386642,-3.6760864,11.2,2.4,6.8,7.8,-0.6,08:51,19:05,9.41,13.9,0.1,2023,11,7,Open-Meteo (ERA5),11.2,0.0
2023-11-08,Madrid,40.386642,-3.6760864,13.0,4.5,7.9,9.8,2.0,08:52,19:04,7.53,14.5,0.5,2023,11,8,Open-Meteo (ERA5),10.1,0.0
2023-11-09,Madrid,40.386642,-3.6760864,15.4,8.9,11.4,12.3,6.5,08:53,19:03,11.88,19.4,0.9,2023,11,9,Open-Meteo (ERA5),6.6,0.0
2023-11-10,Madrid,40.386642,-3.6760864,14.1,8.1,10.7,11.1,5.2,08:54,19:02,8.25,20.6,1.1,2023,11,10,Open-Meteo (ERA5),7.300000000000001,0.0
2023-11-11,Madrid,40.386642,-3.6760864,17.8,11.2,14.1,15.4,8.1,08:55,19:01,6.63,24.8,0.1,2023,11,11,Open-Meteo (ERA5),3.9000000000000004,0.0
2023-11-12,Madrid,40.386642,-3.6760864,19.0,12.4,14.6,17.3,10.3,08:57,19:00,8.96,20.5,0.2,2023,11,12,Open-Meteo (ERA5),3.4000000000000004,0.0
2023-11-13,Madrid,40.386642,-3.6760864,18.5,11.7,15.0,17.6,10.7,08:58,18:59,9.49,17.9,0.0,2023,11,13,Open-Meteo (ERA5),3.0,0.0
2023-11-14,Madrid,40.386642,-3.6760864,17.3,9.6,12.3,16.5,8.6,08:59,18:58,7.42,10.6,0.0,2023,11,14,Open-Meteo (ERA5),5.699999999999999,0.0
2023-11-15,Madrid,40.386642,-3.6760864,14.9,9.0,11.4,15.2,8.1,09:00,18:57,6.23,7.4,0.0,2023,11,15,Open-Meteo (ERA5),6.6,0.0
2023-11-16,Madrid,40.386642,-3.6760864,17.1,8.9,12.1,17.3,8.3,09:01,18:57,6.08,7.3,0.0,2023,11,16,Open-Meteo (ERA5),5.9,0.0
2023-11-17,Madrid,40.386642,-3.6760864,16.4,9.6,12.0,16.0,9.2,09:02,18:56,7.09,6.1,0.0,2023,11,17,Open-Meteo (ERA5),6.0,0.0
2023-11-18,Madrid,40.386642,-3.6760864,17.0,8.2,11.3,16.8,6.8,09:03,18:55,9.43,7.2,0.0,2023,11,18,Open-Meteo (ERA5),6.699999999999999,0.0
2023-11-19,Madrid,40.386642,-3.6760864,17.6,5.9,11.2,17.0,4.1,09:05,18:54,10.65,7.6,0.0,2023,11,19,Open-Meteo (ERA5),6.800000000000001,0.0
2023-11-20,Madrid,40.386642,-3.6760864,17.7,4.8,10.4,17.2,2.3,09:06,18:54,10.34,10.2,0.0,2023,11,20,Open-Meteo (ERA5),7.6,0.0
2023-11-21,Madrid,40.386642,-3.6760864,13.6,6.7,9.3,9.6,3.3,09:07,18:53,9.54,19.9,0.0,2023,11,21,Open-Meteo (ERA5),8.7,0.0
2023-11-22,Madrid,40.386642,-3.6760864,13.9,5.9,9.5,8.3,2.6,09:08,18:53,8.83,31.0,0.0,2023,11,22,Open-Meteo (ERA5),8.5,0.0
2023-11-23,Madrid,40.386642,-3.6760864,14.2,2.2,7.7,10.1,-1.1,09:09,18:52,10.69,18.7,0.0,2023,11,23,Open-Meteo (ERA5),10.3,0.0
2023-11-24,Madrid,40.386642,-3.6760864,15.7,0.7,6.6,13.3,-2.5,09:10,18:51,10.51,10.0,0.0,2023,11,24,Open-Meteo (ERA5),11.4,0.0
2023-11-25,Madrid,40.386642,-3.6760864,15.8,1.9,7.8,14.4,-0.6,09:11,18:51,10.27,5.8,0.0,2023,11,25,Open-Meteo (ERA5),10.2,0.0
2023-11-26,Madrid,40.386642,-3.6760864,14.2,2.1,7.3,12.2,-0.6,09:13,18:50,9.89,7.3,0.0,2023,11,26,Open-Meteo (ERA5),10.7,0.0
2023-11-27,Madrid,40.386642,-3.6760864,12.9,3.6,7.8,10.2,1.4,09:14,18:50,6.8,17.4,0.0,2023,11,27,Open-Meteo (ERA5),10.2,0.0
2023-11-28,Madrid,40.386642,-3.6760864,12.9,7.2,9.5,10.8,4.1,09:15,18:50,5.3,19.3,0.0,2023,11,28,Open-Meteo (ERA5),8.5,0.0
2023-11-29,Madrid,40.386642,-3.6760864,15.4,11.1,12.5,11.6,8.9,09:16,18:49,5.0,24.9,0.3,2023,11,29,Open-Meteo (ERA5),5.5,0.0
2023-11-30,Madrid,40.386642,-3.6760864,15.1,12.4,13.4,11.6,9.8,09:17,18:49,2.49,33.2,10.2,2023,11,30,Open-Meteo (ERA5),4.6,0.0
2023-12-01,Madrid,40.386642,-3.6760864,14.1,5.7,9.3,11.3,1.2,09:18,18:49,6.63,31.2,22.4,2023,12,1,Open-Meteo (ERA5),8.7,0.0
2023-12-02,Madrid,40.386642,-3.6760864,10.6,3.7,6.4,7.8,0.1,09:19,18:48,8.51,17.3,0.0,2023,12,2,Open-Meteo (ERA5),11.6,0.0
2023-12-03,Madrid,40.386642,-3.6760864,8.4,-0.3,4.0,5.1,-3.0,09:20,18:48,7.73,12.4,0.0,2023,12,3,Open-Meteo (ERA5),14.0,0.0
2023-12-04,Madrid,40.386642,-3.6760864,10.4,3.8,6.7,6.7,1.2,09:21,18:48,6.92,19.3,1.1,2023,12,4,Open-Meteo (ERA5),11.3,0.0
2023-12-05,Madrid,40.386642,-3.6760864,8.6,2.5,5.8,5.4,-0.5,09:22,18:48,6.29,15.5,0.0,2023,12,5,Open-Meteo (ERA5),12.2,0.0
2023-12-06,Madrid,40.386642,-3.6760864,9.9,1.2,5.8,7.9,-1.9,09:22,18:48,7.65,10.3,0.0,2023,12,6,Open-Meteo (ERA5),12.2,0.0
2023-12-07,Madrid,40.386642,-3.6760864,9.4,2.3,5.9,7.3,-0.1,09:23,18:48,3.19,10.0,8.7,2023,12,7,Open-Meteo (ERA5),12.1,0.0
2023-12-08,Madrid,40.386642,-3.6760864,11.6,6.7,8.8,7.0,3.3,09:24,18:48,7.11,23.1,0.9,2023,12,8,Open-Meteo (ERA5),9.2,0.0
2023-12-09,Madrid,40.386642,-3.6760864,12.6,5.2,8.6,9.8,2.5,09:25,18:48,4.15,20.9,0.0,2023,12,9,Open-Meteo (ERA5),9.4,0.0
2023-12-10,Madrid,40.386642,-3.6760864,12.4,9.7,11.0,11.1,8.7,09:26,18:48,2.66,11.5,0.1,2023,12,10,Open-Meteo (ERA5),7.0,0.0
2023-12-11,Madrid,40.386642,-3.6760864,13.6,7.9,10.4,12.4,7.1,09:27,18:48,4.67,9.7,0.0,2023,12,11,Open-Meteo (ERA5),7.6,0.0
2023-12-12,Madrid,40.386642,-3.6760864,12.2,6.8,9.5,10.6,5.5,09:28,18:48,3.07,21.1,0.4,2023,12,12,Open-Meteo (ERA5),8.5,0.0
2023-12-13,Madrid,40.386642,-3.6760864,12.1,6.8,9.8,9.6,2.6,09:28,18:48,8.02,21.4,1.3,2023,12,13,Open-Meteo (ERA5),8.2,0.0
2023-12-14,Madrid,40.386642,-3.6760864,11.2,2.3,6.4,8.2,-0.7,09:29,18:48,6.74,18.0,0.0,2023,12,14,Open-Meteo (ERA5),11.6,0.0
2023-12-15,Madrid,40.386642,-3.6760864,13.6,4.3,8.1,10.2,1.0,09:30,18:49,8.66,20.1,0.0,2023,12,15,Open-Meteo (ERA5),9.9,0.0
2023-12-16,Madrid,40.386642,-3.6760864,11.4,0.6,5.1,9.1,-2.8,09:31,18:49,9.25,9.2,0.0,2023,12,16,Open-Meteo (ERA5),12.9,0.0
2023-12-17,Madrid,40.386642,-3.6760864,10.6,-1.2,3.8,8.5,-4.2,09:31,18:49,9.26,7.6,0.0,2023,12,17,Open-Meteo (ERA5),14.2,0.0
2023-12-18,Madrid,40.386642,-3.6760864,10.9,-1.6,3.6,9.2,-4.8,09:32,18:50,9.09,7.1,0.0,2023,12,18,Open-Meteo (ERA5),14.4,0.0
2023-12-19,Madrid,40.386642,-3.6760864,10.9,-1.6,3.2,8.5,-5.3,09:33,18:50,9.21,9.4,0.0,2023,12,19,Open-Meteo (ERA5),14.8,0.0
2023-12-20,Madrid,40.386642,-3.6760864,11.2,-1.1,4.7,7.1,-4.5,09:33,18:50,7.41,20.8,1.1,2023,12,20,Open-Meteo (ERA5),13.3,0.0
2023-12-21,Madrid,40.386642,-3.6760864,12.4,0.6,5.8,10.5,-2.5,09:34,18:51,8.65,10.3,0.0,2023,12,21,Open-Meteo (ERA5),12.2,0.0
2023-12-22,Madrid,40.386642,-3.6760864,13.5,0.1,5.5,11.7,-2.8,09:34,18:51,9.02,8.6,0.0,2023,12,22,Open-Meteo (ERA5),12.5,0.0
2023-12-23,Madrid,40.386642,-3.6760864,12.6,0.2,5.0,10.3,-3.5,09:35,18:52,9.1,10.1,0.0,2023,12,23,Open-Meteo (ERA5),13.0,0.0
2023-12-24,Madrid,40.386642,-3.6760864,10.9,-0.1,4.6,8.8,-3.5,09:35,18:52,9.04,8.6,0.0,2023,12,24,Open-Meteo (ERA5),13.4,0.0
2023-12-25,Madrid,40.386642,-3.6760864,9.6,-1.4,2.9,7.5,-4.5,09:35,18:53,9.13,7.6,0.0,2023,12,25,Open-Meteo (ERA5),15.1,0.0
2023-12-26,Madrid,40.386642,-3.6760864,7.1,-1.8,1.6,5.0,-4.9,09:36,18:53,7.05,7.1,0.0,2023,12,26,Open-Meteo (ERA5),16.4,0.0
2023-12-27,Madrid,40.386642,-3.6760864,8.9,0.6,3.1,7.0,-2.4,09:36,18:54,7.93,8.0,0.0,2023,12,27,Open-Meteo (ERA5),14.9,0.0
2023-12-28,Madrid,40.386642,-3.6760864,8.6,-1.9,2.5,6.3,-5.2,09:36,18:55,7.07,6.9,0.0,2023,12,28,Open-Meteo (ERA5),15.5,0.0
2023-12-29,Madrid,40.386642,-3.6760864,6.9,-0.6,3.4,4.9,-3.7,09:37,18:55,3.19,7.9,0.9,2023,12,29,Open-Meteo (ERA5),14.6,0.0
2023-12-30,Madrid,40.386642,-3.6760864,11.0,-0.8,4.1,8.5,-3.7,09:37,18:56,8.81,8.5,0.0,2023,12,30,Open-Meteo (ERA5),13.9,0.0
2023-12-31,Madrid,40.386642,-3.6760864,10.3,3.8,6.9,7.1,0.8,09:37,18:57,3.87,20.8,0.0,2023,12,31,Open-Meteo (ERA5),11.1,0.0
2024-01-01,Madrid,40.386642,-3.6760864,9.4,3.1,5.0,6.2,0.5,09:37,18:58,7.15,11.0,0.0,2024,1,1,Open-Meteo (ERA5),13.0,0.0
2024-01-02,Madrid,40.386642,-3.6760864,9.1,1.8,5.4,6.7,-0.9,09:37,18:59,2.95,15.3,0.1,2024,1,2,Open-Meteo (ERA5),12.6,0.0
2024-01-03,Madrid,40.386642,-3.6760864,12.4,8.7,10.6,10.5,6.5,09:37,19:00,2.19,18.1,2.0,2024,1,3,Open-Meteo (ERA5),7.4,0.0
2024-01-04,Madrid,40.386642,-3.6760864,10.8,7.4,9.4,9.6,5.7,09:37,19:00,2.52,12.5,9.6,2024,1,4,Open-Meteo (ERA5),8.6,0.0
2024-01-05,Madrid,40.386642,-3.6760864,8.4,4.8,6.6,5.6,0.1,09:37,19:01,7.57,25.0,1.0,2024,1,5,Open-Meteo (ERA5),11.4,0.0
2024-01-06,Madrid,40.386642,-3.6760864,8.2,3.2,5.4,3.7,-1.1,09:37,19:02,8.45,22.7,0.0,2024,1,6,Open-Meteo (ERA5),12.6,0.0
2024-01-07,Madrid,40.386642,-3.6760864,8.9,-0.8,3.7,6.4,-4.0,09:37,19:03,9.34,8.4,0.0,2024,1,7,Open-Meteo (ERA5),14.3,0.0
2024-01-08,Madrid,40.386642,-3.6760864,7.3,-2.6,2.0,4.5,-5.9,09:37,19:04,8.6,7.1,0.0,2024,1,8,Open-Meteo (ERA5),16.0,0.0
2024-01-09,Madrid,40.386642,-3.6760864,8.9,2.5,5.0,7.0,0.2,09:37,19:05,6.99,7.3,0.2,2024,1,9,Open-Meteo (ERA5),13.0,0.0
2024-01-10,Madrid,40.386642,-3.6760864,7.4,2.7,5.1,4.2,0.2,09:37,19:06,3.39,17.9,1.9,2024,1,10,Open-Meteo (ERA5),12.9,0.0
2024-01-11,Madrid,40.386642,-3.6760864,7.5,0.5,4.0,4.6,-2.9,09:37,19:07,8.6,13.4,0.5,2024,1,11,Open-Meteo (ERA5),14.0,0.0
2024-01-12,Madrid,40.386642,-3.6760864,7.3,-2.2,2.0,4.5,-6.5,09:36,19:08,9.87,11.9,0.0,2024,1,12,Open-Meteo (ERA5),16.0,0.0
2024-01-13,Madrid,40.386642,-3.6760864,9.4,0.1,3.8,7.4,-3.4,09:36,19:09,4.9,8.1,0.0,2024,1,13,Open-Meteo (ERA5),14.2,0.0
2024-01-14,Madrid,40.386642,-3.6760864,9.9,3.0,6.2,7.3,0.7,09:36,19:10,2.26,12.7,1.1,2024,1,14,Open-Meteo (ERA5),11.8,0.0
2024-01-15,Madrid,40.386642,-3.6760864,14.7,8.4,11.3,12.4,6.5,09:35,19:11,3.23,27.0,14.1,2024,1,15,Open-Meteo (ERA5),6.699999999999999,0.0
2024-01-16,Madrid,40.386642,-3.6760864,15.0,11.0,12.9,12.6,9.3,09:35,19:12,4.36,18.7,1.7,2024,1,16,Open-Meteo (ERA5),5.1,0.0
2024-01-17,Madrid,40.386642,-3.6760864,12.1,9.8,11.2,8.9,5.0,09:34,19:14,4.64,30.1,16.3,2024,1,17,Open-Meteo (ERA5),6.800000000000001,0.0
2024-01-18,Madrid,40.386642,-3.6760864,14.0,9.3,11.2,10.8,5.4,09:34,19:15,6.92,30.2,1.5,2024,1,18,Open-Meteo (ERA5),6.800000000000001,0.0
2024-01-19,Madrid,40.386642,-3.6760864,9.8,4.2,7.3,9.3,-1.6,09:33,19:16,2.26,26.3,30.7,2024,1,19,Open-Meteo (ERA5),10.7,0.0
2024-01-20,Madrid,40.386642,-3.6760864,9.8,1.4,5.7,7.6,-3.0,09:33,19:17,9.9,23.7,0.0,2024,1,20,Open-Meteo (ERA5),12.3,0.0
2024-01-21,Madrid,40.386642,-3.6760864,11.4,2.0,5.8,9.4,-0.7,09:32,19:18,9.79,6.9,0.0,2024,1,21,Open-Meteo (ERA5),12.2,0.0
2024-01-22,Madrid,40.386642,-3.6760864,12.6,0.9,5.2,11.6,-1.3,09:32,19:19,7.08,7.4,0.0,2024,1,22,Open-Meteo (ERA5),12.8,0.0
2024-01-23,Madrid,40.386642,-3.6760864,13.8,3.0,6.6,13.0,0.7,09:31,19:21,8.01,6.9,0.0,2024,1,23,Open-Meteo (ERA5),11.4,0.0
2024-01-24,Madrid,40.386642,-3.6760864,16.6,3.5,9.1,16.2,0.8,09:30,19:22,10.61,7.9,0.0,2024,1,24,Open-Meteo (ERA5),8.9,0.0
2024-01-25,Madrid,40.386642,-3.6760864,16.7,3.8,9.4,15.9,1.1,09:30,19:23,11.16,9.2,0.0,2024,1,25,Open-Meteo (ERA5),8.6,0.0
2024-01-26,Madrid,40.386642,-3.6760864,18.0,4.0,10.3,17.4,1.2,09:29,19:24,10.16,9.6,0.0,2024,1,26,Open-Meteo (ERA5),7.699999999999999,0.0
2024-01-27,Madrid,40.386642,-3.6760864,17.5,5.2,10.1,16.0,2.4,09:28,19:25,10.1,10.2,0.0,2024,1,27,Open-Meteo (ERA5),7.9,0.0
2024-01-28,Madrid,40.386642,-3.6760864,16.1,3.7,9.1,14.9,1.2,09:27,19:27,11.3,7.9,0.0,2024,1,28,Open-Meteo (ERA5),8.9,0.0
2024-01-29,Madrid,40.386642,-3.6760864,14.3,4.3,9.2,12.7,2.0,09:26,19:28,9.38,7.5,0.0,2024,1,29,Open-Meteo (ERA5),8.8,0.0
2024-01-30,Madrid,40.386642,-3.6760864,13.1,3.2,7.9,12.0,0.9,09:26,19:29,11.62,6.4,0.0,2024,1,30,Open-Meteo (ERA5),10.1,0.0
2024-01-31,Madrid,40.386642,-3.6760864,12.0,2.9,6.4,11.1,0.5,09:25,19:30,8.81,7.5,0.0,2024,1,31,Open-Meteo (ERA5),11.6,0.0
2024-02-01,Madrid,40.386642,-3.6760864,17.2,3.5,9.1,15.5,0.4,09:24,19:32,12.08,11.8,0.0,2024,2,1,Open-Meteo (ERA5),8.9,0.0
2024-02-02,Madrid,40.386642,-3.6760864,15.0,3.1,8.4,12.4,0.3,09:23,19:33,11.94,15.9,0.0,2024,2,2,Open-Meteo (ERA5),9.6,0.0
2024-02-03,Madrid,40.386642,-3.6760864,15.2,2.8,8.0,12.9,-0.2,09:22,19:34,12.48,10.0,0.0,2024,2,3,Open-Meteo (ERA5),10.0,0.0
2024-02-04,Madrid,40.386642,-3.6760864,16.2,1.8,8.1,14.5,-1.3,09:21,19:35,12.64,7.5,0.0,2024,2,4,Open-Meteo (ERA5),9.9,0.0
2024-02-05,Madrid,40.386642,-3.6760864,14.9,1.4,7.3,13.0,-1.6,09:20,19:36,10.43,9.0,0.0,2024,2,5,Open-Meteo (ERA5),10.7,0.0
2024-02-06,Madrid,40.386642,-3.6760864,15.1,4.1,8.6,13.0,1.6,09:19,19:38,9.7,13.8,0.0,2024,2,6,Open-Meteo (ERA5),9.4,0.0
2024-02-07,Madrid,40.386642,-3.6760864,11.9,3.3,7.9,8.9,0.8,09:18,19:39,5.39,17.7,1.1,2024,2,7,Open-Meteo (ERA5),10.1,0.0
2024-02-08,Madrid,40.386642,-3.6760864,11.9,7.3,9.5,8.0,4.7,09:17,19:40,3.92,25.0,1.1,2024,2,8,Open-Meteo (ERA5),8.5,0.0
2024-02-09,Madrid,40.386642,-3.6760864,12.8,8.1,9.7,9.5,3.7,09:15,19:41,3.84,26.5,13.7,2024,2,9,Open-Meteo (ERA5),8.3,0.0
2024-02-10,Madrid,40.386642,-3.6760864,10.6,5.0,7.4,5.6,0.3,09:14,19:42,10.81,27.9,1.1,2024,2,10,Open-Meteo (ERA5),10.6,0.0
2024-02-11,Madrid,40.386642,-3.6760864,9.1,1.4,4.6,4.5,-2.7,09:13,19:44,5.5,19.7,1.3,2024,2,11,Open-Meteo (ERA5),13.4,0.0
2024-02-12,Madrid,40.386642,-3.6760864,15.6,5.6,9.4,12.3,2.9,09:12,19:45,10.62,24.3,0.2,2024,2,12,Open-Meteo (ERA5),8.6,0.0
2024-02-13,Madrid,40.386642,-3.6760864,16.1,6.7,11.2,14.8,4.6,09:11,19:46,6.94,14.8,0.1,2024,2,13,Open-Meteo (ERA5),6.800000000000001,0.0
2024-02-14,Madrid,40.386642,-3.6760864,17.1,8.2,11.8,16.6,7.1,09:09,19:47,7.98,11.8,0.0,2024,2,14,Open-Meteo (ERA5),6.199999999999999,0.0
2024-02-15,Madrid,40.386642,-3.6760864,15.9,8.2,11.3,14.6,5.8,09:08,19:48,5.35,13.2,5.4,2024,2,15,Open-Meteo (ERA5),6.699999999999999,0.0
2024-02-16,Madrid,40.386642,-3.6760864,15.8,7.8,11.1,13.9,5.0,09:07,19:50,12.39,20.7,0.9,2024,2,16,Open-Meteo (ERA5),6.9,0.0
2024-02-17,Madrid,40.386642,-3.6760864,16.6,2.2,8.7,14.5,-0.3,09:05,19:51,14.9,12.8,0.0,2024,2,17,Open-Meteo (ERA5),9.3,0.0
2024-02-18,Madrid,40.386642,-3.6760864,16.4,2.7,8.6,14.5,-0.5,09:04,19:52,13.58,8.8,0.0,2024,2,18,Open-Meteo (ERA5),9.4,0.0
2024-02-19,Madrid,40.386642,-3.6760864,18.8,4.6,10.6,16.8,2.3,09:03,19:53,14.49,13.8,0.0,2024,2,19,Open-Meteo (ERA5),7.4,0.0
2024-02-20,Madrid,40.386642,-3.6760864,18.6,3.2,10.1,16.4,0.1,09:01,19:54,15.75,11.8,0.0,2024,2,20,Open-Meteo (ERA5),7.9,0.0
2024-02-21,Madrid,40.386642,-3.6760864,17.4,2.0,9.3,14.8,-0.5,09:00,19:56,10.11,12.9,0.0,2024,2,21,Open-Meteo (ERA5),8.7,0.0
2024-02-22,Madrid,40.386642,-3.6760864,12.9,7.3,10.6,9.0,3.8,08:59,19:57,7.81,35.9,2.6,2024,2,22,Open-Meteo (ERA5),7.4,0.0
2024-02-23,Madrid,40.386642,-3.6760864,10.1,2.0,6.2,4.7,-2.0,08:57,19:58,12.47,27.0,1.3,2024,2,23,Open-Meteo (ERA5),11.8,0.0
2024-02-24,Madrid,40.386642,-3.6760864,10.4,1.9,5.9,4.9,-2.5,08:56,19:59,14.13,23.7,2.3,2024,2,24,Open-Meteo (ERA5),12.1,0.0
2024-02-25,Madrid,40.386642,-3.6760864,13.6,5.6,9.4,7.5,1.4,08:54,20:00,7.74,38.8,0.6,2024,2,25,Open-Meteo (ERA5),8.6,0.0
2024-02-26,Madrid,40.386642,-3.6760864,11.2,5.7,8.5,6.7,1.6,08:53,20:01,13.78,29.8,1.6,2024,2,26,Open-Meteo (ERA5),9.5,0.0
2024-02-27,Madrid,40.386642,-3.6760864,11.1,3.1,6.3,6.3,-0.6,08:52,20:02,13.26,20.1,0.0,2024,2,27,Open-Meteo (ERA5),11.7,0.0
2024-02-28,Madrid,40.386642,-3.6760864,13.6,1.5,6.9,9.3,-1.8,08:50,20:04,15.01,21.8,0.0,2024,2,28,Open-Meteo (ERA5),11.1,0.0
2024-02-29,Madrid,40.386642,-3.6760864,15.6,0.9,6.9,11.0,-2.6,08:49,20:05,16.02,26.9,0.0,2024,2,29,Open-Meteo (ERA5),11.1,0.0
2024-03-01,Madrid,40.386642,-3.6760864,12.2,2.1,6.8,7.2,-3.1,08:47,20:06,14.36,22.7,0.0,2024,3,1,Open-Meteo (ERA5),11.2,0.0
2024-03-02,Madrid,40.386642,-3.6760864,9.3,4.1,6.9,2.8,-0.5,08:45,20:07,4.83,38.0,6.8,2024,3,2,Open-Meteo (ERA5),11.1,0.0
2024-03-03,Madrid,40.386642,-3.6760864,9.9,1.9,5.3,4.1,-3.6,08:44,20:08,13.89,26.2,1.5,2024,3,3,Open-Meteo (ERA5),12.7,0.0
2024-03-04,Madrid,40.386642,-3.6760864,12.7,4.1,8.1,8.0,0.6,08:42,20:09,9.82,26.7,0.7,2024,3,4,Open-Meteo (ERA5),9.9,0.0
2024-03-05,Madrid,40.386642,-3.6760864,13.4,3.1,7.6,10.3,-0.1,08:41,20:10,15.94,15.1,0.0,2024,3,5,Open-Meteo (ERA5),10.4,0.0
2024-03-06,Madrid,40.386642,-3.6760864,13.9,-0.2,6.8,11.5,-3.7,08:39,20:11,17.46,8.2,0.0,2024,3,6,Open-Meteo (ERA5),11.2,0.0
2024-03-07,Madrid,40.386642,-3.6760864,13.4,3.5,8.0,7.8,0.2,08:38,20:12,9.25,30.3,9.4,2024,3,7,Open-Meteo (ERA5),10.0,0.0
2024-03-08,Madrid,40.386642,-3.6760864,10.4,3.5,6.5,4.0,-0.8,08:36,20:14,10.68,35.5,5.6,2024,3,8,Open-Meteo (ERA5),11.5,0.0
2024-03-09,Madrid,40.386642,-3.6760864,8.4,3.5,6.4,4.3,-0.8,08:34,20:15,9.5,27.9,13.4,2024,3,9,Open-Meteo (ERA5),11.6,0.0
2024-03-10,Madrid,40.386642,-3.6760864,12.0,4.2,7.6,6.6,0.2,08:33,20:16,12.61,28.5,2.6,2024,3,10,Open-Meteo (ERA5),10.4,0.0
2024-03-11,Madrid,40.386642,-3.6760864,13.1,5.5,8.8,8.4,0.5,08:31,20:17,14.16,21.6,0.0,2024,3,11,Open-Meteo (ERA5),9.2,0.0
2024-03-12,Madrid,40.386642,-3.6760864,15.2,2.0,8.6,14.1,-1.3,08:30,20:18,19.18,8.4,0.0,2024,3,12,Open-Meteo (ERA5),9.4,0.0
2024-03-13,Madrid,40.386642,-3.6760864,17.9,4.0,10.1,16.4,1.3,08:28,20:19,18.27,8.5,0.0,2024,3,13,Open-Meteo (ERA5),7.9,0.0
2024-03-14,Madrid,40.386642,-3.6760864,16.5,5.3,11.0,13.7,2.8,08:26,20:20,15.86,20.9,0.0,2024,3,14,Open-Meteo (ERA5),7.0,0.0
2024-03-15,Madrid,40.386642,-3.6760864,18.0,4.6,11.2,16.6,2.7,08:25,20:21,16.42,12.2,0.3,2024,3,15,Open-Meteo (ERA5),6.800000000000001,0.0
2024-03-16,Madrid,40.386642,-3.6760864,18.6,6.9,12.2,17.7,4.9,08:23,20:22,12.59,12.2,0.0,2024,3,16,Open-Meteo (ERA5),5.800000000000001,0.0
2024-03-17,Madrid,40.386642,-3.6760864,21.1,7.7,14.2,20.8,6.1,08:22,20:23,16.79,6.4,0.0,2024,3,17,Open-Meteo (ERA5),3.8000000000000007,0.0
2024-03-18,Madrid,40.386642,-3.6760864,21.5,8.4,14.3,21.4,6.6,08:20,20:24,14.08,8.7,0.0,2024,3,18,Open-Meteo (ERA5),3.6999999999999993,0.0
2024-03-19,Madrid,40.386642,-3.6760864,23.8,9.1,16.0,22.2,7.6,08:18,20:25,19.97,12.5,0.0,2024,3,19,Open-Meteo (ERA5),2.0,0.0
2024-03-20,Madrid,40.386642,-3.6760864,22.2,9.6,15.5,21.0,7.8,08:17,20:26,17.17,16.2,2.1,2024,3,20,Open-Meteo (ERA5),2.5,0.0
2024-03-21,Madrid,40.386642,-3.6760864,24.4,11.5,16.7,22.4,9.0,08:15,20:27,18.45,17.9,0.1,2024,3,21,Open-Meteo (ERA5),1.3000000000000007,0.0
2024-03-22,Madrid,40.386642,-3.6760864,26.2,10.6,17.8,25.2,8.2,08:13,20:28,19.92,13.9,0.0,2024,3,22,Open-Meteo (ERA5),0.1999999999999993,0.0
2024-03-23,Madrid,40.386642,-3.6760864,25.0,10.1,17.1,23.6,6.9,08:12,20:30,20.35,21.3,0.0,2024,3,23,Open-Meteo (ERA5),0.8999999999999986,0.0
2024-03-24,Madrid,40.386642,-3.6760864,24.3,9.2,16.5,22.1,6.2,08:10,20:31,21.12,14.7,0.0,2024,3,24,Open-Meteo (ERA5),1.5,0.0
2024-03-25,Madrid,40.386642,-3.6760864,16.4,10.6,12.9,13.8,7.8,08:08,20:32,9.28,21.8,13.3,2024,3,25,Open-Meteo (ERA5),5.1,0.0
2024-03-26,Madrid,40.386642,-3.6760864,9.9,3.8,7.1,5.8,-0.8,08:07,20:33,15.58,27.9,3.7,2024,3,26,Open-Meteo (ERA5),10.9,0.0
2024-03-27,Madrid,40.386642,-3.6760864,13.1,4.6,8.3,7.2,-0.4,08:05,20:34,10.02,39.0,4.4,2024,3,27,Open-Meteo (ERA5),9.7,0.0
2024-03-28,Madrid,40.386642,-3.6760864,15.4,7.2,10.8,9.9,2.9,08:03,20:35,12.8,35.2,4.6,2024,3,28,Open-Meteo (ERA5),7.199999999999999,0.0
2024-03-29,Madrid,40.386642,-3.6760864,11.8,4.7,8.2,8.5,1.8,08:02,20:36,4.36,30.2,22.6,2024,3,29,Open-Meteo (ERA5),9.8,0.0
2024-03-30,Madrid,40.386642,-3.6760864,11.1,3.5,6.8,6.9,0.9,08:00,20:37,11.02,24.2,9.6,2024,3,30,Open-Meteo (ERA5),11.2,0.0
2024-03-31,Madrid,40.386642,-3.6760864,10.9,5.2,6.9,5.6,1.0,07:59,20:38,11.72,30.3,10.1,2024,3,31,Open-Meteo (ERA5),11.1,0.0
2024-04-01,Madrid,40.386642,-3.6760864,12.4,3.4,7.4,7.4,-0.0,07:57,20:39,17.77,30.7,0.6,2024,4,1,Open-Meteo (ERA5),10.6,0.0
2024-04-02,Madrid,40.386642,-3.6760864,14.1,3.6,8.7,10.8,1.0,07:55,20:40,10.21,20.3,0.3,2024,4,2,Open-Meteo (ERA5),9.3,0.0
2024-04-03,Madrid,40.386642,-3.6760864,17.5,8.6,12.1,15.5,6.7,07:54,20:41,17.56,16.8,0.4,2024,4,3,Open-Meteo (ERA5),5.9,0.0
2024-04-04,Madrid,40.386642,-3.6760864,19.6,5.4,12.9,19.0,3.7,07:52,20:42,22.34,11.4,0.0,2024,4,4,Open-Meteo (ERA5),5.1,0.0
2024-04-05,Madrid,40.386642,-3.6760864,22.4,6.9,14.7,20.5,4.7,07:51,20:43,21.95,13.5,0.0,2024,4,5,Open-Meteo (ERA5),3.3000000000000007,0.0
2024-04-06,Madrid,40.386642,-3.6760864,23.8,10.4,17.2,23.1,7.5,07:49,20:44,16.68,14.5,0.0,2024,4,6,Open-Meteo (ERA5),0.8000000000000007,0.0
2024-04-07,Madrid,40.386642,-3.6760864,22.0,12.0,16.6,21.0,11.2,07:47,20:45,18.45,15.5,2.0,2024,4,7,Open-Meteo (ERA5),1.3999999999999986,0.0
2024-04-08,Madrid,40.386642,-3.6760864,17.7,9.6,13.1,14.1,5.4,07:46,20:46,19.22,30.1,0.3,2024,4,8,Open-Meteo (ERA5),4.9,0.0
2024-04-09,Madrid,40.386642,-3.6760864,15.1,4.1,9.8,14.3,1.1,07:44,20:47,24.31,17.2,0.0,2024,4,9,Open-Meteo (ERA5),8.2,0.0
2024-04-10,Madrid,40.386642,-3.6760864,19.7,4.5,11.9,19.2,1.0,07:43,20:48,24.08,14.8,0.0,2024,4,10,Open-Meteo (ERA5),6.1,0.0
2024-04-11,Madrid,40.386642,-3.6760864,25.6,7.2,16.4,24.2,5.6,07:41,20:49,24.01,15.7,0.0,2024,4,11,Open-Meteo (ERA5),1.6000000000000014,0.0
2024-04-12,Madrid,40.386642,-3.6760864,24.2,8.3,16.6,23.5,6.1,07:40,20:50,24.82,12.0,0.0,2024,4,12,Open-Meteo (ERA5),1.3999999999999986,0.0
2024-04-13,Madrid,40.386642,-3.6760864,26.9,9.0,18.4,25.8,7.6,07:38,20:51,25.23,9.0,0.0,2024,4,13,Open-Meteo (ERA5),0.0,0.3999999999999986
2024-04-14,Madrid,40.386642,-3.6760864,27.0,10.1,19.1,25.8,8.1,07:36,20:52,24.8,12.6,0.0,2024,4,14,Open-Meteo (ERA5),0.0,1.1000000000000014
2024-04-15,Madrid,40.386642,-3.6760864,29.0,12.1,20.5,28.8,10.3,07:35,20:53,23.46,14.2,0.0,2024,4,15,Open-Meteo (ERA5),0.0,2.5
2024-04-16,Madrid,40.386642,-3.6760864,27.5,10.4,18.7,26.7,8.3,07:33,20:54,25.23,16.0,0.0,2024,4,16,Open-Meteo (ERA5),0.0,0.6999999999999993
2024-04-17,Madrid,40.386642,-3.6760864,21.8,8.4,15.1,20.0,4.3,07:32,20:55,25.68,18.6,0.0,2024,4,17,Open-Meteo (ERA5),2.9000000000000004,0.0
2024-04-18,Madrid,40.386642,-3.6760864,22.4,7.6,15.0,20.3,4.2,07:30,20:56,26.05,20.6,0.0,2024,4,18,Open-Meteo (ERA5),3.0,0.0
2024-04-19,Madrid,40.386642,-3.6760864,22.4,5.6,14.3,21.7,1.2,07:29,20:57,25.87,18.3,0.0,2024,4,19,Open-Meteo (ERA5),3.6999999999999993,0.0
2024-04-20,Madrid,40.386642,-3.6760864,24.4,9.1,17.2,21.0,6.4,07:28,20:58,23.82,19.4,0.0,2024,4,20,Open-Meteo (ERA5),0.8000000000000007,0.0
2024-04-21,Madrid,40.386642,-3.6760864,23.8,8.4,16.5,22.6,4.6,07:26,20:59,26.21,21.9,0.0,2024,4,21,Open-Meteo (ERA5),1.5,0.0
2024-04-22,Madrid,40.386642,-3.6760864,19.2,6.3,12.9,16.4,1.7,07:25,21:01,26.66,27.7,0.0,2024,4,22,Open-Meteo (ERA5),5.1,0.0
2024-04-23,Madrid,40.386642,-3.6760864,18.4,3.0,10.5,13.1,-1.3,07:23,21:02,23.9,21.7,0.0,2024,4,23,Open-Meteo (ERA5),7.5,0.0
2024-04-24,Madrid,40.386642,-3.6760864,20.2,4.0,11.8,17.0,0.2,07:22,21:03,26.55,23.4,0.0,2024,4,24,Open-Meteo (ERA5),6.199999999999999,0.0
2024-04-25,Madrid,40.386642,-3.6760864,19.7,7.3,13.3,16.5,4.1,07:21,21:04,16.71,18.8,0.2,2024,4,25,Open-Meteo (ERA5),4.699999999999999,0.0
2024-04-26,Madrid,40.386642,-3.6760864,17.5,7.9,12.9,14.0,5.3,07:19,21:05,19.22,25.8,0.0,2024,4,26,Open-Meteo (ERA5),5.1,0.0
2024-04-27,Madrid,40.386642,-3.6760864,14.4,8.9,11.4,10.4,4.5,07:18,21:06,21.48,27.2,14.8,2024,4,27,Open-Meteo (ERA5),6.6,0.0
2024-04-28,Madrid,40.386642,-3.6760864,16.6,4.4,10.7,15.4,2.5,07:17,21:07,25.59,10.7,0.5,2024,4,28,Open-Meteo (ERA5),7.300000000000001,0.0
2024-04-29,Madrid,40.386642,-3.6760864,17.1,6.7,11.7,17.8,3.5,07:15,21:08,22.42,20.8,0.5,2024,4,29,Open-Meteo (ERA5),6.300000000000001,0.0
2024-04-30,Madrid,40.386642,-3.6760864,17.8,6.9,12.3,14.3,5.3,07:14,21:09,22.82,24.2,0.0,2024,4,30,Open-Meteo (ERA5),5.699999999999999,0.0
2024-05-01,Madrid,40.386642,-3.6760864,14.7,7.2,10.2,10.1,3.5,07:13,21:10,21.39,24.2,3.0,2024,5,1,Open-Meteo (ERA5),7.800000000000001,0.0
2024-05-02,Madrid,40.386642,-3.6760864,15.8,5.1,9.9,11.5,1.1,07:11,21:11,22.07,21.7,0.1,2024,5,2,Open-Meteo (ERA5),8.1,0.0
2024-05-03,Madrid,40.386642,-3.6760864,18.6,5.1,12.0,15.7,2.4,07:10,21:12,25.51,19.2,0.0,2024,5,3,Open-Meteo (ERA5),6.0,0.0
2024-05-04,Madrid,40.386642,-3.6760864,23.0,8.4,15.6,19.8,6.4,07:09,21:13,27.28,24.2,0.0,2024,5,4,Open-Meteo (ERA5),2.4000000000000004,0.0
2024-05-05,Madrid,40.386642,-3.6760864,20.6,11.8,15.9,17.1,10.3,07:08,21:14,16.09,29.2,0.3,2024,5,5,Open-Meteo (ERA5),2.0999999999999996,0.0
2024-05-06,Madrid,40.386642,-3.6760864,20.5,11.0,15.5,17.5,10.2,07:07,21:15,23.0,17.6,0.7,2024,5,6,Open-Meteo (ERA5),2.5,0.0
2024-05-07,Madrid,40.386642,-3.6760864,24.6,7.8,15.2,22.9,4.9,07:06,21:16,27.27,24.4,0.0,2024,5,7,Open-Meteo (ERA5),2.8000000000000007,0.0
2024-05-08,Madrid,40.386642,-3.6760864,24.9,8.9,16.9,22.1,5.2,07:04,21:17,27.82,19.4,0.0,2024,5,8,Open-Meteo (ERA5),1.1000000000000014,0.0
2024-05-09,Madrid,40.386642,-3.6760864,27.2,9.9,19.2,26.3,7.6,07:03,21:18,25.84,14.0,0.0,2024,5,9,Open-Meteo (ERA5),0.0,1.1999999999999993
2024-05-10,Madrid,40.386642,-3.6760864,28.9,12.3,21.4,27.2,9.7,07:02,21:19,28.21,10.6,0.0,2024,5,10,Open-Meteo (ERA5),0.0,3.3999999999999986
2024-05-11,Madrid,40.386642,-3.6760864,28.6,13.8,21.6,26.5,10.6,07:01,21:20,27.59,18.1,0.0,2024,5,11,Open-Meteo (ERA5),0.0,3.6000000000000014
2024-05-12,Madrid,40.386642,-3.6760864,28.0,13.9,21.3,27.0,12.4,07:00,21:21,25.06,13.1,0.2,2024,5,12,Open-Meteo (ERA5),0.0,3.3000000000000007
2024-05-13,Madrid,40.386642,-3.6760864,27.0,13.4,20.8,23.9,11.9,06:59,21:22,24.25,28.6,0.7,2024,5,13,Open-Meteo (ERA5),0.0,2.8000000000000007
2024-05-14,Madrid,40.386642,-3.6760864,20.4,11.1,16.3,16.6,7.2,06:58,21:23,22.14,24.6,0.8,2024,5,14,Open-Meteo (ERA5),1.6999999999999993,0.0
2024-05-15,Madrid,40.386642,-3.6760864,19.0,8.8,13.9,14.3,5.6,06:57,21:24,23.46,19.6,0.0,2024,5,15,Open-Meteo (ERA5),4.1,0.0
2024-05-16,Madrid,40.386642,-3.6760864,18.1,7.5,13.2,14.0,4.0,06:57,21:25,21.71,24.2,0.0,2024,5,16,Open-Meteo (ERA5),4.800000000000001,0.0
2024-05-17,Madrid,40.386642,-3.6760864,19.1,10.6,14.8,15.8,8.5,06:56,21:26,22.51,18.4,0.6,2024,5,17,Open-Meteo (ERA5),3.1999999999999993,0.0
2024-05-18,Madrid,40.386642,-3.6760864,22.2,8.3,15.5,18.6,6.0,06:55,21:27,25.15,22.5,0.0,2024,5,18,Open-Meteo (ERA5),2.5,0.0
2024-05-19,Madrid,40.386642,-3.6760864,20.8,8.9,15.1,18.3,6.3,06:54,21:27,25.05,20.7,2.1,2024,5,19,Open-Meteo (ERA5),2.9000000000000004,0.0
2024-05-20,Madrid,40.386642,-3.6760864,21.2,8.0,14.5,18.8,6.2,06:53,21:28,24.48,21.2,1.6,2024,5,20,Open-Meteo (ERA5),3.5,0.0
2024-05-21,Madrid,40.386642,-3.6760864,20.5,9.6,14.6,17.9,7.4,06:52,21:29,20.82,17.7,5.9,2024,5,21,Open-Meteo (ERA5),3.4000000000000004,0.0
2024-05-22,Madrid,40.386642,-3.6760864,21.4,8.8,15.4,18.7,7.4,06:52,21:30,21.46,15.3,0.0,2024,5,22,Open-Meteo (ERA5),2.5999999999999996,0.0
2024-05-23,Madrid,40.386642,-3.6760864,25.0,9.1,17.3,23.8,6.1,06:51,21:31,29.82,14.3,0.0,2024,5,23,Open-Meteo (ERA5),0.6999999999999993,0.0
2024-05-24,Madrid,40.386642,-3.6760864,27.5,11.1,19.5,25.6,7.9,06:50,21:32,29.37,20.0,0.0,2024,5,24,Open-Meteo (ERA5),0.0,1.5
2024-05-25,Madrid,40.386642,-3.6760864,29.2,12.1,21.4,24.4,10.0,06:50,21:33,29.85,24.3,0.0,2024,5,25,Open-Meteo (ERA5),0.0,3.3999999999999986
2024-05-26,Madrid,40.386642,-3.6760864,29.4,12.1,21.8,27.2,10.6,06:49,21:34,28.49,23.0,0.0,2024,5,26,Open-Meteo (ERA5),0.0,3.8000000000000007
2024-05-27,Madrid,40.386642,-3.6760864,30.4,14.4,22.8,28.8,13.0,06:48,21:35,29.17,17.7,0.0,2024,5,27,Open-Meteo (ERA5),0.0,4.800000000000001
2024-05-28,Madrid,40.386642,-3.6760864,30.8,15.4,23.4,30.8,13.0,06:48,21:35,28.98,22.6,0.0,2024,5,28,Open-Meteo (ERA5),0.0,5.399999999999999
2024-05-29,Madrid,40.386642,-3.6760864,33.7,17.0,26.0,33.0,14.3,06:47,21:36,29.11,14.0,0.0,2024,5,29,Open-Meteo (ERA5),0.0,8.0
2024-05-30,Madrid,40.386642,-3.6760864,34.5,18.5,26.3,34.1,16.0,06:47,21:37,27.05,24.1,1.0,2024,5,30,Open-Meteo (ERA5),0.0,8.3
2024-05-31,Madrid,40.386642,-3.6760864,29.5,14.4,22.4,27.3,9.5,06:46,21:38,29.1,24.5,0.0,2024,5,31,Open-Meteo (ERA5),0.0,4.399999999999999
2024-06-01,Madrid,40.386642,-3.6760864,27.1,12.1,20.0,25.1,7.6,06:46,21:38,29.81,23.3,0.0,2024,6,1,Open-Meteo (ERA5),0.0,2.0
2024-06-02,Madrid,40.386642,-3.6760864,27.5,12.1,20.2,26.5,8.2,06:46,21:39,30.03,24.5,0.0,2024,6,2,Open-Meteo (ERA5),0.0,2.1999999999999993
2024-06-03,Madrid,40.386642,-3.6760864,29.8,14.6,21.5,29.0,12.0,06:45,21:40,27.08,19.9,1.4,2024,6,3,Open-Meteo (ERA5),0.0,3.5
2024-06-04,Madrid,40.386642,-3.6760864,31.3,15.6,23.9,30.0,15.4,06:45,21:40,27.33,14.8,0.0,2024,6,4,Open-Meteo (ERA5),0.0,5.899999999999999
2024-06-05,Madrid,40.386642,-3.6760864,33.1,18.5,26.4,32.1,16.0,06:45,21:41,28.85,12.8,0.0,2024,6,5,Open-Meteo (ERA5),0.0,8.399999999999999
2024-06-06,Madrid,40.386642,-3.6760864,35.5,18.6,27.7,34.4,16.8,06:44,21:42,27.01,19.5,0.0,2024,6,6,Open-Meteo (ERA5),0.0,9.7
2024-06-07,Madrid,40.386642,-3.6760864,34.7,20.4,27.1,33.2,18.2,06:44,21:42,23.56,21.6,2.6,2024,6,7,Open-Meteo (ERA5),0.0,9.100000000000001
2024-06-08,Madrid,40.386642,-3.6760864,22.8,18.1,20.4,23.1,19.0,06:44,21:43,11.97,20.1,15.5,2024,6,8,Open-Meteo (ERA5),0.0,2.3999999999999986
2024-06-09,Madrid,40.386642,-3.6760864,24.3,15.6,19.8,24.7,15.2,06:44,21:43,22.32,16.8,4.8,2024,6,9,Open-Meteo (ERA5),0.0,1.8000000000000007
2024-06-10,Madrid,40.386642,-3.6760864,20.0,15.3,16.9,19.4,14.6,06:44,21:44,12.03,14.8,24.1,2024,6,10,Open-Meteo (ERA5),1.1000000000000014,0.0
2024-06-11,Madrid,40.386642,-3.6760864,23.9,11.1,17.7,25.0,8.5,06:44,21:44,29.19,15.5,0.0,2024,6,11,Open-Meteo (ERA5),0.3000000000000007,0.0
2024-06-12,Madrid,40.386642,-3.6760864,23.0,12.1,17.7,23.4,9.7,06:44,21:45,26.14,20.5,0.6,2024,6,12,Open-Meteo (ERA5),0.3000000000000007,0.0
2024-06-13,Madrid,40.386642,-3.6760864,27.0,10.9,18.9,25.9,7.9,06:44,21:45,29.96,19.0,0.0,2024,6,13,Open-Meteo (ERA5),0.0,0.8999999999999986
2024-06-14,Madrid,40.386642,-3.6760864,29.3,13.2,22.1,26.2,12.5,06:44,21:46,30.48,24.5,0.0,2024,6,14,Open-Meteo (ERA5),0.0,4.100000000000001
2024-06-15,Madrid,40.386642,-3.6760864,28.5,15.1,22.3,26.2,13.3,06:44,21:46,30.19,15.1,0.0,2024,6,15,Open-Meteo (ERA5),0.0,4.300000000000001
2024-06-16,Madrid,40.386642,-3.6760864,30.0,13.4,22.3,28.1,11.2,06:44,21:47,30.3,19.0,0.0,2024,6,16,Open-Meteo (ERA5),0.0,4.300000000000001
2024-06-17,Madrid,40.386642,-3.6760864,29.9,15.5,23.6,27.6,14.0,06:44,21:47,30.38,19.1,0.0,2024,6,17,Open-Meteo (ERA5),0.0,5.600000000000001
2024-06-18,Madrid,40.386642,-3.6760864,27.3,17.6,21.7,24.9,15.6,06:44,21:47,19.93,27.0,0.2,2024,6,18,Open-Meteo (ERA5),0.0,3.6999999999999993
2024-06-19,Madrid,40.386642,-3.6760864,24.5,13.1,18.4,23.9,12.8,06:44,21:47,26.54,12.5,1.8,2024,6,19,Open-Meteo (ERA5),0.0,0.3999999999999986
2024-06-20,Madrid,40.386642,-3.6760864,20.9,12.8,17.2,20.4,11.3,06:44,21:48,22.29,15.3,1.6,2024,6,20,Open-Meteo (ERA5),0.8000000000000007,0.0
2024-06-21,Madrid,40.386642,-3.6760864,26.8,12.5,20.0,26.6,11.6,06:44,21:48,29.16,10.2,0.0,2024,6,21,Open-Meteo (ERA5),0.0,2.0
2024-06-22,Madrid,40.386642,-3.6760864,31.1,14.4,23.1,30.2,13.3,06:45,21:48,27.05,19.5,0.0,2024,6,22,Open-Meteo (ERA5),0.0,5.100000000000001
2024-06-23,Madrid,40.386642,-3.6760864,30.7,17.4,24.0,29.8,16.5,06:45,21:48,22.96,24.7,0.0,2024,6,23,Open-Meteo (ERA5),0.0,6.0
2024-06-24,Madrid,40.386642,-3.6760864,32.8,17.0,25.1,33.8,16.1,06:45,21:48,29.61,18.9,0.0,2024,6,24,Open-Meteo (ERA5),0.0,7.100000000000001
2024-06-25,Madrid,40.386642,-3.6760864,35.0,19.1,27.0,35.1,18.4,06:46,21:48,27.25,19.5,0.6,2024,6,25,Open-Meteo (ERA5),0.0,9.0
2024-06-26,Madrid,40.386642,-3.6760864,32.3,20.2,25.3,32.2,20.1,06:46,21:48,21.04,16.3,3.3,2024,6,26,Open-Meteo (ERA5),0.0,7.300000000000001
2024-06-27,Madrid,40.386642,-3.6760864,35.6,19.3,26.1,34.3,20.1,06:46,21:48,24.83,23.7,0.4,2024,6,27,Open-Meteo (ERA5),0.0,8.100000000000001
2024-06-28,Madrid,40.386642,-3.6760864,28.4,19.8,23.8,28.9,18.8,06:47,21:48,23.44,20.5,0.4,2024,6,28,Open-Meteo (ERA5),0.0,5.800000000000001
2024-06-29,Madrid,40.386642,-3.6760864,24.5,15.2,19.7,23.3,13.9,06:47,21:48,15.1,22.1,1.4,2024,6,29,Open-Meteo (ERA5),0.0,1.6999999999999993
2024-06-30,Madrid,40.386642,-3.6760864,25.5,16.0,20.4,25.7,16.5,06:48,21:48,20.28,12.0,0.2,2024,6,30,Open-Meteo (ERA5),0.0,2.3999999999999986
2024-07-01,Madrid,40.386642,-3.6760864,29.3,16.0,22.0,29.9,15.3,06:48,21:48,27.05,19.2,0.2,2024,7,1,Open-Meteo (ERA5),0.0,4.0
2024-07-02,Madrid,40.386642,-3.6760864,31.1,14.6,22.5,31.5,13.6,06:49,21:48,29.16,21.3,0.0,2024,7,2,Open-Meteo (ERA5),0.0,4.5
2024-07-03,Madrid,40.386642,-3.6760864,33.5,15.2,25.0,33.3,13.6,06:49,21:48,30.1,15.7,0.0,2024,7,3,Open-Meteo (ERA5),0.0,7.0
2024-07-04,Madrid,40.386642,-3.6760864,36.8,18.9,28.6,36.4,16.2,06:50,21:48,29.8,13.8,0.0,2024,7,4,Open-Meteo (ERA5),0.0,10.600000000000001
2024-07-05,Madrid,40.386642,-3.6760864,38.3,20.3,29.5,38.0,19.3,06:50,21:47,28.53,19.1,0.0,2024,7,5,Open-Meteo (ERA5),0.0,11.5
2024-07-06,Madrid,40.386642,-3.6760864,33.6,22.6,27.8,31.2,21.4,06:51,21:47,25.84,22.1,0.1,2024,7,6,Open-Meteo (ERA5),0.0,9.8
2024-07-07,Madrid,40.386642,-3.6760864,31.5,16.4,24.0,30.2,14.3,06:52,21:47,29.84,22.4,0.0,2024,7,7,Open-Meteo (ERA5),0.0,6.0
2024-07-08,Madrid,40.386642,-3.6760864,32.5,17.0,25.7,30.6,15.1,06:52,21:46,29.73,13.8,0.0,2024,7,8,Open-Meteo (ERA5),0.0,7.699999999999999
2024-07-09,Madrid,40.386642,-3.6760864,32.4,19.1,26.3,30.8,17.8,06:53,21:46,28.83,19.1,0.0,2024,7,9,Open-Meteo (ERA5),0.0,8.3
2024-07-10,Madrid,40.386642,-3.6760864,34.2,19.8,27.3,32.9,19.0,06:54,21:46,29.16,18.5,0.0,2024,7,10,Open-Meteo (ERA5),0.0,9.3
2024-07-11,Madrid,40.386642,-3.6760864,35.8,21.1,29.0,33.8,21.3,06:54,21:45,29.1,25.3,0.0,2024,7,11,Open-Meteo (ERA5),0.0,11.0
2024-07-12,Madrid,40.386642,-3.6760864,33.8,19.4,27.4,33.0,17.8,06:55,21:45,29.95,16.2,0.0,2024,7,12,Open-Meteo (ERA5),0.0,9.399999999999999
2024-07-13,Madrid,40.386642,-3.6760864,33.8,17.8,26.2,31.8,15.9,06:56,21:44,29.3,25.1,0.0,2024,7,13,Open-Meteo (ERA5),0.0,8.2
2024-07-14,Madrid,40.386642,-3.6760864,32.3,19.5,26.5,29.1,16.3,06:57,21:44,29.73,22.7,0.0,2024,7,14,Open-Meteo (ERA5),0.0,8.5
2024-07-15,Madrid,40.386642,-3.6760864,30.2,20.4,25.5,28.8,18.9,06:57,21:43,28.32,28.8,0.0,2024,7,15,Open-Meteo (ERA5),0.0,7.5
2024-07-16,Madrid,40.386642,-3.6760864,33.0,16.9,25.5,31.1,15.8,06:58,21:42,29.98,17.7,0.0,2024,7,16,Open-Meteo (ERA5),0.0,7.5
2024-07-17,Madrid,40.386642,-3.6760864,35.5,16.6,27.2,34.5,15.1,06:59,21:42,28.65,12.9,0.0,2024,7,17,Open-Meteo (ERA5),0.0,9.2
2024-07-18,Madrid,40.386642,-3.6760864,36.9,20.2,29.1,35.0,20.2,07:00,21:41,26.73,20.0,0.0,2024,7,18,Open-Meteo (ERA5),0.0,11.100000000000001
2024-07-19,Madrid,40.386642,-3.6760864,38.3,21.1,30.7,35.8,19.5,07:01,21:40,29.23,20.4,0.0,2024,7,19,Open-Meteo (ERA5),0.0,12.7
2024-07-20,Madrid,40.386642,-3.6760864,35.3,21.8,29.4,32.7,19.6,07:01,21:40,28.14,29.3,0.0,2024,7,20,Open-Meteo (ERA5),0.0,11.399999999999999
2024-07-21,Madrid,40.386642,-3.6760864,32.9,20.0,26.5,32.0,20.3,07:02,21:39,29.21,24.6,0.0,2024,7,21,Open-Meteo (ERA5),0.0,8.5
2024-07-22,Madrid,40.386642,-3.6760864,35.3,17.8,27.0,32.5,15.2,07:03,21:38,29.6,23.1,0.0,2024,7,22,Open-Meteo (ERA5),0.0,9.0
2024-07-23,Madrid,40.386642,-3.6760864,38.6,20.5,30.2,38.1,18.8,07:04,21:37,28.62,17.5,0.0,2024,7,23,Open-Meteo (ERA5),0.0,12.2
2024-07-24,Madrid,40.386642,-3.6760864,40.4,24.2,32.6,39.7,22.3,07:05,21:36,27.95,16.6,0.0,2024,7,24,Open-Meteo (ERA5),0.0,14.600000000000001
2024-07-25,Madrid,40.386642,-3.6760864,39.2,24.9,32.6,37.9,22.6,07:06,21:36,27.99,16.9,0.0,2024,7,25,Open-Meteo (ERA5),0.0,14.600000000000001
2024-07-26,Madrid,40.386642,-3.6760864,37.5,23.1,30.8,37.5,23.1,07:07,21:35,26.72,17.2,0.0,2024,7,26,Open-Meteo (ERA5),0.0,12.8
2024-07-27,Madrid,40.386642,-3.6760864,38.2,24.0,31.6,37.5,23.8,07:08,21:34,26.2,17.8,0.0,2024,7,27,Open-Meteo (ERA5),0.0,13.600000000000001
2024-07-28,Madrid,40.386642,-3.6760864,38.9,24.1,31.7,38.1,22.9,07:09,21:33,26.92,24.7,0.0,2024,7,28,Open-Meteo (ERA5),0.0,13.7
2024-07-29,Madrid,40.386642,-3.6760864,35.1,24.6,30.1,35.8,23.8,07:10,21:32,19.25,17.7,0.1,2024,7,29,Open-Meteo (ERA5),0.0,12.100000000000001
2024-07-30,Madrid,40.386642,-3.6760864,38.5,23.0,31.0,36.3,21.8,07:10,21:31,26.42,19.2,0.0,2024,7,30,Open-Meteo (ERA5),0.0,13.0
2024-07-31,Madrid,40.386642,-3.6760864,37.0,23.1,30.9,34.8,22.8,07:11,21:30,28.11,18.6,0.0,2024,7,31,Open-Meteo (ERA5),0.0,12.899999999999999
2024-08-01,Madrid,40.386642,-3.6760864,37.5,20.1,30.1,35.5,19.6,07:12,21:29,28.28,18.8,0.0,2024,8,1,Open-Meteo (ERA5),0.0,12.100000000000001
2024-08-02,Madrid,40.386642,-3.6760864,34.0,22.1,29.0,33.4,22.2,07:13,21:28,24.83,17.7,0.0,2024,8,2,Open-Meteo (ERA5),0.0,11.0
2024-08-03,Madrid,40.386642,-3.6760864,37.2,20.6,29.0,37.2,19.9,07:14,21:27,27.52,20.1,0.0,2024,8,3,Open-Meteo (ERA5),0.0,11.0
2024-08-04,Madrid,40.386642,-3.6760864,37.8,22.5,30.6,37.5,20.3,07:15,21:25,26.65,20.1,0.0,2024,8,4,Open-Meteo (ERA5),0.0,12.600000000000001
2024-08-05,Madrid,40.386642,-3.6760864,38.2,23.8,31.4,36.5,21.4,07:16,21:24,26.88,20.9,0.0,2024,8,5,Open-Meteo (ERA5),0.0,13.399999999999999
2024-08-06,Madrid,40.386642,-3.6760864,38.0,22.4,31.1,36.8,20.8,07:17,21:23,27.26,19.5,0.0,2024,8,6,Open-Meteo (ERA5),0.0,13.100000000000001
2024-08-07,Madrid,40.386642,-3.6760864,38.1,23.0,31.0,37.0,22.8,07:18,21:22,27.17,14.2,0.0,2024,8,7,Open-Meteo (ERA5),0.0,13.0
2024-08-08,Madrid,40.386642,-3.6760864,38.3,22.8,30.9,37.8,21.7,07:19,21:21,26.86,17.1,0.0,2024,8,8,Open-Meteo (ERA5),0.0,12.899999999999999
2024-08-09,Madrid,40.386642,-3.6760864,39.8,23.9,32.2,38.4,22.3,07:20,21:19,25.68,13.5,0.0,2024,8,9,Open-Meteo (ERA5),0.0,14.200000000000003
2024-08-10,Madrid,40.386642,-3.6760864,38.8,24.4,32.0,36.4,23.0,07:21,21:18,26.68,17.6,0.0,2024,8,10,Open-Meteo (ERA5),0.0,14.0
2024-08-11,Madrid,40.386642,-3.6760864,38.3,23.6,31.4,36.7,22.0,07:22,21:17,25.8,18.7,0.0,2024,8,11,Open-Meteo (ERA5),0.0,13.399999999999999
2024-08-12,Madrid,40.386642,-3.6760864,36.7,23.5,30.6,36.0,22.6,07:23,21:15,26.07,24.1,0.0,2024,8,12,Open-Meteo (ERA5),0.0,12.600000000000001
2024-08-13,Madrid,40.386642,-3.6760864,32.4,22.4,27.0,30.8,21.7,07:24,21:14,18.61,23.9,0.0,2024,8,13,Open-Meteo (ERA5),0.0,9.0
2024-08-14,Madrid,40.386642,-3.6760864,31.5,19.0,25.1,29.7,19.0,07:25,21:13,23.63,22.5,0.0,2024,8,14,Open-Meteo (ERA5),0.0,7.100000000000001
2024-08-15,Madrid,40.386642,-3.6760864,30.8,15.9,23.5,28.7,13.8,07:26,21:11,26.48,19.5,0.0,2024,8,15,Open-Meteo (ERA5),0.0,5.5
2024-08-16,Madrid,40.386642,-3.6760864,34.3,17.9,26.2,32.9,16.2,07:27,21:10,26.2,19.9,0.0,2024,8,16,Open-Meteo (ERA5),0.0,8.2
2024-08-17,Madrid,40.386642,-3.6760864,36.2,19.6,28.3,34.0,17.8,07:28,21:09,24.38,15.3,0.0,2024,8,17,Open-Meteo (ERA5),0.0,10.3
2024-08-18,Madrid,40.386642,-3.6760864,35.8,21.4,28.6,35.5,21.0,07:29,21:07,23.95,22.4,0.0,2024,8,18,Open-Meteo (ERA5),0.0,10.600000000000001
2024-08-19,Madrid,40.386642,-3.6760864,35.6,19.2,27.4,34.7,16.6,07:30,21:06,25.34,23.3,0.0,2024,8,19,Open-Meteo (ERA5),0.0,9.399999999999999
2024-08-20,Madrid,40.386642,-3.6760864,36.4,20.6,29.1,36.1,17.9,07:31,21:04,25.16,16.6,0.0,2024,8,20,Open-Meteo (ERA5),0.0,11.100000000000001
2024-08-21,Madrid,40.386642,-3.6760864,36.0,20.0,27.9,36.1,18.0,07:32,21:03,23.44,24.7,0.0,2024,8,21,Open-Meteo (ERA5),0.0,9.899999999999999
2024-08-22,Madrid,40.386642,-3.6760864,35.7,22.2,29.3,34.9,22.3,07:33,21:01,21.27,16.1,0.0,2024,8,22,Open-Meteo (ERA5),0.0,11.3
2024-08-23,Madrid,40.386642,-3.6760864,36.7,20.8,29.1,35.8,18.9,07:33,21:00,23.88,22.7,0.0,2024,8,23,Open-Meteo (ERA5),0.0,11.100000000000001
2024-08-24,Madrid,40.386642,-3.6760864,35.2,22.4,29.0,34.2,23.1,07:34,20:58,23.98,18.8,0.0,2024,8,24,Open-Meteo (ERA5),0.0,11.0
2024-08-25,Madrid,40.386642,-3.6760864,34.8,19.0,27.2,33.9,16.2,07:35,20:57,24.04,22.6,0.0,2024,8,25,Open-Meteo (ERA5),0.0,9.2
2024-08-26,Madrid,40.386642,-3.6760864,33.9,20.9,27.3,33.7,20.2,07:36,20:55,21.88,16.9,0.0,2024,8,26,Open-Meteo (ERA5),0.0,9.3
2024-08-27,Madrid,40.386642,-3.6760864,35.2,21.3,28.5,33.4,21.2,07:37,20:54,23.99,16.4,0.0,2024,8,27,Open-Meteo (ERA5),0.0,10.5
2024-08-28,Madrid,40.386642,-3.6760864,36.0,21.4,28.8,35.2,20.7,07:38,20:52,22.39,19.4,0.0,2024,8,28,Open-Meteo (ERA5),0.0,10.8
2024-08-29,Madrid,40.386642,-3.6760864,27.9,20.2,24.0,30.6,21.8,07:39,20:51,15.83,17.2,11.7,2024,8,29,Open-Meteo (ERA5),0.0,6.0
2024-08-30,Madrid,40.386642,-3.6760864,26.8,18.1,22.4,29.0,17.3,07:40,20:49,16.59,18.0,1.5,2024,8,30,Open-Meteo (ERA5),0.0,4.399999999999999
2024-08-31,Madrid,40.386642,-3.6760864,26.8,17.6,22.1,28.4,17.6,07:41,20:47,15.0,14.8,2.3,2024,8,31,Open-Meteo (ERA5),0.0,4.100000000000001
2024-09-01,Madrid,40.386642,-3.6760864,29.7,18.1,23.4,30.0,20.1,07:42,20:46,21.28,11.8,0.2,2024,9,1,Open-Meteo (ERA5),0.0,5.399999999999999
2024-09-02,Madrid,40.386642,-3.6760864,31.2,18.6,24.4,30.5,19.6,07:43,20:44,22.54,14.8,0.0,2024,9,2,Open-Meteo (ERA5),0.0,6.399999999999999
2024-09-03,Madrid,40.386642,-3.6760864,30.4,17.5,23.7,30.4,17.1,07:44,20:43,21.73,19.8,0.1,2024,9,3,Open-Meteo (ERA5),0.0,5.699999999999999
2024-09-04,Madrid,40.386642,-3.6760864,26.0,17.4,21.3,25.3,16.1,07:45,20:41,19.53,23.5,0.2,2024,9,4,Open-Meteo (ERA5),0.0,3.3000000000000007
2024-09-05,Madrid,40.386642,-3.6760864,26.6,13.4,20.1,25.6,12.0,07:46,20:39,19.01,16.8,0.0,2024,9,5,Open-Meteo (ERA5),0.0,2.1000000000000014
2024-09-06,Madrid,40.386642,-3.6760864,25.5,15.3,20.4,22.2,13.6,07:47,20:38,21.42,20.6,0.0,2024,9,6,Open-Meteo (ERA5),0.0,2.3999999999999986
2024-09-07,Madrid,40.386642,-3.6760864,26.0,11.3,19.3,22.7,9.5,07:48,20:36,22.5,15.6,0.0,2024,9,7,Open-Meteo (ERA5),0.0,1.3000000000000007
2024-09-08,Madrid,40.386642,-3.6760864,28.1,14.6,21.3,25.2,12.6,07:49,20:35,22.06,16.4,0.0,2024,9,8,Open-Meteo (ERA5),0.0,3.3000000000000007
2024-09-09,Madrid,40.386642,-3.6760864,29.3,13.1,21.4,28.4,11.4,07:50,20:33,22.49,12.2,0.0,2024,9,9,Open-Meteo (ERA5),0.0,3.3999999999999986
2024-09-10,Madrid,40.386642,-3.6760864,30.8,14.9,22.9,29.5,13.3,07:51,20:31,22.22,15.8,0.0,2024,9,10,Open-Meteo (ERA5),0.0,4.899999999999999
2024-09-11,Madrid,40.386642,-3.6760864,30.4,15.5,22.8,28.3,13.3,07:52,20:30,21.64,17.4,0.0,2024,9,11,Open-Meteo (ERA5),0.0,4.800000000000001
2024-09-12,Madrid,40.386642,-3.6760864,29.5,17.0,22.7,27.1,15.8,07:53,20:28,19.97,21.8,0.0,2024,9,12,Open-Meteo (ERA5),0.0,4.699999999999999
2024-09-13,Madrid,40.386642,-3.6760864,23.5,13.1,18.2,19.2,9.3,07:54,20:26,22.09,21.4,0.0,2024,9,13,Open-Meteo (ERA5),0.0,0.1999999999999993
2024-09-14,Madrid,40.386642,-3.6760864,26.4,10.6,18.4,25.9,6.6,07:55,20:25,21.54,20.9,0.0,2024,9,14,Open-Meteo (ERA5),0.0,0.3999999999999986
2024-09-15,Madrid,40.386642,-3.6760864,30.6,13.6,22.1,28.2,11.1,07:56,20:23,21.64,19.2,0.0,2024,9,15,Open-Meteo (ERA5),0.0,4.100000000000001
2024-09-16,Madrid,40.386642,-3.6760864,30.5,13.4,21.9,25.9,9.4,07:57,20:21,21.81,24.8,0.0,2024,9,16,Open-Meteo (ERA5),0.0,3.8999999999999986
2024-09-17,Madrid,40.386642,-3.6760864,27.5,13.9,20.6,24.8,9.6,07:57,20:20,21.28,23.9,0.0,2024,9,17,Open-Meteo (ERA5),0.0,2.6000000000000014
2024-09-18,Madrid,40.386642,-3.6760864,26.8,14.6,20.6,25.6,12.6,07:58,20:18,18.25,19.9,0.2,2024,9,18,Open-Meteo (ERA5),0.0,2.6000000000000014
2024-09-19,Madrid,40.386642,-3.6760864,24.0,15.1,18.4,24.2,14.7,07:59,20:16,13.99,16.3,8.2,2024,9,19,Open-Meteo (ERA5),0.0,0.3999999999999986
2024-09-20,Madrid,40.386642,-3.6760864,22.8,14.6,17.8,22.2,14.5,08:00,20:14,13.04,12.8,3.9,2024,9,20,Open-Meteo (ERA5),0.1999999999999993,0.0
2024-09-21,Madrid,40.386642,-3.6760864,23.0,15.6,18.4,22.1,14.6,08:01,20:13,13.88,18.5,6.5,2024,9,21,Open-Meteo (ERA5),0.0,0.3999999999999986
2024-09-22,Madrid,40.386642,-3.6760864,24.4,13.2,18.5,21.4,13.0,08:02,20:11,17.14,19.2,0.1,2024,9,22,Open-Meteo (ERA5),0.0,0.5
2024-09-23,Madrid,40.386642,-3.6760864,24.1,12.1,18.2,22.2,11.6,08:03,20:09,18.45,14.8,0.0,2024,9,23,Open-Meteo (ERA5),0.0,0.1999999999999993
2024-09-24,Madrid,40.386642,-3.6760864,22.3,11.9,16.6,19.7,10.3,08:04,20:08,13.26,19.5,0.0,2024,9,24,Open-Meteo (ERA5),1.3999999999999986,0.0
2024-09-25,Madrid,40.386642,-3.6760864,22.4,13.4,17.8,20.1,11.5,08:05,20:06,7.67,27.7,0.1,2024,9,25,Open-Meteo (ERA5),0.1999999999999993,0.0
2024-09-26,Madrid,40.386642,-3.6760864,23.0,16.8,19.2,18.8,14.4,08:06,20:04,12.46,36.7,0.4,2024,9,26,Open-Meteo (ERA5),0.0,1.1999999999999993
2024-09-27,Madrid,40.386642,-3.6760864,22.3,12.6,16.6,17.5,10.6,08:07,20:03,18.17,25.3,0.0,2024,9,27,Open-Meteo (ERA5),1.3999999999999986,0.0
2024-09-28,Madrid,40.386642,-3.6760864,20.7,8.4,14.4,17.4,5.6,08:08,20:01,19.42,15.9,0.0,2024,9,28,Open-Meteo (ERA5),3.5999999999999996,0.0
2024-09-29,Madrid,40.386642,-3.6760864,24.4,8.3,16.2,21.9,6.0,08:09,19:59,18.63,11.6,0.0,2024,9,29,Open-Meteo (ERA5),1.8000000000000007,0.0
2024-09-30,Madrid,40.386642,-3.6760864,28.0,10.9,19.5,25.9,8.6,08:10,19:58,18.56,8.4,0.0,2024,9,30,Open-Meteo (ERA5),0.0,1.5
2024-10-01,Madrid,40.386642,-3.6760864,28.2,13.1,20.4,25.3,11.0,08:11,19:56,14.72,13.4,0.0,2024,10,1,Open-Meteo (ERA5),0.0,2.3999999999999986
2024-10-02,Madrid,40.386642,-3.6760864,25.5,17.2,21.1,23.7,17.0,08:12,19:55,12.65,28.6,3.4,2024,10,2,Open-Meteo (ERA5),0.0,3.1000000000000014
2024-10-03,Madrid,40.386642,-3.6760864,24.6,15.8,19.7,22.4,15.2,08:13,19:53,17.42,21.1,0.0,2024,10,3,Open-Meteo (ERA5),0.0,1.6999999999999993
2024-10-04,Madrid,40.386642,-3.6760864,25.2,11.1,18.1,23.2,9.0,08:14,19:51,14.41,14.0,0.0,2024,10,4,Open-Meteo (ERA5),0.0,0.10000000000000142
2024-10-05,Madrid,40.386642,-3.6760864,26.6,11.9,19.1,24.7,10.4,08:15,19:50,15.43,20.1,0.0,2024,10,5,Open-Meteo (ERA5),0.0,1.1000000000000014
2024-10-06,Madrid,40.386642,-3.6760864,24.8,16.5,20.3,21.7,15.5,08:16,19:48,13.13,27.6,0.0,2024,10,6,Open-Meteo (ERA5),0.0,2.3000000000000007
2024-10-07,Madrid,40.386642,-3.6760864,23.3,13.8,17.5,19.5,12.4,08:17,19:46,7.15,35.1,6.2,2024,10,7,Open-Meteo (ERA5),0.5,0.0
2024-10-08,Madrid,40.386642,-3.6760864,18.5,11.6,14.9,14.7,9.5,08:18,19:45,9.77,28.3,1.1,2024,10,8,Open-Meteo (ERA5),3.0999999999999996,0.0
2024-10-09,Madrid,40.386642,-3.6760864,20.2,14.2,16.4,16.3,11.4,08:19,19:43,4.13,48.2,5.1,2024,10,9,Open-Meteo (ERA5),1.6000000000000014,0.0
2024-10-10,Madrid,40.386642,-3.6760864,20.1,10.7,14.5,17.1,7.5,08:20,19:42,15.39,18.4,0.0,2024,10,10,Open-Meteo (ERA5),3.5,0.0
2024-10-11,Madrid,40.386642,-3.6760864,19.2,7.3,13.2,17.4,5.2,08:21,19:40,11.61,18.4,2.0,2024,10,11,Open-Meteo (ERA5),4.800000000000001,0.0
2024-10-12,Madrid,40.386642,-3.6760864,18.5,14.6,16.3,18.7,14.2,08:23,19:39,6.42,16.2,10.2,2024,10,12,Open-Meteo (ERA5),1.6999999999999993,0.0
2024-10-13,Madrid,40.386642,-3.6760864,21.5,12.4,16.3,22.3,11.5,08:24,19:37,11.04,11.9,0.2,2024,10,13,Open-Meteo (ERA5),1.6999999999999993,0.0
2024-10-14,Madrid,40.386642,-3.6760864,22.8,13.7,17.1,23.8,13.8,08:25,19:35,7.69,16.0,1.0,2024,10,14,Open-Meteo (ERA5),0.8999999999999986,0.0
2024-10-15,Madrid,40.386642,-3.6760864,20.4,15.4,16.8,19.2,15.5,08:26,19:34,8.68,20.1,22.0,2024,10,15,Open-Meteo (ERA5),1.1999999999999993,0.0
2024-10-16,Madrid,40.386642,-3.6760864,21.9,15.1,17.3,20.2,13.1,08:27,19:32,10.97,26.4,7.3,2024,10,16,Open-Meteo (ERA5),0.6999999999999993,0.0
2024-10-17,Madrid,40.386642,-3.6760864,17.0,10.6,13.4,13.5,7.4,08:28,19:31,10.04,25.4,11.5,2024,10,17,Open-Meteo (ERA5),4.6,0.0
2024-10-18,Madrid,40.386642,-3.6760864,17.8,7.3,12.2,15.3,4.4,08:29,19:30,15.15,14.0,0.0,2024,10,18,Open-Meteo (ERA5),5.800000000000001,0.0
2024-10-19,Madrid,40.386642,-3.6760864,21.0,11.6,15.3,19.3,11.1,08:30,19:28,11.76,13.0,0.1,2024,10,19,Open-Meteo (ERA5),2.6999999999999993,0.0
2024-10-20,Madrid,40.386642,-3.6760864,20.1,11.4,14.8,20.2,11.5,08:31,19:27,9.81,9.0,0.0,2024,10,20,Open-Meteo (ERA5),3.1999999999999993,0.0
2024-10-21,Madrid,40.386642,-3.6760864,21.8,10.0,15.2,21.7,9.1,08:32,19:25,14.29,5.8,0.0,2024,10,21,Open-Meteo (ERA5),2.8000000000000007,0.0
2024-10-22,Madrid,40.386642,-3.6760864,21.2,12.0,16.0,20.7,10.5,08:33,19:24,12.64,14.9,0.4,2024,10,22,Open-Meteo (ERA5),2.0,0.0
2024-10-23,Madrid,40.386642,-3.6760864,19.9,11.4,15.3,19.1,10.2,08:34,19:23,11.32,13.6,0.7,2024,10,23,Open-Meteo (ERA5),2.6999999999999993,0.0
2024-10-24,Madrid,40.386642,-3.6760864,20.2,12.8,15.4,19.2,12.2,08:36,19:21,8.19,10.3,0.9,2024,10,24,Open-Meteo (ERA5),2.5999999999999996,0.0
2024-10-25,Madrid,40.386642,-3.6760864,17.0,10.9,14.3,14.4,8.9,08:37,19:20,6.98,20.4,10.1,2024,10,25,Open-Meteo (ERA5),3.6999999999999993,0.0
2024-10-26,Madrid,40.386642,-3.6760864,12.7,6.5,9.2,9.3,3.1,08:38,19:19,10.51,18.2,1.5,2024,10,26,Open-Meteo (ERA5),8.8,0.0
2024-10-27,Madrid,40.386642,-3.6760864,13.2,3.3,8.5,9.0,0.6,08:39,19:17,10.83,19.2,1.1,2024,10,27,Open-Meteo (ERA5),9.5,0.0
2024-10-28,Madrid,40.386642,-3.6760864,18.7,7.9,12.7,16.1,4.8,08:40,19:16,12.04,20.5,3.1,2024,10,28,Open-Meteo (ERA5),5.300000000000001,0.0
2024-10-29,Madrid,40.386642,-3.6760864,16.9,12.2,14.3,14.3,9.0,08:41,19:15,5.44,29.9,6.9,2024,10,29,Open-Meteo (ERA5),3.6999999999999993,0.0
2024-10-30,Madrid,40.386642,-3.6760864,18.9,10.9,14.5,17.6,7.7,08:42,19:13,12.1,27.2,11.1,2024,10,30,Open-Meteo (ERA5),3.5,0.0
2024-10-31,Madrid,40.386642,-3.6760864,19.6,11.4,14.3,19.1,9.8,08:44,19:12,10.72,12.6,0.9,2024,10,31,Open-Meteo (ERA5),3.6999999999999993,0.0
2024-11-01,Madrid,40.386642,-3.6760864,19.1,11.9,14.4,18.8,10.5,08:45,19:11,9.33,13.8,5.0,2024,11,1,Open-Meteo (ERA5),3.5999999999999996,0.0
2024-11-02,Madrid,40.386642,-3.6760864,17.0,10.9,13.3,16.3,9.8,08:46,19:10,9.58,11.7,0.7,2024,11,2,Open-Meteo (ERA5),4.699999999999999,0.0
2024-11-03,Madrid,40.386642,-3.6760864,18.6,9.9,13.1,17.5,8.2,08:47,19:09,8.76,13.6,0.2,2024,11,3,Open-Meteo (ERA5),4.9,0.0
2024-11-04,Madrid,40.386642,-3.6760864,17.6,9.9,13.1,17.1,8.5,08:48,19:07,7.89,9.7,0.4,2024,11,4,Open-Meteo (ERA5),4.9,0.0
2024-11-05,Madrid,40.386642,-3.6760864,18.2,9.1,13.4,18.3,8.3,08:49,19:06,8.32,6.3,0.0,2024,11,5,Open-Meteo (ERA5),4.6,0.0
2024-11-06,Madrid,40.386642,-3.6760864,19.4,9.4,13.7,18.9,7.8,08:50,19:05,12.0,11.6,0.0,2024,11,6,Open-Meteo (ERA5),4.300000000000001,0.0
2024-11-07,Madrid,40.386642,-3.6760864,18.7,8.1,12.7,18.2,6.9,08:52,19:04,10.97,7.5,0.0,2024,11,7,Open-Meteo (ERA5),5.300000000000001,0.0
2024-11-08,Madrid,40.386642,-3.6760864,16.1,8.2,11.7,15.7,6.8,08:53,19:03,6.47,7.7,0.0,2024,11,8,Open-Meteo (ERA5),6.300000000000001,0.0
2024-11-09,Madrid,40.386642,-3.6760864,17.1,8.6,11.7,16.8,7.9,08:54,19:02,8.0,6.2,0.0,2024,11,9,Open-Meteo (ERA5),6.300000000000001,0.0
2024-11-10,Madrid,40.386642,-3.6760864,17.0,7.3,11.4,16.5,6.0,08:55,19:01,7.91,5.6,0.0,2024,11,10,Open-Meteo (ERA5),6.6,0.0
2024-11-11,Madrid,40.386642,-3.6760864,17.5,8.1,12.0,14.1,6.3,08:56,19:00,10.33,20.6,0.0,2024,11,11,Open-Meteo (ERA5),6.0,0.0
2024-11-12,Madrid,40.386642,-3.6760864,14.9,4.7,9.3,11.8,2.1,08:57,18:59,9.7,20.2,0.0,2024,11,12,Open-Meteo (ERA5),8.7,0.0
2024-11-13,Madrid,40.386642,-3.6760864,9.6,4.0,6.4,5.9,-0.1,08:59,18:59,4.2,19.9,6.2,2024,11,13,Open-Meteo (ERA5),11.6,0.0
2024-11-14,Madrid,40.386642,-3.6760864,17.0,8.0,11.3,16.1,5.1,09:00,18:58,8.1,13.4,2.3,2024,11,14,Open-Meteo (ERA5),6.699999999999999,0.0
2024-11-15,Madrid,40.386642,-3.6760864,16.5,9.9,12.7,15.0,8.5,09:01,18:57,6.72,12.0,0.6,2024,11,15,Open-Meteo (ERA5),5.300000000000001,0.0
2024-11-16,Madrid,40.386642,-3.6760864,14.6,8.3,11.2,13.9,6.3,09:02,18:56,8.61,8.8,0.0,2024,11,16,Open-Meteo (ERA5),6.800000000000001,0.0
2024-11-17,Madrid,40.386642,-3.6760864,17.4,6.6,11.2,17.0,4.7,09:03,18:55,10.41,8.0,0.1,2024,11,17,Open-Meteo (ERA5),6.800000000000001,0.0
2024-11-18,Madrid,40.386642,-3.6760864,18.0,8.2,12.3,17.5,7.0,09:04,18:55,10.36,7.6,0.0,2024,11,18,Open-Meteo (ERA5),5.699999999999999,0.0
2024-11-19,Madrid,40.386642,-3.6760864,16.0,7.0,11.0,14.6,6.1,09:06,18:54,8.52,12.3,0.0,2024,11,19,Open-Meteo (ERA5),7.0,0.0
2024-11-20,Madrid,40.386642,-3.6760864,16.5,8.7,11.6,13.5,6.1,09:07,18:53,9.97,14.2,0.0,2024,11,20,Open-Meteo (ERA5),6.4,0.0
2024-11-21,Madrid,40.386642,-3.6760864,13.1,7.8,10.1,9.4,5.2,09:08,18:53,8.34,22.8,0.0,2024,11,21,Open-Meteo (ERA5),7.9,0.0
2024-11-22,Madrid,40.386642,-3.6760864,15.2,8.1,11.4,12.3,6.3,09:09,18:52,8.44,18.6,0.0,2024,11,22,Open-Meteo (ERA5),6.6,0.0
2024-11-23,Madrid,40.386642,-3.6760864,15.9,7.3,10.7,15.0,5.3,09:10,18:51,5.35,9.8,1.0,2024,11,23,Open-Meteo (ERA5),7.300000000000001,0.0
2024-11-24,Madrid,40.386642,-3.6760864,16.4,7.8,11.5,15.1,5.8,09:11,18:51,8.28,15.4,0.0,2024,11,24,Open-Meteo (ERA5),6.5,0.0
2024-11-25,Madrid,40.386642,-3.6760864,16.5,9.4,14.1,13.5,7.6,09:12,18:50,3.74,25.3,1.7,2024,11,25,Open-Meteo (ERA5),3.9000000000000004,0.0
2024-11-26,Madrid,40.386642,-3.6760864,10.6,4.4,7.5,9.2,2.3,09:13,18:50,6.78,8.1,0.0,2024,11,26,Open-Meteo (ERA5),10.5,0.0
2024-11-27,Madrid,40.386642,-3.6760864,12.0,3.1,7.0,10.4,0.2,09:14,18:50,9.85,6.7,0.0,2024,11,27,Open-Meteo (ERA5),11.0,0.0
2024-11-28,Madrid,40.386642,-3.6760864,12.8,2.3,7.0,12.0,-0.3,09:15,18:49,9.9,6.6,0.0,2024,11,28,Open-Meteo (ERA5),11.0,0.0
2024-11-29,Madrid,40.386642,-3.6760864,14.8,3.9,8.4,14.0,1.6,09:16,18:49,8.06,7.5,0.0,2024,11,29,Open-Meteo (ERA5),9.6,0.0
2024-11-30,Madrid,40.386642,-3.6760864,15.4,5.4,9.6,15.0,3.2,09:17,18:49,9.29,6.5,0.0,2024,11,30,Open-Meteo (ERA5),8.4,0.0
2024-12-01,Madrid,40.386642,-3.6760864,13.6,5.4,9.1,13.5,3.3,09:18,18:48,6.73,6.4,0.1,2024,12,1,Open-Meteo (ERA5),8.9,0.0
2024-12-02,Madrid,40.386642,-3.6760864,14.8,7.4,10.6,14.3,5.4,09:19,18:48,7.05,8.9,4.3,2024,12,2,Open-Meteo (ERA5),7.4,0.0
2024-12-03,Madrid,40.386642,-3.6760864,14.6,5.3,9.7,13.6,3.5,09:20,18:48,8.25,12.7,0.2,2024,12,3,Open-Meteo (ERA5),8.3,0.0
2024-12-04,Madrid,40.386642,-3.6760864,14.1,7.9,10.7,11.7,6.1,09:21,18:48,8.74,13.5,0.5,2024,12,4,Open-Meteo (ERA5),7.300000000000001,0.0
2024-12-05,Madrid,40.386642,-3.6760864,13.9,4.6,8.5,12.7,2.5,09:22,18:48,8.78,7.2,0.0,2024,12,5,Open-Meteo (ERA5),9.5,0.0
2024-12-06,Madrid,40.386642,-3.6760864,15.1,5.3,9.4,14.5,3.5,09:23,18:48,8.8,4.8,0.0,2024,12,6,Open-Meteo (ERA5),8.6,0.0
2024-12-07,Madrid,40.386642,-3.6760864,15.5,6.3,9.8,13.2,4.4,09:24,18:48,6.78,21.6,0.0,2024,12,7,Open-Meteo (ERA5),8.2,0.0
2024-12-08,Madrid,40.386642,-3.6760864,10.1,4.1,6.9,7.0,0.2,09:25,18:48,6.0,15.8,0.2,2024,12,8,Open-Meteo (ERA5),11.1,0.0
2024-12-09,Madrid,40.386642,-3.6760864,8.1,2.9,5.1,4.5,-1.6,09:26,18:48,7.47,15.9,0.0,2024,12,9,Open-Meteo (ERA5),12.9,0.0
2024-12-10,Madrid,40.386642,-3.6760864,9.0,0.8,4.7,6.5,-1.8,09:27,18:48,6.83,11.0,0.0,2024,12,10,Open-Meteo (ERA5),13.3,0.0
2024-12-11,Madrid,40.386642,-3.6760864,7.6,4.0,5.4,4.7,1.0,09:28,18:48,4.2,7.7,0.0,2024,12,11,Open-Meteo (ERA5),12.6,0.0
2024-12-12,Madrid,40.386642,-3.6760864,9.4,1.1,4.7,7.0,-2.0,09:28,18:48,7.65,7.9,0.0,2024,12,12,Open-Meteo (ERA5),13.3,0.0
2024-12-13,Madrid,40.386642,-3.6760864,9.1,2.8,4.9,6.5,0.1,09:29,18:48,4.45,9.6,3.0,2024,12,13,Open-Meteo (ERA5),13.1,0.0
2024-12-14,Madrid,40.386642,-3.6760864,8.1,0.2,3.6,6.0,-2.3,09:30,18:48,7.52,3.9,0.0,2024,12,14,Open-Meteo (ERA5),14.4,0.0
2024-12-15,Madrid,40.386642,-3.6760864,9.9,-1.5,3.2,7.8,-4.8,09:30,18:49,8.98,9.8,0.0,2024,12,15,Open-Meteo (ERA5),14.8,0.0
2024-12-16,Madrid,40.386642,-3.6760864,9.5,-0.5,3.8,6.3,-4.0,09:31,18:49,9.18,10.1,0.0,2024,12,16,Open-Meteo (ERA5),14.2,0.0
2024-12-17,Madrid,40.386642,-3.6760864,8.2,-0.4,3.2,6.1,-3.6,09:32,18:49,8.6,5.6,0.0,2024,12,17,Open-Meteo (ERA5),14.8,0.0
2024-12-18,Madrid,40.386642,-3.6760864,11.0,0.6,5.0,9.2,-2.2,09:32,18:50,8.24,6.0,0.0,2024,12,18,Open-Meteo (ERA5),13.0,0.0
2024-12-19,Madrid,40.386642,-3.6760864,13.2,7.0,9.2,11.0,4.2,09:33,18:50,5.62,16.9,1.2,2024,12,19,Open-Meteo (ERA5),8.8,0.0
2024-12-20,Madrid,40.386642,-3.6760864,10.1,1.1,5.5,6.8,-2.0,09:33,18:51,9.04,15.1,0.0,2024,12,20,Open-Meteo (ERA5),12.5,0.0
2024-12-21,Madrid,40.386642,-3.6760864,10.1,-1.1,3.6,7.9,-4.5,09:34,18:51,8.97,6.9,0.0,2024,12,21,Open-Meteo (ERA5),14.4,0.0
2024-12-22,Madrid,40.386642,-3.6760864,12.0,-1.1,4.4,10.3,-3.7,09:34,18:52,8.92,7.2,0.0,2024,12,22,Open-Meteo (ERA5),13.6,0.0
2024-12-23,Madrid,40.386642,-3.6760864,10.6,4.2,6.8,5.6,1.2,09:35,18:52,7.87,21.1,0.0,2024,12,23,Open-Meteo (ERA5),11.2,0.0
2024-12-24,Madrid,40.386642,-3.6760864,13.4,1.4,7.0,11.1,-1.8,09:35,18:53,8.69,15.4,0.0,2024,12,24,Open-Meteo (ERA5),11.0,0.0
2024-12-25,Madrid,40.386642,-3.6760864,14.9,5.4,9.0,13.6,2.3,09:36,18:53,8.9,12.7,0.0,2024,12,25,Open-Meteo (ERA5),9.0,0.0
2024-12-26,Madrid,40.386642,-3.6760864,12.9,2.2,7.1,11.5,0.1,09:36,18:54,8.91,4.7,0.0,2024,12,26,Open-Meteo (ERA5),10.9,0.0
2024-12-27,Madrid,40.386642,-3.6760864,10.9,2.1,5.9,8.5,-0.8,09:36,18:55,8.61,7.9,0.0,2024,12,27,Open-Meteo (ERA5),12.1,0.0
2024-12-28,Madrid,40.386642,-3.6760864,9.8,0.2,4.4,7.9,-2.7,09:36,18:55,8.58,5.5,0.0,2024,12,28,Open-Meteo (ERA5),13.6,0.0
2024-12-29,Madrid,40.386642,-3.6760864,9.4,-0.3,4.0,7.4,-3.6,09:37,18:56,9.16,7.5,0.0,2024,12,29,Open-Meteo (ERA5),14.0,0.0
2024-12-30,Madrid,40.386642,-3.6760864,8.7,-0.4,3.3,6.7,-3.5,09:37,18:57,9.15,7.0,0.0,2024,12,30,Open-Meteo (ERA5),14.7,0.0
2024-12-31,Madrid,40.386642,-3.6760864,8.8,-0.1,3.1,6.7,-3.4,09:37,18:58,9.12,7.7,0.0,2024,12,31,Open-Meteo (ERA5),14.9,0.0
2025-01-01,Madrid,40.386642,-3.6760864,7.9,-0.9,2.8,6.1,-3.5,09:37,18:59,6.72,6.0,0.0,2025,1,1,Open-Meteo (ERA5),15.2,0.0
2025-01-02,Madrid,40.386642,-3.6760864,8.6,-1.0,2.9,6.0,-3.5,09:37,18:59,6.74,7.1,0.0,2025,1,2,Open-Meteo (ERA5),15.1,0.0
2025-01-03,Madrid,40.386642,-3.6760864,8.1,-0.1,3.5,6.4,-2.8,09:37,19:00,5.11,4.1,0.0,2025,1,3,Open-Meteo (ERA5),14.5,0.0
2025-01-04,Madrid,40.386642,-3.6760864,7.5,1.0,4.1,5.7,-1.1,09:37,19:01,2.75,8.1,0.0,2025,1,4,Open-Meteo (ERA5),13.9,0.0
2025-01-05,Madrid,40.386642,-3.6760864,11.2,3.5,7.3,8.0,1.9,09:37,19:02,2.6,18.8,2.1,2025,1,5,Open-Meteo (ERA5),10.7,0.0
2025-01-06,Madrid,40.386642,-3.6760864,11.8,6.1,8.9,7.2,2.7,09:37,19:03,6.52,20.7,2.3,2025,1,6,Open-Meteo (ERA5),9.1,0.0
2025-01-07,Madrid,40.386642,-3.6760864,8.6,0.9,5.5,5.3,-2.4,09:37,19:04,6.7,18.9,0.0,2025,1,7,Open-Meteo (ERA5),12.5,0.0
2025-01-08,Madrid,40.386642,-3.6760864,11.3,6.1,8.7,7.7,3.4,09:37,19:05,5.67,21.2,0.5,2025,1,8,Open-Meteo (ERA5),9.3,0.0
2025-01-09,Madrid,40.386642,-3.6760864,13.2,8.6,10.2,10.1,5.6,09:37,19:06,5.27,18.3,0.0,2025,1,9,Open-Meteo (ERA5),7.800000000000001,0.0
2025-01-10,Madrid,40.386642,-3.6760864,12.8,7.2,9.1,10.8,5.7,09:37,19:07,5.02,12.6,0.0,2025,1,10,Open-Meteo (ERA5),8.9,0.0
2025-01-11,Madrid,40.386642,-3.6760864,17.8,8.3,12.1,15.5,5.9,09:36,19:08,6.49,15.1,0.0,2025,1,11,Open-Meteo (ERA5),5.9,0.0
2025-01-12,Madrid,40.386642,-3.6760864,14.0,3.2,8.8,10.6,0.1,09:36,19:09,10.01,12.0,0.0,2025,1,12,Open-Meteo (ERA5),9.2,0.0
2025-01-13,Madrid,40.386642,-3.6760864,11.9,-2.9,4.3,7.4,-6.2,09:36,19:10,10.74,9.0,0.0,2025,1,13,Open-Meteo (ERA5),13.7,0.0
2025-01-14,Madrid,40.386642,-3.6760864,9.2,-1.2,2.7,5.5,-6.1,09:35,19:11,10.65,13.9,0.0,2025,1,14,Open-Meteo (ERA5),15.3,0.0
2025-01-15,Madrid,40.386642,-3.6760864,9.1,-3.8,1.2,5.3,-7.5,09:35,19:12,10.76,5.9,0.0,2025,1,15,Open-Meteo (ERA5),16.8,0.0
2025-01-16,Madrid,40.386642,-3.6760864,11.6,-1.5,3.9,8.1,-4.7,09:35,19:13,10.27,17.6,0.0,2025,1,16,Open-Meteo (ERA5),14.1,0.0
2025-01-17,Madrid,40.386642,-3.6760864,10.7,0.9,5.1,7.1,-3.4,09:34,19:15,9.29,14.0,0.0,2025,1,17,Open-Meteo (ERA5),12.9,0.0
2025-01-18,Madrid,40.386642,-3.6760864,8.9,-1.1,3.4,5.9,-4.2,09:34,19:16,10.67,8.7,0.0,2025,1,18,Open-Meteo (ERA5),14.6,0.0
2025-01-19,Madrid,40.386642,-3.6760864,8.1,-2.2,2.1,5.5,-5.4,09:33,19:17,10.54,4.9,0.0,2025,1,19,Open-Meteo (ERA5),15.9,0.0
2025-01-20,Madrid,40.386642,-3.6760864,7.9,2.3,5.0,6.4,-0.3,09:32,19:18,3.01,7.1,2.4,2025,1,20,Open-Meteo (ERA5),13.0,0.0
2025-01-21,Madrid,40.386642,-3.6760864,11.4,5.8,8.0,9.2,4.0,09:32,19:19,2.22,15.4,5.6,2025,1,21,Open-Meteo (ERA5),10.0,0.0
2025-01-22,Madrid,40.386642,-3.6760864,12.9,8.2,10.0,10.3,5.8,09:31,19:20,4.69,18.3,12.8,2025,1,22,Open-Meteo (ERA5),8.0,0.0
2025-01-23,Madrid,40.386642,-3.6760864,14.4,8.4,10.7,13.3,7.3,09:31,19:22,6.69,12.6,4.2,2025,1,23,Open-Meteo (ERA5),7.300000000000001,0.0
2025-01-24,Madrid,40.386642,-3.6760864,13.8,8.9,10.5,11.0,7.3,09:30,19:23,5.78,14.9,0.2,2025,1,24,Open-Meteo (ERA5),7.5,0.0
2025-01-25,Madrid,40.386642,-3.6760864,11.2,8.3,9.6,8.4,5.6,09:29,19:24,3.72,17.2,1.5,2025,1,25,Open-Meteo (ERA5),8.4,0.0
2025-01-26,Madrid,40.386642,-3.6760864,12.2,4.7,8.3,9.3,1.9,09:28,19:25,3.29,21.0,1.8,2025,1,26,Open-Meteo (ERA5),9.7,0.0
2025-01-27,Madrid,40.386642,-3.6760864,13.9,7.8,12.1,10.2,3.0,09:28,19:26,7.5,30.8,5.9,2025,1,27,Open-Meteo (ERA5),5.9,0.0
2025-01-28,Madrid,40.386642,-3.6760864,11.1,4.8,7.1,5.5,1.1,09:27,19:28,10.23,24.9,0.9,2025,1,28,Open-Meteo (ERA5),10.9,0.0
2025-01-29,Madrid,40.386642,-3.6760864,8.1,3.8,5.9,5.1,0.4,09:26,19:29,1.83,22.2,8.4,2025,1,29,Open-Meteo (ERA5),12.1,0.0
2025-01-30,Madrid,40.386642,-3.6760864,10.9,3.3,6.4,7.2,0.3,09:25,19:30,10.66,15.2,0.0,2025,1,30,Open-Meteo (ERA5),11.6,0.0
2025-01-31,Madrid,40.386642,-3.6760864,9.8,-0.4,4.3,7.2,-3.5,09:24,19:31,12.39,15.9,0.0,2025,1,31,Open-Meteo (ERA5),13.7,0.0
2025-02-01,Madrid,40.386642,-3.6760864,12.2,-0.5,4.8,10.1,-3.7,09:23,19:32,11.57,7.9,0.0,2025,2,1,Open-Meteo (ERA5),13.2,0.0
2025-02-02,Madrid,40.386642,-3.6760864,10.1,-0.2,4.9,8.0,-3.2,09:22,19:34,8.77,8.0,0.3,2025,2,2,Open-Meteo (ERA5),13.1,0.0
2025-02-03,Madrid,40.386642,-3.6760864,10.9,1.9,6.0,8.1,-2.1,09:21,19:35,12.6,14.0,0.0,2025,2,3,Open-Meteo (ERA5),12.0,0.0
2025-02-04,Madrid,40.386642,-3.6760864,12.0,0.1,5.6,9.6,-2.9,09:20,19:36,12.79,7.3,0.0,2025,2,4,Open-Meteo (ERA5),12.4,0.0
2025-02-05,Madrid,40.386642,-3.6760864,12.9,0.6,5.8,10.8,-2.9,09:19,19:37,13.28,8.1,0.0,2025,2,5,Open-Meteo (ERA5),12.2,0.0
2025-02-06,Madrid,40.386642,-3.6760864,11.7,0.3,5.3,9.1,-3.2,09:18,19:38,13.39,7.6,0.0,2025,2,6,Open-Meteo (ERA5),12.7,0.0
2025-02-07,Madrid,40.386642,-3.6760864,8.0,0.4,4.3,5.1,-2.5,09:17,19:40,6.17,13.0,3.3,2025,2,7,Open-Meteo (ERA5),13.7,0.0
2025-02-08,Madrid,40.386642,-3.6760864,11.4,2.2,6.8,9.3,-0.5,09:16,19:41,12.67,12.1,0.0,2025,2,8,Open-Meteo (ERA5),11.2,0.0
2025-02-09,Madrid,40.386642,-3.6760864,12.8,1.6,6.6,11.5,-0.7,09:14,19:42,11.79,4.5,0.0,2025,2,9,Open-Meteo (ERA5),11.4,0.0
2025-02-10,Madrid,40.386642,-3.6760864,13.3,4.9,8.7,12.1,2.5,09:13,19:43,10.78,7.6,0.1,2025,2,10,Open-Meteo (ERA5),9.3,0.0
2025-02-11,Madrid,40.386642,-3.6760864,13.8,5.2,9.2,11.5,3.3,09:12,19:45,11.23,10.7,1.5,2025,2,11,Open-Meteo (ERA5),8.8,0.0
2025-02-12,Madrid,40.386642,-3.6760864,13.2,7.0,9.6,9.9,4.0,09:11,19:46,12.22,14.4,2.0,2025,2,12,Open-Meteo (ERA5),8.4,0.0
2025-02-13,Madrid,40.386642,-3.6760864,14.2,2.5,8.2,12.8,0.1,09:10,19:47,12.65,7.7,0.0,2025,2,13,Open-Meteo (ERA5),9.8,0.0
2025-02-14,Madrid,40.386642,-3.6760864,15.3,3.2,9.0,13.9,1.0,09:08,19:48,13.83,6.6,0.0,2025,2,14,Open-Meteo (ERA5),9.0,0.0
2025-02-15,Madrid,40.386642,-3.6760864,15.1,3.6,8.9,13.6,1.4,09:07,19:49,10.93,6.6,0.0,2025,2,15,Open-Meteo (ERA5),9.1,0.0
2025-02-16,Madrid,40.386642,-3.6760864,17.0,4.5,10.1,14.9,2.0,09:06,19:51,13.66,11.5,0.0,2025,2,16,Open-Meteo (ERA5),7.9,0.0
2025-02-17,Madrid,40.386642,-3.6760864,14.2,4.4,9.1,13.1,2.3,09:05,19:52,12.37,10.6,0.0,2025,2,17,Open-Meteo (ERA5),8.9,0.0
2025-02-18,Madrid,40.386642,-3.6760864,16.0,5.2,10.1,14.6,2.7,09:03,19:53,11.72,8.2,0.0,2025,2,18,Open-Meteo (ERA5),7.9,0.0
2025-02-19,Madrid,40.386642,-3.6760864,16.6,6.8,11.3,14.8,5.6,09:02,19:54,13.0,8.1,0.0,2025,2,19,Open-Meteo (ERA5),6.699999999999999,0.0
2025-02-20,Madrid,40.386642,-3.6760864,16.2,5.3,10.3,14.8,3.9,09:00,19:55,12.87,7.3,0.0,2025,2,20,Open-Meteo (ERA5),7.699999999999999,0.0
2025-02-21,Madrid,40.386642,-3.6760864,16.6,5.8,11.0,14.1,4.2,08:59,19:56,9.42,13.2,0.2,2025,2,21,Open-Meteo (ERA5),7.0,0.0
2025-02-22,Madrid,40.386642,-3.6760864,13.4,6.8,9.6,11.7,5.0,08:58,19:58,12.89,16.9,2.7,2025,2,22,Open-Meteo (ERA5),8.4,0.0
2025-02-23,Madrid,40.386642,-3.6760864,14.1,2.6,8.3,12.2,-0.1,08:56,19:59,16.06,7.4,0.0,2025,2,23,Open-Meteo (ERA5),9.7,0.0
2025-02-24,Madrid,40.386642,-3.6760864,14.4,4.4,9.0,11.5,2.5,08:55,20:00,12.57,13.3,0.0,2025,2,24,Open-Meteo (ERA5),9.0,0.0
2025-02-25,Madrid,40.386642,-3.6760864,14.1,7.8,10.2,10.8,5.0,08:53,20:01,9.75,16.1,0.1,2025,2,25,Open-Meteo (ERA5),7.800000000000001,0.0
2025-02-26,Madrid,40.386642,-3.6760864,12.7,1.5,7.0,9.9,-1.3,08:52,20:02,16.66,8.5,0.0,2025,2,26,Open-Meteo (ERA5),11.0,0.0
2025-02-27,Madrid,40.386642,-3.6760864,12.9,4.1,7.6,10.8,1.8,08:50,20:03,11.64,5.4,3.2,2025,2,27,Open-Meteo (ERA5),10.4,0.0
2025-02-28,Madrid,40.386642,-3.6760864,15.8,4.2,9.4,13.0,1.0,08:49,20:04,14.05,11.5,0.1,2025,2,28,Open-Meteo (ERA5),8.6,0.0
2025-03-01,Madrid,40.386642,-3.6760864,9.1,4.8,7.5,6.7,0.5,08:47,20:06,5.26,18.5,6.2,2025,3,1,Open-Meteo (ERA5),10.5,0.0
2025-03-02,Madrid,40.386642,-3.6760864,4.5,1.8,3.1,0.7,-2.4,08:46,20:07,2.56,19.2,18.0,2025,3,2,Open-Meteo (ERA5),14.9,0.0
2025-03-03,Madrid,40.386642,-3.6760864,11.4,4.1,7.0,9.5,0.1,08:44,20:08,6.31,16.6,15.0,2025,3,3,Open-Meteo (ERA5),11.0,0.0
2025-03-04,Madrid,40.386642,-3.6760864,14.3,7.1,9.5,12.8,4.5,08:43,20:09,9.19,12.0,7.8,2025,3,4,Open-Meteo (ERA5),8.5,0.0
2025-03-05,Madrid,40.386642,-3.6760864,14.3,7.2,9.8,12.1,4.6,08:41,20:10,10.33,13.0,3.6,2025,3,5,Open-Meteo (ERA5),8.2,0.0
2025-03-06,Madrid,40.386642,-3.6760864,14.6,8.4,10.2,12.6,6.1,08:40,20:11,6.44,15.6,19.6,2025,3,6,Open-Meteo (ERA5),7.800000000000001,0.0
2025-03-07,Madrid,40.386642,-3.6760864,13.9,7.4,9.8,11.0,5.7,08:38,20:12,7.49,17.4,8.2,2025,3,7,Open-Meteo (ERA5),8.2,0.0
2025-03-08,Madrid,40.386642,-3.6760864,12.6,5.3,8.9,9.1,2.9,08:36,20:13,3.39,26.3,20.7,2025,3,8,Open-Meteo (ERA5),9.1,0.0
2025-03-09,Madrid,40.386642,-3.6760864,9.9,3.5,6.0,6.8,0.9,08:35,20:14,8.55,14.6,7.0,2025,3,9,Open-Meteo (ERA5),12.0,0.0
2025-03-10,Madrid,40.386642,-3.6760864,11.6,4.0,7.1,9.2,1.9,08:33,20:15,9.31,21.4,10.9,2025,3,10,Open-Meteo (ERA5),10.9,0.0
2025-03-11,Madrid,40.386642,-3.6760864,11.4,6.8,8.4,7.9,3.8,08:32,20:17,8.27,17.4,8.9,2025,3,11,Open-Meteo (ERA5),9.6,0.0
2025-03-12,Madrid,40.386642,-3.6760864,12.9,4.8,8.5,9.5,2.7,08:30,20:18,14.96,19.2,0.6,2025,3,12,Open-Meteo (ERA5),9.5,0.0
2025-03-13,Madrid,40.386642,-3.6760864,10.8,5.8,7.6,8.9,2.3,08:29,20:19,7.45,16.7,8.3,2025,3,13,Open-Meteo (ERA5),10.4,0.0
2025-03-14,Madrid,40.386642,-3.6760864,9.4,3.9,6.4,5.7,-0.4,08:27,20:20,14.08,17.1,1.0,2025,3,14,Open-Meteo (ERA5),11.6,0.0
2025-03-15,Madrid,40.386642,-3.6760864,9.6,-0.5,4.9,7.3,-3.4,08:25,20:21,14.05,13.7,0.9,2025,3,15,Open-Meteo (ERA5),13.1,0.0
2025-03-16,Madrid,40.386642,-3.6760864,10.4,2.6,5.2,7.1,0.1,08:24,20:22,10.54,17.1,11.8,2025,3,16,Open-Meteo (ERA5),12.8,0.0
2025-03-17,Madrid,40.386642,-3.6760864,8.7,3.2,5.7,6.1,-0.2,08:22,20:23,4.93,13.4,7.0,2025,3,17,Open-Meteo (ERA5),12.3,0.0
2025-03-18,Madrid,40.386642,-3.6760864,12.7,6.7,8.4,11.1,3.8,08:20,20:24,4.65,19.7,29.1,2025,3,18,Open-Meteo (ERA5),9.6,0.0
2025-03-19,Madrid,40.386642,-3.6760864,16.4,6.8,11.0,13.6,4.7,08:19,20:25,14.49,18.0,6.5,2025,3,19,Open-Meteo (ERA5),7.0,0.0
2025-03-20,Madrid,40.386642,-3.6760864,15.8,9.2,11.6,13.8,7.0,08:17,20:26,8.23,17.6,9.9,2025,3,20,Open-Meteo (ERA5),6.4,0.0
2025-03-21,Madrid,40.386642,-3.6760864,11.1,7.6,9.6,9.3,3.8,08:15,20:27,8.09,24.0,17.3,2025,3,21,Open-Meteo (ERA5),8.4,0.0
2025-03-22,Madrid,40.386642,-3.6760864,10.2,4.8,7.0,7.8,0.9,08:14,20:28,7.6,26.2,12.3,2025,3,22,Open-Meteo (ERA5),11.0,0.0
2025-03-23,Madrid,40.386642,-3.6760864,11.2,3.2,6.8,8.8,-0.6,08:12,20:29,15.88,20.1,4.5,2025,3,23,Open-Meteo (ERA5),11.2,0.0
2025-03-24,Madrid,40.386642,-3.6760864,13.6,3.8,7.5,12.4,1.1,08:10,20:30,14.86,10.7,2.6,2025,3,24,Open-Meteo (ERA5),10.5,0.0
2025-03-25,Madrid,40.386642,-3.6760864,14.9,4.4,9.3,12.4,1.6,08:09,20:31,17.26,14.1,0.2,2025,3,25,Open-Meteo (ERA5),8.7,0.0
2025-03-26,Madrid,40.386642,-3.6760864,14.7,3.9,9.4,13.6,1.6,08:07,20:32,16.29,10.3,0.1,2025,3,26,Open-Meteo (ERA5),8.6,0.0
2025-03-27,Madrid,40.386642,-3.6760864,14.5,3.1,9.0,13.8,0.2,08:05,20:33,20.77,7.1,0.0,2025,3,27,Open-Meteo (ERA5),9.0,0.0
2025-03-28,Madrid,40.386642,-3.6760864,17.0,4.6,10.5,16.7,2.1,08:04,20:34,22.0,7.9,0.0,2025,3,28,Open-Meteo (ERA5),7.5,0.0
2025-03-29,Madrid,40.386642,-3.6760864,16.8,5.3,10.6,15.9,2.6,08:02,20:35,22.44,17.9,0.0,2025,3,29,Open-Meteo (ERA5),7.4,0.0
2025-03-30,Madrid,40.386642,-3.6760864,18.2,2.9,10.0,16.0,-0.7,08:01,20:37,23.23,13.1,0.0,2025,3,30,Open-Meteo (ERA5),8.0,0.0
2025-03-31,Madrid,40.386642,-3.6760864,21.5,6.3,13.3,21.3,2.9,07:59,20:38,23.22,11.4,0.0,2025,3,31,Open-Meteo (ERA5),4.699999999999999,0.0
2025-04-01,Madrid,40.386642,-3.6760864,20.7,7.7,13.8,20.2,6.0,07:57,20:39,21.02,13.5,0.0,2025,4,1,Open-Meteo (ERA5),4.199999999999999,0.0
2025-04-02,Madrid,40.386642,-3.6760864,17.9,9.0,13.4,16.8,8.1,07:56,20:40,17.83,13.8,2.4,2025,4,2,Open-Meteo (ERA5),4.6,0.0
2025-04-03,Madrid,40.386642,-3.6760864,11.4,8.7,10.0,10.2,7.1,07:54,20:41,4.28,11.8,34.3,2025,4,3,Open-Meteo (ERA5),8.0,0.0
2025-04-04,Madrid,40.386642,-3.6760864,16.0,9.6,11.6,12.9,7.4,07:53,20:42,14.45,21.2,13.0,2025,4,4,Open-Meteo (ERA5),6.4,0.0
2025-04-05,Madrid,40.386642,-3.6760864,15.8,8.6,11.4,13.8,6.5,07:51,20:43,16.47,12.9,0.3,2025,4,5,Open-Meteo (ERA5),6.6,0.0
2025-04-06,Madrid,40.386642,-3.6760864,17.6,8.8,12.8,17.2,7.6,07:49,20:44,20.09,7.9,0.0,2025,4,6,Open-Meteo (ERA5),5.199999999999999,0.0
2025-04-07,Madrid,40.386642,-3.6760864,20.6,7.2,13.8,21.1,5.5,07:48,20:45,23.55,8.5,0.0,2025,4,7,Open-Meteo (ERA5),4.199999999999999,0.0
2025-04-08,Madrid,40.386642,-3.6760864,22.8,8.6,15.6,23.2,6.7,07:46,20:46,24.07,7.6,0.0,2025,4,8,Open-Meteo (ERA5),2.4000000000000004,0.0
2025-04-09,Madrid,40.386642,-3.6760864,21.7,8.9,15.6,22.5,6.8,07:45,20:47,23.93,7.6,0.0,2025,4,9,Open-Meteo (ERA5),2.4000000000000004,0.0
2025-04-10,Madrid,40.386642,-3.6760864,21.1,9.5,15.3,19.7,7.2,07:43,20:48,21.87,13.8,0.0,2025,4,10,Open-Meteo (ERA5),2.6999999999999993,0.0
2025-04-11,Madrid,40.386642,-3.6760864,17.5,9.9,12.9,15.6,7.6,07:41,20:49,11.07,14.9,3.0,2025,4,11,Open-Meteo (ERA5),5.1,0.0
2025-04-12,Madrid,40.386642,-3.6760864,17.0,9.8,13.1,17.1,9.1,07:40,20:50,13.46,12.4,6.1,2025,4,12,Open-Meteo (ERA5),4.9,0.0
2025-04-13,Madrid,40.386642,-3.6760864,17.0,10.2,13.2,17.9,10.1,07:38,20:51,15.15,7.8,8.6,2025,4,13,Open-Meteo (ERA5),4.800000000000001,0.0
2025-04-14,Madrid,40.386642,-3.6760864,15.6,9.1,12.1,13.7,7.4,07:37,20:52,20.9,21.4,2.0,2025,4,14,Open-Meteo (ERA5),5.9,0.0
2025-04-15,Madrid,40.386642,-3.6760864,10.9,6.4,8.6,8.0,3.3,07:35,20:53,18.41,17.3,6.2,2025,4,15,Open-Meteo (ERA5),9.4,0.0
2025-04-16,Madrid,40.386642,-3.6760864,10.6,4.2,7.5,6.9,0.4,07:34,20:54,14.99,18.0,2.4,2025,4,16,Open-Meteo (ERA5),10.5,0.0
2025-04-17,Madrid,40.386642,-3.6760864,17.2,6.2,11.3,14.8,3.1,07:32,20:55,24.48,13.7,0.1,2025,4,17,Open-Meteo (ERA5),6.699999999999999,0.0
2025-04-18,Madrid,40.386642,-3.6760864,18.1,8.6,12.6,16.3,7.4,07:31,20:56,19.14,21.6,5.7,2025,4,18,Open-Meteo (ERA5),5.4,0.0
2025-04-19,Madrid,40.386642,-3.6760864,12.4,7.8,10.0,9.3,3.9,07:29,20:57,22.47,23.1,5.7,2025,4,19,Open-Meteo (ERA5),8.0,0.0
2025-04-20,Madrid,40.386642,-3.6760864,15.2,5.8,9.8,11.5,2.1,07:28,20:58,17.9,21.5,2.4,2025,4,20,Open-Meteo (ERA5),8.2,0.0
2025-04-21,Madrid,40.386642,-3.6760864,17.2,7.3,12.3,16.3,5.7,07:27,20:59,21.6,10.8,0.0,2025,4,21,Open-Meteo (ERA5),5.699999999999999,0.0
2025-04-22,Madrid,40.386642,-3.6760864,17.8,9.1,13.3,17.9,8.5,07:25,21:00,19.77,10.8,1.0,2025,4,22,Open-Meteo (ERA5),4.699999999999999,0.0
2025-04-23,Madrid,40.386642,-3.6760864,20.5,7.2,13.8,20.7,5.0,07:24,21:01,26.0,9.8,0.0,2025,4,23,Open-Meteo (ERA5),4.199999999999999,0.0
2025-04-24,Madrid,40.386642,-3.6760864,23.7,9.8,16.8,24.7,7.7,07:22,21:02,26.47,9.6,0.0,2025,4,24,Open-Meteo (ERA5),1.1999999999999993,0.0
2025-04-25,Madrid,40.386642,-3.6760864,25.4,11.2,17.9,24.7,10.2,07:21,21:03,25.04,19.4,0.3,2025,4,25,Open-Meteo (ERA5),0.10000000000000142,0.0
2025-04-26,Madrid,40.386642,-3.6760864,21.5,12.6,16.8,20.3,11.4,07:20,21:04,22.31,15.2,0.0,2025,4,26,Open-Meteo (ERA5),1.1999999999999993,0.0
2025-04-27,Madrid,40.386642,-3.6760864,20.4,7.9,14.7,18.7,5.2,07:18,21:05,25.37,15.7,0.0,2025,4,27,Open-Meteo (ERA5),3.3000000000000007,0.0
2025-04-28,Madrid,40.386642,-3.6760864,22.2,8.9,15.8,20.9,6.2,07:17,21:06,27.12,13.1,0.0,2025,4,28,Open-Meteo (ERA5),2.1999999999999993,0.0
2025-04-29,Madrid,40.386642,-3.6760864,21.4,10.4,16.1,19.5,7.4,07:16,21:08,25.57,14.8,0.0,2025,4,29,Open-Meteo (ERA5),1.8999999999999986,0.0
2025-04-30,Madrid,40.386642,-3.6760864,20.9,10.2,15.3,18.0,7.7,07:14,21:09,15.86,20.9,5.6,2025,4,30,Open-Meteo (ERA5),2.6999999999999993,0.0
2025-05-01,Madrid,40.386642,-3.6760864,21.1,11.8,15.6,20.8,11.2,07:13,21:10,18.22,10.1,28.2,2025,5,1,Open-Meteo (ERA5),2.4000000000000004,0.0
2025-05-02,Madrid,40.386642,-3.6760864,18.7,12.4,15.0,19.1,11.1,07:12,21:11,17.48,12.7,39.9,2025,5,2,Open-Meteo (ERA5),3.0,0.0
2025-05-03,Madrid,40.386642,-3.6760864,18.5,10.2,14.3,16.8,9.6,07:10,21:12,21.0,14.0,1.2,2025,5,3,Open-Meteo (ERA5),3.6999999999999993,0.0
2025-05-04,Madrid,40.386642,-3.6760864,15.9,10.4,13.0,14.6,9.3,07:09,21:13,21.06,16.9,2.3,2025,5,4,Open-Meteo (ERA5),5.0,0.0
2025-05-05,Madrid,40.386642,-3.6760864,17.5,9.4,12.6,17.6,8.1,07:08,21:14,18.92,11.9,16.4,2025,5,5,Open-Meteo (ERA5),5.4,0.0
2025-05-06,Madrid,40.386642,-3.6760864,16.8,7.3,11.8,14.9,4.7,07:07,21:15,20.66,12.0,0.2,2025,5,6,Open-Meteo (ERA5),6.199999999999999,0.0
2025-05-07,Madrid,40.386642,-3.6760864,18.6,6.7,12.6,19.3,3.1,07:06,21:16,23.89,13.4,0.2,2025,5,7,Open-Meteo (ERA5),5.4,0.0
2025-05-08,Madrid,40.386642,-3.6760864,16.4,9.8,12.8,15.6,8.7,07:05,21:17,14.56,9.1,4.7,2025,5,8,Open-Meteo (ERA5),5.199999999999999,0.0
2025-05-09,Madrid,40.386642,-3.6760864,17.0,8.5,13.1,14.9,7.2,07:04,21:18,22.64,15.6,1.2,2025,5,9,Open-Meteo (ERA5),4.9,0.0
2025-05-10,Madrid,40.386642,-3.6760864,17.0,9.4,13.1,15.2,8.4,07:03,21:19,21.76,19.0,7.9,2025,5,10,Open-Meteo (ERA5),4.9,0.0
2025-05-11,Madrid,40.386642,-3.6760864,17.1,8.1,12.7,14.6,6.0,07:02,21:20,24.21,12.5,0.0,2025,5,11,Open-Meteo (ERA5),5.300000000000001,0.0
2025-05-12,Madrid,40.386642,-3.6760864,18.3,6.7,12.9,17.0,5.1,07:01,21:21,23.1,11.1,0.1,2025,5,12,Open-Meteo (ERA5),5.1,0.0
2025-05-13,Madrid,40.386642,-3.6760864,19.5,8.3,14.2,19.6,6.4,07:00,21:22,26.65,6.9,0.1,2025,5,13,Open-Meteo (ERA5),3.8000000000000007,0.0
2025-05-14,Madrid,40.386642,-3.6760864,20.9,10.6,14.4,20.7,9.4,06:59,21:23,23.18,11.8,9.4,2025,5,14,Open-Meteo (ERA5),3.5999999999999996,0.0
2025-05-15,Madrid,40.386642,-3.6760864,19.0,11.0,14.3,18.1,10.1,06:58,21:24,21.09,17.1,1.5,2025,5,15,Open-Meteo (ERA5),3.6999999999999993,0.0
2025-05-16,Madrid,40.386642,-3.6760864,23.0,8.9,16.3,22.6,7.8,06:57,21:24,27.07,10.8,0.0,2025,5,16,Open-Meteo (ERA5),1.6999999999999993,0.0
2025-05-17,Madrid,40.386642,-3.6760864,25.0,10.4,18.2,24.7,8.3,06:56,21:25,27.81,12.0,0.0,2025,5,17,Open-Meteo (ERA5),0.0,0.1999999999999993
2025-05-18,Madrid,40.386642,-3.6760864,28.0,12.5,20.5,26.8,11.0,06:55,21:26,27.63,19.3,0.0,2025,5,18,Open-Meteo (ERA5),0.0,2.5
2025-05-19,Madrid,40.386642,-3.6760864,20.9,12.6,17.3,18.2,10.5,06:54,21:27,24.74,15.1,0.3,2025,5,19,Open-Meteo (ERA5),0.6999999999999993,0.0
2025-05-20,Madrid,40.386642,-3.6760864,25.4,11.6,18.5,23.5,10.6,06:53,21:28,25.27,13.3,0.0,2025,5,20,Open-Meteo (ERA5),0.0,0.5
2025-05-21,Madrid,40.386642,-3.6760864,27.8,12.1,20.0,26.5,10.0,06:53,21:29,27.82,10.6,0.0,2025,5,21,Open-Meteo (ERA5),0.0,2.0
2025-05-22,Madrid,40.386642,-3.6760864,24.2,14.9,19.9,23.1,13.1,06:52,21:30,26.99,15.5,0.0,2025,5,22,Open-Meteo (ERA5),0.0,1.8999999999999986
2025-05-23,Madrid,40.386642,-3.6760864,24.0,10.6,17.3,21.7,6.4,06:51,21:31,29.55,15.7,0.0,2025,5,23,Open-Meteo (ERA5),0.6999999999999993,0.0
2025-05-24,Madrid,40.386642,-3.6760864,27.0,10.9,19.2,25.4,8.1,06:50,21:32,29.61,13.9,0.0,2025,5,24,Open-Meteo (ERA5),0.0,1.1999999999999993
2025-05-25,Madrid,40.386642,-3.6760864,29.5,13.4,22.3,28.9,11.3,06:50,21:33,29.0,11.0,0.0,2025,5,25,Open-Meteo (ERA5),0.0,4.300000000000001
2025-05-26,Madrid,40.386642,-3.6760864,30.6,16.3,23.8,29.6,15.2,06:49,21:33,26.97,12.8,0.0,2025,5,26,Open-Meteo (ERA5),0.0,5.800000000000001
2025-05-27,Madrid,40.386642,-3.6760864,31.4,16.4,24.4,30.8,14.7,06:49,21:34,29.42,14.3,0.0,2025,5,27,Open-Meteo (ERA5),0.0,6.399999999999999
2025-05-28,Madrid,40.386642,-3.6760864,33.5,17.7,26.1,32.7,15.6,06:48,21:35,28.89,12.1,0.0,2025,5,28,Open-Meteo (ERA5),0.0,8.100000000000001
2025-05-29,Madrid,40.386642,-3.6760864,34.1,19.0,27.3,33.9,17.1,06:47,21:36,29.11,13.7,0.0,2025,5,29,Open-Meteo (ERA5),0.0,9.3
2025-05-30,Madrid,40.386642,-3.6760864,34.4,19.8,27.7,34.4,18.8,06:47,21:37,26.44,12.4,0.0,2025,5,30,Open-Meteo (ERA5),0.0,9.7
2025-05-31,Madrid,40.386642,-3.6760864,34.5,18.7,27.3,34.3,18.2,06:47,21:37,26.95,10.1,0.0,2025,5,31,Open-Meteo (ERA5),0.0,9.3
2025-06-01,Madrid,40.386642,-3.6760864,34.4,20.6,27.3,33.0,20.2,06:46,21:38,25.29,16.7,0.7,2025,6,1,Open-Meteo (ERA5),0.0,9.3
2025-06-02,Madrid,40.386642,-3.6760864,31.9,19.5,25.2,30.9,18.5,06:46,21:39,24.42,14.8,0.0,2025,6,2,Open-Meteo (ERA5),0.0,7.199999999999999
2025-06-03,Madrid,40.386642,-3.6760864,24.0,18.0,21.2,22.5,16.6,06:45,21:39,21.77,17.3,1.7,2025,6,3,Open-Meteo (ERA5),0.0,3.1999999999999993
2025-06-04,Madrid,40.386642,-3.6760864,25.3,14.9,20.4,24.0,14.9,06:45,21:40,24.15,12.5,0.0,2025,6,4,Open-Meteo (ERA5),0.0,2.3999999999999986
2025-06-05,Madrid,40.386642,-3.6760864,29.0,15.1,22.5,28.0,14.3,06:45,21:41,29.38,11.7,0.0,2025,6,5,Open-Meteo (ERA5),0.0,4.5
2025-06-06,Madrid,40.386642,-3.6760864,30.8,17.0,24.4,28.9,16.6,06:44,21:41,29.66,14.0,0.0,2025,6,6,Open-Meteo (ERA5),0.0,6.399999999999999
2025-06-07,Madrid,40.386642,-3.6760864,31.7,17.3,25.3,29.4,16.4,06:44,21:42,29.83,15.6,0.0,2025,6,7,Open-Meteo (ERA5),0.0,7.300000000000001
2025-06-08,Madrid,40.386642,-3.6760864,34.5,18.5,26.9,33.3,16.2,06:44,21:43,29.94,11.2,0.0,2025,6,8,Open-Meteo (ERA5),0.0,8.899999999999999
2025-06-09,Madrid,40.386642,-3.6760864,36.7,19.9,27.9,37.6,19.3,06:44,21:43,27.05,15.1,1.1,2025,6,9,Open-Meteo (ERA5),0.0,9.899999999999999
2025-06-10,Madrid,40.386642,-3.6760864,34.5,21.5,28.2,33.4,21.3,06:44,21:44,21.73,13.1,0.0,2025,6,10,Open-Meteo (ERA5),0.0,10.2
2025-06-11,Madrid,40.386642,-3.6760864,27.9,18.0,22.9,28.2,18.9,06:44,21:44,13.7,15.0,12.4,2025,6,11,Open-Meteo (ERA5),0.0,4.899999999999999
2025-06-12,Madrid,40.386642,-3.6760864,27.4,16.1,21.6,27.7,18.2,06:44,21:45,29.29,9.5,0.0,2025,6,12,Open-Meteo (ERA5),0.0,3.6000000000000014
2025-06-13,Madrid,40.386642,-3.6760864,31.1,16.6,24.4,31.4,16.1,06:44,21:45,29.28,11.5,0.0,2025,6,13,Open-Meteo (ERA5),0.0,6.399999999999999
2025-06-14,Madrid,40.386642,-3.6760864,32.7,19.0,26.7,33.2,17.5,06:44,21:46,29.36,10.3,0.0,2025,6,14,Open-Meteo (ERA5),0.0,8.7
2025-06-15,Madrid,40.386642,-3.6760864,34.9,21.4,28.8,35.3,21.5,06:44,21:46,28.54,9.8,0.0,2025,6,15,Open-Meteo (ERA5),0.0,10.8
2025-06-16,Madrid,40.386642,-3.6760864,36.8,20.3,28.5,36.9,20.1,06:44,21:46,28.29,20.5,0.0,2025,6,16,Open-Meteo (ERA5),0.0,10.5
2025-06-17,Madrid,40.386642,-3.6760864,36.2,23.8,30.0,37.3,23.4,06:44,21:47,25.08,8.3,0.0,2025,6,17,Open-Meteo (ERA5),0.0,12.0
2025-06-18,Madrid,40.386642,-3.6760864,36.7,22.1,30.2,36.4,21.7,06:44,21:47,26.28,11.2,0.0,2025,6,18,Open-Meteo (ERA5),0.0,12.2
2025-06-19,Madrid,40.386642,-3.6760864,36.3,22.7,29.8,36.1,22.6,06:44,21:47,24.53,17.4,0.2,2025,6,19,Open-Meteo (ERA5),0.0,11.8
2025-06-20,Madrid,40.386642,-3.6760864,36.4,21.5,29.8,36.4,21.0,06:44,21:47,26.91,8.4,0.0,2025,6,20,Open-Meteo (ERA5),0.0,11.8
2025-06-21,Madrid,40.386642,-3.6760864,37.2,23.3,30.7,36.4,23.4,06:44,21:48,25.26,16.2,0.0,2025,6,21,Open-Meteo (ERA5),0.0,12.7
2025-06-22,Madrid,40.386642,-3.6760864,35.4,22.6,29.2,36.0,22.0,06:45,21:48,27.62,14.1,0.2,2025,6,22,Open-Meteo (ERA5),0.0,11.2
2025-06-23,Madrid,40.386642,-3.6760864,37.0,22.8,29.8,36.7,22.0,06:45,21:48,26.15,16.5,0.0,2025,6,23,Open-Meteo (ERA5),0.0,11.8
2025-06-24,Madrid,40.386642,-3.6760864,34.0,25.4,29.5,33.4,23.9,06:45,21:48,20.19,15.6,0.5,2025,6,24,Open-Meteo (ERA5),0.0,11.5
2025-06-25,Madrid,40.386642,-3.6760864,28.5,20.1,24.1,27.9,20.8,06:46,21:48,29.74,17.0,0.0,2025,6,25,Open-Meteo (ERA5),0.0,6.100000000000001
2025-06-26,Madrid,40.386642,-3.6760864,32.6,18.2,25.7,32.8,17.2,06:46,21:48,30.3,9.2,0.0,2025,6,26,Open-Meteo (ERA5),0.0,7.699999999999999
2025-06-27,Madrid,40.386642,-3.6760864,36.7,20.5,29.2,36.3,19.8,06:46,21:48,30.18,11.4,0.0,2025,6,27,Open-Meteo (ERA5),0.0,11.2
2025-06-28,Madrid,40.386642,-3.6760864,38.9,22.6,31.4,38.8,21.0,06:47,21:48,29.45,12.6,0.0,2025,6,28,Open-Meteo (ERA5),0.0,13.399999999999999
2025-06-29,Madrid,40.386642,-3.6760864,40.2,24.6,32.7,38.6,23.1,06:47,21:48,28.66,23.9,0.0,2025,6,29,Open-Meteo (ERA5),0.0,14.700000000000003
2025-06-30,Madrid,40.386642,-3.6760864,36.5,25.3,31.8,36.8,23.3,06:48,21:48,26.23,19.9,0.2,2025,6,30,Open-Meteo (ERA5),0.0,13.8
2025-07-01,Madrid,40.386642,-3.6760864,37.0,23.8,31.3,36.6,22.3,06:48,21:48,28.53,11.1,0.0,2025,7,1,Open-Meteo (ERA5),0.0,13.3
2025-07-02,Madrid,40.386642,-3.6760864,37.5,24.9,31.0,37.9,23.9,06:49,21:48,28.15,20.4,0.1,2025,7,2,Open-Meteo (ERA5),0.0,13.0
2025-07-03,Madrid,40.386642,-3.6760864,37.1,23.3,30.0,36.7,23.2,06:49,21:48,26.34,20.0,0.7,2025,7,3,Open-Meteo (ERA5),0.0,12.0
2025-07-04,Madrid,40.386642,-3.6760864,36.7,21.5,29.2,37.2,21.5,06:50,21:48,29.03,18.3,0.0,2025,7,4,Open-Meteo (ERA5),0.0,11.2
2025-07-05,Madrid,40.386642,-3.6760864,35.0,22.6,29.1,37.4,22.3,06:50,21:47,25.86,17.9,0.0,2025,7,5,Open-Meteo (ERA5),0.0,11.100000000000001
2025-07-06,Madrid,40.386642,-3.6760864,35.0,21.1,28.5,35.0,21.4,06:51,21:47,27.35,15.5,0.0,2025,7,6,Open-Meteo (ERA5),0.0,10.5
2025-07-07,Madrid,40.386642,-3.6760864,35.8,20.7,28.5,37.0,19.8,06:51,21:47,29.03,23.7,0.0,2025,7,7,Open-Meteo (ERA5),0.0,10.5
2025-07-08,Madrid,40.386642,-3.6760864,34.8,16.9,26.1,36.6,14.0,06:52,21:47,28.02,22.0,0.0,2025,7,8,Open-Meteo (ERA5),0.0,8.100000000000001
2025-07-09,Madrid,40.386642,-3.6760864,35.8,23.5,29.9,36.4,22.4,06:53,21:46,27.82,14.4,0.0,2025,7,9,Open-Meteo (ERA5),0.0,11.899999999999999
2025-07-10,Madrid,40.386642,-3.6760864,35.0,22.9,29.7,34.4,22.1,06:53,21:46,29.89,13.5,0.0,2025,7,10,Open-Meteo (ERA5),0.0,11.7
2025-07-11,Madrid,40.386642,-3.6760864,31.2,21.3,26.8,30.3,20.5,06:54,21:45,29.51,16.1,0.0,2025,7,11,Open-Meteo (ERA5),0.0,8.8
2025-07-12,Madrid,40.386642,-3.6760864,28.8,17.5,23.5,28.6,17.1,06:55,21:45,25.35,13.6,0.0,2025,7,12,Open-Meteo (ERA5),0.0,5.5
2025-07-13,Madrid,40.386642,-3.6760864,31.9,19.2,25.9,31.3,18.1,06:56,21:44,29.35,11.0,0.0,2025,7,13,Open-Meteo (ERA5),0.0,7.899999999999999
2025-07-14,Madrid,40.386642,-3.6760864,35.5,20.8,28.6,34.8,19.8,06:56,21:44,29.6,13.2,0.0,2025,7,14,Open-Meteo (ERA5),0.0,10.600000000000001
2025-07-15,Madrid,40.386642,-3.6760864,37.0,21.8,30.3,36.4,21.0,06:57,21:43,29.46,11.9,0.0,2025,7,15,Open-Meteo (ERA5),0.0,12.3
2025-07-16,Madrid,40.386642,-3.6760864,38.6,22.3,31.0,38.7,21.8,06:58,21:43,29.27,14.0,0.0,2025,7,16,Open-Meteo (ERA5),0.0,13.0
2025-07-17,Madrid,40.386642,-3.6760864,38.2,24.4,31.9,35.7,23.0,06:59,21:42,29.64,17.8,0.0,2025,7,17,Open-Meteo (ERA5),0.0,13.899999999999999
2025-07-18,Madrid,40.386642,-3.6760864,33.7,22.0,28.5,31.3,20.2,07:00,21:41,29.93,19.7,0.0,2025,7,18,Open-Meteo (ERA5),0.0,10.5
2025-07-19,Madrid,40.386642,-3.6760864,31.1,19.9,25.9,30.3,18.0,07:00,21:41,28.88,15.5,0.0,2025,7,19,Open-Meteo (ERA5),0.0,7.899999999999999
2025-07-20,Madrid,40.386642,-3.6760864,29.8,18.0,24.4,28.2,16.7,07:01,21:40,28.82,23.5,0.0,2025,7,20,Open-Meteo (ERA5),0.0,6.399999999999999
2025-07-21,Madrid,40.386642,-3.6760864,31.1,17.5,24.6,29.8,16.0,07:02,21:39,29.6,13.9,0.0,2025,7,21,Open-Meteo (ERA5),0.0,6.600000000000001
2025-07-22,Madrid,40.386642,-3.6760864,33.7,18.6,26.8,31.8,16.4,07:03,21:38,29.05,12.0,0.0,2025,7,22,Open-Meteo (ERA5),0.0,8.8
2025-07-23,Madrid,40.386642,-3.6760864,32.2,21.5,27.5,31.2,19.9,07:04,21:38,21.69,22.1,0.0,2025,7,23,Open-Meteo (ERA5),0.0,9.5
2025-07-24,Madrid,40.386642,-3.6760864,29.2,16.8,23.4,27.2,14.1,07:05,21:37,28.15,22.2,0.0,2025,7,24,Open-Meteo (ERA5),0.0,5.399999999999999
2025-07-25,Madrid,40.386642,-3.6760864,30.2,15.4,22.8,28.5,12.7,07:06,21:36,29.08,19.2,0.0,2025,7,25,Open-Meteo (ERA5),0.0,4.800000000000001
2025-07-26,Madrid,40.386642,-3.6760864,33.2,16.7,25.4,32.5,15.0,07:07,21:35,28.74,19.5,0.0,2025,7,26,Open-Meteo (ERA5),0.0,7.399999999999999
2025-07-27,Madrid,40.386642,-3.6760864,36.4,19.7,28.0,34.7,18.5,07:07,21:34,28.29,17.8,0.0,2025,7,27,Open-Meteo (ERA5),0.0,10.0
2025-07-28,Madrid,40.386642,-3.6760864,32.9,20.2,27.2,33.0,18.6,07:08,21:33,27.95,19.4,0.0,2025,7,28,Open-Meteo (ERA5),0.0,9.2
2025-07-29,Madrid,40.386642,-3.6760864,31.4,16.5,24.0,29.9,13.4,07:09,21:32,28.43,19.0,0.0,2025,7,29,Open-Meteo (ERA5),0.0,6.0
2025-07-30,Madrid,40.386642,-3.6760864,32.8,17.5,25.5,31.8,15.2,07:10,21:31,28.38,16.4,0.0,2025,7,30,Open-Meteo (ERA5),0.0,7.5
2025-07-31,Madrid,40.386642,-3.6760864,34.8,20.0,27.6,34.6,19.2,07:11,21:30,26.78,14.0,0.0,2025,7,31,Open-Meteo (ERA5),0.0,9.600000000000001
2025-08-01,Madrid,40.386642,-3.6760864,32.5,22.2,27.1,34.1,21.3,07:12,21:29,22.71,17.7,1.3,2025,8,1,Open-Meteo (ERA5),0.0,9.100000000000001
2025-08-02,Madrid,40.386642,-3.6760864,35.2,20.4,27.4,35.5,19.9,07:13,21:28,24.27,18.9,0.0,2025,8,2,Open-Meteo (ERA5),0.0,9.399999999999999
2025-08-03,Madrid,40.386642,-3.6760864,36.9,21.7,29.6,36.9,19.9,07:14,21:27,26.49,13.2,0.0,2025,8,3,Open-Meteo (ERA5),0.0,11.600000000000001
2025-08-04,Madrid,40.386642,-3.6760864,38.2,23.2,30.5,37.5,22.0,07:15,21:26,26.74,18.1,0.0,2025,8,4,Open-Meteo (ERA5),0.0,12.5
2025-08-05,Madrid,40.386642,-3.6760864,39.2,24.1,32.2,39.1,22.4,07:16,21:24,26.65,10.6,0.0,2025,8,5,Open-Meteo (ERA5),0.0,14.200000000000003
2025-08-06,Madrid,40.386642,-3.6760864,37.3,24.4,31.2,36.8,23.5,07:17,21:23,26.17,17.8,0.0,2025,8,6,Open-Meteo (ERA5),0.0,13.2
2025-08-07,Madrid,40.386642,-3.6760864,38.8,23.1,31.6,36.9,21.6,07:18,21:22,27.57,9.6,0.0,2025,8,7,Open-Meteo (ERA5),0.0,13.600000000000001
2025-08-08,Madrid,40.386642,-3.6760864,38.2,23.8,31.8,38.2,22.4,07:19,21:21,25.73,11.4,0.0,2025,8,8,Open-Meteo (ERA5),0.0,13.8
2025-08-09,Madrid,40.386642,-3.6760864,38.3,24.2,32.0,38.5,24.2,07:20,21:20,25.86,11.6,0.0,2025,8,9,Open-Meteo (ERA5),0.0,14.0
2025-08-10,Madrid,40.386642,-3.6760864,37.9,25.1,32.0,37.4,24.3,07:21,21:18,26.61,12.0,0.0,2025,8,10,Open-Meteo (ERA5),0.0,14.0
2025-08-11,Madrid,40.386642,-3.6760864,38.8,25.3,32.2,38.5,25.1,07:22,21:17,25.88,16.1,0.0,2025,8,11,Open-Meteo (ERA5),0.0,14.200000000000003
2025-08-12,Madrid,40.386642,-3.6760864,38.5,26.3,32.3,38.5,24.7,07:23,21:16,22.78,20.9,0.0,2025,8,12,Open-Meteo (ERA5),0.0,14.299999999999997
2025-08-13,Madrid,40.386642,-3.6760864,35.6,24.6,30.7,35.1,23.8,07:24,21:14,23.84,13.6,0.0,2025,8,13,Open-Meteo (ERA5),0.0,12.7
2025-08-14,Madrid,40.386642,-3.6760864,37.0,22.9,30.5,36.8,22.5,07:25,21:13,24.69,9.8,0.0,2025,8,14,Open-Meteo (ERA5),0.0,12.5
2025-08-15,Madrid,40.386642,-3.6760864,38.5,24.7,32.1,38.3,23.8,07:26,21:12,25.54,9.6,0.0,2025,8,15,Open-Meteo (ERA5),0.0,14.100000000000001
2025-08-16,Madrid,40.386642,-3.6760864,40.7,24.1,33.0,40.0,23.0,07:26,21:10,25.76,11.5,0.0,2025,8,16,Open-Meteo (ERA5),0.0,15.0
2025-08-17,Madrid,40.386642,-3.6760864,40.0,24.4,32.9,38.9,22.5,07:27,21:09,25.03,15.2,0.0,2025,8,17,Open-Meteo (ERA5),0.0,14.899999999999999
2025-08-18,Madrid,40.386642,-3.6760864,36.0,24.8,31.1,33.9,23.8,07:28,21:08,19.3,17.2,0.0,2025,8,18,Open-Meteo (ERA5),0.0,13.100000000000001
2025-08-19,Madrid,40.386642,-3.6760864,32.7,20.9,27.3,31.4,19.0,07:29,21:06,25.21,15.5,0.0,2025,8,19,Open-Meteo (ERA5),0.0,9.3
2025-08-20,Madrid,40.386642,-3.6760864,30.0,18.9,24.7,29.5,18.6,07:30,21:05,22.62,13.5,0.0,2025,8,20,Open-Meteo (ERA5),0.0,6.699999999999999
2025-08-21,Madrid,40.386642,-3.6760864,30.3,17.9,24.1,29.0,16.7,07:31,21:03,22.79,15.5,0.0,2025,8,21,Open-Meteo (ERA5),0.0,6.100000000000001
2025-08-22,Madrid,40.386642,-3.6760864,31.8,17.4,24.9,31.5,15.9,07:32,21:02,24.06,15.5,0.0,2025,8,22,Open-Meteo (ERA5),0.0,6.899999999999999
2025-08-23,Madrid,40.386642,-3.6760864,32.8,19.0,26.4,32.3,17.9,07:33,21:00,23.73,15.9,0.0,2025,8,23,Open-Meteo (ERA5),0.0,8.399999999999999
2025-08-24,Madrid,40.386642,-3.6760864,33.7,20.1,27.8,32.1,19.5,07:34,20:59,25.04,8.5,0.0,2025,8,24,Open-Meteo (ERA5),0.0,9.8
2025-08-25,Madrid,40.386642,-3.6760864,34.5,23.4,28.4,33.8,21.9,07:35,20:57,18.11,9.8,0.0,2025,8,25,Open-Meteo (ERA5),0.0,10.399999999999999
2025-08-26,Madrid,40.386642,-3.6760864,34.8,23.0,29.0,35.8,23.3,07:36,20:56,23.14,12.0,0.0,2025,8,26,Open-Meteo (ERA5),0.0,11.0
2025-08-27,Madrid,40.386642,-3.6760864,32.8,23.1,28.2,31.8,23.7,07:37,20:54,21.6,20.4,0.0,2025,8,27,Open-Meteo (ERA5),0.0,10.2
2025-08-28,Madrid,40.386642,-3.6760864,27.6,17.9,23.1,26.6,16.8,07:38,20:53,24.41,15.6,0.0,2025,8,28,Open-Meteo (ERA5),0.0,5.100000000000001
2025-08-29,Madrid,40.386642,-3.6760864,29.6,16.7,22.6,26.4,14.1,07:39,20:51,21.25,18.3,0.0,2025,8,29,Open-Meteo (ERA5),0.0,4.600000000000001
2025-08-30,Madrid,40.386642,-3.6760864,31.3,18.8,25.3,30.2,18.5,07:40,20:49,23.49,16.6,0.0,2025,8,30,Open-Meteo (ERA5),0.0,7.300000000000001
2025-08-31,Madrid,40.386642,-3.6760864,28.0,18.2,23.8,26.1,17.1,07:41,20:48,20.04,21.4,0.0,2025,8,31,Open-Meteo (ERA5),0.0,5.800000000000001
2025-09-01,Madrid,40.386642,-3.6760864,25.6,14.8,19.8,21.8,12.9,07:42,20:46,21.9,17.1,0.0,2025,9,1,Open-Meteo (ERA5),0.0,1.8000000000000007
2025-09-02,Madrid,40.386642,-3.6760864,26.5,13.6,20.7,24.2,11.9,07:43,20:45,22.19,10.7,0.0,2025,9,2,Open-Meteo (ERA5),0.0,2.6999999999999993
2025-09-03,Madrid,40.386642,-3.6760864,30.5,15.4,23.5,29.0,14.6,07:44,20:43,23.27,15.0,0.0,2025,9,3,Open-Meteo (ERA5),0.0,5.5
2025-09-04,Madrid,40.386642,-3.6760864,30.4,18.5,24.6,27.8,18.0,07:45,20:42,23.56,13.5,0.0,2025,9,4,Open-Meteo (ERA5),0.0,6.600000000000001
2025-09-05,Madrid,40.386642,-3.6760864,32.2,16.5,24.0,31.1,13.8,07:46,20:40,21.49,21.5,0.0,2025,9,5,Open-Meteo (ERA5),0.0,6.0
2025-09-06,Madrid,40.386642,-3.6760864,32.8,18.8,25.8,31.4,19.1,07:47,20:38,22.51,15.6,0.0,2025,9,6,Open-Meteo (ERA5),0.0,7.800000000000001
2025-09-07,Madrid,40.386642,-3.6760864,27.5,21.6,24.3,25.6,21.7,07:48,20:37,11.06,14.7,0.0,2025,9,7,Open-Meteo (ERA5),0.0,6.300000000000001
2025-09-08,Madrid,40.386642,-3.6760864,28.1,18.5,23.2,28.0,19.4,07:49,20:35,18.26,14.4,0.1,2025,9,8,Open-Meteo (ERA5),0.0,5.199999999999999
2025-09-09,Madrid,40.386642,-3.6760864,27.6,15.5,21.7,26.4,13.7,07:50,20:33,22.29,17.7,0.0,2025,9,9,Open-Meteo (ERA5),0.0,3.6999999999999993
2025-09-10,Madrid,40.386642,-3.6760864,26.8,15.8,21.4,24.7,14.0,07:51,20:32,14.17,15.5,0.1,2025,9,10,Open-Meteo (ERA5),0.0,3.3999999999999986
2025-09-11,Madrid,40.386642,-3.6760864,29.5,16.0,22.9,27.3,15.1,07:52,20:30,21.77,14.4,0.0,2025,9,11,Open-Meteo (ERA5),0.0,4.899999999999999
2025-09-12,Madrid,40.386642,-3.6760864,30.5,17.6,24.4,29.9,16.6,07:52,20:28,20.1,11.4,0.0,2025,9,12,Open-Meteo (ERA5),0.0,6.399999999999999
2025-09-13,Madrid,40.386642,-3.6760864,29.8,18.5,24.6,28.8,17.7,07:53,20:27,19.76,14.0,0.0,2025,9,13,Open-Meteo (ERA5),0.0,6.600000000000001
2025-09-14,Madrid,40.386642,-3.6760864,30.5,16.5,24.0,29.6,14.3,07:54,20:25,21.28,7.9,0.0,2025,9,14,Open-Meteo (ERA5),0.0,6.0
2025-09-15,Madrid,40.386642,-3.6760864,32.9,17.5,25.5,31.9,16.3,07:55,20:23,21.06,9.5,0.0,2025,9,15,Open-Meteo (ERA5),0.0,7.5
2025-09-16,Madrid,40.386642,-3.6760864,33.8,18.6,26.5,32.1,18.1,07:56,20:22,21.03,13.5,0.0,2025,9,16,Open-Meteo (ERA5),0.0,8.5
2025-09-17,Madrid,40.386642,-3.6760864,34.2,18.6,26.9,33.2,16.7,07:57,20:20,20.78,9.5,0.0,2025,9,17,Open-Meteo (ERA5),0.0,8.899999999999999
2025-09-18,Madrid,40.386642,-3.6760864,35.4,18.9,27.5,34.2,16.9,07:58,20:18,20.19,10.0,0.0,2025,9,18,Open-Meteo (ERA5),0.0,9.5
2025-09-19,Madrid,40.386642,-3.6760864,34.2,20.6,27.5,32.3,20.9,07:59,20:16,18.77,19.1,0.0,2025,9,19,Open-Meteo (ERA5),0.0,9.5
2025-09-20,Madrid,40.386642,-3.6760864,31.4,20.2,25.6,31.1,21.2,08:00,20:15,18.73,13.4,0.3,2025,9,20,Open-Meteo (ERA5),0.0,7.600000000000001
2025-09-21,Madrid,40.386642,-3.6760864,25.3,18.1,21.6,24.0,14.5,08:01,20:13,20.17,17.0,0.0,2025,9,21,Open-Meteo (ERA5),0.0,3.6000000000000014
2025-09-22,Madrid,40.386642,-3.6760864,21.2,9.9,15.9,19.1,8.1,08:02,20:11,20.12,13.9,0.0,2025,9,22,Open-Meteo (ERA5),2.0999999999999996,0.0
2025-09-23,Madrid,40.386642,-3.6760864,22.0,10.1,16.2,19.3,7.1,08:03,20:10,20.07,19.0,0.0,2025,9,23,Open-Meteo (ERA5),1.8000000000000007,0.0
2025-09-24,Madrid,40.386642,-3.6760864,21.5,9.1,15.4,19.0,6.0,08:04,20:08,19.33,15.3,0.0,2025,9,24,Open-Meteo (ERA5),2.5999999999999996,0.0
2025-09-25,Madrid,40.386642,-3.6760864,23.6,9.5,16.6,21.1,6.6,08:05,20:07,19.2,12.7,0.0,2025,9,25,Open-Meteo (ERA5),1.3999999999999986,0.0
2025-09-26,Madrid,40.386642,-3.6760864,26.0,10.2,18.4,23.3,6.8,08:06,20:05,19.84,10.3,0.0,2025,9,26,Open-Meteo (ERA5),0.0,0.3999999999999986
2025-09-27,Madrid,40.386642,-3.6760864,25.8,12.1,19.8,22.6,9.8,08:07,20:03,16.68,16.0,0.0,2025,9,27,Open-Meteo (ERA5),0.0,1.8000000000000007
2025-09-28,Madrid,40.386642,-3.6760864,21.3,14.1,17.9,19.6,13.6,08:08,20:02,5.68,10.5,9.8,2025,9,28,Open-Meteo (ERA5),0.10000000000000142,0.0
2025-09-29,Madrid,40.386642,-3.6760864,23.7,15.8,19.3,21.5,14.0,08:09,20:00,16.34,18.4,0.0,2025,9,29,Open-Meteo (ERA5),0.0,1.3000000000000007
2025-09-30,Madrid,40.386642,-3.6760864,23.8,14.4,19.0,22.9,12.6,08:10,19:58,12.09,12.8,0.0,2025,9,30,Open-Meteo (ERA5),0.0,1.0
2025-10-01,Madrid,40.386642,-3.6760864,27.2,14.5,20.8,26.4,14.7,08:11,19:57,17.26,10.6,0.0,2025,10,1,Open-Meteo (ERA5),0.0,2.8000000000000007
2025-10-02,Madrid,40.386642,-3.6760864,28.4,14.1,21.4,26.1,10.6,08:12,19:55,18.44,11.3,0.0,2025,10,2,Open-Meteo (ERA5),0.0,3.3999999999999986
2025-10-03,Madrid,40.386642,-3.6760864,28.0,14.1,21.4,25.4,10.9,08:13,19:53,16.61,9.7,0.0,2025,10,3,Open-Meteo (ERA5),0.0,3.3999999999999986
2025-10-04,Madrid,40.386642,-3.6760864,30.4,15.1,22.4,28.1,13.8,08:14,19:52,17.86,16.8,0.0,2025,10,4,Open-Meteo (ERA5),0.0,4.399999999999999
2025-10-05,Madrid,40.386642,-3.6760864,24.8,16.0,20.7,23.0,14.3,08:15,19:50,17.74,14.8,0.0,2025,10,5,Open-Meteo (ERA5),0.0,2.6999999999999993
2025-10-06,Madrid,40.386642,-3.6760864,25.6,10.8,18.0,24.7,7.4,08:16,19:48,17.43,14.9,0.0,2025,10,6,Open-Meteo (ERA5),0.0,0.0
2025-10-07,Madrid,40.386642,-3.6760864,27.6,13.2,21.2,26.4,11.3,08:17,19:47,16.94,8.3,0.0,2025,10,7,Open-Meteo (ERA5),0.0,3.1999999999999993
2025-10-08,Madrid,40.386642,-3.6760864,27.6,15.4,21.7,26.9,13.2,08:18,19:45,16.02,16.1,0.0,2025,10,8,Open-Meteo (ERA5),0.0,3.6999999999999993
2025-10-09,Madrid,40.386642,-3.6760864,25.2,16.3,20.6,22.6,14.4,08:19,19:44,15.6,15.9,0.0,2025,10,9,Open-Meteo (ERA5),0.0,2.6000000000000014
2025-10-10,Madrid,40.386642,-3.6760864,22.1,13.2,17.9,20.5,10.4,08:20,19:42,11.57,14.5,0.0,2025,10,10,Open-Meteo (ERA5),0.10000000000000142,0.0
2025-10-11,Madrid,40.386642,-3.6760864,23.5,13.8,18.7,21.5,11.3,08:21,19:40,11.92,13.4,0.0,2025,10,11,Open-Meteo (ERA5),0.0,0.6999999999999993
2025-10-12,Madrid,40.386642,-3.6760864,22.6,14.2,18.6,21.8,12.7,08:22,19:39,11.66,11.3,0.0,2025,10,12,Open-Meteo (ERA5),0.0,0.6000000000000014
2025-10-13,Madrid,40.386642,-3.6760864,21.8,14.4,17.9,22.0,14.2,08:23,19:37,14.59,13.7,2.6,2025,10,13,Open-Meteo (ERA5),0.10000000000000142,0.0
2025-10-14,Madrid,40.386642,-3.6760864,23.4,12.4,17.7,23.2,12.2,08:24,19:36,15.49,4.7,0.0,2025,10,14,Open-Meteo (ERA5),0.3000000000000007,0.0
2025-10-15,Madrid,40.386642,-3.6760864,24.5,12.6,18.8,23.7,11.2,08:25,19:34,15.15,9.9,0.0,2025,10,15,Open-Meteo (ERA5),0.0,0.8000000000000007
2025-10-16,Madrid,40.386642,-3.6760864,23.4,13.1,18.5,23.1,11.2,08:27,19:33,12.71,8.1,0.0,2025,10,16,Open-Meteo (ERA5),0.0,0.5
2025-10-17,Madrid,40.386642,-3.6760864,22.6,12.8,17.8,21.6,11.1,08:28,19:32,13.72,9.7,0.1,2025,10,17,Open-Meteo (ERA5),0.1999999999999993,0.0
2025-10-18,Madrid,40.386642,-3.6760864,24.2,10.3,17.5,22.5,8.8,08:29,19:30,15.43,6.4,0.0,2025,10,18,Open-Meteo (ERA5),0.5,0.0
2025-10-19,Madrid,40.386642,-3.6760864,23.5,11.4,17.7,20.4,9.9,08:30,19:29,12.54,13.5,0.0,2025,10,19,Open-Meteo (ERA5),0.3000000000000007,0.0
2025-10-20,Madrid,40.386642,-3.6760864,21.2,16.1,18.2,18.5,14.1,08:31,19:27,12.48,17.3,0.0,2025,10,20,Open-Meteo (ERA5),0.0,0.1999999999999993
2025-10-21,Madrid,40.386642,-3.6760864,22.1,14.0,17.3,20.5,12.5,08:32,19:26,10.14,19.4,1.5,2025,10,21,Open-Meteo (ERA5),0.6999999999999993,0.0
2025-10-22,Madrid,40.386642,-3.6760864,21.5,15.1,17.9,18.9,14.6,08:33,19:24,11.55,19.2,0.1,2025,10,22,Open-Meteo (ERA5),0.10000000000000142,0.0
2025-10-23,Madrid,40.386642,-3.6760864,22.9,16.5,19.0,19.1,14.2,08:34,19:23,12.78,23.4,0.7,2025,10,23,Open-Meteo (ERA5),0.0,1.0
2025-10-24,Madrid,40.386642,-3.6760864,21.5,14.5,17.7,19.4,13.7,08:35,19:21,9.1,20.8,0.7,2025,10,24,Open-Meteo (ERA5),0.3000000000000007,0.0
2025-10-25,Madrid,40.386642,-3.6760864,21.1,14.9,17.6,18.8,13.7,08:36,19:20,8.86,20.7,0.9,2025,10,25,Open-Meteo (ERA5),0.3999999999999986,0.0
2025-10-26,Madrid,40.386642,-3.6760864,18.0,11.9,14.5,14.6,9.1,08:38,19:19,12.76,13.8,0.9,2025,10,26,Open-Meteo (ERA5),3.5,0.0
2025-10-27,Madrid,40.386642,-3.6760864,17.1,4.8,11.1,14.9,2.7,08:39,19:17,14.31,9.2,0.0,2025,10,27,Open-Meteo (ERA5),6.9,0.0
2025-10-28,Madrid,40.386642,-3.6760864,18.6,4.8,12.1,16.4,2.6,08:40,19:16,13.46,5.2,0.0,2025,10,28,Open-Meteo (ERA5),5.9,0.0
2025-10-29,Madrid,40.386642,-3.6760864,15.3,10.1,12.5,14.7,9.1,08:41,19:15,3.99,9.0,21.1,2025,10,29,Open-Meteo (ERA5),5.5,0.0
2025-10-30,Madrid,40.386642,-3.6760864,17.0,11.9,13.5,15.9,11.5,08:42,19:14,6.1,11.7,0.9,2025,10,30,Open-Meteo (ERA5),4.5,0.0
2025-10-31,Madrid,40.386642,-3.6760864,16.1,10.1,13.0,15.2,9.2,08:43,19:12,3.57,11.2,0.0,2025,10,31,Open-Meteo (ERA5),5.0,0.0
2025-11-01,Madrid,40.386642,-3.6760864,17.5,11.9,14.4,15.7,10.7,08:44,19:11,6.34,15.1,0.0,2025,11,1,Open-Meteo (ERA5),3.5999999999999996,0.0
2025-11-02,Madrid,40.386642,-3.6760864,17.3,10.9,14.0,15.1,8.4,08:46,19:10,12.41,11.3,0.0,2025,11,2,Open-Meteo (ERA5),4.0,0.0
2025-11-03,Madrid,40.386642,-3.6760864,17.1,5.8,11.2,15.3,3.4,08:47,19:09,12.82,8.0,0.0,2025,11,3,Open-Meteo (ERA5),6.800000000000001,0.0
2025-11-04,Madrid,40.386642,-3.6760864,17.6,4.9,11.3,16.6,2.9,08:48,19:08,11.8,4.3,0.0,2025,11,4,Open-Meteo (ERA5),6.699999999999999,0.0
2025-11-05,Madrid,40.386642,-3.6760864,17.1,11.1,13.5,16.2,9.9,08:49,19:07,6.36,17.7,9.1,2025,11,5,Open-Meteo (ERA5),4.5,0.0
2025-11-06,Madrid,40.386642,-3.6760864,12.9,7.6,10.2,9.9,5.0,08:50,19:06,9.05,18.1,0.9,2025,11,6,Open-Meteo (ERA5),7.800000000000001,0.0
2025-11-07,Madrid,40.386642,-3.6760864,12.3,7.1,9.5,10.3,4.5,08:51,19:05,3.15,16.7,9.7,2025,11,7,Open-Meteo (ERA5),8.5,0.0
2025-11-08,Madrid,40.386642,-3.6760864,14.1,8.6,10.8,12.3,5.5,08:52,19:04,11.03,15.8,0.2,2025,11,8,Open-Meteo (ERA5),7.199999999999999,0.0
2025-11-09,Madrid,40.386642,-3.6760864,13.6,3.3,8.0,11.4,0.8,08:54,19:03,11.62,5.9,0.0,2025,11,9,Open-Meteo (ERA5),10.0,0.0
2025-11-10,Madrid,40.386642,-3.6760864,14.6,3.0,8.6,13.0,1.1,08:55,19:02,11.38,9.5,0.0,2025,11,10,Open-Meteo (ERA5),9.4,0.0
2025-11-11,Madrid,40.386642,-3.6760864,15.6,6.5,10.5,15.3,5.4,08:56,19:01,9.53,6.5,0.0,2025,11,11,Open-Meteo (ERA5),7.5,0.0
2025-11-12,Madrid,40.386642,-3.6760864,22.5,5.7,12.8,18.8,3.2,08:57,19:00,11.34,18.1,0.0,2025,11,12,Open-Meteo (ERA5),5.199999999999999,0.0
2025-11-13,Madrid,40.386642,-3.6760864,13.9,10.8,12.7,13.5,9.2,08:58,18:59,1.82,15.3,7.5,2025,11,13,Open-Meteo (ERA5),5.300000000000001,0.0
2025-11-14,Madrid,40.386642,-3.6760864,15.0,9.8,12.3,12.0,7.2,09:00,18:58,9.05,25.0,18.1,2025,11,14,Open-Meteo (ERA5),5.699999999999999,0.0
2025-11-15,Madrid,40.386642,-3.6760864,13.6,8.9,10.8,10.7,6.5,09:01,18:57,2.72,26.5,13.1,2025,11,15,Open-Meteo (ERA5),7.199999999999999,0.0
2025-11-16,Madrid,40.386642,-3.6760864,13.6,8.9,10.8,10.5,7.1,09:02,18:56,7.66,18.3,0.5,2025,11,16,Open-Meteo (ERA5),7.199999999999999,0.0
2025-11-17,Madrid,40.386642,-3.6760864,12.7,7.9,9.8,11.5,6.5,09:03,18:55,8.29,7.0,2.9,2025,11,17,Open-Meteo (ERA5),8.2,0.0
2025-11-18,Madrid,40.386642,-3.6760864,13.2,4.9,8.8,12.0,2.8,09:04,18:55,10.88,8.3,0.0,2025,11,18,Open-Meteo (ERA5),9.2,0.0
2025-11-19,Madrid,40.386642,-3.6760864,10.6,2.0,6.0,8.2,-0.9,09:05,18:54,10.4,7.6,0.0,2025,11,19,Open-Meteo (ERA5),12.0,0.0
2025-11-20,Madrid,40.386642,-3.6760864,10.5,1.0,5.5,7.8,-1.7,09:06,18:53,9.22,13.8,0.1,2025,11,20,Open-Meteo (ERA5),12.5,0.0
2025-11-21,Madrid,40.386642,-3.6760864,8.6,3.4,5.6,4.9,-0.8,09:08,18:53,7.56,17.6,0.2,2025,11,21,Open-Meteo (ERA5),12.4,0.0
2025-11-22,Madrid,40.386642,-3.6760864,8.6,-1.2,3.5,5.7,-4.1,09:09,18:52,10.23,9.8,0.0,2025,11,22,Open-Meteo (ERA5),14.5,0.0
2025-11-23,Madrid,40.386642,-3.6760864,12.1,2.7,6.9,9.8,0.4,09:10,18:52,8.41,14.7,0.0,2025,11,23,Open-Meteo (ERA5),11.1,0.0
2025-11-24,Madrid,40.386642,-3.6760864,12.1,7.6,9.8,9.1,4.0,09:11,18:51,2.98,30.1,0.5,2025,11,24,Open-Meteo (ERA5),8.2,0.0
2025-11-25,Madrid,40.386642,-3.6760864,11.2,4.6,8.5,9.1,2.0,09:12,18:51,9.15,19.2,0.0,2025,11,25,Open-Meteo (ERA5),9.5,0.0
2025-11-26,Madrid,40.386642,-3.6760864,10.4,1.8,5.6,6.4,-1.2,09:13,18:50,9.63,11.4,0.0,2025,11,26,Open-Meteo (ERA5),12.4,0.0
2025-11-27,Madrid,40.386642,-3.6760864,12.1,0.0,5.2,9.6,-3.0,09:14,18:50,9.84,4.4,0.0,2025,11,27,Open-Meteo (ERA5),12.8,0.0
2025-11-28,Madrid,40.386642,-3.6760864,12.8,0.6,6.2,10.5,-2.1,09:15,18:49,9.69,5.3,0.0,2025,11,28,Open-Meteo (ERA5),11.8,0.0
2025-11-29,Madrid,40.386642,-3.6760864,10.8,0.3,5.5,7.9,-2.3,09:16,18:49,8.15,9.7,0.0,2025,11,29,Open-Meteo (ERA5),12.5,0.0
2025-11-30,Madrid,40.386642,-3.6760864,11.3,5.0,7.4,6.7,2.3,09:17,18:49,8.42,21.0,3.0,2025,11,30,Open-Meteo (ERA5),10.6,0.0
2025-12-01,Madrid,40.386642,-3.6760864,10.1,0.9,5.3,7.5,-2.4,09:18,18:48,9.49,10.7,0.0,2025,12,1,Open-Meteo (ERA5),12.7,0.0
2025-12-02,Madrid,40.386642,-3.6760864,10.5,2.3,5.6,7.3,-0.3,09:19,18:48,6.68,12.4,1.1,2025,12,2,Open-Meteo (ERA5),12.4,0.0
2025-12-03,Madrid,40.386642,-3.6760864,9.1,2.8,5.6,5.6,0.2,09:20,18:48,8.94,15.2,3.0,2025,12,3,Open-Meteo (ERA5),12.4,0.0
2025-12-04,Madrid,40.386642,-3.6760864,10.2,4.7,7.2,7.4,0.8,09:21,18:48,4.68,19.7,0.7,2025,12,4,Open-Meteo (ERA5),10.8,0.0
2025-12-05,Madrid,40.386642,-3.6760864,10.2,4.8,7.8,8.2,1.9,09:22,18:48,3.95,14.4,0.0,2025,12,5,Open-Meteo (ERA5),10.2,0.0
2025-12-06,Madrid,40.386642,-3.6760864,14.1,9.8,11.8,12.0,8.1,09:23,18:48,6.2,16.6,0.0,2025,12,6,Open-Meteo (ERA5),6.199999999999999,0.0
2025-12-07,Madrid,40.386642,-3.6760864,13.0,8.1,10.9,11.4,7.1,09:24,18:48,6.11,11.2,0.0,2025,12,7,Open-Meteo (ERA5),7.1,0.0
2025-12-08,Madrid,40.386642,-3.6760864,12.0,4.7,8.1,10.5,3.0,09:25,18:48,4.36,6.1,0.0,2025,12,8,Open-Meteo (ERA5),9.9,0.0
2025-12-09,Madrid,40.386642,-3.6760864,12.2,3.3,7.4,11.2,1.4,09:26,18:48,6.27,5.1,0.1,2025,12,9,Open-Meteo (ERA5),10.6,0.0
2025-12-10,Madrid,40.386642,-3.6760864,10.2,8.4,9.2,9.0,7.2,09:27,18:48,2.29,9.9,10.4,2025,12,10,Open-Meteo (ERA5),8.8,0.0
2025-12-11,Madrid,40.386642,-3.6760864,12.1,4.8,8.1,10.5,2.9,09:27,18:48,8.39,7.2,0.0,2025,12,11,Open-Meteo (ERA5),9.9,0.0
2025-12-12,Madrid,40.386642,-3.6760864,12.0,4.4,7.8,10.0,2.6,09:28,18:48,4.97,10.9,0.0,2025,12,12,Open-Meteo (ERA5),10.2,0.0
2025-12-13,Madrid,40.386642,-3.6760864,14.1,5.4,9.0,12.2,2.6,09:29,18:48,7.71,10.8,0.0,2025,12,13,Open-Meteo (ERA5),9.0,0.0
2025-12-14,Madrid,40.386642,-3.6760864,11.2,3.8,7.4,8.7,0.8,09:30,18:48,7.59,10.0,0.0,2025,12,14,Open-Meteo (ERA5),10.6,0.0
2025-12-15,Madrid,40.386642,-3.6760864,10.9,6.0,7.9,9.2,4.0,09:30,18:49,3.98,9.7,2.1,2025,12,15,Open-Meteo (ERA5),10.1,0.0
2025-12-16,Madrid,40.386642,-3.6760864,9.8,7.6,8.3,8.0,4.7,09:31,18:49,3.79,14.7,10.0,2025,12,16,Open-Meteo (ERA5),9.7,0.0
2025-12-17,Madrid,40.386642,-3.6760864,13.2,7.6,9.6,11.2,4.3,09:31,18:49,6.93,15.5,0.0,2025,12,17,Open-Meteo (ERA5),8.4,0.0
2025-12-18,Madrid,40.386642,-3.6760864,10.6,6.6,8.3,9.1,4.8,09:32,18:50,4.22,7.6,0.0,2025,12,18,Open-Meteo (ERA5),9.7,0.0
2025-12-19,Madrid,40.386642,-3.6760864,9.9,7.2,8.3,8.7,5.6,09:33,18:50,3.38,5.8,1.1,2025,12,19,Open-Meteo (ERA5),9.7,0.0
2025-12-20,Madrid,40.386642,-3.6760864,10.1,5.7,7.5,8.0,3.1,09:33,18:50,4.13,12.6,0.2,2025,12,20,Open-Meteo (ERA5),10.5,0.0
2025-12-21,Madrid,40.386642,-3.6760864,6.7,2.0,5.3,3.4,-1.3,09:34,18:51,5.51,23.5,13.2,2025,12,21,Open-Meteo (ERA5),12.7,0.0
2025-12-22,Madrid,40.386642,-3.6760864,5.7,-0.2,2.2,2.5,-3.7,09:34,18:51,7.16,12.3,0.1,2025,12,22,Open-Meteo (ERA5),15.8,0.0
2025-12-23,Madrid,40.386642,-3.6760864,7.6,1.0,3.6,5.6,-2.3,09:35,18:52,6.05,13.0,0.0,2025,12,23,Open-Meteo (ERA5),14.4,0.0
2025-12-24,Madrid,40.386642,-3.6760864,9.1,0.1,4.3,6.8,-3.1,09:35,18:53,8.01,12.5,0.0,2025,12,24,Open-Meteo (ERA5),13.7,0.0
2025-12-25,Madrid,40.386642,-3.6760864,4.3,3.0,3.8,1.7,-0.3,09:36,18:53,1.79,11.7,0.0,2025,12,25,Open-Meteo (ERA5),14.2,0.0
2025-12-26,Madrid,40.386642,-3.6760864,7.9,0.7,4.2,6.0,-2.7,09:36,18:54,7.36,8.6,0.0,2025,12,26,Open-Meteo (ERA5),13.8,0.0
2025-12-27,Madrid,40.386642,-3.6760864,10.4,1.4,5.4,7.3,-2.3,09:36,18:55,6.66,11.9,0.6,2025,12,27,Open-Meteo (ERA5),12.6,0.0
2025-12-28,Madrid,40.386642,-3.6760864,10.8,4.7,6.9,8.3,1.8,09:37,18:55,4.55,11.5,0.3,2025,12,28,Open-Meteo (ERA5),11.1,0.0
2025-12-29,Madrid,40.386642,-3.6760864,10.6,4.0,6.9,9.0,1.0,09:37,18:56,7.73,9.7,0.0,2025,12,29,Open-Meteo (ERA5),11.1,0.0
2025-12-30,Madrid,40.386642,-3.6760864,10.0,0.5,5.0,8.3,-2.3,09:37,18:57,8.85,7.5,0.0,2025,12,30,Open-Meteo (ERA5),13.0,0.0
2025-12-31,Madrid,40.386642,-3.6760864,7.9,-0.8,3.4,5.9,-4.1,09:37,18:58,9.08,8.0,0.0,2025,12,31,Open-Meteo (ERA5),14.6,0.0
2026-01-01,Madrid,40.386642,-3.6760864,3.2,-1.5,1.1,0.5,-4.3,09:37,18:58,5.0,7.5,0.1,2026,1,1,Open-Meteo (ERA5),16.9,0.0
2026-01-02,Madrid,40.386642,-3.6760864,9.8,3.0,5.9,8.2,0.3,09:37,18:59,4.59,9.2,0.7,2026,1,2,Open-Meteo (ERA5),12.1,0.0
2026-01-03,Madrid,40.386642,-3.6760864,12.1,6.2,8.3,11.1,3.2,09:37,19:00,5.51,13.0,0.2,2026,1,3,Open-Meteo (ERA5),9.7,0.0
2026-01-04,Madrid,40.386642,-3.6760864,11.6,5.7,8.0,10.1,2.5,09:37,19:01,6.83,15.0,5.8,2026,1,4,Open-Meteo (ERA5),10.0,0.0
2026-01-05,Madrid,40.386642,-3.6760864,5.8,0.2,2.5,2.3,-4.5,09:37,19:02,8.61,16.0,5.1,2026,1,5,Open-Meteo (ERA5),15.5,0.0
2026-01-06,Madrid,40.386642,-3.6760864,5.2,-3.0,0.3,1.0,-6.3,09:37,19:03,9.42,14.8,0.0,2026,1,6,Open-Meteo (ERA5),17.7,0.0
2026-01-07,Madrid,40.386642,-3.6760864,6.5,-1.9,1.7,3.1,-5.4,09:37,19:04,6.4,11.6,0.0,2026,1,7,Open-Meteo (ERA5),16.3,0.0
2026-01-08,Madrid,40.386642,-3.6760864,4.4,0.3,2.8,1.0,-2.9,09:37,19:05,3.62,14.9,0.0,2026,1,8,Open-Meteo (ERA5),15.2,0.0
2026-01-09,Madrid,40.386642,-3.6760864,11.9,4.2,7.9,7.5,0.6,09:37,19:06,8.77,20.9,0.1,2026,1,9,Open-Meteo (ERA5),10.1,0.0
2026-01-10,Madrid,40.386642,-3.6760864,9.1,3.7,6.2,5.8,0.1,09:37,19:07,8.97,18.2,0.0,2026,1,10,Open-Meteo (ERA5),11.8,0.0
2026-01-11,Madrid,40.386642,-3.6760864,9.8,-0.7,3.9,7.5,-3.5,09:36,19:08,9.36,7.7,0.0,2026,1,11,Open-Meteo (ERA5),14.1,0.0
2026-01-12,Madrid,40.386642,-3.6760864,10.1,2.7,5.6,8.6,0.3,09:36,19:09,4.61,6.1,0.0,2026,1,12,Open-Meteo (ERA5),12.4,0.0
2026-01-13,Madrid,40.386642,-3.6760864,11.6,3.0,6.7,8.0,-0.4,09:36,19:10,6.72,13.4,1.6,2026,1,13,Open-Meteo (ERA5),11.3,0.0
2026-01-14,Madrid,40.386642,-3.6760864,11.1,6.0,8.1,8.9,3.9,09:35,19:11,6.4,9.7,5.5,2026,1,14,Open-Meteo (ERA5),9.9,0.0
2026-01-15,Madrid,40.386642,-3.6760864,8.2,1.4,4.9,4.9,-1.0,09:35,19:12,3.83,17.1,3.1,2026,1,15,Open-Meteo (ERA5),13.1,0.0
2026-01-16,Madrid,40.386642,-3.6760864,9.9,5.3,7.0,7.1,2.6,09:35,19:13,6.52,13.5,1.9,2026,1,16,Open-Meteo (ERA5),11.0,0.0
2026-01-17,Madrid,40.386642,-3.6760864,5.5,2.0,3.7,3.0,0.1,09:34,19:14,2.5,8.8,14.5,2026,1,17,Open-Meteo (ERA5),14.3,0.0
2026-01-18,Madrid,40.386642,-3.6760864,8.8,1.0,4.2,5.6,-1.8,09:34,19:15,6.87,11.6,0.1,2026,1,18,Open-Meteo (ERA5),13.8,0.0
2026-01-19,Madrid,40.386642,-3.6760864,9.4,-0.9,3.9,7.4,-3.9,09:33,19:17,8.36,7.4,0.0,2026,1,19,Open-Meteo (ERA5),14.1,0.0
2026-01-20,Madrid,40.386642,-3.6760864,10.1,-1.0,3.9,7.8,-3.9,09:33,19:18,10.59,11.2,0.0,2026,1,20,Open-Meteo (ERA5),14.1,0.0
2026-01-21,Madrid,40.386642,-3.6760864,7.7,1.6,4.8,5.0,-1.1,09:32,19:19,2.06,18.5,8.2,2026,1,21,Open-Meteo (ERA5),13.2,0.0
2026-01-22,Madrid,40.386642,-3.6760864,8.5,4.3,5.9,4.1,-0.1,09:31,19:20,7.05,18.7,2.0,2026,1,22,Open-Meteo (ERA5),12.1,0.0
2026-01-23,Madrid,40.386642,-3.6760864,7.9,3.0,5.0,3.6,-1.2,09:31,19:21,6.61,23.7,3.3,2026,1,23,Open-Meteo (ERA5),13.0,0.0
2026-01-24,Madrid,40.386642,-3.6760864,7.1,0.9,3.3,1.5,-3.3,09:30,19:22,7.26,20.6,1.1,2026,1,24,Open-Meteo (ERA5),14.7,0.0
2026-01-25,Madrid,40.386642,-3.6760864,10.9,2.2,6.3,6.8,-1.7,09:29,19:24,6.46,24.4,1.8,2026,1,25,Open-Meteo (ERA5),11.7,0.0
2026-01-26,Madrid,40.386642,-3.6760864,11.1,4.2,7.4,8.0,0.8,09:29,19:25,1.77,23.2,7.0,2026,1,26,Open-Meteo (ERA5),10.6,0.0
2026-01-27,Madrid,40.386642,-3.6760864,10.6,4.4,8.5,7.3,0.3,09:28,19:26,6.49,28.0,12.5,2026,1,27,Open-Meteo (ERA5),9.5,0.0
2026-01-28,Madrid,40.386642,-3.6760864,8.7,1.4,4.5,4.7,-4.1,09:27,19:27,6.31,24.1,15.7,2026,1,28,Open-Meteo (ERA5),13.5,0.0
2026-01-29,Madrid,40.386642,-3.6760864,12.4,6.5,9.3,11.6,3.7,09:26,19:28,2.46,19.0,16.5,2026,1,29,Open-Meteo (ERA5),8.7,0.0
2026-01-30,Madrid,40.386642,-3.6760864,10.1,6.3,8.0,6.7,2.7,09:25,19:30,5.59,27.4,4.7,2026,1,30,Open-Meteo (ERA5),10.0,0.0
2026-01-31,Madrid,40.386642,-3.6760864,11.2,4.3,7.2,6.2,-0.1,09:24,19:31,11.33,23.3,1.3,2026,1,31,Open-Meteo (ERA5),10.8,0.0
2026-02-01,Madrid,40.386642,-3.6760864,9.4,4.6,6.8,8.3,1.5,09:23,19:32,2.33,12.7,0.5,2026,2,1,Open-Meteo (ERA5),11.2,0.0
2026-02-02,Madrid,40.386642,-3.6760864,10.5,5.4,8.1,7.8,1.3,09:22,19:33,6.41,26.2,9.7,2026,2,2,Open-Meteo (ERA5),9.9,0.0
2026-02-03,Madrid,40.386642,-3.6760864,8.1,4.4,5.5,4.1,0.5,09:21,19:35,6.6,18.4,2.0,2026,2,3,Open-Meteo (ERA5),12.5,0.0
2026-02-04,Madrid,40.386642,-3.6760864,10.0,2.8,6.0,5.6,-0.2,09:20,19:36,4.66,25.2,12.9,2026,2,4,Open-Meteo (ERA5),12.0,0.0
2026-02-05,Madrid,40.386642,-3.6760864,12.9,7.2,9.5,8.1,3.8,09:19,19:37,8.28,36.9,20.1,2026,2,5,Open-Meteo (ERA5),8.5,0.0
2026-02-06,Madrid,40.386642,-3.6760864,8.4,5.4,7.1,4.6,1.6,09:18,19:38,4.6,21.8,3.9,2026,2,6,Open-Meteo (ERA5),10.9,0.0
2026-02-07,Madrid,40.386642,-3.6760864,6.8,4.0,5.0,3.2,0.6,09:17,19:39,2.73,20.7,11.7,2026,2,7,Open-Meteo (ERA5),13.0,0.0
2026-02-08,Madrid,40.386642,-3.6760864,10.4,4.8,6.7,5.7,0.2,09:16,19:41,9.5,25.1,2.3,2026,2,8,Open-Meteo (ERA5),11.3,0.0
2026-02-09,Madrid,40.386642,-3.6760864,12.6,5.7,8.6,9.6,2.3,09:15,19:42,7.98,23.3,5.3,2026,2,9,Open-Meteo (ERA5),9.4,0.0
2026-02-10,Madrid,40.386642,-3.6760864,14.6,11.3,12.7,12.2,8.8,09:14,19:43,3.97,27.8,5.8,2026,2,10,Open-Meteo (ERA5),5.300000000000001,0.0
2026-02-11,Madrid,40.386642,-3.6760864,14.5,10.6,12.4,11.6,7.7,09:12,19:44,3.78,30.9,3.7,2026,2,11,Open-Meteo (ERA5),5.6,0.0
2026-02-12,Madrid,40.386642,-3.6760864,12.5,6.7,9.9,10.6,3.8,09:11,19:45,11.47,18.2,0.5,2026,2,12,Open-Meteo (ERA5),8.1,0.0
2026-02-13,Madrid,40.386642,-3.6760864,9.8,7.2,8.7,6.6,2.7,09:10,19:47,7.52,30.2,21.7,2026,2,13,Open-Meteo (ERA5),9.3,0.0
2026-02-14,Madrid,40.386642,-3.6760864,9.7,4.6,6.6,5.5,-1.0,09:09,19:48,10.73,23.9,0.0,2026,2,14,Open-Meteo (ERA5),11.4,0.0
2026-02-15,Madrid,40.386642,-3.6760864,12.6,3.0,7.2,8.5,-0.5,09:08,19:49,13.39,17.8,0.0,2026,2,15,Open-Meteo (ERA5),10.8,0.0
2026-02-16,Madrid,40.386642,-3.6760864,13.7,6.2,9.7,10.7,3.1,09:06,19:50,9.99,17.9,0.0,2026,2,16,Open-Meteo (ERA5),8.3,0.0
2026-02-17,Madrid,40.386642,-3.6760864,15.8,8.4,11.6,13.7,6.2,09:05,19:51,13.77,18.0,0.0,2026,2,17,Open-Meteo (ERA5),6.4,0.0
2026-02-18,Madrid,40.386642,-3.6760864,11.2,7.6,9.1,6.6,5.1,09:04,19:53,9.52,25.4,3.7,2026,2,18,Open-Meteo (ERA5),8.9,0.0
2026-02-19,Madrid,40.386642,-3.6760864,11.4,3.8,7.5,6.6,-0.2,09:02,19:54,14.27,18.8,0.2,2026,2,19,Open-Meteo (ERA5),10.5,0.0
2026-02-20,Madrid,40.386642,-3.6760864,13.2,1.1,6.9,11.2,-1.6,09:01,19:55,15.43,9.6,0.0,2026,2,20,Open-Meteo (ERA5),11.1,0.0
2026-02-21,Madrid,40.386642,-3.6760864,16.0,2.4,8.6,13.8,-0.8,08:59,19:56,15.76,8.2,0.0,2026,2,21,Open-Meteo (ERA5),9.4,0.0
2026-02-22,Madrid,40.386642,-3.6760864,17.5,2.8,9.7,15.7,-0.1,08:58,19:57,16.01,6.8,0.0,2026,2,22,Open-Meteo (ERA5),8.3,0.0
2026-02-23,Madrid,40.386642,-3.6760864,18.5,3.7,10.9,17.1,0.7,08:56,19:58,15.99,6.8,0.0,2026,2,23,Open-Meteo (ERA5),7.1,0.0
2026-02-24,Madrid,40.386642,-3.6760864,18.9,4.2,11.5,17.2,2.1,08:55,20:00,15.82,6.8,0.0,2026,2,24,Open-Meteo (ERA5),6.5,0.0
2026-02-25,Madrid,40.386642,-3.6760864,19.0,4.4,11.6,17.6,2.0,08:54,20:01,16.15,6.6,0.0,2026,2,25,Open-Meteo (ERA5),6.4,0.0
2026-02-26,Madrid,40.386642,-3.6760864,19.5,5.4,12.3,17.6,2.5,08:52,20:02,16.43,7.8,0.0,2026,2,26,Open-Meteo (ERA5),5.699999999999999,0.0
2026-02-27,Madrid,40.386642,-3.6760864,18.4,4.8,11.6,16.8,2.3,08:51,20:03,16.57,6.7,0.0,2026,2,27,Open-Meteo (ERA5),6.4,0.0
2026-02-28,Madrid,40.386642,-3.6760864,16.3,7.2,11.4,13.9,3.9,08:49,20:04,16.49,13.5,0.0,2026,2,28,Open-Meteo (ERA5),6.6,0.0
2026-03-01,Madrid,40.386642,-3.6760864,14.4,5.8,9.8,12.7,3.6,08:48,20:05,11.25,12.0,0.0,2026,3,1,Open-Meteo (ERA5),8.2,0.0
2026-03-02,Madrid,40.386642,-3.6760864,16.2,4.7,9.9,14.2,2.0,08:46,20:06,16.02,15.8,0.3,2026,3,2,Open-Meteo (ERA5),8.1,0.0
2026-03-03,Madrid,40.386642,-3.6760864,16.6,9.1,11.3,13.7,6.8,08:45,20:08,11.42,16.1,2.0,2026,3,3,Open-Meteo (ERA5),6.699999999999999,0.0
2026-03-04,Madrid,40.386642,-3.6760864,16.9,7.3,11.4,14.6,4.3,08:43,20:09,15.11,14.0,0.0,2026,3,4,Open-Meteo (ERA5),6.6,0.0
2026-03-05,Madrid,40.386642,-3.6760864,16.8,7.1,11.3,14.8,5.6,08:42,20:10,15.07,12.6,9.8,2026,3,5,Open-Meteo (ERA5),6.699999999999999,0.0
2026-03-06,Madrid,40.386642,-3.6760864,11.2,7.9,9.3,8.0,4.5,08:40,20:11,5.46,23.8,11.0,2026,3,6,Open-Meteo (ERA5),8.7,0.0
2026-03-07,Madrid,40.386642,-3.6760864,11.1,7.1,8.7,9.2,4.1,08:38,20:12,11.66,16.8,2.8,2026,3,7,Open-Meteo (ERA5),9.3,0.0
2026-03-08,Madrid,40.386642,-3.6760864,12.2,5.7,8.1,10.7,3.4,08:37,20:13,13.54,9.7,1.1,2026,3,8,Open-Meteo (ERA5),9.9,0.0
2026-03-09,Madrid,40.386642,-3.6760864,11.4,5.0,7.2,9.2,2.1,08:35,20:14,7.46,14.1,8.1,2026,3,9,Open-Meteo (ERA5),10.8,0.0
2026-03-10,Madrid,40.386642,-3.6760864,12.1,3.8,7.0,10.6,1.5,08:34,20:15,10.24,9.3,5.1,2026,3,10,Open-Meteo (ERA5),11.0,0.0
2026-03-11,Madrid,40.386642,-3.6760864,15.4,5.2,10.2,14.8,3.6,08:32,20:16,15.9,8.3,0.0,2026,3,11,Open-Meteo (ERA5),7.800000000000001,0.0
2026-03-12,Madrid,40.386642,-3.6760864,16.7,5.1,10.7,15.8,2.6,08:30,20:17,18.8,10.2,0.0,2026,3,12,Open-Meteo (ERA5),7.300000000000001,0.0
2026-03-13,Madrid,40.386642,-3.6760864,17.6,4.9,11.2,16.2,3.1,08:29,20:18,18.56,15.4,0.0,2026,3,13,Open-Meteo (ERA5),6.800000000000001,0.0
2026-03-14,Madrid,40.386642,-3.6760864,12.6,9.4,10.5,8.4,5.7,08:27,20:20,6.38,22.0,0.0,2026,3,14,Open-Meteo (ERA5),7.5,0.0
2026-03-15,Madrid,40.386642,-3.6760864,14.4,6.2,9.7,11.4,4.0,08:26,20:21,18.04,13.7,0.2,2026,3,15,Open-Meteo (ERA5),8.3,0.0
2026-03-16,Madrid,40.386642,-3.6760864,18.0,3.3,10.4,16.7,1.1,08:24,20:22,20.29,11.2,0.0,2026,3,16,Open-Meteo (ERA5),7.6,0.0
2026-03-17,Madrid,40.386642,-3.6760864,20.8,4.9,12.7,19.5,2.2,08:22,20:23,20.27,8.3,0.0,2026,3,17,Open-Meteo (ERA5),5.300000000000001,0.0
2026-03-18,Madrid,40.386642,-3.6760864,17.9,6.2,12.2,15.2,2.5,08:21,20:24,14.44,8.8,0.0,2026,3,18,Open-Meteo (ERA5),5.800000000000001,0.0
2026-03-19,Madrid,40.386642,-3.6760864,18.4,6.9,12.0,16.4,4.3,08:19,20:25,20.09,13.0,0.0,2026,3,19,Open-Meteo (ERA5),6.0,0.0
2026-03-20,Madrid,40.386642,-3.6760864,12.4,7.3,9.8,10.3,5.3,08:17,20:26,9.67,9.9,2.6,2026,3,20,Open-Meteo (ERA5),8.2,0.0
2026-03-21,Madrid,40.386642,-3.6760864,10.7,7.6,9.1,9.3,5.3,08:16,20:27,9.9,9.7,7.5,2026,3,21,Open-Meteo (ERA5),8.9,0.0
2026-03-22,Madrid,40.386642,-3.6760864,17.9,4.1,10.7,16.4,2.2,08:14,20:28,19.94,10.1,0.0,2026,3,22,Open-Meteo (ERA5),7.300000000000001,0.0
2026-03-23,Madrid,40.386642,-3.6760864,16.5,6.1,11.4,12.9,2.9,08:12,20:29,21.25,13.8,0.0,2026,3,23,Open-Meteo (ERA5),6.6,0.0
2026-03-24,Madrid,40.386642,-3.6760864,17.9,5.2,11.7,16.4,2.6,08:11,20:30,21.45,12.9,0.0,2026,3,24,Open-Meteo (ERA5),6.300000000000001,0.0
2026-03-25,Madrid,40.386642,-3.6760864,22.0,5.9,14.1,20.4,3.7,08:09,20:31,21.5,17.7,0.0,2026,3,25,Open-Meteo (ERA5),3.9000000000000004,0.0
2026-03-26,Madrid,40.386642,-3.6760864,17.2,5.7,11.0,13.5,1.3,08:08,20:32,20.48,20.3,0.0,2026,3,26,Open-Meteo (ERA5),7.0,0.0
2026-03-27,Madrid,40.386642,-3.6760864,18.9,4.5,11.1,15.1,0.7,08:06,20:33,22.16,19.0,0.0,2026,3,27,Open-Meteo (ERA5),6.9,0.0
2026-03-28,Madrid,40.386642,-3.6760864,16.8,5.2,11.1,13.2,1.8,08:04,20:34,21.59,23.4,0.0,2026,3,28,Open-Meteo (ERA5),6.9,0.0
2026-03-29,Madrid,40.386642,-3.6760864,13.0,4.2,8.4,7.3,-0.8,08:03,20:35,19.77,28.4,0.0,2026,3,29,Open-Meteo (ERA5),9.6,0.0
2026-03-30,Madrid,40.386642,-3.6760864,19.1,2.2,10.1,15.4,-1.3,08:01,20:36,21.93,24.4,0.0,2026,3,30,Open-Meteo (ERA5),7.9,0.0
2026-03-31,Madrid,40.386642,-3.6760864,20.1,9.1,13.9,16.2,6.1,07:59,20:37,22.42,23.6,0.0,2026,3,31,Open-Meteo (ERA5),4.1,0.0
2026-04-01,Madrid,40.386642,-3.6760864,19.9,8.6,13.4,16.7,4.2,07:58,20:38,22.63,23.3,0.0,2026,4,1,Open-Meteo (ERA5),4.6,0.0
2026-04-02,Madrid,40.386642,-3.6760864,19.0,6.4,12.2,15.6,3.6,07:56,20:39,21.28,17.6,0.0,2026,4,2,Open-Meteo (ERA5),5.800000000000001,0.0
2026-04-03,Madrid,40.386642,-3.6760864,21.6,4.2,13.2,17.6,1.1,07:54,20:40,23.02,16.8,0.0,2026,4,3,Open-Meteo (ERA5),4.800000000000001,0.0
2026-04-04,Madrid,40.386642,-3.6760864,24.0,8.9,16.7,22.7,6.6,07:53,20:41,23.12,10.1,0.0,2026,4,4,Open-Meteo (ERA5),1.3000000000000007,0.0
2026-04-05,Madrid,40.386642,-3.6760864,25.9,10.4,18.8,24.2,8.6,07:51,20:42,23.35,5.4,0.0,2026,4,5,Open-Meteo (ERA5),0.0,0.8000000000000007
2026-04-06,Madrid,40.386642,-3.6760864,26.4,11.8,19.4,23.7,8.9,07:50,20:43,23.85,15.0,0.0,2026,4,6,Open-Meteo (ERA5),0.0,1.3999999999999986
2026-04-07,Madrid,40.386642,-3.6760864,21.5,12.6,16.6,20.1,10.3,07:48,20:45,15.89,14.5,1.8,2026,4,7,Open-Meteo (ERA5),1.3999999999999986,0.0
2026-04-08,Madrid,40.386642,-3.6760864,17.3,10.9,13.5,16.0,8.8,07:46,20:46,16.44,15.0,3.5,2026,4,8,Open-Meteo (ERA5),4.5,0.0
2026-04-09,Madrid,40.386642,-3.6760864,25.0,8.8,16.2,23.1,6.6,07:45,20:47,21.24,10.5,0.0,2026,4,9,Open-Meteo (ERA5),1.8000000000000007,0.0
2026-04-10,Madrid,40.386642,-3.6760864,28.5,13.6,20.2,26.2,10.6,07:43,20:48,23.41,11.9,0.0,2026,4,10,Open-Meteo (ERA5),0.0,2.1999999999999993
2026-04-11,Madrid,40.386642,-3.6760864,23.1,14.6,18.9,21.5,12.7,07:42,20:49,18.1,17.4,0.2,2026,4,11,Open-Meteo (ERA5),0.0,0.8999999999999986
2026-04-12,Madrid,40.386642,-3.6760864,15.4,9.0,12.6,13.3,6.3,07:40,20:50,15.67,17.4,6.0,2026,4,12,Open-Meteo (ERA5),5.4,0.0
2026-04-13,Madrid,40.386642,-3.6760864,14.4,4.8,10.0,10.1,2.1,07:39,20:51,18.51,16.4,0.0,2026,4,13,Open-Meteo (ERA5),8.0,0.0
2026-04-14,Madrid,40.386642,-3.6760864,20.7,7.9,14.2,18.3,6.0,07:37,20:52,21.76,16.8,0.0,2026,4,14,Open-Meteo (ERA5),3.8000000000000007,0.0
2026-04-15,Madrid,40.386642,-3.6760864,23.4,9.9,16.8,22.3,8.0,07:36,20:53,24.81,10.0,0.0,2026,4,15,Open-Meteo (ERA5),1.1999999999999993,0.0
2026-04-16,Madrid,40.386642,-3.6760864,25.5,10.9,18.4,24.5,8.1,07:34,20:54,25.46,10.1,0.0,2026,4,16,Open-Meteo (ERA5),0.0,0.3999999999999986
2026-04-17,Madrid,40.386642,-3.6760864,26.2,11.6,19.5,24.9,9.0,07:33,20:55,24.56,9.1,0.0,2026,4,17,Open-Meteo (ERA5),0.0,1.5
2026-04-18,Madrid,40.386642,-3.6760864,27.1,14.1,21.1,26.3,12.6,07:31,20:56,23.84,9.8,0.0,2026,4,18,Open-Meteo (ERA5),0.0,3.1000000000000014
2026-04-19,Madrid,40.386642,-3.6760864,27.3,14.5,21.4,25.7,12.8,07:30,20:57,24.78,12.4,0.0,2026,4,19,Open-Meteo (ERA5),0.0,3.3999999999999986
2026-04-20,Madrid,40.386642,-3.6760864,27.5,12.9,20.9,26.3,10.8,07:28,20:58,24.47,9.9,0.0,2026,4,20,Open-Meteo (ERA5),0.0,2.8999999999999986
2026-04-21,Madrid,40.386642,-3.6760864,27.8,13.2,20.1,25.7,11.3,07:27,20:59,20.81,20.4,0.6,2026,4,21,Open-Meteo (ERA5),0.0,2.1000000000000014
2026-04-22,Madrid,40.386642,-3.6760864,23.4,14.1,19.4,22.2,12.8,07:25,21:00,25.95,16.1,0.0,2026,4,22,Open-Meteo (ERA5),0.0,1.3999999999999986
2026-04-23,Madrid,40.386642,-3.6760864,27.6,13.6,20.1,26.5,11.6,07:24,21:01,23.63,17.5,0.7,2026,4,23,Open-Meteo (ERA5),0.0,2.1000000000000014
2026-04-24,Madrid,40.386642,-3.6760864,22.7,12.9,17.8,22.3,11.6,07:23,21:02,18.61,13.2,12.0,2026,4,24,Open-Meteo (ERA5),0.1999999999999993,0.0
2026-04-25,Madrid,40.386642,-3.6760864,23.9,14.4,18.2,23.0,14.5,07:21,21:03,21.39,14.8,7.1,2026,4,25,Open-Meteo (ERA5),0.0,0.1999999999999993
2026-04-26,Madrid,40.386642,-3.6760864,26.0,14.0,19.9,25.0,13.1,07:20,21:04,24.6,12.3,0.0,2026,4,26,Open-Meteo (ERA5),0.0,1.8999999999999986
2026-04-27,Madrid,40.386642,-3.6760864,26.4,14.1,20.8,25.3,13.9,07:18,21:05,26.65,12.8,0.0,2026,4,27,Open-Meteo (ERA5),0.0,2.8000000000000007
2026-04-28,Madrid,40.386642,-3.6760864,25.4,14.2,19.7,24.8,11.0,07:17,21:06,26.17,16.1,0.0,2026,4,28,Open-Meteo (ERA5),0.0,1.6999999999999993
2026-04-29,Madrid,40.386642,-3.6760864,19.0,13.6,16.1,18.1,12.9,07:16,21:07,15.81,14.4,11.2,2026,4,29,Open-Meteo (ERA5),1.8999999999999986,0.0
2026-04-30,Madrid,40.386642,-3.6760864,20.3,10.5,15.6,19.4,9.8,07:15,21:08,20.76,6.9,1.0,2026,4,30,Open-Meteo (ERA5),2.4000000000000004,0.0
2026-05-01,Madrid,40.386642,-3.6760864,23.2,10.9,17.4,23.3,9.9,07:13,21:09,26.56,11.1,0.0,2026,5,1,Open-Meteo (ERA5),0.6000000000000014,0.0
2026-05-02,Madrid,40.386642,-3.6760864,18.1,13.4,15.5,17.6,12.1,07:12,21:10,11.46,13.9,15.8,2026,5,2,Open-Meteo (ERA5),2.5,0.0
2026-05-03,Madrid,40.386642,-3.6760864,18.8,11.9,15.1,17.1,11.9,07:11,21:11,18.6,16.1,3.7,2026,5,3,Open-Meteo (ERA5),2.9000000000000004,0.0
2026-05-04,Madrid,40.386642,-3.6760864,18.4,10.1,14.5,16.0,8.5,07:10,21:12,24.65,17.6,2.4,2026,5,4,Open-Meteo (ERA5),3.5,0.0
2026-05-05,Madrid,40.386642,-3.6760864,19.0,10.1,14.1,16.5,8.1,07:08,21:13,25.69,15.1,0.2,2026,5,5,Open-Meteo (ERA5),3.9000000000000004,0.0
2026-05-06,Madrid,40.386642,-3.6760864,20.1,7.5,14.2,17.7,5.2,07:07,21:14,24.38,9.8,0.0,2026,5,6,Open-Meteo (ERA5),3.8000000000000007,0.0
2026-05-07,Madrid,40.386642,-3.6760864,18.1,10.7,13.9,17.7,8.0,07:06,21:15,19.7,18.6,4.7,2026,5,7,Open-Meteo (ERA5),4.1,0.0
2026-05-08,Madrid,40.386642,-3.6760864,17.9,9.4,13.1,16.3,7.9,07:05,21:16,17.5,12.2,7.0,2026,5,8,Open-Meteo (ERA5),4.9,0.0
2026-05-09,Madrid,40.386642,-3.6760864,15.7,11.1,13.2,14.9,9.5,07:04,21:17,15.35,20.2,16.9,2026,5,9,Open-Meteo (ERA5),4.800000000000001,0.0
2026-05-10,Madrid,40.386642,-3.6760864,14.5,9.8,12.0,12.1,8.3,07:03,21:18,16.02,18.1,11.3,2026,5,10,Open-Meteo (ERA5),6.0,0.0
2026-05-11,Madrid,40.386642,-3.6760864,17.9,8.9,13.1,16.0,7.2,07:02,21:19,21.52,14.7,0.7,2026,5,11,Open-Meteo (ERA5),4.9,0.0
2026-05-12,Madrid,40.386642,-3.6760864,17.2,9.4,13.1,16.3,8.4,07:01,21:20,24.78,16.0,3.7,2026,5,12,Open-Meteo (ERA5),4.9,0.0
2026-05-13,Madrid,40.386642,-3.6760864,19.5,9.9,14.5,18.6,8.6,07:00,21:21,25.21,13.4,1.4,2026,5,13,Open-Meteo (ERA5),3.5,0.0
2026-05-14,Madrid,40.386642,-3.6760864,21.0,10.6,15.7,19.6,8.9,06:59,21:22,28.18,16.8,0.0,2026,5,14,Open-Meteo (ERA5),2.3000000000000007,0.0
2026-05-15,Madrid,40.386642,-3.6760864,16.2,9.7,13.1,15.3,6.3,06:58,21:23,22.85,17.6,2.2,2026,5,15,Open-Meteo (ERA5),4.9,0.0
2026-05-16,Madrid,40.386642,-3.6760864,19.5,6.5,13.1,18.2,4.3,06:57,21:24,29.76,10.1,0.0,2026,5,16,Open-Meteo (ERA5),4.9,0.0
2026-05-17,Madrid,40.386642,-3.6760864,22.9,8.9,15.8,21.3,6.1,06:56,21:25,26.0,12.5,0.8,2026,5,17,Open-Meteo (ERA5),2.1999999999999993,0.0
2026-05-18,Madrid,40.386642,-3.6760864,23.4,10.3,17.5,21.3,9.1,06:55,21:26,28.18,14.9,0.0,2026,5,18,Open-Meteo (ERA5),0.5,0.0
2026-05-19,Madrid,40.386642,-3.6760864,26.4,12.5,20.0,25.7,11.6,06:54,21:27,29.15,11.3,0.0,2026,5,19,Open-Meteo (ERA5),0.0,2.0
2026-05-20,Madrid,40.386642,-3.6760864,29.8,14.6,22.6,29.2,13.5,06:53,21:28,29.7,9.5,0.0,2026,5,20,Open-Meteo (ERA5),0.0,4.600000000000001
2026-05-21,Madrid,40.386642,-3.6760864,31.8,16.7,24.7,30.9,15.2,06:53,21:29,29.95,11.8,0.0,2026,5,21,Open-Meteo (ERA5),0.0,6.699999999999999
2026-05-22,Madrid,40.386642,-3.6760864,32.0,17.8,25.5,30.9,15.8,06:52,21:30,29.6,13.0,0.0,2026,5,22,Open-Meteo (ERA5),0.0,7.5
2026-05-23,Madrid,40.386642,-3.6760864,31.8,18.2,25.5,30.5,16.5,06:51,21:31,30.5,13.2,0.0,2026,5,23,Open-Meteo (ERA5),0.0,7.5
2026-05-24,Madrid,40.386642,-3.6760864,32.0,18.5,25.6,30.4,16.3,06:51,21:31,29.51,12.5,0.0,2026,5,24,Open-Meteo (ERA5),0.0,7.600000000000001
2026-05-25,Madrid,40.386642,-3.6760864,31.4,18.5,25.2,29.4,16.2,06:50,21:32,29.66,14.7,0.0,2026,5,25,Open-Meteo (ERA5),0.0,7.199999999999999
2026-05-26,Madrid,40.386642,-3.6760864,31.6,18.1,25.1,30.6,15.8,06:49,21:33,30.29,11.2,0.0,2026,5,26,Open-Meteo (ERA5),0.0,7.100000000000001
2026-05-27,Madrid,40.386642,-3.6760864,33.7,18.9,26.9,32.8,17.4,06:49,21:34,29.28,11.0,0.0,2026,5,27,Open-Meteo (ERA5),0.0,8.899999999999999
2026-05-28,Madrid,40.386642,-3.6760864,33.9,18.6,27.5,33.4,16.5,06:48,21:35,30.6,7.3,0.0,2026,5,28,Open-Meteo (ERA5),0.0,9.5
2021-01-01,Barcelona,41.441124,2.2014387,8.8,4.1,6.6,6.3,1.2,09:17,18:32,3.23,10.5,0.4,2021,1,1,Open-Meteo (ERA5),11.4,0.0
2021-01-02,Barcelona,41.441124,2.2014387,9.0,1.9,5.1,7.1,-2.4,09:17,18:33,6.3,14.0,0.0,2021,1,2,Open-Meteo (ERA5),12.9,0.0
2021-01-03,Barcelona,41.441124,2.2014387,9.8,2.9,6.0,6.4,-0.8,09:17,18:34,8.81,16.4,1.1,2021,1,3,Open-Meteo (ERA5),12.0,0.0
2021-01-04,Barcelona,41.441124,2.2014387,9.4,0.4,3.6,5.0,-3.2,09:17,18:34,8.82,15.0,0.0,2021,1,4,Open-Meteo (ERA5),14.4,0.0
2021-01-05,Barcelona,41.441124,2.2014387,8.2,-0.3,3.1,4.7,-4.1,09:17,18:35,7.96,12.8,0.0,2021,1,5,Open-Meteo (ERA5),14.9,0.0
2021-01-06,Barcelona,41.441124,2.2014387,8.5,-0.7,3.3,6.0,-4.4,09:17,18:36,8.01,13.9,0.0,2021,1,6,Open-Meteo (ERA5),14.7,0.0
2021-01-07,Barcelona,41.441124,2.2014387,8.0,4.3,5.8,5.2,1.2,09:17,18:37,4.05,12.9,0.9,2021,1,7,Open-Meteo (ERA5),12.2,0.0
2021-01-08,Barcelona,41.441124,2.2014387,7.3,0.8,4.2,4.8,-2.4,09:17,18:38,6.7,12.0,0.1,2021,1,8,Open-Meteo (ERA5),13.8,0.0
2021-01-09,Barcelona,41.441124,2.2014387,7.3,4.8,6.0,2.1,-0.9,09:16,18:39,2.23,38.0,12.7,2021,1,9,Open-Meteo (ERA5),12.0,0.0
2021-01-10,Barcelona,41.441124,2.2014387,8.6,5.1,6.7,6.4,-0.1,09:16,18:40,4.08,26.0,9.8,2021,1,10,Open-Meteo (ERA5),11.3,0.0
2021-01-11,Barcelona,41.441124,2.2014387,8.4,2.6,5.1,5.6,-2.1,09:16,18:41,8.04,15.8,0.0,2021,1,11,Open-Meteo (ERA5),12.9,0.0
2021-01-12,Barcelona,41.441124,2.2014387,9.9,1.4,4.3,7.4,-4.2,09:16,18:42,9.23,20.1,0.0,2021,1,12,Open-Meteo (ERA5),13.7,0.0
2021-01-13,Barcelona,41.441124,2.2014387,13.1,1.9,5.8,10.5,-2.4,09:15,18:43,9.23,18.1,0.0,2021,1,13,Open-Meteo (ERA5),12.2,0.0
2021-01-14,Barcelona,41.441124,2.2014387,11.7,2.7,5.9,9.3,-2.0,09:15,18:45,9.27,16.9,0.0,2021,1,14,Open-Meteo (ERA5),12.1,0.0
2021-01-15,Barcelona,41.441124,2.2014387,12.0,2.5,5.9,9.4,-1.5,09:14,18:46,7.15,14.4,0.0,2021,1,15,Open-Meteo (ERA5),12.1,0.0
2021-01-16,Barcelona,41.441124,2.2014387,12.8,1.4,6.1,9.9,-2.7,09:14,18:47,9.59,12.7,0.0,2021,1,16,Open-Meteo (ERA5),11.9,0.0
2021-01-17,Barcelona,41.441124,2.2014387,16.1,3.4,8.5,14.3,0.1,09:13,18:48,9.27,13.4,0.0,2021,1,17,Open-Meteo (ERA5),9.5,0.0
2021-01-18,Barcelona,41.441124,2.2014387,12.7,3.8,8.1,10.3,0.6,09:13,18:49,6.52,15.0,0.0,2021,1,18,Open-Meteo (ERA5),9.9,0.0
2021-01-19,Barcelona,41.441124,2.2014387,14.1,3.2,7.3,10.7,0.2,09:12,18:51,9.55,18.7,0.0,2021,1,19,Open-Meteo (ERA5),10.7,0.0
2021-01-20,Barcelona,41.441124,2.2014387,12.8,4.9,8.7,10.8,2.5,09:12,18:52,6.04,20.6,0.2,2021,1,20,Open-Meteo (ERA5),9.3,0.0
2021-01-21,Barcelona,41.441124,2.2014387,16.0,6.5,10.4,12.6,3.9,09:11,18:53,9.36,21.0,0.1,2021,1,21,Open-Meteo (ERA5),7.6,0.0
2021-01-22,Barcelona,41.441124,2.2014387,15.1,7.3,11.6,9.6,3.9,09:10,18:54,6.7,34.4,1.1,2021,1,22,Open-Meteo (ERA5),6.4,0.0
2021-01-23,Barcelona,41.441124,2.2014387,14.5,6.6,9.8,9.5,2.7,09:10,18:55,8.51,32.9,0.0,2021,1,23,Open-Meteo (ERA5),8.2,0.0
2021-01-24,Barcelona,41.441124,2.2014387,14.5,8.0,11.1,10.9,4.8,09:09,18:57,10.27,31.0,0.1,2021,1,24,Open-Meteo (ERA5),6.9,0.0
2021-01-25,Barcelona,41.441124,2.2014387,14.8,7.7,10.7,13.3,4.4,09:08,18:58,5.0,27.0,0.1,2021,1,25,Open-Meteo (ERA5),7.300000000000001,0.0
2021-01-26,Barcelona,41.441124,2.2014387,12.2,6.8,9.5,9.0,4.2,09:07,18:59,9.52,18.2,0.4,2021,1,26,Open-Meteo (ERA5),8.5,0.0
2021-01-27,Barcelona,41.441124,2.2014387,15.4,5.2,9.2,14.2,1.7,09:07,19:00,9.72,12.4,0.0,2021,1,27,Open-Meteo (ERA5),8.8,0.0
2021-01-28,Barcelona,41.441124,2.2014387,18.3,6.9,11.8,18.1,4.8,09:06,19:02,9.69,10.4,0.0,2021,1,28,Open-Meteo (ERA5),6.199999999999999,0.0
2021-01-29,Barcelona,41.441124,2.2014387,20.3,8.9,13.8,20.2,7.0,09:05,19:03,10.23,23.5,0.0,2021,1,29,Open-Meteo (ERA5),4.199999999999999,0.0
2021-01-30,Barcelona,41.441124,2.2014387,18.3,7.9,12.5,14.0,6.1,09:04,19:04,9.42,27.8,0.1,2021,1,30,Open-Meteo (ERA5),5.5,0.0
2021-01-31,Barcelona,41.441124,2.2014387,17.9,9.5,12.9,14.2,5.2,09:03,19:05,10.04,27.9,0.0,2021,1,31,Open-Meteo (ERA5),5.1,0.0
2021-02-01,Barcelona,41.441124,2.2014387,19.8,9.5,14.1,15.7,7.0,09:02,19:07,11.34,27.2,0.1,2021,2,1,Open-Meteo (ERA5),3.9000000000000004,0.0
2021-02-02,Barcelona,41.441124,2.2014387,17.8,8.6,12.7,16.4,5.8,09:01,19:08,10.79,16.0,0.0,2021,2,2,Open-Meteo (ERA5),5.300000000000001,0.0
2021-02-03,Barcelona,41.441124,2.2014387,19.8,8.6,13.4,18.0,6.3,09:00,19:09,11.36,19.1,0.0,2021,2,3,Open-Meteo (ERA5),4.6,0.0
2021-02-04,Barcelona,41.441124,2.2014387,15.3,7.1,11.1,14.7,5.0,08:59,19:10,9.65,12.1,0.0,2021,2,4,Open-Meteo (ERA5),6.9,0.0
2021-02-05,Barcelona,41.441124,2.2014387,16.0,9.6,12.2,13.4,7.9,08:58,19:12,10.54,19.6,0.0,2021,2,5,Open-Meteo (ERA5),5.800000000000001,0.0
2021-02-06,Barcelona,41.441124,2.2014387,15.8,10.1,13.4,14.4,8.7,08:57,19:13,11.08,18.7,0.0,2021,2,6,Open-Meteo (ERA5),4.6,0.0
2021-02-07,Barcelona,41.441124,2.2014387,12.5,8.9,10.5,10.6,6.3,08:55,19:14,7.1,14.0,8.8,2021,2,7,Open-Meteo (ERA5),7.5,0.0
2021-02-08,Barcelona,41.441124,2.2014387,14.4,6.5,9.6,10.8,3.8,08:54,19:15,5.8,20.6,2.9,2021,2,8,Open-Meteo (ERA5),8.4,0.0
2021-02-09,Barcelona,41.441124,2.2014387,14.5,7.2,10.8,10.8,4.5,08:53,19:17,7.98,23.7,0.5,2021,2,9,Open-Meteo (ERA5),7.199999999999999,0.0
2021-02-10,Barcelona,41.441124,2.2014387,15.2,7.8,10.7,12.5,5.2,08:52,19:18,9.42,22.4,1.9,2021,2,10,Open-Meteo (ERA5),7.300000000000001,0.0
2021-02-11,Barcelona,41.441124,2.2014387,15.5,5.0,9.7,12.9,1.6,08:50,19:19,12.9,17.7,0.0,2021,2,11,Open-Meteo (ERA5),8.3,0.0
2021-02-12,Barcelona,41.441124,2.2014387,16.6,6.3,10.6,16.4,4.2,08:49,19:21,8.94,21.0,2.8,2021,2,12,Open-Meteo (ERA5),7.4,0.0
2021-02-13,Barcelona,41.441124,2.2014387,14.4,7.6,11.0,12.1,6.0,08:48,19:22,11.15,18.7,1.0,2021,2,13,Open-Meteo (ERA5),7.0,0.0
2021-02-14,Barcelona,41.441124,2.2014387,11.6,8.3,9.5,10.1,5.2,08:47,19:23,2.7,19.6,2.4,2021,2,14,Open-Meteo (ERA5),8.5,0.0
2021-02-15,Barcelona,41.441124,2.2014387,11.5,7.2,9.5,8.8,5.5,08:45,19:24,5.76,12.7,0.0,2021,2,15,Open-Meteo (ERA5),8.5,0.0
2021-02-16,Barcelona,41.441124,2.2014387,14.2,8.4,11.2,10.1,6.8,08:44,19:26,10.09,26.3,0.0,2021,2,16,Open-Meteo (ERA5),6.800000000000001,0.0
2021-02-17,Barcelona,41.441124,2.2014387,15.7,6.2,10.2,13.8,4.0,08:43,19:27,13.58,14.6,0.0,2021,2,17,Open-Meteo (ERA5),7.800000000000001,0.0
2021-02-18,Barcelona,41.441124,2.2014387,13.8,7.0,9.5,12.4,5.3,08:41,19:28,12.25,13.0,0.0,2021,2,18,Open-Meteo (ERA5),8.5,0.0
2021-02-19,Barcelona,41.441124,2.2014387,13.5,5.8,9.1,11.9,4.2,08:40,19:29,13.83,14.9,0.0,2021,2,19,Open-Meteo (ERA5),8.9,0.0
2021-02-20,Barcelona,41.441124,2.2014387,13.5,6.2,9.3,11.6,4.3,08:38,19:30,12.15,12.3,0.0,2021,2,20,Open-Meteo (ERA5),8.7,0.0
2021-02-21,Barcelona,41.441124,2.2014387,15.1,7.8,12.0,10.4,5.5,08:37,19:32,11.06,39.9,0.1,2021,2,21,Open-Meteo (ERA5),6.0,0.0
2021-02-22,Barcelona,41.441124,2.2014387,14.6,12.4,13.4,14.1,8.9,08:36,19:33,5.43,31.9,7.7,2021,2,22,Open-Meteo (ERA5),4.6,0.0
2021-02-23,Barcelona,41.441124,2.2014387,16.2,10.0,12.9,15.4,8.7,08:34,19:34,12.93,13.1,0.4,2021,2,23,Open-Meteo (ERA5),5.1,0.0
2021-02-24,Barcelona,41.441124,2.2014387,15.7,9.4,12.5,15.3,8.3,08:33,19:35,14.2,10.6,0.0,2021,2,24,Open-Meteo (ERA5),5.5,0.0
2021-02-25,Barcelona,41.441124,2.2014387,15.3,7.6,10.7,13.6,5.4,08:31,19:36,14.93,19.5,0.0,2021,2,25,Open-Meteo (ERA5),7.300000000000001,0.0
2021-02-26,Barcelona,41.441124,2.2014387,14.3,8.8,11.3,12.9,7.5,08:29,19:38,12.44,12.5,0.0,2021,2,26,Open-Meteo (ERA5),6.699999999999999,0.0
2021-02-27,Barcelona,41.441124,2.2014387,15.4,6.6,10.8,14.0,4.2,08:28,19:39,15.59,20.7,0.2,2021,2,27,Open-Meteo (ERA5),7.199999999999999,0.0
2021-02-28,Barcelona,41.441124,2.2014387,14.9,8.1,11.3,12.5,6.7,08:26,19:40,15.29,21.2,0.0,2021,2,28,Open-Meteo (ERA5),6.699999999999999,0.0
2021-03-01,Barcelona,41.441124,2.2014387,15.1,10.6,12.3,12.1,8.4,08:25,19:41,12.61,24.1,0.3,2021,3,1,Open-Meteo (ERA5),5.699999999999999,0.0
2021-03-02,Barcelona,41.441124,2.2014387,15.3,10.5,12.5,12.4,7.9,08:23,19:42,10.91,22.4,0.5,2021,3,2,Open-Meteo (ERA5),5.5,0.0
2021-03-03,Barcelona,41.441124,2.2014387,14.9,9.2,11.5,13.6,8.1,08:22,19:43,11.48,13.7,0.9,2021,3,3,Open-Meteo (ERA5),6.5,0.0
2021-03-04,Barcelona,41.441124,2.2014387,14.9,7.6,11.1,13.1,6.1,08:20,19:45,15.2,14.6,0.0,2021,3,4,Open-Meteo (ERA5),6.9,0.0
2021-03-05,Barcelona,41.441124,2.2014387,14.8,7.7,11.1,13.2,6.1,08:18,19:46,15.09,12.8,0.0,2021,3,5,Open-Meteo (ERA5),6.9,0.0
2021-03-06,Barcelona,41.441124,2.2014387,14.9,7.8,11.4,12.3,6.3,08:17,19:47,14.95,15.5,0.2,2021,3,6,Open-Meteo (ERA5),6.6,0.0
2021-03-07,Barcelona,41.441124,2.2014387,14.5,8.1,11.2,12.5,6.3,08:15,19:48,10.08,13.1,0.1,2021,3,7,Open-Meteo (ERA5),6.800000000000001,0.0
2021-03-08,Barcelona,41.441124,2.2014387,13.9,9.1,11.2,12.4,7.6,08:14,19:49,4.95,12.4,1.7,2021,3,8,Open-Meteo (ERA5),6.800000000000001,0.0
2021-03-09,Barcelona,41.441124,2.2014387,14.2,7.7,10.5,12.5,5.5,08:12,19:50,15.37,16.1,0.0,2021,3,9,Open-Meteo (ERA5),7.5,0.0
2021-03-10,Barcelona,41.441124,2.2014387,14.4,5.5,9.9,12.9,1.6,08:10,19:52,18.27,18.7,0.0,2021,3,10,Open-Meteo (ERA5),8.1,0.0
2021-03-11,Barcelona,41.441124,2.2014387,17.0,5.2,11.0,14.7,2.2,08:09,19:53,17.58,25.5,0.0,2021,3,11,Open-Meteo (ERA5),7.0,0.0
2021-03-12,Barcelona,41.441124,2.2014387,13.9,8.9,11.6,12.1,6.7,08:07,19:54,10.23,16.4,0.1,2021,3,12,Open-Meteo (ERA5),6.4,0.0
2021-03-13,Barcelona,41.441124,2.2014387,17.1,6.8,11.3,14.4,4.7,08:05,19:55,18.32,23.9,0.0,2021,3,13,Open-Meteo (ERA5),6.699999999999999,0.0
2021-03-14,Barcelona,41.441124,2.2014387,15.2,6.5,10.4,12.7,3.5,08:04,19:56,15.26,18.7,0.2,2021,3,14,Open-Meteo (ERA5),7.6,0.0
2021-03-15,Barcelona,41.441124,2.2014387,15.6,6.7,11.2,12.8,3.3,08:02,19:57,16.74,20.3,0.0,2021,3,15,Open-Meteo (ERA5),6.800000000000001,0.0
2021-03-16,Barcelona,41.441124,2.2014387,14.8,5.3,10.5,13.3,2.6,08:00,19:58,18.04,17.7,0.0,2021,3,16,Open-Meteo (ERA5),7.5,0.0
2021-03-17,Barcelona,41.441124,2.2014387,19.5,6.6,11.5,16.5,4.0,07:59,19:59,17.75,20.6,0.0,2021,3,17,Open-Meteo (ERA5),6.5,0.0
2021-03-18,Barcelona,41.441124,2.2014387,13.2,6.3,10.7,10.8,4.4,07:57,20:00,16.88,26.3,1.6,2021,3,18,Open-Meteo (ERA5),7.300000000000001,0.0
2021-03-19,Barcelona,41.441124,2.2014387,10.5,5.4,8.1,7.7,2.4,07:55,20:02,8.51,27.1,16.5,2021,3,19,Open-Meteo (ERA5),9.9,0.0
2021-03-20,Barcelona,41.441124,2.2014387,13.6,5.5,9.0,10.2,2.1,07:53,20:03,18.02,31.5,0.0,2021,3,20,Open-Meteo (ERA5),9.0,0.0
2021-03-21,Barcelona,41.441124,2.2014387,14.3,2.5,8.3,11.3,-1.3,07:52,20:04,19.15,19.8,0.0,2021,3,21,Open-Meteo (ERA5),9.7,0.0
2021-03-22,Barcelona,41.441124,2.2014387,16.6,4.4,10.2,14.4,1.4,07:50,20:05,19.31,24.3,0.0,2021,3,22,Open-Meteo (ERA5),7.800000000000001,0.0
2021-03-23,Barcelona,41.441124,2.2014387,15.4,6.3,10.7,14.4,4.1,07:48,20:06,19.93,14.8,0.0,2021,3,23,Open-Meteo (ERA5),7.300000000000001,0.0
2021-03-24,Barcelona,41.441124,2.2014387,16.8,5.4,11.1,14.7,3.0,07:47,20:07,20.78,20.5,0.0,2021,3,24,Open-Meteo (ERA5),6.9,0.0
2021-03-25,Barcelona,41.441124,2.2014387,15.8,6.1,11.3,14.4,3.9,07:45,20:08,19.47,16.2,0.0,2021,3,25,Open-Meteo (ERA5),6.699999999999999,0.0
2021-03-26,Barcelona,41.441124,2.2014387,16.5,8.2,12.1,14.9,6.6,07:43,20:09,18.36,17.6,0.0,2021,3,26,Open-Meteo (ERA5),5.9,0.0
2021-03-27,Barcelona,41.441124,2.2014387,15.4,9.7,12.6,14.7,8.5,07:42,20:10,15.71,16.4,0.7,2021,3,27,Open-Meteo (ERA5),5.4,0.0
2021-03-28,Barcelona,41.441124,2.2014387,16.6,7.1,11.6,15.6,5.6,07:40,20:11,21.31,15.5,0.0,2021,3,28,Open-Meteo (ERA5),6.4,0.0
2021-03-29,Barcelona,41.441124,2.2014387,18.1,6.6,12.2,16.1,4.4,07:38,20:12,21.5,14.1,0.0,2021,3,29,Open-Meteo (ERA5),5.800000000000001,0.0
2021-03-30,Barcelona,41.441124,2.2014387,17.5,10.2,13.4,17.2,8.5,07:37,20:14,21.5,13.6,0.0,2021,3,30,Open-Meteo (ERA5),4.6,0.0
2021-03-31,Barcelona,41.441124,2.2014387,16.5,8.1,12.7,15.5,6.1,07:35,20:15,21.36,14.3,0.0,2021,3,31,Open-Meteo (ERA5),5.300000000000001,0.0
2021-04-01,Barcelona,41.441124,2.2014387,18.3,4.7,12.3,16.7,2.1,07:33,20:16,21.19,14.3,0.0,2021,4,1,Open-Meteo (ERA5),5.699999999999999,0.0
2021-04-02,Barcelona,41.441124,2.2014387,19.3,10.6,14.9,17.4,7.5,07:32,20:17,21.99,20.8,0.0,2021,4,2,Open-Meteo (ERA5),3.0999999999999996,0.0
2021-04-03,Barcelona,41.441124,2.2014387,21.5,9.8,15.3,18.0,8.0,07:30,20:18,22.0,25.3,0.0,2021,4,3,Open-Meteo (ERA5),2.6999999999999993,0.0
2021-04-04,Barcelona,41.441124,2.2014387,18.1,10.7,14.3,16.2,10.0,07:28,20:19,20.32,16.5,0.0,2021,4,4,Open-Meteo (ERA5),3.6999999999999993,0.0
2021-04-05,Barcelona,41.441124,2.2014387,19.0,8.1,13.8,16.4,6.5,07:27,20:20,22.65,29.5,0.0,2021,4,5,Open-Meteo (ERA5),4.199999999999999,0.0
2021-04-06,Barcelona,41.441124,2.2014387,15.4,8.5,12.6,13.1,6.1,07:25,20:21,13.15,20.2,0.6,2021,4,6,Open-Meteo (ERA5),5.4,0.0
2021-04-07,Barcelona,41.441124,2.2014387,12.8,8.9,11.1,11.1,5.9,07:23,20:22,13.15,17.6,0.2,2021,4,7,Open-Meteo (ERA5),6.9,0.0
2021-04-08,Barcelona,41.441124,2.2014387,14.8,6.1,10.6,11.2,3.7,07:22,20:23,22.68,25.7,0.0,2021,4,8,Open-Meteo (ERA5),7.4,0.0
2021-04-09,Barcelona,41.441124,2.2014387,14.6,6.1,10.9,11.8,4.0,07:20,20:24,11.79,13.9,0.7,2021,4,9,Open-Meteo (ERA5),7.1,0.0
2021-04-10,Barcelona,41.441124,2.2014387,14.7,8.7,11.8,13.7,7.3,07:18,20:25,8.02,9.4,2.1,2021,4,10,Open-Meteo (ERA5),6.199999999999999,0.0
2021-04-11,Barcelona,41.441124,2.2014387,16.5,8.9,13.1,14.9,7.6,07:17,20:27,16.09,23.1,5.3,2021,4,11,Open-Meteo (ERA5),4.9,0.0
2021-04-12,Barcelona,41.441124,2.2014387,14.4,10.6,11.9,12.5,8.9,07:15,20:28,17.28,21.6,7.3,2021,4,12,Open-Meteo (ERA5),6.1,0.0
2021-04-13,Barcelona,41.441124,2.2014387,14.5,7.6,11.6,12.0,5.8,07:14,20:29,18.85,19.1,0.0,2021,4,13,Open-Meteo (ERA5),6.4,0.0
2021-04-14,Barcelona,41.441124,2.2014387,14.4,10.1,12.2,13.0,8.6,07:12,20:30,23.21,16.6,0.0,2021,4,14,Open-Meteo (ERA5),5.800000000000001,0.0
2021-04-15,Barcelona,41.441124,2.2014387,15.1,9.3,12.0,12.5,6.4,07:10,20:31,21.58,22.6,0.0,2021,4,15,Open-Meteo (ERA5),6.0,0.0
2021-04-16,Barcelona,41.441124,2.2014387,14.5,9.8,11.4,10.7,5.9,07:09,20:32,12.07,23.2,4.0,2021,4,16,Open-Meteo (ERA5),6.6,0.0
2021-04-17,Barcelona,41.441124,2.2014387,14.5,6.2,9.7,13.2,3.8,07:07,20:33,19.16,21.3,1.0,2021,4,17,Open-Meteo (ERA5),8.3,0.0
2021-04-18,Barcelona,41.441124,2.2014387,16.4,5.5,11.2,14.3,1.5,07:06,20:34,24.67,21.7,0.0,2021,4,18,Open-Meteo (ERA5),6.800000000000001,0.0
2021-04-19,Barcelona,41.441124,2.2014387,16.2,6.9,11.8,14.6,4.5,07:04,20:35,22.17,17.7,0.0,2021,4,19,Open-Meteo (ERA5),6.199999999999999,0.0
2021-04-20,Barcelona,41.441124,2.2014387,16.2,8.2,12.3,14.4,6.1,07:03,20:36,11.75,17.1,1.2,2021,4,20,Open-Meteo (ERA5),5.699999999999999,0.0
2021-04-21,Barcelona,41.441124,2.2014387,14.4,11.3,12.8,12.4,9.4,07:01,20:37,14.54,19.8,7.7,2021,4,21,Open-Meteo (ERA5),5.199999999999999,0.0
2021-04-22,Barcelona,41.441124,2.2014387,16.0,9.1,12.7,13.9,7.5,07:00,20:38,18.16,20.0,0.0,2021,4,22,Open-Meteo (ERA5),5.300000000000001,0.0
2021-04-23,Barcelona,41.441124,2.2014387,17.4,6.7,12.7,16.4,4.5,06:59,20:40,25.75,15.6,0.0,2021,4,23,Open-Meteo (ERA5),5.300000000000001,0.0
2021-04-24,Barcelona,41.441124,2.2014387,17.7,8.0,13.4,17.5,5.7,06:57,20:41,24.58,12.6,0.0,2021,4,24,Open-Meteo (ERA5),4.6,0.0
2021-04-25,Barcelona,41.441124,2.2014387,18.9,10.5,14.8,17.7,9.0,06:56,20:42,16.99,20.2,0.1,2021,4,25,Open-Meteo (ERA5),3.1999999999999993,0.0
2021-04-26,Barcelona,41.441124,2.2014387,18.9,12.9,15.4,16.1,11.1,06:54,20:43,14.64,25.2,5.8,2021,4,26,Open-Meteo (ERA5),2.5999999999999996,0.0
2021-04-27,Barcelona,41.441124,2.2014387,17.0,10.2,14.3,15.6,9.1,06:53,20:44,17.48,16.6,0.0,2021,4,27,Open-Meteo (ERA5),3.6999999999999993,0.0
2021-04-28,Barcelona,41.441124,2.2014387,16.9,11.8,14.5,16.4,11.4,06:51,20:45,16.87,12.6,0.0,2021,4,28,Open-Meteo (ERA5),3.5,0.0
2021-04-29,Barcelona,41.441124,2.2014387,18.2,12.3,15.0,19.4,12.1,06:50,20:46,19.69,15.0,2.0,2021,4,29,Open-Meteo (ERA5),3.0,0.0
2021-04-30,Barcelona,41.441124,2.2014387,17.3,13.0,15.2,16.5,12.9,06:49,20:47,17.87,19.2,0.6,2021,4,30,Open-Meteo (ERA5),2.8000000000000007,0.0
2021-05-01,Barcelona,41.441124,2.2014387,18.3,12.6,14.6,18.0,11.7,06:47,20:48,13.95,17.4,17.6,2021,5,1,Open-Meteo (ERA5),3.4000000000000004,0.0
2021-05-02,Barcelona,41.441124,2.2014387,14.7,11.7,13.1,12.8,9.0,06:46,20:49,15.78,21.8,2.0,2021,5,2,Open-Meteo (ERA5),4.9,0.0
2021-05-03,Barcelona,41.441124,2.2014387,16.8,8.0,12.9,15.5,5.8,06:45,20:50,25.67,17.5,0.0,2021,5,3,Open-Meteo (ERA5),5.1,0.0
2021-05-04,Barcelona,41.441124,2.2014387,18.5,9.7,14.2,16.6,7.3,06:44,20:51,24.21,23.5,0.0,2021,5,4,Open-Meteo (ERA5),3.8000000000000007,0.0
2021-05-05,Barcelona,41.441124,2.2014387,19.3,10.3,15.0,19.3,9.1,06:42,20:52,24.98,17.6,0.0,2021,5,5,Open-Meteo (ERA5),3.0,0.0
2021-05-06,Barcelona,41.441124,2.2014387,20.3,13.9,16.7,20.9,14.1,06:41,20:53,25.57,28.0,0.0,2021,5,6,Open-Meteo (ERA5),1.3000000000000007,0.0
2021-05-07,Barcelona,41.441124,2.2014387,19.1,12.0,16.2,19.9,11.9,06:40,20:55,23.49,16.1,0.1,2021,5,7,Open-Meteo (ERA5),1.8000000000000007,0.0
2021-05-08,Barcelona,41.441124,2.2014387,22.0,12.8,17.4,22.5,12.5,06:39,20:56,26.37,21.3,0.0,2021,5,8,Open-Meteo (ERA5),0.6000000000000014,0.0
2021-05-09,Barcelona,41.441124,2.2014387,21.0,13.8,17.3,20.5,13.0,06:38,20:57,20.31,23.2,0.1,2021,5,9,Open-Meteo (ERA5),0.6999999999999993,0.0
2021-05-10,Barcelona,41.441124,2.2014387,20.4,15.0,17.5,19.5,15.1,06:37,20:58,16.86,22.3,2.0,2021,5,10,Open-Meteo (ERA5),0.5,0.0
2021-05-11,Barcelona,41.441124,2.2014387,21.2,12.0,15.9,19.2,11.1,06:36,20:59,25.01,30.4,0.7,2021,5,11,Open-Meteo (ERA5),2.0999999999999996,0.0
2021-05-12,Barcelona,41.441124,2.2014387,22.3,9.3,16.2,19.4,8.1,06:34,21:00,23.92,27.2,0.0,2021,5,12,Open-Meteo (ERA5),1.8000000000000007,0.0
2021-05-13,Barcelona,41.441124,2.2014387,22.4,12.2,16.5,20.5,11.1,06:33,21:01,25.89,31.1,0.0,2021,5,13,Open-Meteo (ERA5),1.5,0.0
2021-05-14,Barcelona,41.441124,2.2014387,20.1,12.9,15.9,17.9,12.6,06:32,21:02,21.27,24.5,6.4,2021,5,14,Open-Meteo (ERA5),2.0999999999999996,0.0
2021-05-15,Barcelona,41.441124,2.2014387,22.9,11.7,17.3,21.8,10.9,06:31,21:03,23.84,27.7,0.0,2021,5,15,Open-Meteo (ERA5),0.6999999999999993,0.0
2021-05-16,Barcelona,41.441124,2.2014387,28.2,14.7,19.7,26.1,14.8,06:30,21:04,19.74,28.1,0.2,2021,5,16,Open-Meteo (ERA5),0.0,1.6999999999999993
2021-05-17,Barcelona,41.441124,2.2014387,18.8,14.4,16.7,16.9,14.0,06:30,21:05,23.28,29.2,0.2,2021,5,17,Open-Meteo (ERA5),1.3000000000000007,0.0
2021-05-18,Barcelona,41.441124,2.2014387,19.9,13.0,16.8,17.5,13.0,06:29,21:06,19.05,29.9,0.0,2021,5,18,Open-Meteo (ERA5),1.1999999999999993,0.0
2021-05-19,Barcelona,41.441124,2.2014387,19.0,15.0,16.4,16.9,14.2,06:28,21:07,20.24,27.6,1.6,2021,5,19,Open-Meteo (ERA5),1.6000000000000014,0.0
2021-05-20,Barcelona,41.441124,2.2014387,20.6,13.9,16.8,20.0,14.5,06:27,21:08,26.27,19.4,0.3,2021,5,20,Open-Meteo (ERA5),1.1999999999999993,0.0
2021-05-21,Barcelona,41.441124,2.2014387,20.6,13.4,17.2,20.2,13.7,06:26,21:09,26.27,22.1,0.0,2021,5,21,Open-Meteo (ERA5),0.8000000000000007,0.0
2021-05-22,Barcelona,41.441124,2.2014387,19.8,14.6,16.7,18.2,13.4,06:25,21:10,21.84,23.1,0.0,2021,5,22,Open-Meteo (ERA5),1.3000000000000007,0.0
2021-05-23,Barcelona,41.441124,2.2014387,17.9,13.6,15.5,16.5,13.0,06:25,21:10,12.73,16.4,0.6,2021,5,23,Open-Meteo (ERA5),2.5,0.0
2021-05-24,Barcelona,41.441124,2.2014387,22.6,14.1,17.8,21.9,13.2,06:24,21:11,26.68,27.9,2.5,2021,5,24,Open-Meteo (ERA5),0.1999999999999993,0.0
2021-05-25,Barcelona,41.441124,2.2014387,18.4,14.9,16.4,16.6,14.2,06:23,21:12,18.48,16.4,0.0,2021,5,25,Open-Meteo (ERA5),1.6000000000000014,0.0
2021-05-26,Barcelona,41.441124,2.2014387,20.4,12.1,16.5,19.9,11.6,06:23,21:13,23.75,21.1,0.0,2021,5,26,Open-Meteo (ERA5),1.5,0.0
2021-05-27,Barcelona,41.441124,2.2014387,22.0,14.6,18.3,22.7,14.8,06:22,21:14,26.23,19.1,0.0,2021,5,27,Open-Meteo (ERA5),0.0,0.3000000000000007
2021-05-28,Barcelona,41.441124,2.2014387,22.5,14.9,19.3,23.0,15.7,06:21,21:15,27.11,15.7,0.0,2021,5,28,Open-Meteo (ERA5),0.0,1.3000000000000007
2021-05-29,Barcelona,41.441124,2.2014387,26.9,15.4,21.8,26.6,15.9,06:21,21:15,26.61,16.8,0.0,2021,5,29,Open-Meteo (ERA5),0.0,3.8000000000000007
2021-05-30,Barcelona,41.441124,2.2014387,24.6,18.8,21.3,24.5,17.2,06:20,21:16,21.49,17.9,1.9,2021,5,30,Open-Meteo (ERA5),0.0,3.3000000000000007
2021-05-31,Barcelona,41.441124,2.2014387,23.3,18.2,20.4,23.3,17.7,06:20,21:17,24.62,17.6,0.0,2021,5,31,Open-Meteo (ERA5),0.0,2.3999999999999986
2021-06-01,Barcelona,41.441124,2.2014387,23.2,16.4,19.8,24.7,17.4,06:19,21:18,22.94,19.0,0.4,2021,6,1,Open-Meteo (ERA5),0.0,1.8000000000000007
2021-06-02,Barcelona,41.441124,2.2014387,22.3,18.3,20.1,23.9,20.1,06:19,21:19,22.42,15.9,3.0,2021,6,2,Open-Meteo (ERA5),0.0,2.1000000000000014
2021-06-03,Barcelona,41.441124,2.2014387,23.0,18.5,20.7,24.1,19.4,06:19,21:19,27.46,20.3,0.1,2021,6,3,Open-Meteo (ERA5),0.0,2.6999999999999993
2021-06-04,Barcelona,41.441124,2.2014387,24.1,18.6,20.8,24.8,19.7,06:18,21:20,23.2,17.5,0.1,2021,6,4,Open-Meteo (ERA5),0.0,2.8000000000000007
2021-06-05,Barcelona,41.441124,2.2014387,23.7,18.0,20.4,24.9,20.1,06:18,21:21,22.14,21.5,0.0,2021,6,5,Open-Meteo (ERA5),0.0,2.3999999999999986
2021-06-06,Barcelona,41.441124,2.2014387,24.5,18.5,21.1,23.7,18.5,06:18,21:21,21.66,25.0,0.2,2021,6,6,Open-Meteo (ERA5),0.0,3.1000000000000014
2021-06-07,Barcelona,41.441124,2.2014387,23.6,16.4,20.2,24.2,17.5,06:17,21:22,26.55,15.3,0.0,2021,6,7,Open-Meteo (ERA5),0.0,2.1999999999999993
2021-06-08,Barcelona,41.441124,2.2014387,25.5,16.3,21.3,26.5,17.7,06:17,21:23,28.41,17.3,0.0,2021,6,8,Open-Meteo (ERA5),0.0,3.3000000000000007
2021-06-09,Barcelona,41.441124,2.2014387,26.7,17.6,22.7,27.0,18.8,06:17,21:23,27.78,16.5,0.0,2021,6,9,Open-Meteo (ERA5),0.0,4.699999999999999
2021-06-10,Barcelona,41.441124,2.2014387,28.8,18.2,23.8,27.8,19.6,06:17,21:24,26.9,20.8,0.0,2021,6,10,Open-Meteo (ERA5),0.0,5.800000000000001
2021-06-11,Barcelona,41.441124,2.2014387,28.9,18.8,24.1,28.3,18.9,06:17,21:24,24.87,16.1,0.0,2021,6,11,Open-Meteo (ERA5),0.0,6.100000000000001
2021-06-12,Barcelona,41.441124,2.2014387,28.9,20.3,24.9,29.0,21.1,06:17,21:25,27.82,17.4,0.0,2021,6,12,Open-Meteo (ERA5),0.0,6.899999999999999
2021-06-13,Barcelona,41.441124,2.2014387,28.7,21.4,25.8,30.0,21.6,06:17,21:25,28.57,16.5,0.0,2021,6,13,Open-Meteo (ERA5),0.0,7.800000000000001
2021-06-14,Barcelona,41.441124,2.2014387,31.8,21.1,26.5,31.9,21.2,06:16,21:26,28.84,18.3,0.0,2021,6,14,Open-Meteo (ERA5),0.0,8.5
2021-06-15,Barcelona,41.441124,2.2014387,31.6,20.8,26.5,32.2,20.7,06:16,21:26,28.7,15.1,0.0,2021,6,15,Open-Meteo (ERA5),0.0,8.5
2021-06-16,Barcelona,41.441124,2.2014387,29.2,21.3,25.1,30.0,22.9,06:17,21:26,24.64,17.1,0.0,2021,6,16,Open-Meteo (ERA5),0.0,7.100000000000001
2021-06-17,Barcelona,41.441124,2.2014387,26.3,22.8,24.3,28.1,23.3,06:17,21:27,17.3,27.7,1.9,2021,6,17,Open-Meteo (ERA5),0.0,6.300000000000001
2021-06-18,Barcelona,41.441124,2.2014387,27.4,19.7,23.4,29.6,22.3,06:17,21:27,26.88,18.0,0.0,2021,6,18,Open-Meteo (ERA5),0.0,5.399999999999999
2021-06-19,Barcelona,41.441124,2.2014387,29.1,21.5,23.9,30.2,24.7,06:17,21:27,20.03,17.6,0.1,2021,6,19,Open-Meteo (ERA5),0.0,5.899999999999999
2021-06-20,Barcelona,41.441124,2.2014387,26.7,20.9,23.0,26.7,22.5,06:17,21:28,19.75,22.6,13.0,2021,6,20,Open-Meteo (ERA5),0.0,5.0
2021-06-21,Barcelona,41.441124,2.2014387,28.0,19.7,24.0,27.7,21.3,06:17,21:28,26.46,24.0,0.0,2021,6,21,Open-Meteo (ERA5),0.0,6.0
2021-06-22,Barcelona,41.441124,2.2014387,24.6,18.4,22.1,24.6,18.7,06:17,21:28,25.47,18.2,0.0,2021,6,22,Open-Meteo (ERA5),0.0,4.100000000000001
2021-06-23,Barcelona,41.441124,2.2014387,23.9,18.7,21.3,26.4,19.9,06:18,21:28,21.03,15.0,6.2,2021,6,23,Open-Meteo (ERA5),0.0,3.3000000000000007
2021-06-24,Barcelona,41.441124,2.2014387,23.8,15.7,20.5,25.3,15.7,06:18,21:28,28.98,15.6,0.0,2021,6,24,Open-Meteo (ERA5),0.0,2.5
2021-06-25,Barcelona,41.441124,2.2014387,25.2,17.4,21.6,26.0,18.8,06:18,21:28,26.13,25.8,0.1,2021,6,25,Open-Meteo (ERA5),0.0,3.6000000000000014
2021-06-26,Barcelona,41.441124,2.2014387,26.6,18.4,22.8,27.8,20.6,06:19,21:28,27.24,21.4,0.0,2021,6,26,Open-Meteo (ERA5),0.0,4.800000000000001
2021-06-27,Barcelona,41.441124,2.2014387,26.8,20.1,23.2,29.0,23.0,06:19,21:28,27.91,18.8,0.0,2021,6,27,Open-Meteo (ERA5),0.0,5.199999999999999
2021-06-28,Barcelona,41.441124,2.2014387,26.3,19.6,22.9,28.8,21.9,06:20,21:28,24.26,19.4,0.0,2021,6,28,Open-Meteo (ERA5),0.0,4.899999999999999
2021-06-29,Barcelona,41.441124,2.2014387,24.7,20.3,22.7,25.2,21.5,06:20,21:28,23.52,21.5,0.4,2021,6,29,Open-Meteo (ERA5),0.0,4.699999999999999
2021-06-30,Barcelona,41.441124,2.2014387,24.7,20.5,22.7,24.8,21.7,06:21,21:28,21.78,21.1,0.0,2021,6,30,Open-Meteo (ERA5),0.0,4.699999999999999
2021-07-01,Barcelona,41.441124,2.2014387,27.1,20.4,23.6,28.4,23.4,06:21,21:28,25.42,23.5,0.0,2021,7,1,Open-Meteo (ERA5),0.0,5.600000000000001
2021-07-02,Barcelona,41.441124,2.2014387,28.6,19.3,24.3,29.8,21.7,06:22,21:28,28.61,19.8,0.0,2021,7,2,Open-Meteo (ERA5),0.0,6.300000000000001
2021-07-03,Barcelona,41.441124,2.2014387,28.7,20.7,24.5,31.2,23.7,06:22,21:28,25.55,22.9,0.0,2021,7,3,Open-Meteo (ERA5),0.0,6.5
2021-07-04,Barcelona,41.441124,2.2014387,28.4,21.4,24.3,30.7,24.4,06:23,21:28,25.41,26.2,0.0,2021,7,4,Open-Meteo (ERA5),0.0,6.300000000000001
2021-07-05,Barcelona,41.441124,2.2014387,27.9,20.1,24.2,30.3,22.3,06:23,21:27,28.39,18.4,0.0,2021,7,5,Open-Meteo (ERA5),0.0,6.199999999999999
2021-07-06,Barcelona,41.441124,2.2014387,27.2,22.7,24.9,29.6,26.4,06:24,21:27,24.2,24.0,0.0,2021,7,6,Open-Meteo (ERA5),0.0,6.899999999999999
2021-07-07,Barcelona,41.441124,2.2014387,26.5,22.8,24.3,27.2,23.2,06:25,21:27,20.71,17.6,0.0,2021,7,7,Open-Meteo (ERA5),0.0,6.300000000000001
2021-07-08,Barcelona,41.441124,2.2014387,26.0,18.7,22.9,27.0,20.1,06:25,21:26,26.39,26.7,4.1,2021,7,8,Open-Meteo (ERA5),0.0,4.899999999999999
2021-07-09,Barcelona,41.441124,2.2014387,27.2,19.7,23.6,26.9,21.7,06:26,21:26,26.19,32.0,0.0,2021,7,9,Open-Meteo (ERA5),0.0,5.600000000000001
2021-07-10,Barcelona,41.441124,2.2014387,29.1,19.1,24.3,29.3,21.3,06:27,21:26,28.12,27.7,0.0,2021,7,10,Open-Meteo (ERA5),0.0,6.300000000000001
2021-07-11,Barcelona,41.441124,2.2014387,27.0,20.6,24.2,29.3,22.9,06:27,21:25,26.31,17.6,0.0,2021,7,11,Open-Meteo (ERA5),0.0,6.199999999999999
2021-07-12,Barcelona,41.441124,2.2014387,27.0,20.7,24.1,30.4,23.3,06:28,21:25,22.07,21.5,0.9,2021,7,12,Open-Meteo (ERA5),0.0,6.100000000000001
2021-07-13,Barcelona,41.441124,2.2014387,26.1,17.6,22.5,25.1,15.7,06:29,21:24,26.22,26.8,0.0,2021,7,13,Open-Meteo (ERA5),0.0,4.5
2021-07-14,Barcelona,41.441124,2.2014387,25.7,17.7,21.9,26.6,18.7,06:30,21:23,26.32,20.0,1.8,2021,7,14,Open-Meteo (ERA5),0.0,3.8999999999999986
2021-07-15,Barcelona,41.441124,2.2014387,25.0,19.6,22.4,25.5,21.4,06:30,21:23,23.06,23.0,0.9,2021,7,15,Open-Meteo (ERA5),0.0,4.399999999999999
2021-07-16,Barcelona,41.441124,2.2014387,27.2,19.9,23.4,27.5,22.7,06:31,21:22,25.74,20.9,4.3,2021,7,16,Open-Meteo (ERA5),0.0,5.399999999999999
2021-07-17,Barcelona,41.441124,2.2014387,28.5,20.1,24.3,30.0,23.2,06:32,21:22,27.72,20.5,0.0,2021,7,17,Open-Meteo (ERA5),0.0,6.300000000000001
2021-07-18,Barcelona,41.441124,2.2014387,28.8,20.7,25.1,31.6,23.4,06:33,21:21,27.65,15.7,0.0,2021,7,18,Open-Meteo (ERA5),0.0,7.100000000000001
2021-07-19,Barcelona,41.441124,2.2014387,32.2,24.0,27.9,32.2,25.5,06:34,21:20,26.43,28.2,0.0,2021,7,19,Open-Meteo (ERA5),0.0,9.899999999999999
2021-07-20,Barcelona,41.441124,2.2014387,31.2,21.8,27.0,31.7,23.4,06:35,21:19,26.85,24.3,0.0,2021,7,20,Open-Meteo (ERA5),0.0,9.0
2021-07-21,Barcelona,41.441124,2.2014387,30.9,22.5,26.8,32.5,24.1,06:36,21:19,26.87,20.4,0.0,2021,7,21,Open-Meteo (ERA5),0.0,8.8
2021-07-22,Barcelona,41.441124,2.2014387,32.2,21.8,27.5,33.2,23.1,06:36,21:18,27.8,23.3,0.0,2021,7,22,Open-Meteo (ERA5),0.0,9.5
2021-07-23,Barcelona,41.441124,2.2014387,30.7,21.2,26.5,33.1,22.5,06:37,21:17,27.8,23.4,0.0,2021,7,23,Open-Meteo (ERA5),0.0,8.5
2021-07-24,Barcelona,41.441124,2.2014387,28.5,23.3,25.8,30.5,25.9,06:38,21:16,27.22,20.5,0.0,2021,7,24,Open-Meteo (ERA5),0.0,7.800000000000001
2021-07-25,Barcelona,41.441124,2.2014387,27.3,22.1,24.9,29.2,24.5,06:39,21:15,23.23,21.7,0.4,2021,7,25,Open-Meteo (ERA5),0.0,6.899999999999999
2021-07-26,Barcelona,41.441124,2.2014387,28.1,21.5,24.8,29.7,23.4,06:40,21:14,19.36,19.1,0.4,2021,7,26,Open-Meteo (ERA5),0.0,6.800000000000001
2021-07-27,Barcelona,41.441124,2.2014387,29.7,20.6,25.2,29.8,23.1,06:41,21:13,26.95,25.7,0.0,2021,7,27,Open-Meteo (ERA5),0.0,7.199999999999999
2021-07-28,Barcelona,41.441124,2.2014387,27.5,21.9,24.4,28.8,23.7,06:42,21:12,25.7,17.8,0.0,2021,7,28,Open-Meteo (ERA5),0.0,6.399999999999999
2021-07-29,Barcelona,41.441124,2.2014387,28.1,20.9,24.9,29.9,24.4,06:43,21:11,26.42,18.8,0.0,2021,7,29,Open-Meteo (ERA5),0.0,6.899999999999999
2021-07-30,Barcelona,41.441124,2.2014387,28.7,21.2,25.2,31.9,24.6,06:44,21:10,24.83,21.0,0.0,2021,7,30,Open-Meteo (ERA5),0.0,7.199999999999999
2021-07-31,Barcelona,41.441124,2.2014387,28.1,20.9,24.6,28.7,21.6,06:45,21:09,20.16,20.8,4.0,2021,7,31,Open-Meteo (ERA5),0.0,6.600000000000001
2021-08-01,Barcelona,41.441124,2.2014387,23.6,18.8,21.0,24.7,19.9,06:46,21:08,24.98,17.7,3.3,2021,8,1,Open-Meteo (ERA5),0.0,3.0
2021-08-02,Barcelona,41.441124,2.2014387,25.0,19.1,22.1,27.8,20.4,06:47,21:07,21.91,18.1,0.5,2021,8,2,Open-Meteo (ERA5),0.0,4.100000000000001
2021-08-03,Barcelona,41.441124,2.2014387,26.5,19.1,23.2,28.7,21.4,06:48,21:06,22.83,21.6,0.7,2021,8,3,Open-Meteo (ERA5),0.0,5.199999999999999
2021-08-04,Barcelona,41.441124,2.2014387,25.9,21.4,23.1,29.6,23.7,06:49,21:05,16.32,17.3,8.2,2021,8,4,Open-Meteo (ERA5),0.0,5.100000000000001
2021-08-05,Barcelona,41.441124,2.2014387,27.2,20.0,23.6,30.2,22.8,06:50,21:03,23.78,23.7,0.0,2021,8,5,Open-Meteo (ERA5),0.0,5.600000000000001
2021-08-06,Barcelona,41.441124,2.2014387,24.9,22.2,23.6,28.4,24.7,06:51,21:02,18.1,17.9,0.5,2021,8,6,Open-Meteo (ERA5),0.0,5.600000000000001
2021-08-07,Barcelona,41.441124,2.2014387,27.9,21.3,24.0,31.5,23.7,06:52,21:01,22.25,23.3,0.0,2021,8,7,Open-Meteo (ERA5),0.0,6.0
2021-08-08,Barcelona,41.441124,2.2014387,24.4,20.3,22.6,25.8,22.3,06:53,21:00,22.89,19.9,0.0,2021,8,8,Open-Meteo (ERA5),0.0,4.600000000000001
2021-08-09,Barcelona,41.441124,2.2014387,25.8,18.0,22.5,27.8,19.5,06:54,20:58,23.32,12.7,0.0,2021,8,9,Open-Meteo (ERA5),0.0,4.5
2021-08-10,Barcelona,41.441124,2.2014387,27.0,19.1,23.5,28.9,20.3,06:55,20:57,14.48,13.6,0.0,2021,8,10,Open-Meteo (ERA5),0.0,5.5
2021-08-11,Barcelona,41.441124,2.2014387,29.9,21.1,25.1,33.3,23.0,06:56,20:56,23.44,14.9,0.0,2021,8,11,Open-Meteo (ERA5),0.0,7.100000000000001
2021-08-12,Barcelona,41.441124,2.2014387,29.3,22.1,25.7,32.9,25.4,06:57,20:54,24.32,13.5,0.0,2021,8,12,Open-Meteo (ERA5),0.0,7.699999999999999
2021-08-13,Barcelona,41.441124,2.2014387,31.1,21.3,25.7,34.6,24.4,06:58,20:53,25.28,13.3,0.0,2021,8,13,Open-Meteo (ERA5),0.0,7.699999999999999
2021-08-14,Barcelona,41.441124,2.2014387,32.7,21.9,26.7,33.8,24.7,06:59,20:52,24.75,15.8,0.0,2021,8,14,Open-Meteo (ERA5),0.0,8.7
2021-08-15,Barcelona,41.441124,2.2014387,29.5,22.8,26.0,33.0,26.0,07:00,20:50,23.71,16.5,0.0,2021,8,15,Open-Meteo (ERA5),0.0,8.0
2021-08-16,Barcelona,41.441124,2.2014387,28.5,23.0,25.4,31.2,25.8,07:01,20:49,20.69,22.1,0.0,2021,8,16,Open-Meteo (ERA5),0.0,7.399999999999999
2021-08-17,Barcelona,41.441124,2.2014387,26.8,22.1,24.4,27.9,23.9,07:02,20:47,24.58,18.9,0.4,2021,8,17,Open-Meteo (ERA5),0.0,6.399999999999999
2021-08-18,Barcelona,41.441124,2.2014387,26.7,21.5,23.8,27.6,23.5,07:03,20:46,20.6,18.2,0.1,2021,8,18,Open-Meteo (ERA5),0.0,5.800000000000001
2021-08-19,Barcelona,41.441124,2.2014387,25.1,20.0,22.6,27.3,22.9,07:04,20:45,13.31,18.4,3.7,2021,8,19,Open-Meteo (ERA5),0.0,4.600000000000001
2021-08-20,Barcelona,41.441124,2.2014387,26.7,20.9,24.0,30.1,24.4,07:05,20:43,19.84,17.7,0.3,2021,8,20,Open-Meteo (ERA5),0.0,6.0
2021-08-21,Barcelona,41.441124,2.2014387,28.3,21.3,24.9,32.6,25.0,07:06,20:42,23.13,20.0,0.0,2021,8,21,Open-Meteo (ERA5),0.0,6.899999999999999
2021-08-22,Barcelona,41.441124,2.2014387,27.1,21.0,24.5,31.1,24.1,07:07,20:40,22.71,14.5,0.0,2021,8,22,Open-Meteo (ERA5),0.0,6.5
2021-08-23,Barcelona,41.441124,2.2014387,26.2,21.3,24.1,28.7,24.4,07:08,20:38,15.87,18.8,0.3,2021,8,23,Open-Meteo (ERA5),0.0,6.100000000000001
2021-08-24,Barcelona,41.441124,2.2014387,25.9,19.9,22.9,27.5,21.2,07:09,20:37,17.31,15.6,17.2,2021,8,24,Open-Meteo (ERA5),0.0,4.899999999999999
2021-08-25,Barcelona,41.441124,2.2014387,26.6,21.0,23.7,27.1,22.9,07:10,20:35,15.06,14.7,0.2,2021,8,25,Open-Meteo (ERA5),0.0,5.699999999999999
2021-08-26,Barcelona,41.441124,2.2014387,28.6,19.2,24.1,30.7,20.7,07:11,20:34,21.52,25.4,0.0,2021,8,26,Open-Meteo (ERA5),0.0,6.100000000000001
2021-08-27,Barcelona,41.441124,2.2014387,28.8,22.9,25.4,33.0,25.3,07:12,20:32,19.84,17.2,0.1,2021,8,27,Open-Meteo (ERA5),0.0,7.399999999999999
2021-08-28,Barcelona,41.441124,2.2014387,26.4,22.1,24.0,27.7,21.7,07:13,20:30,19.21,17.8,0.1,2021,8,28,Open-Meteo (ERA5),0.0,6.0
2021-08-29,Barcelona,41.441124,2.2014387,25.2,21.1,22.9,25.2,22.6,07:14,20:29,15.33,19.4,0.6,2021,8,29,Open-Meteo (ERA5),0.0,4.899999999999999
2021-08-30,Barcelona,41.441124,2.2014387,23.0,20.5,21.9,25.7,22.8,07:15,20:27,6.88,10.7,6.1,2021,8,30,Open-Meteo (ERA5),0.0,3.8999999999999986
2021-08-31,Barcelona,41.441124,2.2014387,26.1,20.0,22.8,26.8,22.1,07:16,20:26,17.91,16.7,17.9,2021,8,31,Open-Meteo (ERA5),0.0,4.800000000000001
2021-09-01,Barcelona,41.441124,2.2014387,25.9,21.1,23.6,26.5,23.1,07:17,20:24,15.59,21.6,0.1,2021,9,1,Open-Meteo (ERA5),0.0,5.600000000000001
2021-09-02,Barcelona,41.441124,2.2014387,25.9,20.0,22.8,26.6,19.5,07:18,20:22,15.84,19.6,2.0,2021,9,2,Open-Meteo (ERA5),0.0,4.800000000000001
2021-09-03,Barcelona,41.441124,2.2014387,26.6,18.0,22.3,28.6,19.6,07:19,20:21,20.15,16.4,0.0,2021,9,3,Open-Meteo (ERA5),0.0,4.300000000000001
2021-09-04,Barcelona,41.441124,2.2014387,25.5,20.2,22.8,27.7,23.0,07:20,20:19,17.54,17.7,0.0,2021,9,4,Open-Meteo (ERA5),0.0,4.800000000000001
2021-09-05,Barcelona,41.441124,2.2014387,28.7,19.5,23.8,31.4,21.4,07:21,20:17,20.34,21.6,0.0,2021,9,5,Open-Meteo (ERA5),0.0,5.800000000000001
2021-09-06,Barcelona,41.441124,2.2014387,28.2,20.8,24.3,31.7,23.5,07:22,20:16,19.38,17.8,0.0,2021,9,6,Open-Meteo (ERA5),0.0,6.300000000000001
2021-09-07,Barcelona,41.441124,2.2014387,27.0,21.9,24.3,30.9,25.9,07:23,20:14,14.57,15.1,0.0,2021,9,7,Open-Meteo (ERA5),0.0,6.300000000000001
2021-09-08,Barcelona,41.441124,2.2014387,27.5,20.5,24.2,30.9,24.0,07:24,20:12,18.68,18.4,0.1,2021,9,8,Open-Meteo (ERA5),0.0,6.199999999999999
2021-09-09,Barcelona,41.441124,2.2014387,28.3,21.9,24.8,29.3,24.4,07:25,20:11,14.65,19.5,1.6,2021,9,9,Open-Meteo (ERA5),0.0,6.800000000000001
2021-09-10,Barcelona,41.441124,2.2014387,26.1,20.7,22.7,28.3,22.0,07:26,20:09,14.95,19.8,2.2,2021,9,10,Open-Meteo (ERA5),0.0,4.699999999999999
2021-09-11,Barcelona,41.441124,2.2014387,26.4,20.1,23.2,27.5,22.5,07:27,20:07,16.35,16.1,0.2,2021,9,11,Open-Meteo (ERA5),0.0,5.199999999999999
2021-09-12,Barcelona,41.441124,2.2014387,26.3,19.6,22.4,27.5,20.9,07:28,20:05,15.4,20.3,15.7,2021,9,12,Open-Meteo (ERA5),0.0,4.399999999999999
2021-09-13,Barcelona,41.441124,2.2014387,28.1,20.4,24.2,30.0,22.9,07:29,20:04,16.55,22.6,0.1,2021,9,13,Open-Meteo (ERA5),0.0,6.199999999999999
2021-09-14,Barcelona,41.441124,2.2014387,27.6,22.5,24.7,31.1,27.2,07:30,20:02,14.18,13.7,0.1,2021,9,14,Open-Meteo (ERA5),0.0,6.699999999999999
2021-09-15,Barcelona,41.441124,2.2014387,29.8,21.1,25.2,31.0,22.5,07:31,20:00,18.38,20.0,0.0,2021,9,15,Open-Meteo (ERA5),0.0,7.199999999999999
2021-09-16,Barcelona,41.441124,2.2014387,25.2,20.7,22.6,28.2,22.5,07:32,19:59,16.87,14.8,28.8,2021,9,16,Open-Meteo (ERA5),0.0,4.600000000000001
2021-09-17,Barcelona,41.441124,2.2014387,26.3,19.0,22.5,27.6,21.4,07:33,19:57,18.6,18.8,19.9,2021,9,17,Open-Meteo (ERA5),0.0,4.5
2021-09-18,Barcelona,41.441124,2.2014387,23.8,18.8,21.2,26.6,20.8,07:34,19:55,12.29,14.3,13.1,2021,9,18,Open-Meteo (ERA5),0.0,3.1999999999999993
2021-09-19,Barcelona,41.441124,2.2014387,24.0,17.7,20.8,23.6,17.4,07:35,19:53,18.68,18.6,1.0,2021,9,19,Open-Meteo (ERA5),0.0,2.8000000000000007
2021-09-20,Barcelona,41.441124,2.2014387,22.7,16.9,19.3,23.0,18.3,07:36,19:52,13.71,19.1,9.5,2021,9,20,Open-Meteo (ERA5),0.0,1.3000000000000007
2021-09-21,Barcelona,41.441124,2.2014387,21.1,16.4,18.6,21.4,16.5,07:37,19:50,11.48,10.5,15.3,2021,9,21,Open-Meteo (ERA5),0.0,0.6000000000000014
2021-09-22,Barcelona,41.441124,2.2014387,23.6,16.3,20.5,22.6,17.3,07:38,19:48,9.98,26.1,0.0,2021,9,22,Open-Meteo (ERA5),0.0,2.5
2021-09-23,Barcelona,41.441124,2.2014387,24.0,17.2,20.6,23.2,17.2,07:39,19:46,7.44,19.8,14.6,2021,9,23,Open-Meteo (ERA5),0.0,2.6000000000000014
2021-09-24,Barcelona,41.441124,2.2014387,25.4,17.0,20.8,26.0,17.4,07:40,19:45,14.1,16.6,0.0,2021,9,24,Open-Meteo (ERA5),0.0,2.8000000000000007
2021-09-25,Barcelona,41.441124,2.2014387,25.5,18.7,21.6,28.7,20.4,07:42,19:43,13.99,23.7,1.4,2021,9,25,Open-Meteo (ERA5),0.0,3.6000000000000014
2021-09-26,Barcelona,41.441124,2.2014387,28.5,18.2,22.2,29.3,18.9,07:43,19:41,17.94,25.6,1.0,2021,9,26,Open-Meteo (ERA5),0.0,4.199999999999999
2021-09-27,Barcelona,41.441124,2.2014387,27.6,17.4,22.0,29.1,18.5,07:44,19:40,17.75,19.2,0.0,2021,9,27,Open-Meteo (ERA5),0.0,4.0
2021-09-28,Barcelona,41.441124,2.2014387,25.5,17.2,21.4,25.8,18.3,07:45,19:38,15.61,19.2,0.1,2021,9,28,Open-Meteo (ERA5),0.0,3.3999999999999986
2021-09-29,Barcelona,41.441124,2.2014387,23.2,18.7,21.0,24.4,20.4,07:46,19:36,12.63,14.8,0.7,2021,9,29,Open-Meteo (ERA5),0.0,3.0
2021-09-30,Barcelona,41.441124,2.2014387,22.6,17.1,19.9,23.1,18.7,07:47,19:35,10.14,17.6,3.5,2021,9,30,Open-Meteo (ERA5),0.0,1.8999999999999986
2021-10-01,Barcelona,41.441124,2.2014387,22.6,16.5,19.6,23.6,17.4,07:48,19:33,12.87,14.8,1.5,2021,10,1,Open-Meteo (ERA5),0.0,1.6000000000000014
2021-10-02,Barcelona,41.441124,2.2014387,24.1,16.9,20.5,25.0,18.4,07:49,19:31,14.32,18.2,0.5,2021,10,2,Open-Meteo (ERA5),0.0,2.5
2021-10-03,Barcelona,41.441124,2.2014387,24.7,19.6,22.5,25.2,20.2,07:50,19:29,11.85,27.9,3.3,2021,10,3,Open-Meteo (ERA5),0.0,4.5
2021-10-04,Barcelona,41.441124,2.2014387,18.2,15.6,17.0,18.9,14.9,07:51,19:28,6.43,15.4,21.2,2021,10,4,Open-Meteo (ERA5),1.0,0.0
2021-10-05,Barcelona,41.441124,2.2014387,23.0,12.5,17.6,22.8,10.7,07:52,19:26,14.49,18.3,0.0,2021,10,5,Open-Meteo (ERA5),0.3999999999999986,0.0
2021-10-06,Barcelona,41.441124,2.2014387,20.2,16.8,18.5,20.4,16.0,07:53,19:24,11.49,25.5,4.3,2021,10,6,Open-Meteo (ERA5),0.0,0.5
2021-10-07,Barcelona,41.441124,2.2014387,21.6,14.6,18.2,21.9,14.2,07:54,19:23,14.65,15.4,0.3,2021,10,7,Open-Meteo (ERA5),0.0,0.1999999999999993
2021-10-08,Barcelona,41.441124,2.2014387,20.9,14.6,17.6,20.8,14.5,07:55,19:21,13.2,17.1,0.0,2021,10,8,Open-Meteo (ERA5),0.3999999999999986,0.0
2021-10-09,Barcelona,41.441124,2.2014387,20.5,14.8,17.8,20.6,14.8,07:56,19:19,9.05,12.9,2.1,2021,10,9,Open-Meteo (ERA5),0.1999999999999993,0.0
2021-10-10,Barcelona,41.441124,2.2014387,20.1,16.0,17.8,20.2,16.6,07:57,19:18,8.69,13.2,0.5,2021,10,10,Open-Meteo (ERA5),0.1999999999999993,0.0
2021-10-11,Barcelona,41.441124,2.2014387,22.4,12.8,17.1,22.6,12.0,07:59,19:16,15.75,16.4,0.0,2021,10,11,Open-Meteo (ERA5),0.8999999999999986,0.0
2021-10-12,Barcelona,41.441124,2.2014387,22.0,11.9,16.8,21.9,11.0,08:00,19:15,15.54,13.8,0.0,2021,10,12,Open-Meteo (ERA5),1.1999999999999993,0.0
2021-10-13,Barcelona,41.441124,2.2014387,21.2,14.1,17.6,20.0,13.4,08:01,19:13,11.93,9.8,0.4,2021,10,13,Open-Meteo (ERA5),0.3999999999999986,0.0
2021-10-14,Barcelona,41.441124,2.2014387,19.8,13.9,16.4,18.3,13.2,08:02,19:11,11.92,14.7,0.1,2021,10,14,Open-Meteo (ERA5),1.6000000000000014,0.0
2021-10-15,Barcelona,41.441124,2.2014387,22.2,13.4,17.4,22.6,13.1,08:03,19:10,9.12,12.1,0.1,2021,10,15,Open-Meteo (ERA5),0.6000000000000014,0.0
2021-10-16,Barcelona,41.441124,2.2014387,20.8,15.0,17.6,21.3,15.4,08:04,19:08,13.05,13.6,0.6,2021,10,16,Open-Meteo (ERA5),0.3999999999999986,0.0
2021-10-17,Barcelona,41.441124,2.2014387,20.2,12.8,16.6,20.5,12.5,08:05,19:07,10.89,10.7,0.4,2021,10,17,Open-Meteo (ERA5),1.3999999999999986,0.0
2021-10-18,Barcelona,41.441124,2.2014387,21.5,14.7,18.1,22.6,14.7,08:06,19:05,10.88,12.4,2.4,2021,10,18,Open-Meteo (ERA5),0.0,0.10000000000000142
2021-10-19,Barcelona,41.441124,2.2014387,22.8,16.1,18.8,22.7,16.8,08:07,19:04,11.73,19.3,0.3,2021,10,19,Open-Meteo (ERA5),0.0,0.8000000000000007
2021-10-20,Barcelona,41.441124,2.2014387,22.1,17.7,19.7,20.9,18.2,08:09,19:02,10.99,22.5,1.6,2021,10,20,Open-Meteo (ERA5),0.0,1.6999999999999993
2021-10-21,Barcelona,41.441124,2.2014387,20.5,14.6,17.7,21.4,14.8,08:10,19:01,7.86,19.2,1.2,2021,10,21,Open-Meteo (ERA5),0.3000000000000007,0.0
2021-10-22,Barcelona,41.441124,2.2014387,21.0,14.3,17.1,20.4,14.6,08:11,18:59,11.64,15.8,0.0,2021,10,22,Open-Meteo (ERA5),0.8999999999999986,0.0
2021-10-23,Barcelona,41.441124,2.2014387,18.7,11.9,15.1,18.0,10.3,08:12,18:58,13.25,11.2,0.0,2021,10,23,Open-Meteo (ERA5),2.9000000000000004,0.0
2021-10-24,Barcelona,41.441124,2.2014387,21.0,10.5,15.1,20.4,8.2,08:13,18:57,13.46,17.7,0.0,2021,10,24,Open-Meteo (ERA5),2.9000000000000004,0.0
2021-10-25,Barcelona,41.441124,2.2014387,19.8,12.0,15.6,19.7,11.8,08:14,18:55,12.44,13.6,0.0,2021,10,25,Open-Meteo (ERA5),2.4000000000000004,0.0
2021-10-26,Barcelona,41.441124,2.2014387,21.7,11.5,15.8,20.2,10.3,08:16,18:54,12.2,18.5,0.0,2021,10,26,Open-Meteo (ERA5),2.1999999999999993,0.0
2021-10-27,Barcelona,41.441124,2.2014387,19.7,10.9,15.3,18.9,9.3,08:17,18:52,11.54,14.3,0.0,2021,10,27,Open-Meteo (ERA5),2.6999999999999993,0.0
2021-10-28,Barcelona,41.441124,2.2014387,19.5,9.8,14.4,18.3,8.3,08:18,18:51,12.39,11.5,0.0,2021,10,28,Open-Meteo (ERA5),3.5999999999999996,0.0
2021-10-29,Barcelona,41.441124,2.2014387,19.5,12.0,15.8,20.0,11.3,08:19,18:50,8.44,18.6,0.6,2021,10,29,Open-Meteo (ERA5),2.1999999999999993,0.0
2021-10-30,Barcelona,41.441124,2.2014387,21.3,15.7,18.3,22.0,16.0,08:20,18:48,4.73,21.3,8.2,2021,10,30,Open-Meteo (ERA5),0.0,0.3000000000000007
2021-10-31,Barcelona,41.441124,2.2014387,24.4,15.4,19.1,24.1,15.4,08:22,18:47,10.91,14.6,0.0,2021,10,31,Open-Meteo (ERA5),0.0,1.1000000000000014
2021-11-01,Barcelona,41.441124,2.2014387,22.9,13.8,18.5,22.4,11.9,08:23,18:46,10.65,14.1,1.0,2021,11,1,Open-Meteo (ERA5),0.0,0.5
2021-11-02,Barcelona,41.441124,2.2014387,19.1,10.9,14.7,16.8,8.6,08:24,18:45,10.9,20.1,0.0,2021,11,2,Open-Meteo (ERA5),3.3000000000000007,0.0
2021-11-03,Barcelona,41.441124,2.2014387,16.7,11.2,13.3,13.9,9.5,08:25,18:43,8.61,15.5,0.7,2021,11,3,Open-Meteo (ERA5),4.699999999999999,0.0
2021-11-04,Barcelona,41.441124,2.2014387,14.5,7.6,10.5,13.6,4.4,08:26,18:42,10.79,12.7,6.2,2021,11,4,Open-Meteo (ERA5),7.5,0.0
2021-11-05,Barcelona,41.441124,2.2014387,15.9,7.4,11.0,13.9,4.9,08:27,18:41,11.07,13.8,0.1,2021,11,5,Open-Meteo (ERA5),7.0,0.0
2021-11-06,Barcelona,41.441124,2.2014387,17.6,5.9,10.8,14.3,2.0,08:29,18:40,12.12,19.9,0.0,2021,11,6,Open-Meteo (ERA5),7.199999999999999,0.0
2021-11-07,Barcelona,41.441124,2.2014387,19.1,6.4,11.1,16.0,1.1,08:30,18:39,11.93,21.6,0.0,2021,11,7,Open-Meteo (ERA5),6.9,0.0
2021-11-08,Barcelona,41.441124,2.2014387,18.6,8.6,12.7,15.9,5.5,08:31,18:38,11.27,15.6,0.0,2021,11,8,Open-Meteo (ERA5),5.300000000000001,0.0
2021-11-09,Barcelona,41.441124,2.2014387,17.3,7.1,12.4,15.5,4.6,08:32,18:37,8.37,23.2,0.7,2021,11,9,Open-Meteo (ERA5),5.6,0.0
2021-11-10,Barcelona,41.441124,2.2014387,17.1,13.1,14.8,16.1,11.1,08:34,18:36,3.32,22.2,8.0,2021,11,10,Open-Meteo (ERA5),3.1999999999999993,0.0
2021-11-11,Barcelona,41.441124,2.2014387,17.1,12.5,14.9,14.2,11.2,08:35,18:35,6.41,35.5,2.6,2021,11,11,Open-Meteo (ERA5),3.0999999999999996,0.0
2021-11-12,Barcelona,41.441124,2.2014387,17.8,11.2,14.8,18.5,10.4,08:36,18:34,4.0,14.8,0.7,2021,11,12,Open-Meteo (ERA5),3.1999999999999993,0.0
2021-11-13,Barcelona,41.441124,2.2014387,19.2,11.0,14.7,18.8,9.7,08:37,18:33,8.5,13.4,0.2,2021,11,13,Open-Meteo (ERA5),3.3000000000000007,0.0
2021-11-14,Barcelona,41.441124,2.2014387,16.3,10.5,13.6,15.2,8.8,08:38,18:32,7.84,13.7,2.8,2021,11,14,Open-Meteo (ERA5),4.4,0.0
2021-11-15,Barcelona,41.441124,2.2014387,17.4,8.7,12.5,15.5,6.9,08:40,18:31,7.77,24.6,0.3,2021,11,15,Open-Meteo (ERA5),5.5,0.0
2021-11-16,Barcelona,41.441124,2.2014387,15.5,9.1,11.6,14.4,7.1,08:41,18:30,4.1,16.7,5.2,2021,11,16,Open-Meteo (ERA5),6.4,0.0
2021-11-17,Barcelona,41.441124,2.2014387,15.1,7.6,11.1,14.1,5.6,08:42,18:29,9.88,13.6,0.0,2021,11,17,Open-Meteo (ERA5),6.9,0.0
2021-11-18,Barcelona,41.441124,2.2014387,15.6,6.8,10.7,15.0,4.0,08:43,18:29,9.61,10.9,0.0,2021,11,18,Open-Meteo (ERA5),7.300000000000001,0.0
2021-11-19,Barcelona,41.441124,2.2014387,15.3,6.9,10.3,14.5,4.6,08:44,18:28,9.78,9.6,0.0,2021,11,19,Open-Meteo (ERA5),7.699999999999999,0.0
2021-11-20,Barcelona,41.441124,2.2014387,15.7,5.8,10.4,14.8,3.3,08:46,18:27,7.21,10.2,0.0,2021,11,20,Open-Meteo (ERA5),7.6,0.0
2021-11-21,Barcelona,41.441124,2.2014387,16.7,9.5,12.8,15.8,7.9,08:47,18:27,7.37,10.1,0.5,2021,11,21,Open-Meteo (ERA5),5.199999999999999,0.0
2021-11-22,Barcelona,41.441124,2.2014387,14.5,8.5,11.6,12.8,7.1,08:48,18:26,4.19,18.5,4.4,2021,11,22,Open-Meteo (ERA5),6.4,0.0
2021-11-23,Barcelona,41.441124,2.2014387,13.4,10.3,11.9,11.6,6.8,08:49,18:25,3.39,28.4,27.1,2021,11,23,Open-Meteo (ERA5),6.1,0.0
2021-11-24,Barcelona,41.441124,2.2014387,14.4,8.8,11.4,12.6,7.0,08:50,18:25,4.33,20.7,10.2,2021,11,24,Open-Meteo (ERA5),6.6,0.0
2021-11-25,Barcelona,41.441124,2.2014387,13.2,7.7,10.2,11.8,5.3,08:51,18:24,6.03,18.9,5.2,2021,11,25,Open-Meteo (ERA5),7.800000000000001,0.0
2021-11-26,Barcelona,41.441124,2.2014387,14.3,6.6,9.6,11.2,2.8,08:52,18:24,8.07,21.0,0.4,2021,11,26,Open-Meteo (ERA5),8.4,0.0
2021-11-27,Barcelona,41.441124,2.2014387,13.0,5.0,8.9,9.5,1.7,08:53,18:23,8.17,23.2,0.3,2021,11,27,Open-Meteo (ERA5),9.1,0.0
2021-11-28,Barcelona,41.441124,2.2014387,11.2,3.9,7.2,6.0,0.0,08:54,18:23,8.45,28.8,0.0,2021,11,28,Open-Meteo (ERA5),10.8,0.0
2021-11-29,Barcelona,41.441124,2.2014387,14.4,3.7,7.9,11.6,-0.7,08:56,18:23,8.95,18.0,0.0,2021,11,29,Open-Meteo (ERA5),10.1,0.0
2021-11-30,Barcelona,41.441124,2.2014387,12.1,5.3,8.4,10.7,2.7,08:57,18:22,4.64,9.3,0.8,2021,11,30,Open-Meteo (ERA5),9.6,0.0
2021-12-01,Barcelona,41.441124,2.2014387,14.3,4.2,8.6,11.9,1.3,08:58,18:22,8.17,16.0,0.9,2021,12,1,Open-Meteo (ERA5),9.4,0.0
2021-12-02,Barcelona,41.441124,2.2014387,14.1,5.8,9.3,12.2,2.0,08:59,18:22,8.64,15.8,1.4,2021,12,2,Open-Meteo (ERA5),8.7,0.0
2021-12-03,Barcelona,41.441124,2.2014387,13.1,2.4,7.5,10.3,-0.9,09:00,18:21,8.76,15.3,0.0,2021,12,3,Open-Meteo (ERA5),10.5,0.0
2021-12-04,Barcelona,41.441124,2.2014387,15.4,5.3,10.0,12.4,2.6,09:01,18:21,7.63,23.9,0.0,2021,12,4,Open-Meteo (ERA5),8.0,0.0
2021-12-05,Barcelona,41.441124,2.2014387,12.1,6.0,8.7,7.8,1.9,09:02,18:21,7.98,35.1,0.0,2021,12,5,Open-Meteo (ERA5),9.3,0.0
2021-12-06,Barcelona,41.441124,2.2014387,14.3,2.8,8.2,10.3,-0.4,09:03,18:21,8.31,17.2,0.0,2021,12,6,Open-Meteo (ERA5),9.8,0.0
2021-12-07,Barcelona,41.441124,2.2014387,14.1,4.8,9.0,11.7,1.6,09:04,18:21,7.95,18.4,0.0,2021,12,7,Open-Meteo (ERA5),9.0,0.0
2021-12-08,Barcelona,41.441124,2.2014387,12.5,7.3,10.8,9.5,3.1,09:05,18:21,8.37,30.6,0.0,2021,12,8,Open-Meteo (ERA5),7.199999999999999,0.0
2021-12-09,Barcelona,41.441124,2.2014387,12.1,3.6,7.8,7.4,0.3,09:05,18:21,5.93,22.2,0.0,2021,12,9,Open-Meteo (ERA5),10.2,0.0
2021-12-10,Barcelona,41.441124,2.2014387,17.2,6.8,11.9,13.1,3.9,09:06,18:21,6.2,31.2,0.7,2021,12,10,Open-Meteo (ERA5),6.1,0.0
2021-12-11,Barcelona,41.441124,2.2014387,13.7,7.3,9.7,12.5,4.8,09:07,18:21,7.58,10.6,0.0,2021,12,11,Open-Meteo (ERA5),8.3,0.0
2021-12-12,Barcelona,41.441124,2.2014387,16.5,4.8,9.2,14.9,2.1,09:08,18:21,8.11,11.9,0.0,2021,12,12,Open-Meteo (ERA5),8.8,0.0
2021-12-13,Barcelona,41.441124,2.2014387,15.6,5.0,9.0,14.0,2.5,09:09,18:21,8.21,14.2,0.0,2021,12,13,Open-Meteo (ERA5),9.0,0.0
2021-12-14,Barcelona,41.441124,2.2014387,15.1,4.8,8.9,14.6,2.2,09:09,18:22,7.81,8.6,0.0,2021,12,14,Open-Meteo (ERA5),9.1,0.0
2021-12-15,Barcelona,41.441124,2.2014387,14.4,4.7,8.6,13.2,2.2,09:10,18:22,8.04,8.3,0.0,2021,12,15,Open-Meteo (ERA5),9.4,0.0
2021-12-16,Barcelona,41.441124,2.2014387,13.8,4.0,8.1,11.9,0.9,09:11,18:22,8.2,9.9,0.0,2021,12,16,Open-Meteo (ERA5),9.9,0.0
2021-12-17,Barcelona,41.441124,2.2014387,12.2,4.1,7.4,11.1,1.8,09:11,18:22,7.66,10.1,0.0,2021,12,17,Open-Meteo (ERA5),10.6,0.0
2021-12-18,Barcelona,41.441124,2.2014387,13.8,3.7,7.9,12.4,0.6,09:12,18:23,8.09,11.7,0.0,2021,12,18,Open-Meteo (ERA5),10.1,0.0
2021-12-19,Barcelona,41.441124,2.2014387,13.5,3.7,7.4,11.1,0.5,09:12,18:23,8.11,13.2,0.0,2021,12,19,Open-Meteo (ERA5),10.6,0.0
2021-12-20,Barcelona,41.441124,2.2014387,13.3,3.4,6.5,10.6,-0.7,09:13,18:24,8.14,16.0,0.0,2021,12,20,Open-Meteo (ERA5),11.5,0.0
2021-12-21,Barcelona,41.441124,2.2014387,12.8,3.3,7.5,11.1,-0.5,09:14,18:24,6.58,14.2,0.0,2021,12,21,Open-Meteo (ERA5),10.5,0.0
2021-12-22,Barcelona,41.441124,2.2014387,11.8,4.7,8.5,10.5,1.9,09:14,18:25,3.79,8.3,0.1,2021,12,22,Open-Meteo (ERA5),9.5,0.0
2021-12-23,Barcelona,41.441124,2.2014387,15.0,9.2,11.7,13.3,7.7,09:15,18:25,4.48,19.9,0.1,2021,12,23,Open-Meteo (ERA5),6.300000000000001,0.0
2021-12-24,Barcelona,41.441124,2.2014387,14.9,7.9,11.6,13.7,6.2,09:15,18:26,4.06,16.1,0.0,2021,12,24,Open-Meteo (ERA5),6.4,0.0
2021-12-25,Barcelona,41.441124,2.2014387,16.8,6.6,11.5,15.7,4.1,09:15,18:26,7.51,12.1,0.1,2021,12,25,Open-Meteo (ERA5),6.5,0.0
2021-12-26,Barcelona,41.441124,2.2014387,16.8,6.9,11.1,15.5,4.9,09:16,18:27,6.63,12.0,0.0,2021,12,26,Open-Meteo (ERA5),6.9,0.0
2021-12-27,Barcelona,41.441124,2.2014387,18.7,9.7,14.0,17.7,7.8,09:16,18:28,7.74,17.4,0.0,2021,12,27,Open-Meteo (ERA5),4.0,0.0
2021-12-28,Barcelona,41.441124,2.2014387,18.6,12.3,14.3,17.1,8.5,09:16,18:28,7.44,33.1,0.0,2021,12,28,Open-Meteo (ERA5),3.6999999999999993,0.0
2021-12-29,Barcelona,41.441124,2.2014387,19.6,10.4,13.9,19.2,7.9,09:17,18:29,8.06,16.2,0.0,2021,12,29,Open-Meteo (ERA5),4.1,0.0
2021-12-30,Barcelona,41.441124,2.2014387,19.3,7.5,12.0,19.2,5.7,09:17,18:30,7.87,10.2,0.0,2021,12,30,Open-Meteo (ERA5),6.0,0.0
2021-12-31,Barcelona,41.441124,2.2014387,16.7,7.1,10.8,16.1,4.7,09:17,18:31,8.4,10.7,0.0,2021,12,31,Open-Meteo (ERA5),7.199999999999999,0.0
2022-01-01,Barcelona,41.441124,2.2014387,16.5,6.5,10.2,15.6,3.9,09:17,18:32,8.56,11.6,0.0,2022,1,1,Open-Meteo (ERA5),7.800000000000001,0.0
2022-01-02,Barcelona,41.441124,2.2014387,12.8,5.7,9.0,12.4,3.3,09:17,18:32,6.6,9.2,0.0,2022,1,2,Open-Meteo (ERA5),9.0,0.0
2022-01-03,Barcelona,41.441124,2.2014387,15.6,6.1,10.0,13.9,4.0,09:17,18:33,8.01,15.7,0.0,2022,1,3,Open-Meteo (ERA5),8.0,0.0
2022-01-04,Barcelona,41.441124,2.2014387,18.6,7.6,11.6,17.3,4.8,09:17,18:34,8.12,15.6,0.0,2022,1,4,Open-Meteo (ERA5),6.4,0.0
2022-01-05,Barcelona,41.441124,2.2014387,13.0,5.9,10.0,11.3,2.7,09:17,18:35,6.32,23.6,3.9,2022,1,5,Open-Meteo (ERA5),8.0,0.0
2022-01-06,Barcelona,41.441124,2.2014387,11.8,2.4,5.9,7.8,-2.0,09:17,18:36,9.19,17.3,0.0,2022,1,6,Open-Meteo (ERA5),12.1,0.0
2022-01-07,Barcelona,41.441124,2.2014387,11.2,0.4,5.0,8.2,-3.8,09:17,18:37,9.04,15.4,0.0,2022,1,7,Open-Meteo (ERA5),13.0,0.0
2022-01-08,Barcelona,41.441124,2.2014387,13.2,3.4,7.8,10.4,0.3,09:17,18:38,6.27,14.8,0.0,2022,1,8,Open-Meteo (ERA5),10.2,0.0
2022-01-09,Barcelona,41.441124,2.2014387,14.4,6.9,10.4,11.2,3.3,09:16,18:39,7.68,25.5,0.0,2022,1,9,Open-Meteo (ERA5),7.6,0.0
2022-01-10,Barcelona,41.441124,2.2014387,11.0,6.9,9.4,9.4,4.6,09:16,18:40,2.08,7.4,2.8,2022,1,10,Open-Meteo (ERA5),8.6,0.0
2022-01-11,Barcelona,41.441124,2.2014387,14.6,4.3,9.7,13.1,1.7,09:16,18:41,8.77,11.4,0.4,2022,1,11,Open-Meteo (ERA5),8.3,0.0
2022-01-12,Barcelona,41.441124,2.2014387,12.0,5.5,9.4,9.4,2.9,09:16,18:42,7.6,13.0,0.1,2022,1,12,Open-Meteo (ERA5),8.6,0.0
2022-01-13,Barcelona,41.441124,2.2014387,12.3,1.5,6.0,10.1,-1.6,09:15,18:43,9.2,7.7,0.0,2022,1,13,Open-Meteo (ERA5),12.0,0.0
2022-01-14,Barcelona,41.441124,2.2014387,12.3,0.8,6.0,10.0,-3.3,09:15,18:44,9.33,10.5,0.0,2022,1,14,Open-Meteo (ERA5),12.0,0.0
2022-01-15,Barcelona,41.441124,2.2014387,13.3,2.1,5.8,10.2,-2.3,09:14,18:46,9.85,14.6,0.0,2022,1,15,Open-Meteo (ERA5),12.2,0.0
2022-01-16,Barcelona,41.441124,2.2014387,13.1,0.8,5.4,10.7,-3.5,09:14,18:47,9.9,12.3,0.0,2022,1,16,Open-Meteo (ERA5),12.6,0.0
2022-01-17,Barcelona,41.441124,2.2014387,14.8,1.8,6.2,10.8,-3.0,09:14,18:48,9.94,14.7,0.0,2022,1,17,Open-Meteo (ERA5),11.8,0.0
2022-01-18,Barcelona,41.441124,2.2014387,12.2,2.0,6.1,9.4,-2.6,09:13,18:49,9.88,14.5,0.0,2022,1,18,Open-Meteo (ERA5),11.9,0.0
2022-01-19,Barcelona,41.441124,2.2014387,11.9,1.3,6.1,9.6,-1.7,09:12,18:50,7.33,10.4,0.1,2022,1,19,Open-Meteo (ERA5),11.9,0.0
2022-01-20,Barcelona,41.441124,2.2014387,13.5,2.8,7.3,10.8,-0.3,09:12,18:51,9.78,15.0,0.0,2022,1,20,Open-Meteo (ERA5),10.7,0.0
2022-01-21,Barcelona,41.441124,2.2014387,11.7,4.3,7.0,9.3,1.2,09:11,18:53,7.01,12.2,1.5,2022,1,21,Open-Meteo (ERA5),11.0,0.0
2022-01-22,Barcelona,41.441124,2.2014387,11.5,1.7,6.0,8.3,-2.0,09:11,18:54,10.13,13.3,0.2,2022,1,22,Open-Meteo (ERA5),12.0,0.0
2022-01-23,Barcelona,41.441124,2.2014387,11.7,1.4,6.1,8.9,-2.2,09:10,18:55,10.2,12.2,0.0,2022,1,23,Open-Meteo (ERA5),11.9,0.0
2022-01-24,Barcelona,41.441124,2.2014387,13.0,1.2,6.3,10.7,-2.4,09:09,18:56,10.36,10.5,0.0,2022,1,24,Open-Meteo (ERA5),11.7,0.0
2022-01-25,Barcelona,41.441124,2.2014387,13.0,2.1,6.4,10.2,-1.3,09:08,18:57,10.31,12.1,0.0,2022,1,25,Open-Meteo (ERA5),11.6,0.0
2022-01-26,Barcelona,41.441124,2.2014387,14.3,2.5,6.8,11.3,-1.4,09:08,18:59,10.88,12.0,0.0,2022,1,26,Open-Meteo (ERA5),11.2,0.0
2022-01-27,Barcelona,41.441124,2.2014387,14.1,2.5,7.6,11.7,-1.8,09:07,19:00,10.99,12.4,0.0,2022,1,27,Open-Meteo (ERA5),10.4,0.0
2022-01-28,Barcelona,41.441124,2.2014387,17.4,3.0,7.9,15.0,-1.5,09:06,19:01,11.32,15.2,0.0,2022,1,28,Open-Meteo (ERA5),10.1,0.0
2022-01-29,Barcelona,41.441124,2.2014387,16.2,3.0,8.1,13.3,-1.5,09:05,19:02,11.2,14.2,0.0,2022,1,29,Open-Meteo (ERA5),9.9,0.0
2022-01-30,Barcelona,41.441124,2.2014387,17.7,3.3,8.6,14.9,-0.9,09:04,19:04,11.42,12.7,0.0,2022,1,30,Open-Meteo (ERA5),9.4,0.0
2022-01-31,Barcelona,41.441124,2.2014387,14.4,3.7,8.0,13.0,-0.4,09:03,19:05,11.19,13.9,0.0,2022,1,31,Open-Meteo (ERA5),10.0,0.0
2022-02-01,Barcelona,41.441124,2.2014387,16.4,5.7,9.9,13.6,3.2,09:02,19:06,10.74,10.8,0.0,2022,2,1,Open-Meteo (ERA5),8.1,0.0
2022-02-02,Barcelona,41.441124,2.2014387,15.6,7.0,10.3,13.8,3.7,09:01,19:08,11.72,18.6,0.0,2022,2,2,Open-Meteo (ERA5),7.699999999999999,0.0
2022-02-03,Barcelona,41.441124,2.2014387,17.4,4.0,10.1,14.9,0.4,09:00,19:09,11.67,15.5,0.0,2022,2,3,Open-Meteo (ERA5),7.9,0.0
2022-02-04,Barcelona,41.441124,2.2014387,15.0,4.7,10.3,12.7,2.0,08:59,19:10,8.73,15.8,0.1,2022,2,4,Open-Meteo (ERA5),7.699999999999999,0.0
2022-02-05,Barcelona,41.441124,2.2014387,13.3,8.2,10.8,12.4,6.6,08:58,19:11,7.46,9.0,0.8,2022,2,5,Open-Meteo (ERA5),7.199999999999999,0.0
2022-02-06,Barcelona,41.441124,2.2014387,14.8,6.7,9.6,11.6,3.2,08:57,19:13,10.54,19.1,0.0,2022,2,6,Open-Meteo (ERA5),8.4,0.0
2022-02-07,Barcelona,41.441124,2.2014387,17.1,4.6,9.1,15.0,1.2,08:56,19:14,12.2,14.7,0.0,2022,2,7,Open-Meteo (ERA5),8.9,0.0
2022-02-08,Barcelona,41.441124,2.2014387,15.6,4.4,9.6,13.5,1.6,08:54,19:15,10.33,18.7,0.0,2022,2,8,Open-Meteo (ERA5),8.4,0.0
2022-02-09,Barcelona,41.441124,2.2014387,14.3,4.0,8.4,11.9,1.3,08:53,19:16,12.3,17.0,0.0,2022,2,9,Open-Meteo (ERA5),9.6,0.0
2022-02-10,Barcelona,41.441124,2.2014387,14.2,2.6,8.0,12.0,-0.5,08:52,19:18,12.87,15.0,0.0,2022,2,10,Open-Meteo (ERA5),10.0,0.0
2022-02-11,Barcelona,41.441124,2.2014387,15.0,3.9,9.1,12.9,0.8,08:51,19:19,11.26,13.8,0.0,2022,2,11,Open-Meteo (ERA5),8.9,0.0
2022-02-12,Barcelona,41.441124,2.2014387,11.5,6.5,9.2,9.7,4.3,08:50,19:20,6.72,12.9,4.6,2022,2,12,Open-Meteo (ERA5),8.8,0.0
2022-02-13,Barcelona,41.441124,2.2014387,14.6,8.5,11.5,11.2,7.2,08:48,19:21,10.32,26.1,0.5,2022,2,13,Open-Meteo (ERA5),6.5,0.0
2022-02-14,Barcelona,41.441124,2.2014387,16.4,9.0,12.3,13.2,7.0,08:47,19:23,11.78,25.0,0.4,2022,2,14,Open-Meteo (ERA5),5.699999999999999,0.0
2022-02-15,Barcelona,41.441124,2.2014387,16.7,5.3,10.1,13.6,2.0,08:46,19:24,13.42,17.2,0.0,2022,2,15,Open-Meteo (ERA5),7.9,0.0
2022-02-16,Barcelona,41.441124,2.2014387,16.6,5.5,10.3,14.2,2.4,08:44,19:25,9.32,13.1,0.0,2022,2,16,Open-Meteo (ERA5),7.699999999999999,0.0
2022-02-17,Barcelona,41.441124,2.2014387,20.9,6.1,11.7,19.2,3.6,08:43,19:26,13.72,11.5,0.0,2022,2,17,Open-Meteo (ERA5),6.300000000000001,0.0
2022-02-18,Barcelona,41.441124,2.2014387,18.7,6.4,11.8,16.6,3.9,08:42,19:28,14.19,22.4,0.0,2022,2,18,Open-Meteo (ERA5),6.199999999999999,0.0
2022-02-19,Barcelona,41.441124,2.2014387,13.0,8.7,10.5,12.2,7.2,08:40,19:29,2.08,8.2,3.3,2022,2,19,Open-Meteo (ERA5),7.5,0.0
2022-02-20,Barcelona,41.441124,2.2014387,15.6,5.0,9.5,13.2,2.0,08:39,19:30,14.66,16.7,0.0,2022,2,20,Open-Meteo (ERA5),8.5,0.0
2022-02-21,Barcelona,41.441124,2.2014387,19.3,4.9,10.9,17.5,2.0,08:37,19:31,14.77,19.8,0.0,2022,2,21,Open-Meteo (ERA5),7.1,0.0
2022-02-22,Barcelona,41.441124,2.2014387,14.7,5.8,10.2,12.6,2.4,08:36,19:32,14.94,13.6,0.0,2022,2,22,Open-Meteo (ERA5),7.800000000000001,0.0
2022-02-23,Barcelona,41.441124,2.2014387,16.5,5.0,10.2,14.3,2.2,08:34,19:34,14.76,20.5,0.0,2022,2,23,Open-Meteo (ERA5),7.800000000000001,0.0
2022-02-24,Barcelona,41.441124,2.2014387,16.8,7.3,11.7,14.1,5.7,08:33,19:35,14.41,20.3,0.0,2022,2,24,Open-Meteo (ERA5),6.300000000000001,0.0
2022-02-25,Barcelona,41.441124,2.2014387,14.8,6.7,10.8,13.1,4.9,08:31,19:36,9.76,16.9,0.4,2022,2,25,Open-Meteo (ERA5),7.199999999999999,0.0
2022-02-26,Barcelona,41.441124,2.2014387,12.8,9.0,10.6,10.5,4.6,08:30,19:37,6.53,18.8,0.5,2022,2,26,Open-Meteo (ERA5),7.4,0.0
2022-02-27,Barcelona,41.441124,2.2014387,14.3,5.9,10.4,10.9,3.5,08:28,19:38,14.1,17.3,0.0,2022,2,27,Open-Meteo (ERA5),7.6,0.0
2022-02-28,Barcelona,41.441124,2.2014387,14.2,9.3,11.4,11.5,7.6,08:27,19:40,11.09,16.5,0.0,2022,2,28,Open-Meteo (ERA5),6.6,0.0
2022-03-01,Barcelona,41.441124,2.2014387,15.9,4.8,10.0,13.5,2.4,08:25,19:41,16.06,16.8,0.0,2022,3,1,Open-Meteo (ERA5),8.0,0.0
2022-03-02,Barcelona,41.441124,2.2014387,15.0,5.7,10.4,12.3,3.8,08:24,19:42,10.05,19.0,1.9,2022,3,2,Open-Meteo (ERA5),7.6,0.0
2022-03-03,Barcelona,41.441124,2.2014387,16.0,5.8,11.4,13.6,3.3,08:22,19:43,14.83,22.2,0.0,2022,3,3,Open-Meteo (ERA5),6.6,0.0
2022-03-04,Barcelona,41.441124,2.2014387,15.8,6.7,11.4,13.3,4.6,08:20,19:44,13.29,20.6,0.1,2022,3,4,Open-Meteo (ERA5),6.6,0.0
2022-03-05,Barcelona,41.441124,2.2014387,15.3,9.2,11.5,11.7,7.2,08:19,19:45,9.33,17.6,2.3,2022,3,5,Open-Meteo (ERA5),6.5,0.0
2022-03-06,Barcelona,41.441124,2.2014387,12.0,9.1,10.3,9.9,7.5,08:17,19:47,7.14,12.3,5.8,2022,3,6,Open-Meteo (ERA5),7.699999999999999,0.0
2022-03-07,Barcelona,41.441124,2.2014387,12.7,8.6,10.4,9.8,6.8,08:16,19:48,13.76,12.7,1.0,2022,3,7,Open-Meteo (ERA5),7.6,0.0
2022-03-08,Barcelona,41.441124,2.2014387,13.1,5.5,9.2,10.3,3.0,08:14,19:49,8.19,16.2,3.3,2022,3,8,Open-Meteo (ERA5),8.8,0.0
2022-03-09,Barcelona,41.441124,2.2014387,13.0,6.7,10.3,11.8,4.5,08:12,19:50,14.34,11.2,8.0,2022,3,9,Open-Meteo (ERA5),7.699999999999999,0.0
2022-03-10,Barcelona,41.441124,2.2014387,14.4,6.5,10.3,11.8,5.0,08:11,19:51,11.62,20.8,0.6,2022,3,10,Open-Meteo (ERA5),7.699999999999999,0.0
2022-03-11,Barcelona,41.441124,2.2014387,14.2,8.0,11.7,11.9,6.5,08:09,19:52,9.51,19.1,2.3,2022,3,11,Open-Meteo (ERA5),6.300000000000001,0.0
2022-03-12,Barcelona,41.441124,2.2014387,12.8,8.5,11.5,11.4,6.2,08:07,19:53,2.31,16.4,27.0,2022,3,12,Open-Meteo (ERA5),6.5,0.0
2022-03-13,Barcelona,41.441124,2.2014387,15.5,6.1,10.8,14.6,4.1,08:06,19:55,9.9,13.0,0.7,2022,3,13,Open-Meteo (ERA5),7.199999999999999,0.0
2022-03-14,Barcelona,41.441124,2.2014387,14.6,10.0,12.5,9.8,6.7,08:04,19:56,6.33,38.2,1.8,2022,3,14,Open-Meteo (ERA5),5.5,0.0
2022-03-15,Barcelona,41.441124,2.2014387,16.0,13.3,14.0,12.2,9.5,08:02,19:57,9.63,33.2,0.0,2022,3,15,Open-Meteo (ERA5),4.0,0.0
2022-03-16,Barcelona,41.441124,2.2014387,16.1,13.0,14.0,11.8,9.6,08:01,19:58,10.31,32.9,0.0,2022,3,16,Open-Meteo (ERA5),4.0,0.0
2022-03-17,Barcelona,41.441124,2.2014387,16.8,13.0,14.2,13.3,9.3,07:59,19:59,8.46,31.4,0.1,2022,3,17,Open-Meteo (ERA5),3.8000000000000007,0.0
2022-03-18,Barcelona,41.441124,2.2014387,16.2,12.6,13.9,12.0,8.7,07:57,20:00,12.19,29.4,1.8,2022,3,18,Open-Meteo (ERA5),4.1,0.0
2022-03-19,Barcelona,41.441124,2.2014387,14.8,10.8,12.7,11.3,7.6,07:56,20:01,11.45,27.9,0.8,2022,3,19,Open-Meteo (ERA5),5.300000000000001,0.0
2022-03-20,Barcelona,41.441124,2.2014387,14.1,10.0,12.4,12.5,7.9,07:54,20:02,11.81,22.6,2.6,2022,3,20,Open-Meteo (ERA5),5.6,0.0
2022-03-21,Barcelona,41.441124,2.2014387,14.0,11.2,12.7,10.5,7.4,07:52,20:03,13.18,31.7,1.1,2022,3,21,Open-Meteo (ERA5),5.300000000000001,0.0
2022-03-22,Barcelona,41.441124,2.2014387,13.5,9.6,11.3,9.6,6.0,07:50,20:05,13.27,25.6,1.9,2022,3,22,Open-Meteo (ERA5),6.699999999999999,0.0
2022-03-23,Barcelona,41.441124,2.2014387,14.2,9.1,11.3,10.0,5.4,07:49,20:06,14.29,26.8,0.0,2022,3,23,Open-Meteo (ERA5),6.699999999999999,0.0
2022-03-24,Barcelona,41.441124,2.2014387,14.8,9.6,11.6,10.9,6.5,07:47,20:07,9.13,22.9,0.7,2022,3,24,Open-Meteo (ERA5),6.4,0.0
2022-03-25,Barcelona,41.441124,2.2014387,17.1,9.3,12.7,12.7,6.6,07:46,20:08,17.96,29.3,0.0,2022,3,25,Open-Meteo (ERA5),5.300000000000001,0.0
2022-03-26,Barcelona,41.441124,2.2014387,14.7,10.7,12.3,11.8,7.2,07:44,20:09,7.69,34.3,8.1,2022,3,26,Open-Meteo (ERA5),5.699999999999999,0.0
2022-03-27,Barcelona,41.441124,2.2014387,19.8,10.2,13.9,17.6,8.1,07:42,20:10,21.0,23.0,0.3,2022,3,27,Open-Meteo (ERA5),4.1,0.0
2022-03-28,Barcelona,41.441124,2.2014387,17.4,7.8,12.6,16.1,5.3,07:40,20:11,18.6,9.9,0.0,2022,3,28,Open-Meteo (ERA5),5.4,0.0
2022-03-29,Barcelona,41.441124,2.2014387,15.6,9.4,12.6,13.2,7.4,07:39,20:12,13.89,24.9,0.4,2022,3,29,Open-Meteo (ERA5),5.4,0.0
2022-03-30,Barcelona,41.441124,2.2014387,14.3,10.9,12.3,13.8,9.0,07:37,20:13,9.4,22.0,20.5,2022,3,30,Open-Meteo (ERA5),5.699999999999999,0.0
2022-03-31,Barcelona,41.441124,2.2014387,14.4,10.7,12.1,13.0,8.4,07:35,20:14,13.8,16.1,5.8,2022,3,31,Open-Meteo (ERA5),5.9,0.0
2022-04-01,Barcelona,41.441124,2.2014387,13.7,6.9,9.7,10.1,1.8,07:34,20:15,22.26,31.6,0.0,2022,4,1,Open-Meteo (ERA5),8.3,0.0
2022-04-02,Barcelona,41.441124,2.2014387,15.0,4.8,8.7,11.1,-0.6,07:32,20:17,20.9,23.4,0.2,2022,4,2,Open-Meteo (ERA5),9.3,0.0
2022-04-03,Barcelona,41.441124,2.2014387,7.4,4.4,5.9,5.0,1.4,07:30,20:18,13.78,11.9,4.9,2022,4,3,Open-Meteo (ERA5),12.1,0.0
2022-04-04,Barcelona,41.441124,2.2014387,12.8,2.2,7.4,9.5,-0.7,07:29,20:19,20.24,17.1,0.0,2022,4,4,Open-Meteo (ERA5),10.6,0.0
2022-04-05,Barcelona,41.441124,2.2014387,14.0,3.1,8.6,12.2,-0.4,07:27,20:20,22.45,14.5,0.0,2022,4,5,Open-Meteo (ERA5),9.4,0.0
2022-04-06,Barcelona,41.441124,2.2014387,15.6,7.0,11.1,12.8,4.6,07:25,20:21,16.68,17.7,0.0,2022,4,6,Open-Meteo (ERA5),6.9,0.0
2022-04-07,Barcelona,41.441124,2.2014387,21.4,6.6,13.2,18.7,4.0,07:24,20:22,22.98,27.3,0.0,2022,4,7,Open-Meteo (ERA5),4.800000000000001,0.0
2022-04-08,Barcelona,41.441124,2.2014387,22.1,7.7,15.5,19.8,5.4,07:22,20:23,22.65,25.0,0.0,2022,4,8,Open-Meteo (ERA5),2.5,0.0
2022-04-09,Barcelona,41.441124,2.2014387,18.3,11.0,14.3,15.2,9.9,07:20,20:24,19.31,28.5,0.0,2022,4,9,Open-Meteo (ERA5),3.6999999999999993,0.0
2022-04-10,Barcelona,41.441124,2.2014387,15.6,9.1,12.3,13.3,7.4,07:19,20:25,16.68,18.1,0.0,2022,4,10,Open-Meteo (ERA5),5.699999999999999,0.0
2022-04-11,Barcelona,41.441124,2.2014387,15.4,8.6,12.4,14.7,7.0,07:17,20:26,20.83,22.9,0.0,2022,4,11,Open-Meteo (ERA5),5.6,0.0
2022-04-12,Barcelona,41.441124,2.2014387,16.8,12.3,13.9,12.8,9.2,07:16,20:27,12.34,31.4,3.4,2022,4,12,Open-Meteo (ERA5),4.1,0.0
2022-04-13,Barcelona,41.441124,2.2014387,15.7,13.5,14.1,12.5,10.6,07:14,20:28,7.51,29.7,8.8,2022,4,13,Open-Meteo (ERA5),3.9000000000000004,0.0
2022-04-14,Barcelona,41.441124,2.2014387,21.3,10.9,16.1,18.0,9.4,07:12,20:30,23.13,26.1,0.0,2022,4,14,Open-Meteo (ERA5),1.8999999999999986,0.0
2022-04-15,Barcelona,41.441124,2.2014387,21.7,10.0,16.1,22.1,8.2,07:11,20:31,23.51,15.6,0.0,2022,4,15,Open-Meteo (ERA5),1.8999999999999986,0.0
2022-04-16,Barcelona,41.441124,2.2014387,24.0,12.3,17.0,24.1,10.9,07:09,20:32,23.22,19.7,0.0,2022,4,16,Open-Meteo (ERA5),1.0,0.0
2022-04-17,Barcelona,41.441124,2.2014387,20.4,13.1,15.8,20.8,12.2,07:08,20:33,22.36,19.6,0.0,2022,4,17,Open-Meteo (ERA5),2.1999999999999993,0.0
2022-04-18,Barcelona,41.441124,2.2014387,17.2,10.1,14.1,17.2,8.8,07:06,20:34,22.13,16.4,0.0,2022,4,18,Open-Meteo (ERA5),3.9000000000000004,0.0
2022-04-19,Barcelona,41.441124,2.2014387,16.8,11.2,14.2,15.9,11.0,07:05,20:35,16.87,12.4,0.7,2022,4,19,Open-Meteo (ERA5),3.8000000000000007,0.0
2022-04-20,Barcelona,41.441124,2.2014387,17.3,12.8,14.6,13.0,9.6,07:03,20:36,14.07,36.6,3.2,2022,4,20,Open-Meteo (ERA5),3.4000000000000004,0.0
2022-04-21,Barcelona,41.441124,2.2014387,16.0,10.8,13.3,15.4,7.0,07:02,20:37,7.38,36.9,24.3,2022,4,21,Open-Meteo (ERA5),4.699999999999999,0.0
2022-04-22,Barcelona,41.441124,2.2014387,19.3,9.6,14.2,17.6,7.9,07:00,20:38,22.54,24.0,0.0,2022,4,22,Open-Meteo (ERA5),3.8000000000000007,0.0
2022-04-23,Barcelona,41.441124,2.2014387,15.4,11.9,13.7,14.1,7.8,06:59,20:39,16.65,31.1,7.1,2022,4,23,Open-Meteo (ERA5),4.300000000000001,0.0
2022-04-24,Barcelona,41.441124,2.2014387,20.2,11.4,15.1,19.9,7.4,06:57,20:40,23.03,22.7,0.0,2022,4,24,Open-Meteo (ERA5),2.9000000000000004,0.0
2022-04-25,Barcelona,41.441124,2.2014387,18.8,9.1,14.5,17.9,7.7,06:56,20:41,22.28,13.7,0.0,2022,4,25,Open-Meteo (ERA5),3.5,0.0
2022-04-26,Barcelona,41.441124,2.2014387,19.7,8.7,15.0,19.0,7.5,06:54,20:43,24.78,16.8,0.0,2022,4,26,Open-Meteo (ERA5),3.0,0.0
2022-04-27,Barcelona,41.441124,2.2014387,19.2,10.1,14.9,18.7,8.5,06:53,20:44,18.4,15.6,0.1,2022,4,27,Open-Meteo (ERA5),3.0999999999999996,0.0
2022-04-28,Barcelona,41.441124,2.2014387,20.8,11.6,16.3,20.9,10.4,06:52,20:45,22.19,19.8,0.0,2022,4,28,Open-Meteo (ERA5),1.6999999999999993,0.0
2022-04-29,Barcelona,41.441124,2.2014387,22.2,10.6,16.4,22.2,9.6,06:50,20:46,23.19,18.0,0.0,2022,4,29,Open-Meteo (ERA5),1.6000000000000014,0.0
2022-04-30,Barcelona,41.441124,2.2014387,20.5,14.1,17.0,20.8,13.6,06:49,20:47,22.69,14.4,0.4,2022,4,30,Open-Meteo (ERA5),1.0,0.0
2022-05-01,Barcelona,41.441124,2.2014387,19.9,13.1,16.5,20.0,13.0,06:48,20:48,23.12,17.7,0.1,2022,5,1,Open-Meteo (ERA5),1.5,0.0
2022-05-02,Barcelona,41.441124,2.2014387,18.1,14.6,16.4,18.4,14.6,06:46,20:49,15.21,12.8,1.6,2022,5,2,Open-Meteo (ERA5),1.6000000000000014,0.0
2022-05-03,Barcelona,41.441124,2.2014387,17.7,12.5,15.4,18.7,11.8,06:45,20:50,18.06,26.4,1.8,2022,5,3,Open-Meteo (ERA5),2.5999999999999996,0.0
2022-05-04,Barcelona,41.441124,2.2014387,20.2,11.6,15.8,20.0,11.1,06:44,20:51,20.37,21.6,0.3,2022,5,4,Open-Meteo (ERA5),2.1999999999999993,0.0
2022-05-05,Barcelona,41.441124,2.2014387,20.2,11.9,16.6,20.5,10.8,06:43,20:52,22.94,16.0,1.4,2022,5,5,Open-Meteo (ERA5),1.3999999999999986,0.0
2022-05-06,Barcelona,41.441124,2.2014387,21.2,11.5,16.3,22.1,9.5,06:41,20:53,25.17,22.3,0.0,2022,5,6,Open-Meteo (ERA5),1.6999999999999993,0.0
2022-05-07,Barcelona,41.441124,2.2014387,24.2,13.9,17.5,24.4,12.2,06:40,20:54,24.9,15.3,0.0,2022,5,7,Open-Meteo (ERA5),0.5,0.0
2022-05-08,Barcelona,41.441124,2.2014387,22.2,12.1,17.2,22.0,11.2,06:39,20:55,23.87,16.6,0.0,2022,5,8,Open-Meteo (ERA5),0.8000000000000007,0.0
2022-05-09,Barcelona,41.441124,2.2014387,21.5,12.6,17.3,21.1,11.9,06:38,20:56,23.76,14.4,0.0,2022,5,9,Open-Meteo (ERA5),0.6999999999999993,0.0
2022-05-10,Barcelona,41.441124,2.2014387,23.8,13.6,18.9,22.3,12.7,06:37,20:57,25.28,24.3,0.0,2022,5,10,Open-Meteo (ERA5),0.0,0.8999999999999986
2022-05-11,Barcelona,41.441124,2.2014387,23.0,13.5,18.5,21.6,12.8,06:36,20:58,26.83,24.7,0.0,2022,5,11,Open-Meteo (ERA5),0.0,0.5
2022-05-12,Barcelona,41.441124,2.2014387,21.9,12.2,17.6,22.2,11.9,06:35,20:59,27.3,17.7,0.0,2022,5,12,Open-Meteo (ERA5),0.3999999999999986,0.0
2022-05-13,Barcelona,41.441124,2.2014387,20.9,11.7,17.3,21.6,11.1,06:34,21:01,26.47,17.0,0.0,2022,5,13,Open-Meteo (ERA5),0.6999999999999993,0.0
2022-05-14,Barcelona,41.441124,2.2014387,24.0,13.8,19.4,23.8,13.6,06:33,21:02,25.55,15.2,0.0,2022,5,14,Open-Meteo (ERA5),0.0,1.3999999999999986
2022-05-15,Barcelona,41.441124,2.2014387,24.5,15.8,20.4,24.3,15.9,06:32,21:03,26.77,18.4,0.0,2022,5,15,Open-Meteo (ERA5),0.0,2.3999999999999986
2022-05-16,Barcelona,41.441124,2.2014387,25.1,15.3,20.2,25.2,14.9,06:31,21:04,26.0,15.6,0.0,2022,5,16,Open-Meteo (ERA5),0.0,2.1999999999999993
2022-05-17,Barcelona,41.441124,2.2014387,23.7,15.5,19.7,26.0,16.8,06:30,21:05,26.59,15.0,0.0,2022,5,17,Open-Meteo (ERA5),0.0,1.6999999999999993
2022-05-18,Barcelona,41.441124,2.2014387,26.3,17.6,21.3,28.2,19.6,06:29,21:06,25.72,13.9,0.0,2022,5,18,Open-Meteo (ERA5),0.0,3.3000000000000007
2022-05-19,Barcelona,41.441124,2.2014387,23.5,19.1,20.9,25.7,21.5,06:28,21:06,24.94,15.8,0.1,2022,5,19,Open-Meteo (ERA5),0.0,2.8999999999999986
2022-05-20,Barcelona,41.441124,2.2014387,24.9,16.6,21.1,26.3,16.9,06:27,21:07,27.19,14.7,0.0,2022,5,20,Open-Meteo (ERA5),0.0,3.1000000000000014
2022-05-21,Barcelona,41.441124,2.2014387,29.5,18.1,23.4,29.4,18.7,06:26,21:08,27.56,22.4,0.0,2022,5,21,Open-Meteo (ERA5),0.0,5.399999999999999
2022-05-22,Barcelona,41.441124,2.2014387,31.6,17.0,23.9,30.8,16.9,06:25,21:09,27.91,23.7,0.0,2022,5,22,Open-Meteo (ERA5),0.0,5.899999999999999
2022-05-23,Barcelona,41.441124,2.2014387,23.9,18.1,21.3,25.5,18.9,06:25,21:10,25.89,18.6,0.0,2022,5,23,Open-Meteo (ERA5),0.0,3.3000000000000007
2022-05-24,Barcelona,41.441124,2.2014387,20.8,17.2,18.8,22.0,16.7,06:24,21:11,9.84,15.1,34.3,2022,5,24,Open-Meteo (ERA5),0.0,0.8000000000000007
2022-05-25,Barcelona,41.441124,2.2014387,20.5,15.1,17.6,20.9,14.4,06:23,21:12,10.43,17.9,19.0,2022,5,25,Open-Meteo (ERA5),0.3999999999999986,0.0
2022-05-26,Barcelona,41.441124,2.2014387,24.1,14.4,19.6,25.2,12.6,06:23,21:13,26.7,17.9,0.3,2022,5,26,Open-Meteo (ERA5),0.0,1.6000000000000014
2022-05-27,Barcelona,41.441124,2.2014387,27.5,16.7,21.1,31.2,15.8,06:22,21:14,25.46,17.1,0.0,2022,5,27,Open-Meteo (ERA5),0.0,3.1000000000000014
2022-05-28,Barcelona,41.441124,2.2014387,25.6,18.4,21.8,27.9,19.7,06:22,21:14,27.19,17.6,0.0,2022,5,28,Open-Meteo (ERA5),0.0,3.8000000000000007
2022-05-29,Barcelona,41.441124,2.2014387,22.6,17.3,20.1,25.1,18.5,06:21,21:15,27.72,15.3,0.0,2022,5,29,Open-Meteo (ERA5),0.0,2.1000000000000014
2022-05-30,Barcelona,41.441124,2.2014387,23.2,16.3,19.8,25.3,16.5,06:20,21:16,27.1,18.0,0.0,2022,5,30,Open-Meteo (ERA5),0.0,1.8000000000000007
2022-05-31,Barcelona,41.441124,2.2014387,23.6,16.1,19.9,24.4,16.5,06:20,21:17,27.86,13.8,0.0,2022,5,31,Open-Meteo (ERA5),0.0,1.8999999999999986
2022-06-01,Barcelona,41.441124,2.2014387,23.8,16.9,20.5,26.5,18.6,06:19,21:18,27.68,17.9,0.0,2022,6,1,Open-Meteo (ERA5),0.0,2.5
2022-06-02,Barcelona,41.441124,2.2014387,24.0,17.4,20.8,27.9,19.0,06:19,21:18,26.97,14.5,0.0,2022,6,2,Open-Meteo (ERA5),0.0,2.8000000000000007
2022-06-03,Barcelona,41.441124,2.2014387,24.1,18.9,21.5,27.0,21.1,06:19,21:19,27.91,14.2,0.0,2022,6,3,Open-Meteo (ERA5),0.0,3.5
2022-06-04,Barcelona,41.441124,2.2014387,25.6,18.8,22.1,29.9,21.2,06:18,21:20,26.43,18.4,0.0,2022,6,4,Open-Meteo (ERA5),0.0,4.100000000000001
2022-06-05,Barcelona,41.441124,2.2014387,25.5,18.5,22.2,27.2,20.9,06:18,21:21,27.33,16.6,0.0,2022,6,5,Open-Meteo (ERA5),0.0,4.199999999999999
2022-06-06,Barcelona,41.441124,2.2014387,26.5,19.3,22.8,28.0,22.2,06:18,21:21,27.5,23.6,0.0,2022,6,6,Open-Meteo (ERA5),0.0,4.800000000000001
2022-06-07,Barcelona,41.441124,2.2014387,25.9,19.5,22.6,26.7,21.2,06:17,21:22,26.44,20.0,0.0,2022,6,7,Open-Meteo (ERA5),0.0,4.600000000000001
2022-06-08,Barcelona,41.441124,2.2014387,25.9,19.5,21.8,28.0,21.7,06:17,21:23,19.31,19.1,1.7,2022,6,8,Open-Meteo (ERA5),0.0,3.8000000000000007
2022-06-09,Barcelona,41.441124,2.2014387,22.8,19.2,21.1,23.7,21.0,06:17,21:23,21.72,18.8,0.0,2022,6,9,Open-Meteo (ERA5),0.0,3.1000000000000014
2022-06-10,Barcelona,41.441124,2.2014387,26.1,17.9,22.0,27.9,19.7,06:17,21:24,25.61,20.4,0.0,2022,6,10,Open-Meteo (ERA5),0.0,4.0
2022-06-11,Barcelona,41.441124,2.2014387,28.0,18.8,24.0,29.0,20.8,06:17,21:24,28.45,17.2,0.0,2022,6,11,Open-Meteo (ERA5),0.0,6.0
2022-06-12,Barcelona,41.441124,2.2014387,29.7,21.1,26.0,31.7,21.7,06:17,21:25,27.19,17.1,0.0,2022,6,12,Open-Meteo (ERA5),0.0,8.0
2022-06-13,Barcelona,41.441124,2.2014387,31.7,21.0,26.5,31.2,21.4,06:16,21:25,28.37,17.2,0.0,2022,6,13,Open-Meteo (ERA5),0.0,8.5
2022-06-14,Barcelona,41.441124,2.2014387,28.6,19.8,25.0,29.1,19.6,06:16,21:25,26.09,17.3,0.0,2022,6,14,Open-Meteo (ERA5),0.0,7.0
2022-06-15,Barcelona,41.441124,2.2014387,31.0,22.8,26.2,34.2,24.9,06:16,21:26,27.87,22.1,0.0,2022,6,15,Open-Meteo (ERA5),0.0,8.2
2022-06-16,Barcelona,41.441124,2.2014387,33.0,21.2,27.8,33.5,23.1,06:17,21:26,28.81,17.3,0.0,2022,6,16,Open-Meteo (ERA5),0.0,9.8
2022-06-17,Barcelona,41.441124,2.2014387,31.1,23.0,27.6,32.0,22.7,06:17,21:27,28.53,14.8,0.0,2022,6,17,Open-Meteo (ERA5),0.0,9.600000000000001
2022-06-18,Barcelona,41.441124,2.2014387,29.1,22.2,25.5,30.6,23.4,06:17,21:27,28.65,16.1,0.0,2022,6,18,Open-Meteo (ERA5),0.0,7.5
2022-06-19,Barcelona,41.441124,2.2014387,27.8,22.4,25.0,30.7,25.6,06:17,21:27,28.51,18.3,0.0,2022,6,19,Open-Meteo (ERA5),0.0,7.0
2022-06-20,Barcelona,41.441124,2.2014387,27.6,21.8,24.9,30.5,24.7,06:17,21:28,26.32,17.6,0.0,2022,6,20,Open-Meteo (ERA5),0.0,6.899999999999999
2022-06-21,Barcelona,41.441124,2.2014387,29.6,21.6,25.2,31.7,24.9,06:17,21:28,20.7,25.5,1.1,2022,6,21,Open-Meteo (ERA5),0.0,7.199999999999999
2022-06-22,Barcelona,41.441124,2.2014387,26.9,19.9,23.5,30.6,21.7,06:18,21:28,24.53,22.3,11.2,2022,6,22,Open-Meteo (ERA5),0.0,5.5
2022-06-23,Barcelona,41.441124,2.2014387,26.7,19.4,23.6,29.2,22.1,06:18,21:28,25.04,20.6,1.1,2022,6,23,Open-Meteo (ERA5),0.0,5.600000000000001
2022-06-24,Barcelona,41.441124,2.2014387,28.9,19.2,23.6,29.0,21.2,06:18,21:28,27.93,27.8,0.0,2022,6,24,Open-Meteo (ERA5),0.0,5.600000000000001
2022-06-25,Barcelona,41.441124,2.2014387,26.7,18.8,23.1,29.4,20.7,06:18,21:28,28.42,15.9,0.0,2022,6,25,Open-Meteo (ERA5),0.0,5.100000000000001
2022-06-26,Barcelona,41.441124,2.2014387,26.7,21.1,23.8,29.4,22.8,06:19,21:28,26.09,19.7,0.0,2022,6,26,Open-Meteo (ERA5),0.0,5.800000000000001
2022-06-27,Barcelona,41.441124,2.2014387,27.8,20.7,24.2,31.7,23.8,06:19,21:29,23.69,16.8,0.6,2022,6,27,Open-Meteo (ERA5),0.0,6.199999999999999
2022-06-28,Barcelona,41.441124,2.2014387,27.5,20.5,24.1,29.2,21.2,06:20,21:29,28.47,27.1,6.6,2022,6,28,Open-Meteo (ERA5),0.0,6.100000000000001
2022-06-29,Barcelona,41.441124,2.2014387,28.0,20.4,24.1,29.3,22.0,06:20,21:28,28.33,21.7,0.0,2022,6,29,Open-Meteo (ERA5),0.0,6.100000000000001
2022-06-30,Barcelona,41.441124,2.2014387,28.1,20.6,24.5,29.2,22.9,06:20,21:28,26.73,24.2,0.0,2022,6,30,Open-Meteo (ERA5),0.0,6.5
2022-07-01,Barcelona,41.441124,2.2014387,24.8,21.4,23.2,24.7,22.3,06:21,21:28,24.74,20.7,0.0,2022,7,1,Open-Meteo (ERA5),0.0,5.199999999999999
2022-07-02,Barcelona,41.441124,2.2014387,27.2,19.5,23.6,28.0,20.6,06:21,21:28,27.88,19.9,0.0,2022,7,2,Open-Meteo (ERA5),0.0,5.600000000000001
2022-07-03,Barcelona,41.441124,2.2014387,28.6,20.6,24.5,30.1,23.6,06:22,21:28,26.17,17.0,0.0,2022,7,3,Open-Meteo (ERA5),0.0,6.5
2022-07-04,Barcelona,41.441124,2.2014387,29.0,22.5,25.6,30.3,22.5,06:23,21:28,28.16,19.2,0.0,2022,7,4,Open-Meteo (ERA5),0.0,7.600000000000001
2022-07-05,Barcelona,41.441124,2.2014387,29.9,23.0,26.1,31.7,25.9,06:23,21:27,26.16,22.3,0.0,2022,7,5,Open-Meteo (ERA5),0.0,8.100000000000001
2022-07-06,Barcelona,41.441124,2.2014387,29.6,22.7,24.7,29.9,24.2,06:24,21:27,15.17,28.3,17.5,2022,7,6,Open-Meteo (ERA5),0.0,6.699999999999999
2022-07-07,Barcelona,41.441124,2.2014387,29.4,20.8,24.6,30.7,22.6,06:24,21:27,26.38,21.7,12.0,2022,7,7,Open-Meteo (ERA5),0.0,6.600000000000001
2022-07-08,Barcelona,41.441124,2.2014387,28.2,21.3,25.1,30.5,22.6,06:25,21:26,28.61,22.1,0.0,2022,7,8,Open-Meteo (ERA5),0.0,7.100000000000001
2022-07-09,Barcelona,41.441124,2.2014387,27.9,20.4,24.7,29.9,22.2,06:26,21:26,28.09,21.3,0.0,2022,7,9,Open-Meteo (ERA5),0.0,6.699999999999999
2022-07-10,Barcelona,41.441124,2.2014387,31.3,21.2,26.3,30.4,23.5,06:26,21:26,28.48,24.3,0.0,2022,7,10,Open-Meteo (ERA5),0.0,8.3
2022-07-11,Barcelona,41.441124,2.2014387,29.0,21.8,25.6,29.9,22.4,06:27,21:25,28.33,18.7,0.0,2022,7,11,Open-Meteo (ERA5),0.0,7.600000000000001
2022-07-12,Barcelona,41.441124,2.2014387,28.6,21.6,25.6,32.2,23.5,06:28,21:25,28.19,16.0,0.0,2022,7,12,Open-Meteo (ERA5),0.0,7.600000000000001
2022-07-13,Barcelona,41.441124,2.2014387,29.7,22.1,26.2,32.7,23.1,06:29,21:24,27.76,16.1,0.0,2022,7,13,Open-Meteo (ERA5),0.0,8.2
2022-07-14,Barcelona,41.441124,2.2014387,30.7,21.4,26.7,32.9,24.3,06:30,21:24,27.91,18.6,0.0,2022,7,14,Open-Meteo (ERA5),0.0,8.7
2022-07-15,Barcelona,41.441124,2.2014387,32.1,23.0,28.0,34.3,23.4,06:30,21:23,27.4,18.3,0.0,2022,7,15,Open-Meteo (ERA5),0.0,10.0
2022-07-16,Barcelona,41.441124,2.2014387,30.5,24.3,27.5,32.4,24.4,06:31,21:22,28.07,15.5,0.0,2022,7,16,Open-Meteo (ERA5),0.0,9.5
2022-07-17,Barcelona,41.441124,2.2014387,30.6,22.8,27.2,31.1,23.8,06:32,21:22,28.24,18.3,0.0,2022,7,17,Open-Meteo (ERA5),0.0,9.2
2022-07-18,Barcelona,41.441124,2.2014387,28.9,22.2,25.7,33.0,25.3,06:33,21:21,27.92,14.1,0.0,2022,7,18,Open-Meteo (ERA5),0.0,7.699999999999999
2022-07-19,Barcelona,41.441124,2.2014387,29.1,22.4,25.8,33.2,27.0,06:34,21:20,27.72,15.3,0.0,2022,7,19,Open-Meteo (ERA5),0.0,7.800000000000001
2022-07-20,Barcelona,41.441124,2.2014387,29.1,22.8,26.4,32.5,26.9,06:35,21:20,25.5,20.7,0.0,2022,7,20,Open-Meteo (ERA5),0.0,8.399999999999999
2022-07-21,Barcelona,41.441124,2.2014387,31.0,23.0,27.2,33.1,26.4,06:35,21:19,26.43,25.1,0.0,2022,7,21,Open-Meteo (ERA5),0.0,9.2
2022-07-22,Barcelona,41.441124,2.2014387,32.9,22.4,28.0,34.6,25.6,06:36,21:18,27.39,25.9,0.0,2022,7,22,Open-Meteo (ERA5),0.0,10.0
2022-07-23,Barcelona,41.441124,2.2014387,28.6,24.5,26.6,32.5,29.1,06:37,21:17,24.71,20.2,0.1,2022,7,23,Open-Meteo (ERA5),0.0,8.600000000000001
2022-07-24,Barcelona,41.441124,2.2014387,31.6,24.1,27.7,34.5,29.2,06:38,21:16,27.21,23.1,0.0,2022,7,24,Open-Meteo (ERA5),0.0,9.7
2022-07-25,Barcelona,41.441124,2.2014387,30.1,21.9,26.5,33.8,22.2,06:39,21:16,25.71,20.0,0.0,2022,7,25,Open-Meteo (ERA5),0.0,8.5
2022-07-26,Barcelona,41.441124,2.2014387,29.0,24.0,26.3,30.6,27.4,06:40,21:15,23.76,24.6,0.1,2022,7,26,Open-Meteo (ERA5),0.0,8.3
2022-07-27,Barcelona,41.441124,2.2014387,27.9,21.7,25.0,30.3,23.3,06:41,21:14,21.23,18.7,1.8,2022,7,27,Open-Meteo (ERA5),0.0,7.0
2022-07-28,Barcelona,41.441124,2.2014387,29.2,22.5,25.5,31.7,24.4,06:42,21:13,17.26,18.7,7.1,2022,7,28,Open-Meteo (ERA5),0.0,7.5
2022-07-29,Barcelona,41.441124,2.2014387,28.1,23.8,25.7,31.6,27.8,06:43,21:12,18.69,19.9,12.0,2022,7,29,Open-Meteo (ERA5),0.0,7.699999999999999
2022-07-30,Barcelona,41.441124,2.2014387,29.8,21.7,25.8,31.1,25.3,06:44,21:11,22.36,22.7,0.0,2022,7,30,Open-Meteo (ERA5),0.0,7.800000000000001
2022-07-31,Barcelona,41.441124,2.2014387,32.1,23.2,27.6,33.1,26.9,06:45,21:09,24.89,23.9,0.0,2022,7,31,Open-Meteo (ERA5),0.0,9.600000000000001
2022-08-01,Barcelona,41.441124,2.2014387,32.8,23.6,28.3,34.8,26.1,06:46,21:08,25.13,21.6,0.0,2022,8,1,Open-Meteo (ERA5),0.0,10.3
2022-08-02,Barcelona,41.441124,2.2014387,33.5,24.3,28.8,34.3,28.0,06:47,21:07,25.59,21.1,0.0,2022,8,2,Open-Meteo (ERA5),0.0,10.8
2022-08-03,Barcelona,41.441124,2.2014387,32.1,24.7,28.8,35.3,26.0,06:48,21:06,25.46,21.3,0.0,2022,8,3,Open-Meteo (ERA5),0.0,10.8
2022-08-04,Barcelona,41.441124,2.2014387,31.5,22.4,27.8,35.1,24.8,06:49,21:05,26.1,19.5,0.0,2022,8,4,Open-Meteo (ERA5),0.0,9.8
2022-08-05,Barcelona,41.441124,2.2014387,30.7,23.3,27.1,33.9,27.5,06:50,21:04,21.14,18.7,0.5,2022,8,5,Open-Meteo (ERA5),0.0,9.100000000000001
2022-08-06,Barcelona,41.441124,2.2014387,32.1,22.4,28.0,34.7,24.2,06:51,21:02,24.99,20.9,0.0,2022,8,6,Open-Meteo (ERA5),0.0,10.0
2022-08-07,Barcelona,41.441124,2.2014387,31.4,23.6,28.0,32.4,26.7,06:52,21:01,24.52,17.1,0.0,2022,8,7,Open-Meteo (ERA5),0.0,10.0
2022-08-08,Barcelona,41.441124,2.2014387,30.9,22.7,27.6,32.6,22.7,06:53,21:00,25.19,18.5,0.0,2022,8,8,Open-Meteo (ERA5),0.0,9.600000000000001
2022-08-09,Barcelona,41.441124,2.2014387,31.0,23.9,27.8,33.4,26.2,06:54,20:59,24.01,17.4,0.0,2022,8,9,Open-Meteo (ERA5),0.0,9.8
2022-08-10,Barcelona,41.441124,2.2014387,34.0,23.6,28.9,35.4,26.5,06:55,20:57,24.9,21.6,0.0,2022,8,10,Open-Meteo (ERA5),0.0,10.899999999999999
2022-08-11,Barcelona,41.441124,2.2014387,31.9,22.8,27.8,34.8,25.9,06:56,20:56,24.62,19.5,0.0,2022,8,11,Open-Meteo (ERA5),0.0,9.8
2022-08-12,Barcelona,41.441124,2.2014387,34.3,24.1,28.8,37.5,26.1,06:57,20:55,22.73,27.2,0.0,2022,8,12,Open-Meteo (ERA5),0.0,10.8
2022-08-13,Barcelona,41.441124,2.2014387,32.1,23.6,27.8,36.9,26.7,06:58,20:53,22.78,18.9,0.0,2022,8,13,Open-Meteo (ERA5),0.0,9.8
2022-08-14,Barcelona,41.441124,2.2014387,36.3,23.7,28.6,35.1,27.8,06:59,20:52,22.39,25.6,0.0,2022,8,14,Open-Meteo (ERA5),0.0,10.600000000000001
2022-08-15,Barcelona,41.441124,2.2014387,29.5,23.3,26.6,31.5,26.5,07:00,20:51,22.82,16.1,0.0,2022,8,15,Open-Meteo (ERA5),0.0,8.600000000000001
2022-08-16,Barcelona,41.441124,2.2014387,29.5,22.5,26.1,32.8,25.2,07:01,20:49,23.28,18.7,0.0,2022,8,16,Open-Meteo (ERA5),0.0,8.100000000000001
2022-08-17,Barcelona,41.441124,2.2014387,28.9,19.5,24.0,31.8,19.0,07:02,20:48,20.28,23.1,15.2,2022,8,17,Open-Meteo (ERA5),0.0,6.0
2022-08-18,Barcelona,41.441124,2.2014387,23.4,19.7,21.4,27.4,21.5,07:03,20:46,14.01,13.9,20.2,2022,8,18,Open-Meteo (ERA5),0.0,3.3999999999999986
2022-08-19,Barcelona,41.441124,2.2014387,27.4,18.2,23.0,29.6,18.6,07:04,20:45,24.61,13.8,0.0,2022,8,19,Open-Meteo (ERA5),0.0,5.0
2022-08-20,Barcelona,41.441124,2.2014387,29.1,19.9,24.5,31.7,21.5,07:05,20:43,23.71,23.3,0.0,2022,8,20,Open-Meteo (ERA5),0.0,6.5
2022-08-21,Barcelona,41.441124,2.2014387,28.4,20.7,24.9,32.6,23.4,07:06,20:42,20.57,19.3,0.5,2022,8,21,Open-Meteo (ERA5),0.0,6.899999999999999
2022-08-22,Barcelona,41.441124,2.2014387,27.5,21.7,24.5,31.7,24.7,07:07,20:40,19.06,15.8,7.2,2022,8,22,Open-Meteo (ERA5),0.0,6.5
2022-08-23,Barcelona,41.441124,2.2014387,29.2,22.3,25.7,31.7,26.0,07:08,20:39,21.78,17.6,0.1,2022,8,23,Open-Meteo (ERA5),0.0,7.699999999999999
2022-08-24,Barcelona,41.441124,2.2014387,30.3,23.2,26.7,33.5,26.6,07:09,20:37,22.02,17.2,0.0,2022,8,24,Open-Meteo (ERA5),0.0,8.7
2022-08-25,Barcelona,41.441124,2.2014387,29.4,22.3,25.9,32.2,25.9,07:10,20:36,19.45,15.3,0.7,2022,8,25,Open-Meteo (ERA5),0.0,7.899999999999999
2022-08-26,Barcelona,41.441124,2.2014387,31.5,22.4,26.4,34.4,23.3,07:11,20:34,19.99,21.7,0.6,2022,8,26,Open-Meteo (ERA5),0.0,8.399999999999999
2022-08-27,Barcelona,41.441124,2.2014387,28.1,21.1,24.4,31.3,23.6,07:12,20:32,18.63,17.0,3.3,2022,8,27,Open-Meteo (ERA5),0.0,6.399999999999999
2022-08-28,Barcelona,41.441124,2.2014387,30.4,21.3,25.7,33.1,22.6,07:13,20:31,20.57,22.6,0.0,2022,8,28,Open-Meteo (ERA5),0.0,7.699999999999999
2022-08-29,Barcelona,41.441124,2.2014387,30.6,21.4,26.0,33.4,24.2,07:14,20:29,20.98,26.7,0.0,2022,8,29,Open-Meteo (ERA5),0.0,8.0
2022-08-30,Barcelona,41.441124,2.2014387,31.1,21.6,26.5,34.4,24.4,07:15,20:28,19.79,22.1,0.0,2022,8,30,Open-Meteo (ERA5),0.0,8.5
2022-08-31,Barcelona,41.441124,2.2014387,29.5,22.4,25.2,31.4,22.5,07:16,20:26,13.97,22.7,1.4,2022,8,31,Open-Meteo (ERA5),0.0,7.199999999999999
2022-09-01,Barcelona,41.441124,2.2014387,28.1,19.2,24.1,30.6,20.9,07:17,20:24,20.58,16.3,0.0,2022,9,1,Open-Meteo (ERA5),0.0,6.100000000000001
2022-09-02,Barcelona,41.441124,2.2014387,27.6,22.1,23.6,31.7,24.6,07:18,20:23,19.39,15.4,0.9,2022,9,2,Open-Meteo (ERA5),0.0,5.600000000000001
2022-09-03,Barcelona,41.441124,2.2014387,26.6,20.4,23.3,30.2,23.1,07:19,20:21,19.09,17.1,15.4,2022,9,3,Open-Meteo (ERA5),0.0,5.300000000000001
2022-09-04,Barcelona,41.441124,2.2014387,27.8,20.6,24.2,32.0,22.4,07:20,20:20,19.61,15.0,0.1,2022,9,4,Open-Meteo (ERA5),0.0,6.199999999999999
2022-09-05,Barcelona,41.441124,2.2014387,28.3,21.8,25.0,32.9,25.1,07:21,20:18,18.31,16.9,1.3,2022,9,5,Open-Meteo (ERA5),0.0,7.0
2022-09-06,Barcelona,41.441124,2.2014387,30.2,23.6,26.0,34.7,28.3,07:22,20:16,20.71,22.3,0.0,2022,9,6,Open-Meteo (ERA5),0.0,8.0
2022-09-07,Barcelona,41.441124,2.2014387,28.0,20.5,24.5,32.3,22.6,07:23,20:14,18.23,17.1,0.1,2022,9,7,Open-Meteo (ERA5),0.0,6.5
2022-09-08,Barcelona,41.441124,2.2014387,27.1,22.3,24.7,30.1,24.9,07:24,20:13,13.81,18.9,0.0,2022,9,8,Open-Meteo (ERA5),0.0,6.699999999999999
2022-09-09,Barcelona,41.441124,2.2014387,25.9,20.0,23.5,28.0,21.9,07:25,20:11,17.3,20.9,0.1,2022,9,9,Open-Meteo (ERA5),0.0,5.5
2022-09-10,Barcelona,41.441124,2.2014387,27.2,19.9,23.9,28.7,21.5,07:26,20:09,17.11,20.2,0.1,2022,9,10,Open-Meteo (ERA5),0.0,5.899999999999999
2022-09-11,Barcelona,41.441124,2.2014387,27.5,22.2,25.0,30.6,25.7,07:27,20:08,16.26,14.5,0.0,2022,9,11,Open-Meteo (ERA5),0.0,7.0
2022-09-12,Barcelona,41.441124,2.2014387,29.5,20.7,25.1,34.7,23.8,07:28,20:06,18.49,17.6,0.0,2022,9,12,Open-Meteo (ERA5),0.0,7.100000000000001
2022-09-13,Barcelona,41.441124,2.2014387,29.6,23.4,26.1,33.2,26.6,07:29,20:04,11.92,15.6,0.7,2022,9,13,Open-Meteo (ERA5),0.0,8.100000000000001
2022-09-14,Barcelona,41.441124,2.2014387,27.1,21.7,24.3,30.9,24.9,07:30,20:02,8.4,19.9,5.6,2022,9,14,Open-Meteo (ERA5),0.0,6.300000000000001
2022-09-15,Barcelona,41.441124,2.2014387,27.9,18.5,23.6,30.5,19.9,07:31,20:01,18.89,12.8,0.0,2022,9,15,Open-Meteo (ERA5),0.0,5.600000000000001
2022-09-16,Barcelona,41.441124,2.2014387,25.9,18.9,22.5,27.8,21.0,07:32,19:59,16.25,16.6,2.8,2022,9,16,Open-Meteo (ERA5),0.0,4.5
2022-09-17,Barcelona,41.441124,2.2014387,25.4,19.5,21.6,25.4,21.3,07:33,19:57,10.46,18.6,2.2,2022,9,17,Open-Meteo (ERA5),0.0,3.6000000000000014
2022-09-18,Barcelona,41.441124,2.2014387,24.2,17.9,20.7,24.0,17.4,07:34,19:55,18.76,18.1,0.0,2022,9,18,Open-Meteo (ERA5),0.0,2.6999999999999993
2022-09-19,Barcelona,41.441124,2.2014387,24.4,17.8,21.1,25.1,18.9,07:35,19:54,17.76,15.5,0.0,2022,9,19,Open-Meteo (ERA5),0.0,3.1000000000000014
2022-09-20,Barcelona,41.441124,2.2014387,24.3,19.3,21.2,25.0,20.8,07:36,19:52,13.71,17.4,0.5,2022,9,20,Open-Meteo (ERA5),0.0,3.1999999999999993
2022-09-21,Barcelona,41.441124,2.2014387,23.7,18.1,21.0,23.9,19.5,07:37,19:50,12.89,17.7,0.1,2022,9,21,Open-Meteo (ERA5),0.0,3.0
2022-09-22,Barcelona,41.441124,2.2014387,25.3,17.6,21.3,24.7,18.2,07:38,19:49,17.36,22.2,0.0,2022,9,22,Open-Meteo (ERA5),0.0,3.3000000000000007
2022-09-23,Barcelona,41.441124,2.2014387,25.1,16.6,20.6,24.8,17.2,07:39,19:47,14.44,17.2,17.0,2022,9,23,Open-Meteo (ERA5),0.0,2.6000000000000014
2022-09-24,Barcelona,41.441124,2.2014387,22.5,17.9,20.0,22.6,18.1,07:40,19:45,14.29,21.6,20.0,2022,9,24,Open-Meteo (ERA5),0.0,2.0
2022-09-25,Barcelona,41.441124,2.2014387,21.4,14.6,18.3,21.4,14.3,07:41,19:44,15.82,14.9,1.3,2022,9,25,Open-Meteo (ERA5),0.0,0.3000000000000007
2022-09-26,Barcelona,41.441124,2.2014387,24.1,14.1,18.6,23.1,13.7,07:42,19:42,17.45,20.4,0.0,2022,9,26,Open-Meteo (ERA5),0.0,0.6000000000000014
2022-09-27,Barcelona,41.441124,2.2014387,23.4,13.9,18.3,23.4,12.1,07:43,19:40,16.69,21.1,0.2,2022,9,27,Open-Meteo (ERA5),0.0,0.3000000000000007
2022-09-28,Barcelona,41.441124,2.2014387,26.7,15.1,19.8,25.4,13.1,07:44,19:38,16.21,17.2,0.0,2022,9,28,Open-Meteo (ERA5),0.0,1.8000000000000007
2022-09-29,Barcelona,41.441124,2.2014387,23.3,15.5,18.1,22.2,14.6,07:45,19:37,14.07,22.9,0.8,2022,9,29,Open-Meteo (ERA5),0.0,0.10000000000000142
2022-09-30,Barcelona,41.441124,2.2014387,19.7,13.2,16.5,19.6,12.2,07:46,19:35,15.21,14.1,7.0,2022,9,30,Open-Meteo (ERA5),1.5,0.0
2022-10-01,Barcelona,41.441124,2.2014387,22.8,12.7,17.7,21.9,11.4,07:48,19:33,17.03,19.2,0.0,2022,10,1,Open-Meteo (ERA5),0.3000000000000007,0.0
2022-10-02,Barcelona,41.441124,2.2014387,25.5,14.5,19.3,26.0,13.2,07:49,19:31,17.1,20.8,0.0,2022,10,2,Open-Meteo (ERA5),0.0,1.3000000000000007
2022-10-03,Barcelona,41.441124,2.2014387,23.0,15.9,19.4,24.8,16.4,07:50,19:30,16.31,12.5,0.0,2022,10,3,Open-Meteo (ERA5),0.0,1.3999999999999986
2022-10-04,Barcelona,41.441124,2.2014387,23.5,17.1,20.2,24.7,18.2,07:51,19:28,16.4,13.2,0.2,2022,10,4,Open-Meteo (ERA5),0.0,2.1999999999999993
2022-10-05,Barcelona,41.441124,2.2014387,23.5,15.8,19.4,25.5,16.1,07:52,19:26,15.77,10.9,0.0,2022,10,5,Open-Meteo (ERA5),0.0,1.3999999999999986
2022-10-06,Barcelona,41.441124,2.2014387,23.8,17.7,20.2,23.8,18.9,07:53,19:25,14.34,23.6,0.4,2022,10,6,Open-Meteo (ERA5),0.0,2.1999999999999993
2022-10-07,Barcelona,41.441124,2.2014387,21.8,17.4,19.3,21.6,17.5,07:54,19:23,8.85,26.7,7.1,2022,10,7,Open-Meteo (ERA5),0.0,1.3000000000000007
2022-10-08,Barcelona,41.441124,2.2014387,19.6,16.3,18.2,20.0,17.3,07:55,19:21,7.57,22.0,18.5,2022,10,8,Open-Meteo (ERA5),0.0,0.1999999999999993
2022-10-09,Barcelona,41.441124,2.2014387,21.8,15.5,18.6,23.3,16.0,07:56,19:20,13.23,12.2,2.9,2022,10,9,Open-Meteo (ERA5),0.0,0.6000000000000014
2022-10-10,Barcelona,41.441124,2.2014387,21.1,14.3,18.4,23.2,14.5,07:57,19:18,13.36,8.4,0.1,2022,10,10,Open-Meteo (ERA5),0.0,0.3999999999999986
2022-10-11,Barcelona,41.441124,2.2014387,22.7,16.7,19.4,23.2,17.6,07:58,19:17,10.15,15.8,0.7,2022,10,11,Open-Meteo (ERA5),0.0,1.3999999999999986
2022-10-12,Barcelona,41.441124,2.2014387,23.4,15.3,18.9,24.1,15.7,07:59,19:15,13.72,16.3,0.0,2022,10,12,Open-Meteo (ERA5),0.0,0.8999999999999986
2022-10-13,Barcelona,41.441124,2.2014387,24.2,16.0,19.3,24.1,16.1,08:00,19:14,13.65,19.4,2.9,2022,10,13,Open-Meteo (ERA5),0.0,1.3000000000000007
2022-10-14,Barcelona,41.441124,2.2014387,24.1,15.5,19.6,26.4,15.7,08:02,19:12,14.21,8.6,0.0,2022,10,14,Open-Meteo (ERA5),0.0,1.6000000000000014
2022-10-15,Barcelona,41.441124,2.2014387,24.1,15.2,19.7,26.0,15.8,08:03,19:10,14.22,15.4,0.0,2022,10,15,Open-Meteo (ERA5),0.0,1.6999999999999993
2022-10-16,Barcelona,41.441124,2.2014387,23.8,18.4,20.8,25.9,20.8,08:04,19:09,12.87,11.4,0.0,2022,10,16,Open-Meteo (ERA5),0.0,2.8000000000000007
2022-10-17,Barcelona,41.441124,2.2014387,24.1,18.8,21.3,26.0,20.7,08:05,19:07,10.06,19.8,0.0,2022,10,17,Open-Meteo (ERA5),0.0,3.3000000000000007
2022-10-18,Barcelona,41.441124,2.2014387,24.2,19.3,21.4,26.6,22.3,08:06,19:06,10.83,13.2,0.4,2022,10,18,Open-Meteo (ERA5),0.0,3.3999999999999986
2022-10-19,Barcelona,41.441124,2.2014387,24.3,19.5,21.5,26.8,22.1,08:07,19:04,11.81,15.8,0.0,2022,10,19,Open-Meteo (ERA5),0.0,3.5
2022-10-20,Barcelona,41.441124,2.2014387,24.0,18.2,21.0,26.4,20.3,08:08,19:03,9.24,10.4,0.4,2022,10,20,Open-Meteo (ERA5),0.0,3.0
2022-10-21,Barcelona,41.441124,2.2014387,24.5,18.6,21.3,25.1,20.5,08:10,19:01,11.87,22.1,0.5,2022,10,21,Open-Meteo (ERA5),0.0,3.3000000000000007
2022-10-22,Barcelona,41.441124,2.2014387,26.3,17.2,20.8,25.3,17.1,08:11,19:00,12.62,17.4,0.0,2022,10,22,Open-Meteo (ERA5),0.0,2.8000000000000007
2022-10-23,Barcelona,41.441124,2.2014387,24.6,16.3,20.1,26.6,17.3,08:12,18:58,9.64,11.2,0.0,2022,10,23,Open-Meteo (ERA5),0.0,2.1000000000000014
2022-10-24,Barcelona,41.441124,2.2014387,25.8,17.2,21.3,26.6,17.9,08:13,18:57,12.58,18.5,0.0,2022,10,24,Open-Meteo (ERA5),0.0,3.3000000000000007
2022-10-25,Barcelona,41.441124,2.2014387,24.5,15.2,20.0,25.2,15.0,08:14,18:55,12.83,13.3,0.1,2022,10,25,Open-Meteo (ERA5),0.0,2.0
2022-10-26,Barcelona,41.441124,2.2014387,25.3,15.7,20.4,27.7,16.1,08:15,18:54,11.47,12.2,0.0,2022,10,26,Open-Meteo (ERA5),0.0,2.3999999999999986
2022-10-27,Barcelona,41.441124,2.2014387,23.0,16.6,19.6,25.3,17.6,08:16,18:53,11.53,13.9,0.0,2022,10,27,Open-Meteo (ERA5),0.0,1.6000000000000014
2022-10-28,Barcelona,41.441124,2.2014387,21.9,16.0,19.2,23.3,16.3,08:18,18:51,12.22,10.4,0.0,2022,10,28,Open-Meteo (ERA5),0.0,1.1999999999999993
2022-10-29,Barcelona,41.441124,2.2014387,21.6,15.9,18.6,22.0,15.8,08:19,18:50,11.33,12.6,0.0,2022,10,29,Open-Meteo (ERA5),0.0,0.6000000000000014
2022-10-30,Barcelona,41.441124,2.2014387,21.8,15.4,18.6,22.6,14.8,08:20,18:49,10.82,10.9,0.0,2022,10,30,Open-Meteo (ERA5),0.0,0.6000000000000014
2022-10-31,Barcelona,41.441124,2.2014387,22.6,16.1,19.3,23.6,17.2,08:21,18:47,8.32,16.9,0.1,2022,10,31,Open-Meteo (ERA5),0.0,1.3000000000000007
2022-11-01,Barcelona,41.441124,2.2014387,22.3,14.9,18.9,22.4,15.4,08:22,18:46,11.46,18.6,0.9,2022,11,1,Open-Meteo (ERA5),0.0,0.8999999999999986
2022-11-02,Barcelona,41.441124,2.2014387,22.0,14.7,18.0,20.8,14.5,08:24,18:45,11.24,13.5,0.0,2022,11,2,Open-Meteo (ERA5),0.0,0.0
2022-11-03,Barcelona,41.441124,2.2014387,21.1,14.8,17.9,21.7,15.5,08:25,18:44,4.9,19.4,0.4,2022,11,3,Open-Meteo (ERA5),0.10000000000000142,0.0
2022-11-04,Barcelona,41.441124,2.2014387,20.7,11.8,16.2,16.4,8.8,08:26,18:43,11.37,29.6,0.0,2022,11,4,Open-Meteo (ERA5),1.8000000000000007,0.0
2022-11-05,Barcelona,41.441124,2.2014387,19.7,11.4,14.6,17.0,7.9,08:27,18:41,11.92,22.5,0.0,2022,11,5,Open-Meteo (ERA5),3.4000000000000004,0.0
2022-11-06,Barcelona,41.441124,2.2014387,21.3,9.2,14.5,18.3,6.5,08:28,18:40,11.68,19.1,0.0,2022,11,6,Open-Meteo (ERA5),3.5,0.0
2022-11-07,Barcelona,41.441124,2.2014387,20.9,10.8,15.3,19.2,9.5,08:30,18:39,10.72,16.8,0.0,2022,11,7,Open-Meteo (ERA5),2.6999999999999993,0.0
2022-11-08,Barcelona,41.441124,2.2014387,21.7,11.9,16.2,20.7,11.7,08:31,18:38,9.96,18.7,0.0,2022,11,8,Open-Meteo (ERA5),1.8000000000000007,0.0
2022-11-09,Barcelona,41.441124,2.2014387,23.3,13.3,18.0,21.3,12.6,08:32,18:37,8.06,14.8,0.8,2022,11,9,Open-Meteo (ERA5),0.0,0.0
2022-11-10,Barcelona,41.441124,2.2014387,19.6,13.6,16.5,19.0,13.4,08:33,18:36,9.91,14.3,4.9,2022,11,10,Open-Meteo (ERA5),1.5,0.0
2022-11-11,Barcelona,41.441124,2.2014387,21.0,12.1,16.7,20.0,10.8,08:35,18:35,10.11,22.8,0.0,2022,11,11,Open-Meteo (ERA5),1.3000000000000007,0.0
2022-11-12,Barcelona,41.441124,2.2014387,20.3,15.9,17.9,21.0,16.2,08:36,18:34,9.1,18.0,1.6,2022,11,12,Open-Meteo (ERA5),0.10000000000000142,0.0
2022-11-13,Barcelona,41.441124,2.2014387,20.0,12.4,16.4,20.1,12.3,08:37,18:33,10.4,13.5,0.9,2022,11,13,Open-Meteo (ERA5),1.6000000000000014,0.0
2022-11-14,Barcelona,41.441124,2.2014387,21.0,14.4,17.0,20.4,14.5,08:38,18:32,8.8,17.1,7.0,2022,11,14,Open-Meteo (ERA5),1.0,0.0
2022-11-15,Barcelona,41.441124,2.2014387,22.4,13.8,17.3,20.0,13.6,08:39,18:31,8.5,21.3,0.1,2022,11,15,Open-Meteo (ERA5),0.6999999999999993,0.0
2022-11-16,Barcelona,41.441124,2.2014387,20.5,13.1,16.9,19.7,12.7,08:41,18:30,9.27,17.6,0.0,2022,11,16,Open-Meteo (ERA5),1.1000000000000014,0.0
2022-11-17,Barcelona,41.441124,2.2014387,22.0,15.7,18.2,21.7,14.4,08:42,18:30,7.58,14.9,0.0,2022,11,17,Open-Meteo (ERA5),0.0,0.1999999999999993
2022-11-18,Barcelona,41.441124,2.2014387,16.5,12.0,13.9,15.1,10.4,08:43,18:29,4.63,17.8,9.0,2022,11,18,Open-Meteo (ERA5),4.1,0.0
2022-11-19,Barcelona,41.441124,2.2014387,16.3,8.4,12.0,14.5,6.0,08:44,18:28,9.05,18.6,4.3,2022,11,19,Open-Meteo (ERA5),6.0,0.0
2022-11-20,Barcelona,41.441124,2.2014387,16.8,6.2,11.0,14.4,2.7,08:45,18:27,10.04,13.7,0.0,2022,11,20,Open-Meteo (ERA5),7.0,0.0
2022-11-21,Barcelona,41.441124,2.2014387,15.9,10.0,12.5,15.7,8.2,08:46,18:27,4.05,16.3,5.1,2022,11,21,Open-Meteo (ERA5),5.5,0.0
2022-11-22,Barcelona,41.441124,2.2014387,13.8,8.8,11.4,10.1,2.8,08:47,18:26,7.73,35.6,0.0,2022,11,22,Open-Meteo (ERA5),6.6,0.0
2022-11-23,Barcelona,41.441124,2.2014387,21.1,11.1,14.8,20.1,8.5,08:49,18:25,7.16,16.6,0.0,2022,11,23,Open-Meteo (ERA5),3.1999999999999993,0.0
2022-11-24,Barcelona,41.441124,2.2014387,17.8,11.4,14.3,17.0,10.4,08:50,18:25,7.67,13.6,0.6,2022,11,24,Open-Meteo (ERA5),3.6999999999999993,0.0
2022-11-25,Barcelona,41.441124,2.2014387,16.7,8.3,12.6,15.6,5.9,08:51,18:24,7.05,11.8,18.4,2022,11,25,Open-Meteo (ERA5),5.4,0.0
2022-11-26,Barcelona,41.441124,2.2014387,17.5,8.2,11.5,15.5,4.6,08:52,18:24,8.94,15.8,0.0,2022,11,26,Open-Meteo (ERA5),6.5,0.0
2022-11-27,Barcelona,41.441124,2.2014387,16.2,6.5,10.9,14.7,4.4,08:53,18:23,8.15,12.6,0.0,2022,11,27,Open-Meteo (ERA5),7.1,0.0
2022-11-28,Barcelona,41.441124,2.2014387,14.1,8.3,11.2,12.5,6.7,08:54,18:23,3.68,12.1,3.3,2022,11,28,Open-Meteo (ERA5),6.800000000000001,0.0
2022-11-29,Barcelona,41.441124,2.2014387,15.3,6.8,10.1,13.9,4.6,08:55,18:23,8.62,13.8,0.0,2022,11,29,Open-Meteo (ERA5),7.9,0.0
2022-11-30,Barcelona,41.441124,2.2014387,13.9,5.4,9.5,11.8,2.9,08:56,18:22,6.75,12.3,0.2,2022,11,30,Open-Meteo (ERA5),8.5,0.0
2022-12-01,Barcelona,41.441124,2.2014387,14.0,6.6,10.2,12.0,3.6,08:58,18:22,7.59,17.3,0.5,2022,12,1,Open-Meteo (ERA5),7.800000000000001,0.0
2022-12-02,Barcelona,41.441124,2.2014387,13.6,5.7,8.8,11.2,3.2,08:59,18:22,8.38,15.5,0.0,2022,12,2,Open-Meteo (ERA5),9.2,0.0
2022-12-03,Barcelona,41.441124,2.2014387,13.7,3.2,7.9,10.8,0.3,09:00,18:21,8.47,13.5,0.0,2022,12,3,Open-Meteo (ERA5),10.1,0.0
2022-12-04,Barcelona,41.441124,2.2014387,13.4,5.3,8.9,10.6,2.6,09:01,18:21,4.26,11.3,3.4,2022,12,4,Open-Meteo (ERA5),9.1,0.0
2022-12-05,Barcelona,41.441124,2.2014387,14.5,4.1,9.0,12.6,0.8,09:02,18:21,8.32,13.1,0.0,2022,12,5,Open-Meteo (ERA5),9.0,0.0
2022-12-06,Barcelona,41.441124,2.2014387,14.4,7.0,10.4,12.9,4.9,09:02,18:21,7.42,8.7,0.0,2022,12,6,Open-Meteo (ERA5),7.6,0.0
2022-12-07,Barcelona,41.441124,2.2014387,14.3,7.2,10.1,13.5,4.9,09:03,18:21,7.15,9.2,0.0,2022,12,7,Open-Meteo (ERA5),7.9,0.0
2022-12-08,Barcelona,41.441124,2.2014387,12.9,7.1,10.0,12.9,5.3,09:04,18:21,3.12,7.9,3.8,2022,12,8,Open-Meteo (ERA5),8.0,0.0
2022-12-09,Barcelona,41.441124,2.2014387,18.1,10.0,13.6,16.5,8.4,09:05,18:21,8.05,13.0,3.0,2022,12,9,Open-Meteo (ERA5),4.4,0.0
2022-12-10,Barcelona,41.441124,2.2014387,14.1,6.2,11.7,13.1,2.0,09:06,18:21,7.41,17.4,2.0,2022,12,10,Open-Meteo (ERA5),6.300000000000001,0.0
2022-12-11,Barcelona,41.441124,2.2014387,10.6,4.0,7.3,8.6,0.7,09:07,18:21,2.99,13.5,0.3,2022,12,11,Open-Meteo (ERA5),10.7,0.0
2022-12-12,Barcelona,41.441124,2.2014387,11.4,4.4,8.5,9.2,1.5,09:08,18:21,4.16,12.0,4.3,2022,12,12,Open-Meteo (ERA5),9.5,0.0
2022-12-13,Barcelona,41.441124,2.2014387,15.6,9.2,12.2,14.7,7.5,09:08,18:21,3.94,12.0,5.0,2022,12,13,Open-Meteo (ERA5),5.800000000000001,0.0
2022-12-14,Barcelona,41.441124,2.2014387,16.8,10.1,12.8,16.4,9.0,09:09,18:21,7.38,12.0,2.8,2022,12,14,Open-Meteo (ERA5),5.199999999999999,0.0
2022-12-15,Barcelona,41.441124,2.2014387,17.9,9.9,13.3,16.4,9.1,09:10,18:22,7.3,13.1,6.1,2022,12,15,Open-Meteo (ERA5),4.699999999999999,0.0
2022-12-16,Barcelona,41.441124,2.2014387,16.2,8.5,11.3,13.9,6.2,09:10,18:22,6.59,14.3,0.0,2022,12,16,Open-Meteo (ERA5),6.699999999999999,0.0
2022-12-17,Barcelona,41.441124,2.2014387,13.6,8.4,10.7,12.6,6.6,09:11,18:22,6.35,10.7,0.0,2022,12,17,Open-Meteo (ERA5),7.300000000000001,0.0
2022-12-18,Barcelona,41.441124,2.2014387,15.2,6.2,9.7,14.1,3.9,09:12,18:23,7.82,12.8,0.0,2022,12,18,Open-Meteo (ERA5),8.3,0.0
2022-12-19,Barcelona,41.441124,2.2014387,16.6,8.6,11.9,15.3,7.2,09:12,18:23,6.52,14.6,0.0,2022,12,19,Open-Meteo (ERA5),6.1,0.0
2022-12-20,Barcelona,41.441124,2.2014387,16.5,10.2,12.8,15.1,9.1,09:13,18:24,6.36,15.1,0.0,2022,12,20,Open-Meteo (ERA5),5.199999999999999,0.0
2022-12-21,Barcelona,41.441124,2.2014387,17.7,9.2,12.5,16.5,7.3,09:14,18:24,7.45,15.9,5.2,2022,12,21,Open-Meteo (ERA5),5.5,0.0
2022-12-22,Barcelona,41.441124,2.2014387,18.4,8.9,12.8,16.7,7.1,09:14,18:25,7.93,16.3,0.0,2022,12,22,Open-Meteo (ERA5),5.199999999999999,0.0
2022-12-23,Barcelona,41.441124,2.2014387,19.7,11.6,14.6,18.2,10.0,09:14,18:25,7.78,18.6,0.0,2022,12,23,Open-Meteo (ERA5),3.4000000000000004,0.0
2022-12-24,Barcelona,41.441124,2.2014387,19.2,10.3,13.6,18.0,8.3,09:15,18:26,7.99,13.7,0.0,2022,12,24,Open-Meteo (ERA5),4.4,0.0
2022-12-25,Barcelona,41.441124,2.2014387,19.0,8.2,12.1,17.9,6.0,09:15,18:26,8.19,12.8,0.0,2022,12,25,Open-Meteo (ERA5),5.9,0.0
2022-12-26,Barcelona,41.441124,2.2014387,20.5,8.9,12.6,19.5,6.2,09:16,18:27,7.75,11.3,0.0,2022,12,26,Open-Meteo (ERA5),5.4,0.0
2022-12-27,Barcelona,41.441124,2.2014387,17.6,6.9,10.8,16.2,4.9,09:16,18:28,8.01,11.9,0.0,2022,12,27,Open-Meteo (ERA5),7.199999999999999,0.0
2022-12-28,Barcelona,41.441124,2.2014387,16.2,7.6,10.6,14.7,5.5,09:16,18:28,8.08,15.4,0.0,2022,12,28,Open-Meteo (ERA5),7.4,0.0
2022-12-29,Barcelona,41.441124,2.2014387,17.9,5.8,10.8,15.5,3.3,09:16,18:29,7.82,14.0,0.0,2022,12,29,Open-Meteo (ERA5),7.199999999999999,0.0
2022-12-30,Barcelona,41.441124,2.2014387,18.6,9.6,13.3,17.0,7.9,09:17,18:30,6.11,14.8,0.0,2022,12,30,Open-Meteo (ERA5),4.699999999999999,0.0
2022-12-31,Barcelona,41.441124,2.2014387,18.6,9.6,13.4,17.2,8.1,09:17,18:30,8.01,12.6,0.0,2022,12,31,Open-Meteo (ERA5),4.6,0.0
2023-01-01,Barcelona,41.441124,2.2014387,15.8,6.6,11.0,16.0,4.5,09:17,18:31,7.19,7.2,0.0,2023,1,1,Open-Meteo (ERA5),7.0,0.0
2023-01-02,Barcelona,41.441124,2.2014387,15.1,6.0,10.7,14.7,3.6,09:17,18:32,5.45,8.3,0.0,2023,1,2,Open-Meteo (ERA5),7.300000000000001,0.0
2023-01-03,Barcelona,41.441124,2.2014387,15.9,7.8,11.2,14.9,6.0,09:17,18:33,6.33,9.4,0.1,2023,1,3,Open-Meteo (ERA5),6.800000000000001,0.0
2023-01-04,Barcelona,41.441124,2.2014387,15.8,7.3,10.1,14.9,5.2,09:17,18:34,7.61,10.0,0.0,2023,1,4,Open-Meteo (ERA5),7.9,0.0
2023-01-05,Barcelona,41.441124,2.2014387,15.9,5.2,9.1,13.2,2.6,09:17,18:35,8.53,12.0,0.0,2023,1,5,Open-Meteo (ERA5),8.9,0.0
2023-01-06,Barcelona,41.441124,2.2014387,13.8,4.4,8.2,12.3,1.3,09:17,18:36,8.59,11.2,0.0,2023,1,6,Open-Meteo (ERA5),9.8,0.0
2023-01-07,Barcelona,41.441124,2.2014387,14.0,4.2,8.0,10.9,1.2,09:17,18:37,8.95,16.3,0.0,2023,1,7,Open-Meteo (ERA5),10.0,0.0
2023-01-08,Barcelona,41.441124,2.2014387,14.8,7.4,11.0,13.3,4.1,09:17,18:38,4.31,18.6,0.6,2023,1,8,Open-Meteo (ERA5),7.0,0.0
2023-01-09,Barcelona,41.441124,2.2014387,16.1,6.6,11.5,12.0,3.6,09:16,18:39,8.83,23.0,0.0,2023,1,9,Open-Meteo (ERA5),6.5,0.0
2023-01-10,Barcelona,41.441124,2.2014387,13.7,5.4,8.9,11.8,1.5,09:16,18:40,8.4,16.1,0.0,2023,1,10,Open-Meteo (ERA5),9.1,0.0
2023-01-11,Barcelona,41.441124,2.2014387,16.4,5.5,10.0,15.5,2.7,09:16,18:41,6.71,18.7,0.0,2023,1,11,Open-Meteo (ERA5),8.0,0.0
2023-01-12,Barcelona,41.441124,2.2014387,14.9,6.1,9.1,12.5,2.9,09:16,18:42,8.6,14.2,0.0,2023,1,12,Open-Meteo (ERA5),8.9,0.0
2023-01-13,Barcelona,41.441124,2.2014387,15.5,6.3,9.4,13.5,2.6,09:15,18:43,8.7,14.8,0.0,2023,1,13,Open-Meteo (ERA5),8.6,0.0
2023-01-14,Barcelona,41.441124,2.2014387,16.9,4.3,9.0,14.0,1.4,09:15,18:44,8.93,15.8,0.0,2023,1,14,Open-Meteo (ERA5),9.0,0.0
2023-01-15,Barcelona,41.441124,2.2014387,15.8,7.1,10.8,14.0,4.4,09:15,18:45,6.95,27.9,0.7,2023,1,15,Open-Meteo (ERA5),7.199999999999999,0.0
2023-01-16,Barcelona,41.441124,2.2014387,15.1,5.2,10.0,9.5,2.5,09:14,18:46,7.45,28.9,0.7,2023,1,16,Open-Meteo (ERA5),8.0,0.0
2023-01-17,Barcelona,41.441124,2.2014387,15.2,8.1,12.4,10.2,3.8,09:14,18:48,9.01,32.1,0.5,2023,1,17,Open-Meteo (ERA5),5.6,0.0
2023-01-18,Barcelona,41.441124,2.2014387,11.6,5.4,8.2,9.1,-1.1,09:13,18:49,8.81,29.6,0.0,2023,1,18,Open-Meteo (ERA5),9.8,0.0
2023-01-19,Barcelona,41.441124,2.2014387,12.1,3.5,7.5,6.5,-2.3,09:13,18:50,9.91,29.0,0.0,2023,1,19,Open-Meteo (ERA5),10.5,0.0
2023-01-20,Barcelona,41.441124,2.2014387,13.9,3.3,8.6,9.4,-0.4,09:12,18:51,9.75,24.4,0.0,2023,1,20,Open-Meteo (ERA5),9.4,0.0
2023-01-21,Barcelona,41.441124,2.2014387,11.2,1.5,5.5,4.9,-3.0,09:11,18:52,10.46,24.2,0.0,2023,1,21,Open-Meteo (ERA5),12.5,0.0
2023-01-22,Barcelona,41.441124,2.2014387,12.0,0.7,5.2,8.1,-4.1,09:11,18:53,10.13,20.4,0.0,2023,1,22,Open-Meteo (ERA5),12.8,0.0
2023-01-23,Barcelona,41.441124,2.2014387,8.7,-0.3,4.3,5.8,-4.9,09:10,18:55,9.77,11.3,0.0,2023,1,23,Open-Meteo (ERA5),13.7,0.0
2023-01-24,Barcelona,41.441124,2.2014387,8.2,2.8,5.0,4.9,-0.5,09:09,18:56,2.97,9.9,0.8,2023,1,24,Open-Meteo (ERA5),13.0,0.0
2023-01-25,Barcelona,41.441124,2.2014387,14.6,4.6,8.1,11.6,1.0,09:09,18:57,10.58,14.2,0.3,2023,1,25,Open-Meteo (ERA5),9.9,0.0
2023-01-26,Barcelona,41.441124,2.2014387,10.3,1.1,5.5,7.2,-3.4,09:08,18:58,10.57,13.9,0.0,2023,1,26,Open-Meteo (ERA5),12.5,0.0
2023-01-27,Barcelona,41.441124,2.2014387,10.1,2.5,6.4,7.7,-0.9,09:07,19:00,7.33,20.5,0.2,2023,1,27,Open-Meteo (ERA5),11.6,0.0
2023-01-28,Barcelona,41.441124,2.2014387,9.7,3.3,6.1,6.8,0.3,09:06,19:01,8.32,14.9,1.7,2023,1,28,Open-Meteo (ERA5),11.9,0.0
2023-01-29,Barcelona,41.441124,2.2014387,10.8,1.8,5.9,8.0,-1.7,09:05,19:02,10.99,10.5,0.1,2023,1,29,Open-Meteo (ERA5),12.1,0.0
2023-01-30,Barcelona,41.441124,2.2014387,12.2,1.7,5.6,7.8,-2.7,09:04,19:03,11.35,16.6,0.0,2023,1,30,Open-Meteo (ERA5),12.4,0.0
2023-01-31,Barcelona,41.441124,2.2014387,13.7,2.1,6.8,11.4,-2.7,09:03,19:05,11.36,16.2,0.0,2023,1,31,Open-Meteo (ERA5),11.2,0.0
2023-02-01,Barcelona,41.441124,2.2014387,13.9,2.2,6.9,11.3,-1.3,09:02,19:06,11.39,12.6,0.0,2023,2,1,Open-Meteo (ERA5),11.1,0.0
2023-02-02,Barcelona,41.441124,2.2014387,16.0,3.5,7.9,12.8,-0.4,09:01,19:07,11.72,13.2,0.0,2023,2,2,Open-Meteo (ERA5),10.1,0.0
2023-02-03,Barcelona,41.441124,2.2014387,15.9,3.3,8.0,12.7,-0.7,09:00,19:09,11.94,14.9,0.0,2023,2,3,Open-Meteo (ERA5),10.0,0.0
2023-02-04,Barcelona,41.441124,2.2014387,22.0,3.7,10.4,18.8,-0.6,08:59,19:10,12.32,13.6,0.0,2023,2,4,Open-Meteo (ERA5),7.6,0.0
2023-02-05,Barcelona,41.441124,2.2014387,16.1,4.2,9.9,12.9,-0.0,08:58,19:11,12.24,16.6,0.0,2023,2,5,Open-Meteo (ERA5),8.1,0.0
2023-02-06,Barcelona,41.441124,2.2014387,10.5,7.2,9.0,7.7,3.7,08:57,19:12,9.09,31.8,0.4,2023,2,6,Open-Meteo (ERA5),9.0,0.0
2023-02-07,Barcelona,41.441124,2.2014387,10.1,7.1,8.7,5.3,1.4,08:56,19:14,1.9,42.5,32.0,2023,2,7,Open-Meteo (ERA5),9.3,0.0
2023-02-08,Barcelona,41.441124,2.2014387,10.6,7.4,8.8,5.6,3.1,08:55,19:15,9.9,34.0,3.5,2023,2,8,Open-Meteo (ERA5),9.2,0.0
2023-02-09,Barcelona,41.441124,2.2014387,10.4,5.3,8.0,6.3,1.1,08:54,19:16,10.48,19.5,0.0,2023,2,9,Open-Meteo (ERA5),10.0,0.0
2023-02-10,Barcelona,41.441124,2.2014387,11.6,3.4,7.7,9.2,0.1,08:52,19:17,12.03,17.7,0.0,2023,2,10,Open-Meteo (ERA5),10.3,0.0
2023-02-11,Barcelona,41.441124,2.2014387,11.7,1.3,6.2,9.5,-2.1,08:51,19:19,13.08,11.6,0.0,2023,2,11,Open-Meteo (ERA5),11.8,0.0
2023-02-12,Barcelona,41.441124,2.2014387,13.0,1.3,6.3,10.0,-1.9,08:50,19:20,13.24,16.6,0.0,2023,2,12,Open-Meteo (ERA5),11.7,0.0
2023-02-13,Barcelona,41.441124,2.2014387,13.4,1.6,6.9,11.2,-1.6,08:49,19:21,13.27,16.1,0.0,2023,2,13,Open-Meteo (ERA5),11.1,0.0
2023-02-14,Barcelona,41.441124,2.2014387,13.2,3.4,7.4,10.7,0.2,08:47,19:22,13.05,16.3,0.0,2023,2,14,Open-Meteo (ERA5),10.6,0.0
2023-02-15,Barcelona,41.441124,2.2014387,13.6,4.1,8.2,11.1,1.3,08:46,19:24,11.83,14.1,0.0,2023,2,15,Open-Meteo (ERA5),9.8,0.0
2023-02-16,Barcelona,41.441124,2.2014387,12.7,5.1,8.6,11.2,2.3,08:45,19:25,7.32,9.4,0.0,2023,2,16,Open-Meteo (ERA5),9.4,0.0
2023-02-17,Barcelona,41.441124,2.2014387,17.7,4.8,9.7,15.4,1.8,08:43,19:26,14.09,15.5,0.0,2023,2,17,Open-Meteo (ERA5),8.3,0.0
2023-02-18,Barcelona,41.441124,2.2014387,17.5,6.4,10.8,15.6,2.7,08:42,19:27,14.19,16.3,0.0,2023,2,18,Open-Meteo (ERA5),7.199999999999999,0.0
2023-02-19,Barcelona,41.441124,2.2014387,17.1,4.2,10.5,15.1,1.0,08:40,19:29,14.12,10.9,0.0,2023,2,19,Open-Meteo (ERA5),7.5,0.0
2023-02-20,Barcelona,41.441124,2.2014387,15.7,6.3,10.5,14.1,3.7,08:39,19:30,14.53,14.9,0.0,2023,2,20,Open-Meteo (ERA5),7.5,0.0
2023-02-21,Barcelona,41.441124,2.2014387,16.7,5.9,10.8,14.6,4.1,08:37,19:31,12.9,18.9,0.1,2023,2,21,Open-Meteo (ERA5),7.199999999999999,0.0
2023-02-22,Barcelona,41.441124,2.2014387,15.0,6.9,11.2,13.3,4.8,08:36,19:32,13.53,11.5,0.0,2023,2,22,Open-Meteo (ERA5),6.800000000000001,0.0
2023-02-23,Barcelona,41.441124,2.2014387,13.3,6.2,10.5,12.1,4.5,08:35,19:33,9.01,13.8,1.7,2023,2,23,Open-Meteo (ERA5),7.5,0.0
2023-02-24,Barcelona,41.441124,2.2014387,14.3,6.5,10.7,11.4,2.6,08:33,19:35,15.26,18.5,2.9,2023,2,24,Open-Meteo (ERA5),7.300000000000001,0.0
2023-02-25,Barcelona,41.441124,2.2014387,13.6,6.2,9.4,10.2,3.0,08:32,19:36,7.31,11.4,0.1,2023,2,25,Open-Meteo (ERA5),8.6,0.0
2023-02-26,Barcelona,41.441124,2.2014387,12.9,4.3,8.5,11.0,1.6,08:30,19:37,9.89,17.6,5.5,2023,2,26,Open-Meteo (ERA5),9.5,0.0
2023-02-27,Barcelona,41.441124,2.2014387,9.2,2.4,5.4,6.0,-1.2,08:29,19:38,8.93,15.2,6.8,2023,2,27,Open-Meteo (ERA5),12.6,0.0
2023-02-28,Barcelona,41.441124,2.2014387,12.9,6.0,8.8,9.6,1.3,08:27,19:39,9.08,20.0,1.2,2023,2,28,Open-Meteo (ERA5),9.2,0.0
2023-03-01,Barcelona,41.441124,2.2014387,10.9,1.5,6.3,6.8,-2.8,08:26,19:41,16.66,20.1,0.0,2023,3,1,Open-Meteo (ERA5),11.7,0.0
2023-03-02,Barcelona,41.441124,2.2014387,12.3,3.5,7.6,9.3,-0.1,08:24,19:42,9.78,11.6,0.2,2023,3,2,Open-Meteo (ERA5),10.4,0.0
2023-03-03,Barcelona,41.441124,2.2014387,12.9,2.3,8.1,10.0,-1.1,08:22,19:43,16.56,18.4,0.0,2023,3,3,Open-Meteo (ERA5),9.9,0.0
2023-03-04,Barcelona,41.441124,2.2014387,13.6,3.9,8.4,11.4,0.1,08:21,19:44,16.88,17.6,0.0,2023,3,4,Open-Meteo (ERA5),9.6,0.0
2023-03-05,Barcelona,41.441124,2.2014387,15.1,3.0,8.5,11.9,-0.3,08:19,19:45,17.24,25.4,0.0,2023,3,5,Open-Meteo (ERA5),9.5,0.0
2023-03-06,Barcelona,41.441124,2.2014387,13.4,5.4,9.3,10.7,2.6,08:18,19:46,11.94,17.9,0.2,2023,3,6,Open-Meteo (ERA5),8.7,0.0
2023-03-07,Barcelona,41.441124,2.2014387,18.2,4.9,11.2,15.4,2.3,08:16,19:47,13.99,18.9,0.0,2023,3,7,Open-Meteo (ERA5),6.800000000000001,0.0
2023-03-08,Barcelona,41.441124,2.2014387,22.1,8.0,14.8,18.6,5.8,08:14,19:49,15.51,29.1,0.0,2023,3,8,Open-Meteo (ERA5),3.1999999999999993,0.0
2023-03-09,Barcelona,41.441124,2.2014387,20.2,13.0,16.1,18.5,11.2,08:13,19:50,9.4,26.0,1.5,2023,3,9,Open-Meteo (ERA5),1.8999999999999986,0.0
2023-03-10,Barcelona,41.441124,2.2014387,23.9,12.8,17.2,20.1,9.6,08:11,19:51,17.23,25.5,0.0,2023,3,10,Open-Meteo (ERA5),0.8000000000000007,0.0
2023-03-11,Barcelona,41.441124,2.2014387,26.5,16.4,20.0,23.8,11.4,08:09,19:52,16.59,33.8,0.0,2023,3,11,Open-Meteo (ERA5),0.0,2.0
2023-03-12,Barcelona,41.441124,2.2014387,17.3,10.6,14.3,16.6,9.6,08:08,19:53,17.47,18.2,0.0,2023,3,12,Open-Meteo (ERA5),3.6999999999999993,0.0
2023-03-13,Barcelona,41.441124,2.2014387,18.6,11.0,14.7,17.5,9.5,08:06,19:54,16.92,21.9,0.0,2023,3,13,Open-Meteo (ERA5),3.3000000000000007,0.0
2023-03-14,Barcelona,41.441124,2.2014387,22.6,11.2,15.9,19.2,7.8,08:04,19:55,17.01,31.0,0.0,2023,3,14,Open-Meteo (ERA5),2.0999999999999996,0.0
2023-03-15,Barcelona,41.441124,2.2014387,16.0,7.8,12.2,14.9,6.0,08:03,19:57,16.8,16.4,0.0,2023,3,15,Open-Meteo (ERA5),5.800000000000001,0.0
2023-03-16,Barcelona,41.441124,2.2014387,17.0,8.6,12.6,14.6,7.1,08:01,19:58,18.64,18.4,0.0,2023,3,16,Open-Meteo (ERA5),5.4,0.0
2023-03-17,Barcelona,41.441124,2.2014387,15.9,10.1,13.0,13.7,9.0,07:59,19:59,16.12,17.5,0.2,2023,3,17,Open-Meteo (ERA5),5.0,0.0
2023-03-18,Barcelona,41.441124,2.2014387,16.5,11.9,13.8,15.5,11.0,07:58,20:00,15.99,14.4,0.1,2023,3,18,Open-Meteo (ERA5),4.199999999999999,0.0
2023-03-19,Barcelona,41.441124,2.2014387,17.1,10.1,13.3,15.2,9.5,07:56,20:01,16.7,19.6,0.9,2023,3,19,Open-Meteo (ERA5),4.699999999999999,0.0
2023-03-20,Barcelona,41.441124,2.2014387,16.5,7.7,12.4,15.2,6.1,07:54,20:02,18.45,19.0,0.3,2023,3,20,Open-Meteo (ERA5),5.6,0.0
2023-03-21,Barcelona,41.441124,2.2014387,16.6,8.6,12.5,15.4,7.2,07:53,20:03,16.83,16.3,0.0,2023,3,21,Open-Meteo (ERA5),5.5,0.0
2023-03-22,Barcelona,41.441124,2.2014387,18.2,7.6,13.1,16.0,6.0,07:51,20:04,19.61,23.2,0.0,2023,3,22,Open-Meteo (ERA5),4.9,0.0
2023-03-23,Barcelona,41.441124,2.2014387,17.5,10.7,14.1,16.4,9.9,07:49,20:05,19.18,18.1,0.0,2023,3,23,Open-Meteo (ERA5),3.9000000000000004,0.0
2023-03-24,Barcelona,41.441124,2.2014387,24.6,8.8,15.6,22.6,7.5,07:48,20:06,15.91,20.4,0.0,2023,3,24,Open-Meteo (ERA5),2.4000000000000004,0.0
2023-03-25,Barcelona,41.441124,2.2014387,17.1,11.9,14.5,15.1,12.0,07:46,20:08,18.84,21.7,0.0,2023,3,25,Open-Meteo (ERA5),3.5,0.0
2023-03-26,Barcelona,41.441124,2.2014387,23.6,10.5,16.3,21.3,8.7,07:44,20:09,19.6,20.1,0.0,2023,3,26,Open-Meteo (ERA5),1.6999999999999993,0.0
2023-03-27,Barcelona,41.441124,2.2014387,17.0,11.7,14.5,15.2,8.0,07:43,20:10,21.12,22.5,0.0,2023,3,27,Open-Meteo (ERA5),3.5,0.0
2023-03-28,Barcelona,41.441124,2.2014387,16.3,9.9,13.1,13.5,8.9,07:41,20:11,15.24,18.6,0.2,2023,3,28,Open-Meteo (ERA5),4.9,0.0
2023-03-29,Barcelona,41.441124,2.2014387,18.8,11.1,14.3,16.0,8.9,07:39,20:12,20.82,27.2,0.0,2023,3,29,Open-Meteo (ERA5),3.6999999999999993,0.0
2023-03-30,Barcelona,41.441124,2.2014387,19.9,9.2,13.6,19.0,7.7,07:37,20:13,20.36,17.1,0.0,2023,3,30,Open-Meteo (ERA5),4.4,0.0
2023-03-31,Barcelona,41.441124,2.2014387,25.4,11.6,16.4,21.4,10.9,07:36,20:14,17.93,31.0,0.0,2023,3,31,Open-Meteo (ERA5),1.6000000000000014,0.0
2023-04-01,Barcelona,41.441124,2.2014387,22.5,12.4,15.4,19.1,8.9,07:34,20:15,13.31,24.2,1.8,2023,4,1,Open-Meteo (ERA5),2.5999999999999996,0.0
2023-04-02,Barcelona,41.441124,2.2014387,21.8,9.3,14.4,19.1,5.5,07:32,20:16,20.88,18.8,0.0,2023,4,2,Open-Meteo (ERA5),3.5999999999999996,0.0
2023-04-03,Barcelona,41.441124,2.2014387,17.4,8.3,13.0,15.1,5.8,07:31,20:17,20.57,23.1,0.1,2023,4,3,Open-Meteo (ERA5),5.0,0.0
2023-04-04,Barcelona,41.441124,2.2014387,16.5,8.3,12.2,14.7,6.6,07:29,20:18,20.17,23.3,0.0,2023,4,4,Open-Meteo (ERA5),5.800000000000001,0.0
2023-04-05,Barcelona,41.441124,2.2014387,17.1,6.5,12.1,14.1,4.3,07:27,20:20,22.94,22.3,0.0,2023,4,5,Open-Meteo (ERA5),5.9,0.0
2023-04-06,Barcelona,41.441124,2.2014387,17.3,7.0,12.6,14.9,5.1,07:26,20:21,19.31,23.1,0.0,2023,4,6,Open-Meteo (ERA5),5.4,0.0
2023-04-07,Barcelona,41.441124,2.2014387,18.9,7.8,13.7,16.6,5.6,07:24,20:22,22.62,25.6,0.0,2023,4,7,Open-Meteo (ERA5),4.300000000000001,0.0
2023-04-08,Barcelona,41.441124,2.2014387,17.5,8.2,13.6,14.4,6.0,07:22,20:23,23.03,23.9,0.0,2023,4,8,Open-Meteo (ERA5),4.4,0.0
2023-04-09,Barcelona,41.441124,2.2014387,18.8,9.2,14.2,15.7,6.0,07:21,20:24,21.21,20.0,0.0,2023,4,9,Open-Meteo (ERA5),3.8000000000000007,0.0
2023-04-10,Barcelona,41.441124,2.2014387,18.6,9.6,14.3,18.1,8.4,07:19,20:25,20.73,13.4,0.0,2023,4,10,Open-Meteo (ERA5),3.6999999999999993,0.0
2023-04-11,Barcelona,41.441124,2.2014387,18.9,10.6,14.9,17.2,9.7,07:18,20:26,21.1,24.1,0.0,2023,4,11,Open-Meteo (ERA5),3.0999999999999996,0.0
2023-04-12,Barcelona,41.441124,2.2014387,27.3,10.0,16.9,24.1,8.6,07:16,20:27,22.99,23.3,0.0,2023,4,12,Open-Meteo (ERA5),1.1000000000000014,0.0
2023-04-13,Barcelona,41.441124,2.2014387,21.3,10.8,14.0,16.6,7.4,07:14,20:28,22.08,23.6,5.0,2023,4,13,Open-Meteo (ERA5),4.0,0.0
2023-04-14,Barcelona,41.441124,2.2014387,20.4,8.5,14.5,18.3,7.0,07:13,20:29,20.43,33.0,0.0,2023,4,14,Open-Meteo (ERA5),3.5,0.0
2023-04-15,Barcelona,41.441124,2.2014387,19.2,10.4,14.6,18.1,9.3,07:11,20:30,22.37,29.6,0.0,2023,4,15,Open-Meteo (ERA5),3.4000000000000004,0.0
2023-04-16,Barcelona,41.441124,2.2014387,19.3,8.1,14.2,16.5,5.5,07:10,20:31,24.37,20.7,0.0,2023,4,16,Open-Meteo (ERA5),3.8000000000000007,0.0
2023-04-17,Barcelona,41.441124,2.2014387,17.4,7.7,13.3,16.2,5.2,07:08,20:33,23.05,19.4,0.0,2023,4,17,Open-Meteo (ERA5),4.699999999999999,0.0
2023-04-18,Barcelona,41.441124,2.2014387,18.1,9.9,14.4,15.6,8.8,07:07,20:34,20.3,19.4,1.1,2023,4,18,Open-Meteo (ERA5),3.5999999999999996,0.0
2023-04-19,Barcelona,41.441124,2.2014387,19.1,8.8,14.6,16.6,7.3,07:05,20:35,24.71,21.6,0.0,2023,4,19,Open-Meteo (ERA5),3.4000000000000004,0.0
2023-04-20,Barcelona,41.441124,2.2014387,20.4,9.4,15.1,17.5,6.8,07:04,20:36,24.1,28.1,0.0,2023,4,20,Open-Meteo (ERA5),2.9000000000000004,0.0
2023-04-21,Barcelona,41.441124,2.2014387,19.5,13.6,16.3,18.8,13.9,07:02,20:37,23.34,22.4,0.0,2023,4,21,Open-Meteo (ERA5),1.6999999999999993,0.0
2023-04-22,Barcelona,41.441124,2.2014387,20.4,11.8,16.1,19.8,11.2,07:01,20:38,21.01,21.0,0.0,2023,4,22,Open-Meteo (ERA5),1.8999999999999986,0.0
2023-04-23,Barcelona,41.441124,2.2014387,21.2,13.7,17.2,18.9,14.0,06:59,20:39,22.37,28.5,0.0,2023,4,23,Open-Meteo (ERA5),0.8000000000000007,0.0
2023-04-24,Barcelona,41.441124,2.2014387,19.4,12.2,16.0,19.7,11.5,06:58,20:40,22.78,17.7,0.0,2023,4,24,Open-Meteo (ERA5),2.0,0.0
2023-04-25,Barcelona,41.441124,2.2014387,19.4,13.6,16.3,19.1,14.1,06:56,20:41,22.35,21.0,0.0,2023,4,25,Open-Meteo (ERA5),1.6999999999999993,0.0
2023-04-26,Barcelona,41.441124,2.2014387,19.9,13.4,17.1,19.2,13.5,06:55,20:42,21.46,22.0,0.0,2023,4,26,Open-Meteo (ERA5),0.8999999999999986,0.0
2023-04-27,Barcelona,41.441124,2.2014387,22.8,13.7,18.2,21.5,14.0,06:53,20:43,23.52,21.4,0.0,2023,4,27,Open-Meteo (ERA5),0.0,0.1999999999999993
2023-04-28,Barcelona,41.441124,2.2014387,22.4,13.5,18.1,22.0,13.5,06:52,20:44,23.12,16.3,0.0,2023,4,28,Open-Meteo (ERA5),0.0,0.10000000000000142
2023-04-29,Barcelona,41.441124,2.2014387,21.5,15.4,18.9,22.5,15.3,06:51,20:45,23.77,16.7,14.7,2023,4,29,Open-Meteo (ERA5),0.0,0.8999999999999986
2023-04-30,Barcelona,41.441124,2.2014387,21.2,15.9,18.6,22.3,16.6,06:49,20:47,20.19,13.1,2.5,2023,4,30,Open-Meteo (ERA5),0.0,0.6000000000000014
2023-05-01,Barcelona,41.441124,2.2014387,18.0,14.4,16.6,19.3,14.9,06:48,20:48,19.25,12.4,2.6,2023,5,1,Open-Meteo (ERA5),1.3999999999999986,0.0
2023-05-02,Barcelona,41.441124,2.2014387,21.3,11.9,16.9,21.3,11.7,06:47,20:49,26.05,23.4,0.0,2023,5,2,Open-Meteo (ERA5),1.1000000000000014,0.0
2023-05-03,Barcelona,41.441124,2.2014387,22.4,11.8,17.2,21.7,11.5,06:46,20:50,26.03,23.1,0.0,2023,5,3,Open-Meteo (ERA5),0.8000000000000007,0.0
2023-05-04,Barcelona,41.441124,2.2014387,21.5,12.4,17.7,21.3,12.0,06:44,20:51,24.72,19.9,0.0,2023,5,4,Open-Meteo (ERA5),0.3000000000000007,0.0
2023-05-05,Barcelona,41.441124,2.2014387,22.0,13.0,17.9,22.0,12.5,06:43,20:52,25.68,19.8,0.0,2023,5,5,Open-Meteo (ERA5),0.10000000000000142,0.0
2023-05-06,Barcelona,41.441124,2.2014387,20.7,13.1,17.8,21.7,13.4,06:42,20:53,25.39,15.3,0.0,2023,5,6,Open-Meteo (ERA5),0.1999999999999993,0.0
2023-05-07,Barcelona,41.441124,2.2014387,22.2,14.9,18.8,22.2,15.1,06:41,20:54,22.19,16.6,0.0,2023,5,7,Open-Meteo (ERA5),0.0,0.8000000000000007
2023-05-08,Barcelona,41.441124,2.2014387,22.1,14.9,18.8,22.4,15.4,06:39,20:55,23.35,15.5,0.0,2023,5,8,Open-Meteo (ERA5),0.0,0.8000000000000007
2023-05-09,Barcelona,41.441124,2.2014387,22.7,15.4,19.3,22.7,15.4,06:38,20:56,20.11,22.1,4.1,2023,5,9,Open-Meteo (ERA5),0.0,1.3000000000000007
2023-05-10,Barcelona,41.441124,2.2014387,19.1,16.0,17.5,19.6,15.1,06:37,20:57,18.34,23.3,1.6,2023,5,10,Open-Meteo (ERA5),0.5,0.0
2023-05-11,Barcelona,41.441124,2.2014387,18.2,12.9,16.0,16.1,11.0,06:36,20:58,17.16,19.1,7.6,2023,5,11,Open-Meteo (ERA5),2.0,0.0
2023-05-12,Barcelona,41.441124,2.2014387,15.7,12.1,13.9,15.1,10.9,06:35,20:59,18.64,15.0,12.0,2023,5,12,Open-Meteo (ERA5),4.1,0.0
2023-05-13,Barcelona,41.441124,2.2014387,17.5,10.8,14.4,17.1,9.3,06:34,21:00,19.43,14.0,1.9,2023,5,13,Open-Meteo (ERA5),3.5999999999999996,0.0
2023-05-14,Barcelona,41.441124,2.2014387,20.0,11.6,15.9,20.7,11.2,06:33,21:01,23.93,17.3,0.6,2023,5,14,Open-Meteo (ERA5),2.0999999999999996,0.0
2023-05-15,Barcelona,41.441124,2.2014387,22.5,13.0,17.8,23.0,11.6,06:32,21:02,24.02,16.3,0.0,2023,5,15,Open-Meteo (ERA5),0.1999999999999993,0.0
2023-05-16,Barcelona,41.441124,2.2014387,21.7,12.7,17.3,20.9,10.6,06:31,21:03,22.97,14.5,0.1,2023,5,16,Open-Meteo (ERA5),0.6999999999999993,0.0
2023-05-17,Barcelona,41.441124,2.2014387,20.6,11.9,16.6,19.8,8.9,06:30,21:04,27.63,22.1,0.0,2023,5,17,Open-Meteo (ERA5),1.3999999999999986,0.0
2023-05-18,Barcelona,41.441124,2.2014387,18.5,12.1,16.0,17.3,11.2,06:29,21:05,21.36,14.5,1.0,2023,5,18,Open-Meteo (ERA5),2.0,0.0
2023-05-19,Barcelona,41.441124,2.2014387,20.0,12.2,15.9,19.3,11.0,06:28,21:06,23.1,17.9,8.4,2023,5,19,Open-Meteo (ERA5),2.0999999999999996,0.0
2023-05-20,Barcelona,41.441124,2.2014387,21.3,13.1,16.9,21.9,11.4,06:27,21:07,23.59,14.8,4.4,2023,5,20,Open-Meteo (ERA5),1.1000000000000014,0.0
2023-05-21,Barcelona,41.441124,2.2014387,18.8,13.1,16.3,19.0,12.4,06:27,21:08,16.47,14.0,2.9,2023,5,21,Open-Meteo (ERA5),1.6999999999999993,0.0
2023-05-22,Barcelona,41.441124,2.2014387,21.3,15.0,17.9,22.7,15.3,06:26,21:09,19.96,14.9,0.7,2023,5,22,Open-Meteo (ERA5),0.10000000000000142,0.0
2023-05-23,Barcelona,41.441124,2.2014387,23.5,15.0,18.5,23.6,14.9,06:25,21:10,23.63,19.4,2.2,2023,5,23,Open-Meteo (ERA5),0.0,0.5
2023-05-24,Barcelona,41.441124,2.2014387,22.7,15.4,18.7,24.6,15.9,06:24,21:11,23.96,17.3,1.6,2023,5,24,Open-Meteo (ERA5),0.0,0.6999999999999993
2023-05-25,Barcelona,41.441124,2.2014387,18.4,16.2,16.8,19.3,15.5,06:24,21:12,8.79,17.4,34.1,2023,5,25,Open-Meteo (ERA5),1.1999999999999993,0.0
2023-05-26,Barcelona,41.441124,2.2014387,20.9,13.8,17.8,23.2,13.8,06:23,21:13,26.81,13.8,0.0,2023,5,26,Open-Meteo (ERA5),0.1999999999999993,0.0
2023-05-27,Barcelona,41.441124,2.2014387,24.6,15.0,19.8,26.8,15.1,06:22,21:13,27.48,15.5,0.0,2023,5,27,Open-Meteo (ERA5),0.0,1.8000000000000007
2023-05-28,Barcelona,41.441124,2.2014387,24.5,14.5,19.8,25.0,14.1,06:22,21:14,27.76,19.5,0.0,2023,5,28,Open-Meteo (ERA5),0.0,1.8000000000000007
2023-05-29,Barcelona,41.441124,2.2014387,21.7,14.6,18.5,23.3,15.2,06:21,21:15,27.41,18.1,0.0,2023,5,29,Open-Meteo (ERA5),0.0,0.5
2023-05-30,Barcelona,41.441124,2.2014387,23.3,15.2,19.7,25.2,15.8,06:21,21:16,26.25,14.9,0.0,2023,5,30,Open-Meteo (ERA5),0.0,1.6999999999999993
2023-05-31,Barcelona,41.441124,2.2014387,23.4,16.1,20.0,23.6,16.0,06:20,21:17,17.54,15.3,0.2,2023,5,31,Open-Meteo (ERA5),0.0,2.0
2023-06-01,Barcelona,41.441124,2.2014387,22.4,17.2,19.4,25.1,17.3,06:20,21:18,20.37,14.3,10.7,2023,6,1,Open-Meteo (ERA5),0.0,1.3999999999999986
2023-06-02,Barcelona,41.441124,2.2014387,22.7,15.2,19.5,24.3,16.1,06:19,21:18,23.69,12.1,0.0,2023,6,2,Open-Meteo (ERA5),0.0,1.5
2023-06-03,Barcelona,41.441124,2.2014387,20.7,15.8,18.6,21.9,15.9,06:19,21:19,19.86,19.2,4.7,2023,6,3,Open-Meteo (ERA5),0.0,0.6000000000000014
2023-06-04,Barcelona,41.441124,2.2014387,22.6,16.1,19.3,24.9,16.1,06:18,21:20,24.2,14.9,4.5,2023,6,4,Open-Meteo (ERA5),0.0,1.3000000000000007
2023-06-05,Barcelona,41.441124,2.2014387,24.5,16.3,20.6,25.5,17.8,06:18,21:20,25.13,15.1,0.1,2023,6,5,Open-Meteo (ERA5),0.0,2.6000000000000014
2023-06-06,Barcelona,41.441124,2.2014387,25.7,17.4,21.7,26.2,18.6,06:18,21:21,26.33,20.8,0.0,2023,6,6,Open-Meteo (ERA5),0.0,3.6999999999999993
2023-06-07,Barcelona,41.441124,2.2014387,23.5,16.7,20.7,25.2,18.1,06:17,21:22,18.03,16.8,0.0,2023,6,7,Open-Meteo (ERA5),0.0,2.6999999999999993
2023-06-08,Barcelona,41.441124,2.2014387,25.0,19.3,21.9,26.3,20.7,06:17,21:22,24.43,21.1,0.1,2023,6,8,Open-Meteo (ERA5),0.0,3.8999999999999986
2023-06-09,Barcelona,41.441124,2.2014387,26.1,20.2,22.8,27.4,22.9,06:17,21:23,22.86,25.2,1.0,2023,6,9,Open-Meteo (ERA5),0.0,4.800000000000001
2023-06-10,Barcelona,41.441124,2.2014387,25.7,18.3,22.4,27.6,20.2,06:17,21:23,22.65,17.8,0.0,2023,6,10,Open-Meteo (ERA5),0.0,4.399999999999999
2023-06-11,Barcelona,41.441124,2.2014387,26.8,20.0,23.6,28.6,21.9,06:17,21:24,21.71,12.9,3.4,2023,6,11,Open-Meteo (ERA5),0.0,5.600000000000001
2023-06-12,Barcelona,41.441124,2.2014387,26.0,19.7,23.2,27.9,21.3,06:17,21:24,23.51,19.9,0.0,2023,6,12,Open-Meteo (ERA5),0.0,5.199999999999999
2023-06-13,Barcelona,41.441124,2.2014387,25.4,19.5,21.8,26.9,20.5,06:17,21:25,19.0,19.0,17.6,2023,6,13,Open-Meteo (ERA5),0.0,3.8000000000000007
2023-06-14,Barcelona,41.441124,2.2014387,25.8,18.4,22.2,27.5,19.2,06:16,21:25,21.47,14.0,1.5,2023,6,14,Open-Meteo (ERA5),0.0,4.199999999999999
2023-06-15,Barcelona,41.441124,2.2014387,27.2,18.9,23.5,28.7,20.5,06:17,21:26,26.5,17.6,0.0,2023,6,15,Open-Meteo (ERA5),0.0,5.5
2023-06-16,Barcelona,41.441124,2.2014387,28.4,18.0,23.6,29.1,19.2,06:17,21:26,27.09,18.8,0.0,2023,6,16,Open-Meteo (ERA5),0.0,5.600000000000001
2023-06-17,Barcelona,41.441124,2.2014387,29.1,19.2,24.5,29.4,21.3,06:17,21:27,27.77,21.8,0.0,2023,6,17,Open-Meteo (ERA5),0.0,6.5
2023-06-18,Barcelona,41.441124,2.2014387,28.9,21.8,24.7,30.4,23.6,06:17,21:27,20.16,22.3,0.1,2023,6,18,Open-Meteo (ERA5),0.0,6.699999999999999
2023-06-19,Barcelona,41.441124,2.2014387,29.8,20.9,24.6,28.8,21.1,06:17,21:27,25.05,31.0,0.0,2023,6,19,Open-Meteo (ERA5),0.0,6.600000000000001
2023-06-20,Barcelona,41.441124,2.2014387,28.3,19.6,23.7,31.1,21.0,06:17,21:28,21.74,16.4,0.0,2023,6,20,Open-Meteo (ERA5),0.0,5.699999999999999
2023-06-21,Barcelona,41.441124,2.2014387,30.0,21.9,25.0,31.3,23.9,06:17,21:28,25.94,25.0,0.0,2023,6,21,Open-Meteo (ERA5),0.0,7.0
2023-06-22,Barcelona,41.441124,2.2014387,29.9,22.6,25.1,32.1,24.2,06:17,21:28,25.67,27.1,0.1,2023,6,22,Open-Meteo (ERA5),0.0,7.100000000000001
2023-06-23,Barcelona,41.441124,2.2014387,28.9,21.4,24.7,29.2,24.4,06:18,21:28,26.34,23.2,0.0,2023,6,23,Open-Meteo (ERA5),0.0,6.699999999999999
2023-06-24,Barcelona,41.441124,2.2014387,28.2,21.7,24.8,30.6,25.3,06:18,21:28,26.99,17.9,0.0,2023,6,24,Open-Meteo (ERA5),0.0,6.800000000000001
2023-06-25,Barcelona,41.441124,2.2014387,29.6,21.1,25.8,31.2,23.1,06:18,21:28,28.69,21.3,0.0,2023,6,25,Open-Meteo (ERA5),0.0,7.800000000000001
2023-06-26,Barcelona,41.441124,2.2014387,29.1,22.1,26.3,31.8,24.7,06:19,21:28,26.03,16.1,0.0,2023,6,26,Open-Meteo (ERA5),0.0,8.3
2023-06-27,Barcelona,41.441124,2.2014387,28.5,22.7,25.6,30.6,27.3,06:19,21:28,22.86,21.6,0.1,2023,6,27,Open-Meteo (ERA5),0.0,7.600000000000001
2023-06-28,Barcelona,41.441124,2.2014387,29.1,22.6,25.8,32.6,27.3,06:19,21:28,21.61,19.5,0.2,2023,6,28,Open-Meteo (ERA5),0.0,7.800000000000001
2023-06-29,Barcelona,41.441124,2.2014387,27.6,21.4,24.8,30.8,25.0,06:20,21:28,23.62,14.5,3.8,2023,6,29,Open-Meteo (ERA5),0.0,6.800000000000001
2023-06-30,Barcelona,41.441124,2.2014387,24.4,19.6,22.4,27.1,22.0,06:20,21:28,23.94,16.4,5.8,2023,6,30,Open-Meteo (ERA5),0.0,4.399999999999999
2023-07-01,Barcelona,41.441124,2.2014387,26.8,19.6,22.6,28.0,20.8,06:21,21:28,26.11,22.0,4.5,2023,7,1,Open-Meteo (ERA5),0.0,4.600000000000001
2023-07-02,Barcelona,41.441124,2.2014387,26.3,20.5,23.5,30.0,22.5,06:21,21:28,22.73,15.8,0.1,2023,7,2,Open-Meteo (ERA5),0.0,5.5
2023-07-03,Barcelona,41.441124,2.2014387,27.6,20.6,24.3,30.0,23.4,06:22,21:28,22.53,17.9,0.1,2023,7,3,Open-Meteo (ERA5),0.0,6.300000000000001
2023-07-04,Barcelona,41.441124,2.2014387,25.0,20.9,23.3,28.3,23.7,06:22,21:28,18.24,19.2,9.8,2023,7,4,Open-Meteo (ERA5),0.0,5.300000000000001
2023-07-05,Barcelona,41.441124,2.2014387,25.3,20.2,22.9,27.0,22.9,06:23,21:27,19.54,15.9,0.7,2023,7,5,Open-Meteo (ERA5),0.0,4.899999999999999
2023-07-06,Barcelona,41.441124,2.2014387,27.7,20.9,23.8,30.0,23.5,06:24,21:27,22.97,14.9,4.7,2023,7,6,Open-Meteo (ERA5),0.0,5.800000000000001
2023-07-07,Barcelona,41.441124,2.2014387,28.2,20.3,24.4,28.8,23.0,06:24,21:27,21.97,22.7,0.0,2023,7,7,Open-Meteo (ERA5),0.0,6.399999999999999
2023-07-08,Barcelona,41.441124,2.2014387,31.7,19.8,25.5,34.1,22.4,06:25,21:27,28.29,14.0,0.0,2023,7,8,Open-Meteo (ERA5),0.0,7.5
2023-07-09,Barcelona,41.441124,2.2014387,29.9,20.9,25.6,33.2,24.0,06:26,21:26,27.84,14.4,0.0,2023,7,9,Open-Meteo (ERA5),0.0,7.600000000000001
2023-07-10,Barcelona,41.441124,2.2014387,29.8,22.6,26.4,33.8,26.4,06:26,21:26,27.82,14.4,0.0,2023,7,10,Open-Meteo (ERA5),0.0,8.399999999999999
2023-07-11,Barcelona,41.441124,2.2014387,29.4,22.6,26.4,35.3,27.4,06:27,21:25,27.1,15.9,0.0,2023,7,11,Open-Meteo (ERA5),0.0,8.399999999999999
2023-07-12,Barcelona,41.441124,2.2014387,29.0,24.2,26.4,32.4,28.3,06:28,21:25,25.59,17.1,0.0,2023,7,12,Open-Meteo (ERA5),0.0,8.399999999999999
2023-07-13,Barcelona,41.441124,2.2014387,29.6,24.0,26.4,31.2,27.0,06:29,21:24,25.84,23.5,0.2,2023,7,13,Open-Meteo (ERA5),0.0,8.399999999999999
2023-07-14,Barcelona,41.441124,2.2014387,32.0,23.1,27.1,32.7,26.8,06:29,21:24,26.49,27.6,0.0,2023,7,14,Open-Meteo (ERA5),0.0,9.100000000000001
2023-07-15,Barcelona,41.441124,2.2014387,30.1,22.6,26.3,33.2,26.8,06:30,21:23,26.16,19.5,0.0,2023,7,15,Open-Meteo (ERA5),0.0,8.3
2023-07-16,Barcelona,41.441124,2.2014387,28.6,23.8,26.2,30.4,26.5,06:31,21:23,27.16,18.3,0.2,2023,7,16,Open-Meteo (ERA5),0.0,8.2
2023-07-17,Barcelona,41.441124,2.2014387,29.0,23.3,26.2,31.5,27.1,06:32,21:22,27.39,14.3,0.0,2023,7,17,Open-Meteo (ERA5),0.0,8.2
2023-07-18,Barcelona,41.441124,2.2014387,34.3,21.4,28.0,36.5,24.6,06:33,21:21,28.41,22.0,0.0,2023,7,18,Open-Meteo (ERA5),0.0,10.0
2023-07-19,Barcelona,41.441124,2.2014387,33.0,23.8,27.9,36.8,28.4,06:33,21:21,27.09,21.1,0.0,2023,7,19,Open-Meteo (ERA5),0.0,9.899999999999999
2023-07-20,Barcelona,41.441124,2.2014387,29.9,23.0,26.8,33.2,26.7,06:34,21:20,26.81,20.0,0.0,2023,7,20,Open-Meteo (ERA5),0.0,8.8
2023-07-21,Barcelona,41.441124,2.2014387,29.6,24.8,26.7,31.6,27.2,06:35,21:19,23.14,21.4,0.2,2023,7,21,Open-Meteo (ERA5),0.0,8.7
2023-07-22,Barcelona,41.441124,2.2014387,28.4,22.3,25.8,29.6,24.7,06:36,21:18,22.24,16.5,0.0,2023,7,22,Open-Meteo (ERA5),0.0,7.800000000000001
2023-07-23,Barcelona,41.441124,2.2014387,29.9,22.4,26.4,33.7,25.0,06:37,21:17,25.52,19.5,0.0,2023,7,23,Open-Meteo (ERA5),0.0,8.399999999999999
2023-07-24,Barcelona,41.441124,2.2014387,29.7,23.3,26.6,33.5,27.6,06:38,21:17,22.85,23.5,0.1,2023,7,24,Open-Meteo (ERA5),0.0,8.600000000000001
2023-07-25,Barcelona,41.441124,2.2014387,32.7,20.9,25.8,30.8,21.7,06:39,21:16,27.43,41.0,0.3,2023,7,25,Open-Meteo (ERA5),0.0,7.800000000000001
2023-07-26,Barcelona,41.441124,2.2014387,25.3,22.7,23.8,26.4,22.2,06:40,21:15,18.89,28.1,2.0,2023,7,26,Open-Meteo (ERA5),0.0,5.800000000000001
2023-07-27,Barcelona,41.441124,2.2014387,29.4,20.2,25.3,31.4,22.8,06:41,21:14,22.97,25.3,0.6,2023,7,27,Open-Meteo (ERA5),0.0,7.300000000000001
2023-07-28,Barcelona,41.441124,2.2014387,29.7,19.9,25.3,32.4,21.9,06:42,21:13,26.4,20.5,0.5,2023,7,28,Open-Meteo (ERA5),0.0,7.300000000000001
2023-07-29,Barcelona,41.441124,2.2014387,30.8,21.9,26.6,33.9,25.8,06:43,21:12,26.07,25.9,0.0,2023,7,29,Open-Meteo (ERA5),0.0,8.600000000000001
2023-07-30,Barcelona,41.441124,2.2014387,28.9,24.0,26.4,32.2,27.9,06:44,21:11,23.42,16.8,0.3,2023,7,30,Open-Meteo (ERA5),0.0,8.399999999999999
2023-07-31,Barcelona,41.441124,2.2014387,29.2,22.4,26.1,31.2,25.1,06:45,21:10,21.52,27.6,0.3,2023,7,31,Open-Meteo (ERA5),0.0,8.100000000000001
2023-08-01,Barcelona,41.441124,2.2014387,31.4,23.0,26.7,33.7,27.0,06:45,21:09,25.34,27.0,0.2,2023,8,1,Open-Meteo (ERA5),0.0,8.7
2023-08-02,Barcelona,41.441124,2.2014387,31.5,22.8,27.3,34.8,25.7,06:46,21:07,25.61,27.9,0.2,2023,8,2,Open-Meteo (ERA5),0.0,9.3
2023-08-03,Barcelona,41.441124,2.2014387,26.6,24.1,25.6,32.4,25.0,06:47,21:06,20.28,18.7,0.6,2023,8,3,Open-Meteo (ERA5),0.0,7.600000000000001
2023-08-04,Barcelona,41.441124,2.2014387,26.8,19.0,23.1,26.3,19.0,06:48,21:05,21.81,19.1,4.7,2023,8,4,Open-Meteo (ERA5),0.0,5.100000000000001
2023-08-05,Barcelona,41.441124,2.2014387,27.2,18.9,23.4,26.7,17.8,06:49,21:04,26.59,24.8,0.1,2023,8,5,Open-Meteo (ERA5),0.0,5.399999999999999
2023-08-06,Barcelona,41.441124,2.2014387,25.2,20.8,23.5,26.7,21.5,06:50,21:03,15.19,18.2,0.3,2023,8,6,Open-Meteo (ERA5),0.0,5.5
2023-08-07,Barcelona,41.441124,2.2014387,27.2,21.3,24.1,26.5,20.7,06:51,21:02,22.31,25.2,0.2,2023,8,7,Open-Meteo (ERA5),0.0,6.100000000000001
2023-08-08,Barcelona,41.441124,2.2014387,27.7,20.8,24.3,28.9,23.6,06:52,21:00,16.8,18.8,0.3,2023,8,8,Open-Meteo (ERA5),0.0,6.300000000000001
2023-08-09,Barcelona,41.441124,2.2014387,29.9,20.3,25.5,33.1,23.2,06:53,20:59,25.61,21.7,0.0,2023,8,9,Open-Meteo (ERA5),0.0,7.5
2023-08-10,Barcelona,41.441124,2.2014387,30.7,21.7,26.2,33.8,24.7,06:54,20:58,23.29,20.5,0.0,2023,8,10,Open-Meteo (ERA5),0.0,8.2
2023-08-11,Barcelona,41.441124,2.2014387,32.0,21.3,26.9,33.7,22.5,06:55,20:56,25.27,22.7,0.0,2023,8,11,Open-Meteo (ERA5),0.0,8.899999999999999
2023-08-12,Barcelona,41.441124,2.2014387,28.6,23.1,26.0,32.4,25.2,06:56,20:55,24.81,15.3,0.0,2023,8,12,Open-Meteo (ERA5),0.0,8.0
2023-08-13,Barcelona,41.441124,2.2014387,28.7,23.6,26.2,32.6,28.6,06:57,20:54,22.85,17.2,0.0,2023,8,13,Open-Meteo (ERA5),0.0,8.2
2023-08-14,Barcelona,41.441124,2.2014387,29.9,22.6,26.4,33.2,26.9,06:58,20:52,24.67,18.8,0.0,2023,8,14,Open-Meteo (ERA5),0.0,8.399999999999999
2023-08-15,Barcelona,41.441124,2.2014387,30.3,21.9,26.6,33.3,23.6,06:59,20:51,24.43,18.5,0.0,2023,8,15,Open-Meteo (ERA5),0.0,8.600000000000001
2023-08-16,Barcelona,41.441124,2.2014387,29.4,23.5,26.6,33.0,25.8,07:01,20:50,23.42,17.8,0.0,2023,8,16,Open-Meteo (ERA5),0.0,8.600000000000001
2023-08-17,Barcelona,41.441124,2.2014387,31.2,24.0,27.2,32.6,26.2,07:02,20:48,23.88,25.2,0.0,2023,8,17,Open-Meteo (ERA5),0.0,9.2
2023-08-18,Barcelona,41.441124,2.2014387,29.7,21.8,26.3,33.1,25.6,07:03,20:47,23.72,18.4,0.0,2023,8,18,Open-Meteo (ERA5),0.0,8.3
2023-08-19,Barcelona,41.441124,2.2014387,29.8,23.5,26.6,33.7,28.0,07:04,20:45,22.77,15.5,0.3,2023,8,19,Open-Meteo (ERA5),0.0,8.600000000000001
2023-08-20,Barcelona,41.441124,2.2014387,33.6,23.7,28.8,36.4,28.4,07:05,20:44,23.25,16.8,0.0,2023,8,20,Open-Meteo (ERA5),0.0,10.8
2023-08-21,Barcelona,41.441124,2.2014387,34.0,25.0,29.6,37.5,27.2,07:06,20:42,23.26,16.4,0.0,2023,8,21,Open-Meteo (ERA5),0.0,11.600000000000001
2023-08-22,Barcelona,41.441124,2.2014387,33.6,24.6,29.1,35.4,29.3,07:07,20:41,22.96,15.3,0.0,2023,8,22,Open-Meteo (ERA5),0.0,11.100000000000001
2023-08-23,Barcelona,41.441124,2.2014387,34.6,25.6,30.2,38.4,27.1,07:08,20:39,21.14,15.0,0.0,2023,8,23,Open-Meteo (ERA5),0.0,12.2
2023-08-24,Barcelona,41.441124,2.2014387,35.1,25.3,30.0,38.3,28.6,07:09,20:38,22.98,20.4,0.0,2023,8,24,Open-Meteo (ERA5),0.0,12.0
2023-08-25,Barcelona,41.441124,2.2014387,31.8,23.7,28.2,35.0,28.5,07:10,20:36,23.09,20.2,0.0,2023,8,25,Open-Meteo (ERA5),0.0,10.2
2023-08-26,Barcelona,41.441124,2.2014387,29.3,25.4,27.3,33.8,27.9,07:11,20:35,17.01,18.6,1.6,2023,8,26,Open-Meteo (ERA5),0.0,9.3
2023-08-27,Barcelona,41.441124,2.2014387,26.6,18.4,21.5,30.5,19.3,07:12,20:33,5.13,21.8,43.4,2023,8,27,Open-Meteo (ERA5),0.0,3.5
2023-08-28,Barcelona,41.441124,2.2014387,29.3,17.2,22.6,28.2,14.8,07:13,20:31,20.83,20.3,0.0,2023,8,28,Open-Meteo (ERA5),0.0,4.600000000000001
2023-08-29,Barcelona,41.441124,2.2014387,26.4,15.6,20.9,26.7,15.3,07:14,20:30,23.09,25.3,0.4,2023,8,29,Open-Meteo (ERA5),0.0,2.8999999999999986
2023-08-30,Barcelona,41.441124,2.2014387,23.4,17.6,20.8,24.7,19.3,07:15,20:28,17.17,16.0,1.8,2023,8,30,Open-Meteo (ERA5),0.0,2.8000000000000007
2023-08-31,Barcelona,41.441124,2.2014387,26.4,17.9,21.6,28.5,19.4,07:16,20:27,20.18,17.7,2.3,2023,8,31,Open-Meteo (ERA5),0.0,3.6000000000000014
2023-09-01,Barcelona,41.441124,2.2014387,27.7,17.8,22.6,29.7,19.5,07:17,20:25,19.81,19.0,0.0,2023,9,1,Open-Meteo (ERA5),0.0,4.600000000000001
2023-09-02,Barcelona,41.441124,2.2014387,25.3,21.2,23.3,27.1,22.1,07:18,20:23,13.79,25.1,1.1,2023,9,2,Open-Meteo (ERA5),0.0,5.300000000000001
2023-09-03,Barcelona,41.441124,2.2014387,28.3,21.8,24.6,25.7,20.9,07:19,20:22,20.13,34.2,0.0,2023,9,3,Open-Meteo (ERA5),0.0,6.600000000000001
2023-09-04,Barcelona,41.441124,2.2014387,30.4,23.4,26.1,28.8,21.1,07:20,20:20,21.42,27.9,0.0,2023,9,4,Open-Meteo (ERA5),0.0,8.100000000000001
2023-09-05,Barcelona,41.441124,2.2014387,28.5,22.1,25.0,30.1,22.2,07:21,20:18,21.61,17.7,0.0,2023,9,5,Open-Meteo (ERA5),0.0,7.0
2023-09-06,Barcelona,41.441124,2.2014387,27.5,21.6,24.2,28.3,22.7,07:22,20:16,21.51,19.5,0.0,2023,9,6,Open-Meteo (ERA5),0.0,6.199999999999999
2023-09-07,Barcelona,41.441124,2.2014387,26.9,18.2,22.7,27.7,19.7,07:23,20:15,21.87,14.7,0.0,2023,9,7,Open-Meteo (ERA5),0.0,4.699999999999999
2023-09-08,Barcelona,41.441124,2.2014387,27.2,17.4,22.5,28.4,17.8,07:24,20:13,21.54,13.9,0.0,2023,9,8,Open-Meteo (ERA5),0.0,4.5
2023-09-09,Barcelona,41.441124,2.2014387,26.5,17.2,22.3,28.3,18.2,07:25,20:11,21.4,13.9,0.0,2023,9,9,Open-Meteo (ERA5),0.0,4.300000000000001
2023-09-10,Barcelona,41.441124,2.2014387,27.2,18.4,22.9,28.5,20.0,07:26,20:10,20.31,13.7,0.0,2023,9,10,Open-Meteo (ERA5),0.0,4.899999999999999
2023-09-11,Barcelona,41.441124,2.2014387,27.1,18.7,23.4,29.9,20.7,07:27,20:08,18.44,15.5,0.0,2023,9,11,Open-Meteo (ERA5),0.0,5.399999999999999
2023-09-12,Barcelona,41.441124,2.2014387,27.7,19.7,23.4,30.1,20.7,07:28,20:06,14.25,18.1,0.1,2023,9,12,Open-Meteo (ERA5),0.0,5.399999999999999
2023-09-13,Barcelona,41.441124,2.2014387,27.1,18.8,22.6,28.8,19.5,07:29,20:05,17.74,15.0,7.0,2023,9,13,Open-Meteo (ERA5),0.0,4.600000000000001
2023-09-14,Barcelona,41.441124,2.2014387,27.2,18.5,23.0,28.4,20.5,07:30,20:03,17.36,14.9,0.9,2023,9,14,Open-Meteo (ERA5),0.0,5.0
2023-09-15,Barcelona,41.441124,2.2014387,25.0,18.9,20.9,27.3,20.5,07:31,20:01,6.39,21.2,39.2,2023,9,15,Open-Meteo (ERA5),0.0,2.8999999999999986
2023-09-16,Barcelona,41.441124,2.2014387,26.5,18.0,22.4,29.9,20.1,07:32,19:59,18.39,18.0,4.6,2023,9,16,Open-Meteo (ERA5),0.0,4.399999999999999
2023-09-17,Barcelona,41.441124,2.2014387,28.2,19.8,23.6,31.6,21.9,07:33,19:58,16.62,13.1,0.1,2023,9,17,Open-Meteo (ERA5),0.0,5.600000000000001
2023-09-18,Barcelona,41.441124,2.2014387,29.2,21.2,24.8,28.4,22.7,07:34,19:56,17.73,18.9,0.0,2023,9,18,Open-Meteo (ERA5),0.0,6.800000000000001
2023-09-19,Barcelona,41.441124,2.2014387,25.8,20.1,22.7,26.9,21.4,07:35,19:54,13.44,16.0,0.6,2023,9,19,Open-Meteo (ERA5),0.0,4.699999999999999
2023-09-20,Barcelona,41.441124,2.2014387,23.6,18.8,21.2,25.7,21.1,07:36,19:53,10.94,17.4,14.7,2023,9,20,Open-Meteo (ERA5),0.0,3.1999999999999993
2023-09-21,Barcelona,41.441124,2.2014387,28.1,17.4,22.5,27.6,18.7,07:37,19:51,15.31,22.3,0.0,2023,9,21,Open-Meteo (ERA5),0.0,4.5
2023-09-22,Barcelona,41.441124,2.2014387,26.6,17.5,21.7,24.7,17.6,07:38,19:49,19.38,17.1,0.0,2023,9,22,Open-Meteo (ERA5),0.0,3.6999999999999993
2023-09-23,Barcelona,41.441124,2.2014387,23.1,14.7,19.2,22.4,15.1,07:39,19:47,18.08,18.5,0.5,2023,9,23,Open-Meteo (ERA5),0.0,1.1999999999999993
2023-09-24,Barcelona,41.441124,2.2014387,24.3,16.5,20.4,23.9,17.1,07:40,19:46,17.06,18.4,0.0,2023,9,24,Open-Meteo (ERA5),0.0,2.3999999999999986
2023-09-25,Barcelona,41.441124,2.2014387,25.1,16.7,20.7,25.6,17.5,07:41,19:44,18.06,12.8,0.0,2023,9,25,Open-Meteo (ERA5),0.0,2.6999999999999993
2023-09-26,Barcelona,41.441124,2.2014387,25.8,15.8,20.8,26.4,16.4,07:42,19:42,18.1,15.8,0.0,2023,9,26,Open-Meteo (ERA5),0.0,2.8000000000000007
2023-09-27,Barcelona,41.441124,2.2014387,28.3,15.5,21.9,28.5,16.3,07:43,19:40,18.09,21.1,0.0,2023,9,27,Open-Meteo (ERA5),0.0,3.8999999999999986
2023-09-28,Barcelona,41.441124,2.2014387,27.3,15.4,21.9,29.0,16.2,07:44,19:39,17.13,21.6,0.0,2023,9,28,Open-Meteo (ERA5),0.0,3.8999999999999986
2023-09-29,Barcelona,41.441124,2.2014387,26.9,18.4,22.8,29.1,20.1,07:45,19:37,17.25,12.8,0.0,2023,9,29,Open-Meteo (ERA5),0.0,4.800000000000001
2023-09-30,Barcelona,41.441124,2.2014387,28.2,18.7,23.4,29.4,18.7,07:46,19:35,17.39,19.1,0.0,2023,9,30,Open-Meteo (ERA5),0.0,5.399999999999999
2023-10-01,Barcelona,41.441124,2.2014387,27.3,19.5,23.0,27.7,20.3,07:47,19:34,17.15,13.9,0.0,2023,10,1,Open-Meteo (ERA5),0.0,5.0
2023-10-02,Barcelona,41.441124,2.2014387,25.3,18.9,22.2,27.1,21.0,07:48,19:32,15.43,16.4,0.0,2023,10,2,Open-Meteo (ERA5),0.0,4.199999999999999
2023-10-03,Barcelona,41.441124,2.2014387,26.5,18.3,22.1,28.7,20.3,07:49,19:30,15.66,14.8,0.0,2023,10,3,Open-Meteo (ERA5),0.0,4.100000000000001
2023-10-04,Barcelona,41.441124,2.2014387,29.1,20.4,24.0,28.6,23.2,07:50,19:29,16.38,26.6,0.0,2023,10,4,Open-Meteo (ERA5),0.0,6.0
2023-10-05,Barcelona,41.441124,2.2014387,26.5,17.8,22.2,28.2,19.2,07:51,19:27,14.57,17.3,0.0,2023,10,5,Open-Meteo (ERA5),0.0,4.199999999999999
2023-10-06,Barcelona,41.441124,2.2014387,25.9,17.4,22.0,28.7,19.0,07:53,19:25,15.74,12.4,0.0,2023,10,6,Open-Meteo (ERA5),0.0,4.0
2023-10-07,Barcelona,41.441124,2.2014387,25.7,19.5,22.4,28.0,21.9,07:54,19:24,14.11,14.8,0.1,2023,10,7,Open-Meteo (ERA5),0.0,4.399999999999999
2023-10-08,Barcelona,41.441124,2.2014387,26.0,18.0,21.6,28.0,19.8,07:55,19:22,15.98,14.9,0.0,2023,10,8,Open-Meteo (ERA5),0.0,3.6000000000000014
2023-10-09,Barcelona,41.441124,2.2014387,27.1,18.3,21.6,28.0,20.5,07:56,19:20,15.26,19.8,0.0,2023,10,9,Open-Meteo (ERA5),0.0,3.6000000000000014
2023-10-10,Barcelona,41.441124,2.2014387,27.7,16.0,21.5,28.3,17.0,07:57,19:19,15.83,19.0,0.0,2023,10,10,Open-Meteo (ERA5),0.0,3.5
2023-10-11,Barcelona,41.441124,2.2014387,26.3,15.2,20.4,27.3,15.8,07:58,19:17,15.29,18.8,0.0,2023,10,11,Open-Meteo (ERA5),0.0,2.3999999999999986
2023-10-12,Barcelona,41.441124,2.2014387,26.0,15.7,20.5,27.3,16.5,07:59,19:15,15.1,20.0,0.0,2023,10,12,Open-Meteo (ERA5),0.0,2.5
2023-10-13,Barcelona,41.441124,2.2014387,26.2,16.6,20.7,26.7,17.5,08:00,19:14,14.96,21.4,0.0,2023,10,13,Open-Meteo (ERA5),0.0,2.6999999999999993
2023-10-14,Barcelona,41.441124,2.2014387,26.0,17.7,21.6,26.0,19.5,08:01,19:12,13.48,13.4,0.0,2023,10,14,Open-Meteo (ERA5),0.0,3.6000000000000014
2023-10-15,Barcelona,41.441124,2.2014387,21.1,18.1,19.8,22.0,20.2,08:02,19:11,7.06,13.2,3.9,2023,10,15,Open-Meteo (ERA5),0.0,1.8000000000000007
2023-10-16,Barcelona,41.441124,2.2014387,21.0,18.0,19.1,22.4,17.9,08:04,19:09,5.79,22.7,20.2,2023,10,16,Open-Meteo (ERA5),0.0,1.1000000000000014
2023-10-17,Barcelona,41.441124,2.2014387,23.5,16.5,19.9,25.0,17.7,08:05,19:08,9.97,15.3,0.4,2023,10,17,Open-Meteo (ERA5),0.0,1.8999999999999986
2023-10-18,Barcelona,41.441124,2.2014387,26.0,18.8,21.8,26.9,21.0,08:06,19:06,12.47,21.4,0.7,2023,10,18,Open-Meteo (ERA5),0.0,3.8000000000000007
2023-10-19,Barcelona,41.441124,2.2014387,24.2,17.6,21.2,23.6,18.1,08:07,19:04,9.49,40.4,3.8,2023,10,19,Open-Meteo (ERA5),0.0,3.1999999999999993
2023-10-20,Barcelona,41.441124,2.2014387,22.6,15.1,19.0,20.4,14.6,08:08,19:03,12.77,33.2,11.4,2023,10,20,Open-Meteo (ERA5),0.0,1.0
2023-10-21,Barcelona,41.441124,2.2014387,20.8,12.7,16.5,17.8,11.0,08:09,19:01,13.92,14.8,0.0,2023,10,21,Open-Meteo (ERA5),1.5,0.0
2023-10-22,Barcelona,41.441124,2.2014387,20.4,9.4,15.2,19.6,7.3,08:10,19:00,10.8,13.2,1.3,2023,10,22,Open-Meteo (ERA5),2.8000000000000007,0.0
2023-10-23,Barcelona,41.441124,2.2014387,25.6,16.9,20.5,25.5,15.8,08:12,18:59,11.38,19.8,0.7,2023,10,23,Open-Meteo (ERA5),0.0,2.5
2023-10-24,Barcelona,41.441124,2.2014387,22.1,16.1,18.3,18.7,13.7,08:13,18:57,13.54,22.3,7.3,2023,10,24,Open-Meteo (ERA5),0.0,0.3000000000000007
2023-10-25,Barcelona,41.441124,2.2014387,23.1,15.1,18.6,20.7,12.6,08:14,18:56,11.16,23.4,0.0,2023,10,25,Open-Meteo (ERA5),0.0,0.6000000000000014
2023-10-26,Barcelona,41.441124,2.2014387,25.8,18.4,21.4,24.1,16.9,08:15,18:54,9.05,31.1,0.2,2023,10,26,Open-Meteo (ERA5),0.0,3.3999999999999986
2023-10-27,Barcelona,41.441124,2.2014387,22.6,16.0,19.1,17.8,12.6,08:16,18:53,13.04,30.5,0.0,2023,10,27,Open-Meteo (ERA5),0.0,1.1000000000000014
2023-10-28,Barcelona,41.441124,2.2014387,23.8,13.5,17.9,20.1,12.1,08:17,18:52,11.06,23.1,0.0,2023,10,28,Open-Meteo (ERA5),0.10000000000000142,0.0
2023-10-29,Barcelona,41.441124,2.2014387,23.1,13.1,17.5,20.7,12.5,08:19,18:50,12.22,25.7,0.0,2023,10,29,Open-Meteo (ERA5),0.5,0.0
2023-10-30,Barcelona,41.441124,2.2014387,22.5,13.5,16.9,20.7,13.2,08:20,18:49,8.71,23.4,0.7,2023,10,30,Open-Meteo (ERA5),1.1000000000000014,0.0
2023-10-31,Barcelona,41.441124,2.2014387,20.6,11.9,15.9,19.1,10.0,08:21,18:48,11.05,16.3,0.0,2023,10,31,Open-Meteo (ERA5),2.0999999999999996,0.0
2023-11-01,Barcelona,41.441124,2.2014387,22.2,10.0,15.6,18.4,8.3,08:22,18:47,11.3,25.3,0.0,2023,11,1,Open-Meteo (ERA5),2.4000000000000004,0.0
2023-11-02,Barcelona,41.441124,2.2014387,22.4,13.7,18.2,18.9,8.5,08:23,18:45,5.94,38.9,5.5,2023,11,2,Open-Meteo (ERA5),0.0,0.1999999999999993
2023-11-03,Barcelona,41.441124,2.2014387,19.0,11.3,14.4,12.9,5.3,08:25,18:44,11.47,36.3,0.0,2023,11,3,Open-Meteo (ERA5),3.5999999999999996,0.0
2023-11-04,Barcelona,41.441124,2.2014387,20.3,11.7,16.2,16.7,8.1,08:26,18:43,9.44,28.6,0.8,2023,11,4,Open-Meteo (ERA5),1.8000000000000007,0.0
2023-11-05,Barcelona,41.441124,2.2014387,20.5,14.1,17.2,14.4,10.2,08:27,18:42,11.88,31.1,0.0,2023,11,5,Open-Meteo (ERA5),0.8000000000000007,0.0
2023-11-06,Barcelona,41.441124,2.2014387,20.2,10.8,14.6,16.8,8.2,08:28,18:40,11.78,16.4,0.1,2023,11,6,Open-Meteo (ERA5),3.4000000000000004,0.0
2023-11-07,Barcelona,41.441124,2.2014387,18.4,6.4,12.1,14.3,4.3,08:29,18:39,11.29,17.7,0.0,2023,11,7,Open-Meteo (ERA5),5.9,0.0
2023-11-08,Barcelona,41.441124,2.2014387,17.2,6.3,11.7,14.3,3.2,08:31,18:38,11.32,21.1,0.0,2023,11,8,Open-Meteo (ERA5),6.300000000000001,0.0
2023-11-09,Barcelona,41.441124,2.2014387,17.7,9.4,12.6,16.1,7.2,08:32,18:37,8.27,10.4,1.0,2023,11,9,Open-Meteo (ERA5),5.4,0.0
2023-11-10,Barcelona,41.441124,2.2014387,20.5,11.2,15.6,15.9,9.5,08:33,18:36,10.93,28.3,0.0,2023,11,10,Open-Meteo (ERA5),2.4000000000000004,0.0
2023-11-11,Barcelona,41.441124,2.2014387,18.6,10.4,14.0,17.7,9.3,08:34,18:35,7.35,19.8,0.0,2023,11,11,Open-Meteo (ERA5),4.0,0.0
2023-11-12,Barcelona,41.441124,2.2014387,22.3,12.1,16.7,22.1,11.9,08:35,18:34,9.73,15.1,0.0,2023,11,12,Open-Meteo (ERA5),1.3000000000000007,0.0
2023-11-13,Barcelona,41.441124,2.2014387,25.8,12.5,18.3,23.6,12.0,08:37,18:33,10.25,17.2,0.0,2023,11,13,Open-Meteo (ERA5),0.0,0.3000000000000007
2023-11-14,Barcelona,41.441124,2.2014387,26.6,14.8,19.6,24.5,13.4,08:38,18:32,10.24,20.3,0.0,2023,11,14,Open-Meteo (ERA5),0.0,1.6000000000000014
2023-11-15,Barcelona,41.441124,2.2014387,18.9,13.5,16.3,18.2,13.0,08:39,18:31,6.08,15.6,0.1,2023,11,15,Open-Meteo (ERA5),1.6999999999999993,0.0
2023-11-16,Barcelona,41.441124,2.2014387,23.3,13.3,17.6,22.1,12.9,08:40,18:31,9.18,15.7,0.0,2023,11,16,Open-Meteo (ERA5),0.3999999999999986,0.0
2023-11-17,Barcelona,41.441124,2.2014387,17.6,13.1,15.8,17.3,13.2,08:41,18:30,5.38,18.4,2.3,2023,11,17,Open-Meteo (ERA5),2.1999999999999993,0.0
2023-11-18,Barcelona,41.441124,2.2014387,20.2,12.0,15.2,19.0,11.6,08:43,18:29,9.73,15.6,0.0,2023,11,18,Open-Meteo (ERA5),2.8000000000000007,0.0
2023-11-19,Barcelona,41.441124,2.2014387,19.0,8.3,12.9,18.0,6.5,08:44,18:28,9.73,9.3,0.0,2023,11,19,Open-Meteo (ERA5),5.1,0.0
2023-11-20,Barcelona,41.441124,2.2014387,18.6,9.4,13.4,18.2,8.1,08:45,18:28,9.15,8.7,0.0,2023,11,20,Open-Meteo (ERA5),4.6,0.0
2023-11-21,Barcelona,41.441124,2.2014387,18.5,10.9,13.8,16.2,9.3,08:46,18:27,8.34,15.5,0.5,2023,11,21,Open-Meteo (ERA5),4.199999999999999,0.0
2023-11-22,Barcelona,41.441124,2.2014387,18.9,8.1,12.7,13.7,5.0,08:47,18:26,9.16,27.7,0.0,2023,11,22,Open-Meteo (ERA5),5.300000000000001,0.0
2023-11-23,Barcelona,41.441124,2.2014387,18.8,3.3,9.8,14.9,-0.1,08:48,18:26,9.91,11.4,0.0,2023,11,23,Open-Meteo (ERA5),8.2,0.0
2023-11-24,Barcelona,41.441124,2.2014387,21.2,7.5,12.5,16.8,3.3,08:50,18:25,8.47,20.4,0.0,2023,11,24,Open-Meteo (ERA5),5.5,0.0
2023-11-25,Barcelona,41.441124,2.2014387,15.6,6.3,11.9,13.3,3.8,08:51,18:25,7.62,14.8,0.0,2023,11,25,Open-Meteo (ERA5),6.1,0.0
2023-11-26,Barcelona,41.441124,2.2014387,14.5,9.1,12.1,12.6,7.9,08:52,18:24,5.5,13.4,0.0,2023,11,26,Open-Meteo (ERA5),5.9,0.0
2023-11-27,Barcelona,41.441124,2.2014387,15.7,6.1,10.8,12.8,3.7,08:53,18:24,6.34,13.7,0.0,2023,11,27,Open-Meteo (ERA5),7.199999999999999,0.0
2023-11-28,Barcelona,41.441124,2.2014387,17.1,9.2,12.3,15.6,7.1,08:54,18:23,8.04,18.1,0.0,2023,11,28,Open-Meteo (ERA5),5.699999999999999,0.0
2023-11-29,Barcelona,41.441124,2.2014387,14.7,10.6,13.0,14.7,10.1,08:55,18:23,3.04,10.3,1.0,2023,11,29,Open-Meteo (ERA5),5.0,0.0
2023-11-30,Barcelona,41.441124,2.2014387,21.8,9.2,14.8,19.4,7.7,08:56,18:22,8.33,25.5,0.6,2023,11,30,Open-Meteo (ERA5),3.1999999999999993,0.0
2023-12-01,Barcelona,41.441124,2.2014387,18.5,10.1,15.1,17.8,6.8,08:57,18:22,2.42,24.6,4.1,2023,12,1,Open-Meteo (ERA5),2.9000000000000004,0.0
2023-12-02,Barcelona,41.441124,2.2014387,15.9,5.4,10.5,13.9,2.8,08:58,18:22,8.88,20.5,0.1,2023,12,2,Open-Meteo (ERA5),7.5,0.0
2023-12-03,Barcelona,41.441124,2.2014387,13.5,6.1,9.0,10.9,3.2,08:59,18:21,7.23,14.5,0.2,2023,12,3,Open-Meteo (ERA5),9.0,0.0
2023-12-04,Barcelona,41.441124,2.2014387,16.5,6.6,10.3,11.6,4.7,09:00,18:21,7.72,23.0,0.5,2023,12,4,Open-Meteo (ERA5),7.699999999999999,0.0
2023-12-05,Barcelona,41.441124,2.2014387,13.5,5.6,9.4,12.0,2.8,09:01,18:21,6.71,14.0,0.1,2023,12,5,Open-Meteo (ERA5),8.6,0.0
2023-12-06,Barcelona,41.441124,2.2014387,14.1,5.9,9.3,11.6,3.6,09:02,18:21,7.95,14.8,0.0,2023,12,6,Open-Meteo (ERA5),8.7,0.0
2023-12-07,Barcelona,41.441124,2.2014387,16.8,3.0,8.9,13.3,-0.2,09:03,18:21,8.06,17.1,0.0,2023,12,7,Open-Meteo (ERA5),9.1,0.0
2023-12-08,Barcelona,41.441124,2.2014387,16.7,8.6,12.0,15.5,6.1,09:04,18:21,7.32,9.9,1.8,2023,12,8,Open-Meteo (ERA5),6.0,0.0
2023-12-09,Barcelona,41.441124,2.2014387,17.7,6.1,10.6,13.9,3.1,09:05,18:21,7.21,17.4,0.0,2023,12,9,Open-Meteo (ERA5),7.4,0.0
2023-12-10,Barcelona,41.441124,2.2014387,18.5,6.2,12.3,17.4,3.9,09:06,18:21,7.78,14.9,0.0,2023,12,10,Open-Meteo (ERA5),5.699999999999999,0.0
2023-12-11,Barcelona,41.441124,2.2014387,19.4,10.9,14.1,17.0,9.7,09:07,18:21,7.37,23.0,0.0,2023,12,11,Open-Meteo (ERA5),3.9000000000000004,0.0
2023-12-12,Barcelona,41.441124,2.2014387,19.9,10.3,14.8,17.8,8.5,09:07,18:21,5.13,18.8,0.0,2023,12,12,Open-Meteo (ERA5),3.1999999999999993,0.0
2023-12-13,Barcelona,41.441124,2.2014387,17.0,10.9,14.2,13.8,7.1,09:08,18:21,4.6,30.2,0.1,2023,12,13,Open-Meteo (ERA5),3.8000000000000007,0.0
2023-12-14,Barcelona,41.441124,2.2014387,17.5,6.5,11.7,12.9,4.2,09:09,18:22,8.27,26.0,0.0,2023,12,14,Open-Meteo (ERA5),6.300000000000001,0.0
2023-12-15,Barcelona,41.441124,2.2014387,18.2,5.6,10.6,15.0,2.2,09:10,18:22,8.2,14.1,0.0,2023,12,15,Open-Meteo (ERA5),7.4,0.0
2023-12-16,Barcelona,41.441124,2.2014387,15.3,4.0,8.9,13.3,0.4,09:10,18:22,8.15,13.8,0.0,2023,12,16,Open-Meteo (ERA5),9.1,0.0
2023-12-17,Barcelona,41.441124,2.2014387,14.8,2.5,8.1,12.2,-0.4,09:11,18:22,8.27,8.7,0.0,2023,12,17,Open-Meteo (ERA5),9.9,0.0
2023-12-18,Barcelona,41.441124,2.2014387,15.9,2.1,7.8,12.6,-1.3,09:12,18:23,8.36,8.4,0.0,2023,12,18,Open-Meteo (ERA5),10.2,0.0
2023-12-19,Barcelona,41.441124,2.2014387,18.0,2.9,8.8,15.2,-0.9,09:12,18:23,8.35,11.6,0.0,2023,12,19,Open-Meteo (ERA5),9.2,0.0
2023-12-20,Barcelona,41.441124,2.2014387,14.9,3.7,8.1,12.2,-0.1,09:13,18:23,6.26,12.4,0.0,2023,12,20,Open-Meteo (ERA5),9.9,0.0
2023-12-21,Barcelona,41.441124,2.2014387,18.3,2.9,9.6,15.0,-0.7,09:13,18:24,7.38,16.5,0.0,2023,12,21,Open-Meteo (ERA5),8.4,0.0
2023-12-22,Barcelona,41.441124,2.2014387,22.2,5.6,12.0,19.5,2.7,09:14,18:24,8.1,13.0,0.0,2023,12,22,Open-Meteo (ERA5),6.0,0.0
2023-12-23,Barcelona,41.441124,2.2014387,17.0,4.8,9.9,13.7,1.9,09:14,18:25,8.27,14.8,0.0,2023,12,23,Open-Meteo (ERA5),8.1,0.0
2023-12-24,Barcelona,41.441124,2.2014387,16.5,3.6,8.6,13.3,0.5,09:15,18:25,8.31,12.4,0.0,2023,12,24,Open-Meteo (ERA5),9.4,0.0
2023-12-25,Barcelona,41.441124,2.2014387,17.0,3.4,8.5,14.1,0.0,09:15,18:26,8.46,8.7,0.0,2023,12,25,Open-Meteo (ERA5),9.5,0.0
2023-12-26,Barcelona,41.441124,2.2014387,17.7,3.7,8.9,14.2,-0.3,09:16,18:27,8.53,11.1,0.0,2023,12,26,Open-Meteo (ERA5),9.1,0.0
2023-12-27,Barcelona,41.441124,2.2014387,17.5,2.3,8.2,13.6,-1.7,09:16,18:27,8.62,11.7,0.0,2023,12,27,Open-Meteo (ERA5),9.8,0.0
2023-12-28,Barcelona,41.441124,2.2014387,14.5,0.4,6.9,12.5,-3.2,09:16,18:28,5.33,12.0,0.0,2023,12,28,Open-Meteo (ERA5),11.1,0.0
2023-12-29,Barcelona,41.441124,2.2014387,13.6,4.2,8.2,11.5,0.7,09:16,18:29,5.31,7.4,0.0,2023,12,29,Open-Meteo (ERA5),9.8,0.0
2023-12-30,Barcelona,41.441124,2.2014387,15.6,3.8,8.6,13.6,0.9,09:17,18:29,8.02,14.4,0.0,2023,12,30,Open-Meteo (ERA5),9.4,0.0
2023-12-31,Barcelona,41.441124,2.2014387,17.3,4.4,9.7,13.7,1.8,09:17,18:30,7.41,19.6,0.0,2023,12,31,Open-Meteo (ERA5),8.3,0.0
2024-01-01,Barcelona,41.441124,2.2014387,13.6,5.9,8.9,11.7,3.8,09:17,18:31,6.33,11.3,0.0,2024,1,1,Open-Meteo (ERA5),9.1,0.0
2024-01-02,Barcelona,41.441124,2.2014387,16.9,3.4,9.4,12.2,-0.0,09:17,18:32,6.52,19.0,0.0,2024,1,2,Open-Meteo (ERA5),8.6,0.0
2024-01-03,Barcelona,41.441124,2.2014387,20.2,11.2,14.8,17.9,8.7,09:17,18:33,4.81,17.3,0.0,2024,1,3,Open-Meteo (ERA5),3.1999999999999993,0.0
2024-01-04,Barcelona,41.441124,2.2014387,15.9,7.5,11.7,14.7,5.5,09:17,18:34,7.26,11.2,0.2,2024,1,4,Open-Meteo (ERA5),6.300000000000001,0.0
2024-01-05,Barcelona,41.441124,2.2014387,14.9,9.1,11.0,13.5,6.0,09:17,18:35,6.07,15.7,19.3,2024,1,5,Open-Meteo (ERA5),7.0,0.0
2024-01-06,Barcelona,41.441124,2.2014387,15.0,6.9,10.1,10.4,2.9,09:17,18:36,8.61,27.8,1.7,2024,1,6,Open-Meteo (ERA5),7.9,0.0
2024-01-07,Barcelona,41.441124,2.2014387,13.9,5.5,8.5,8.3,0.4,09:17,18:37,8.87,26.0,0.0,2024,1,7,Open-Meteo (ERA5),9.5,0.0
2024-01-08,Barcelona,41.441124,2.2014387,11.6,1.9,5.9,8.6,-2.7,09:17,18:38,8.88,24.2,0.0,2024,1,8,Open-Meteo (ERA5),12.1,0.0
2024-01-09,Barcelona,41.441124,2.2014387,10.4,-0.3,4.6,8.0,-3.9,09:17,18:39,7.49,10.8,0.0,2024,1,9,Open-Meteo (ERA5),13.4,0.0
2024-01-10,Barcelona,41.441124,2.2014387,10.4,5.4,7.9,9.2,2.8,09:16,18:40,1.51,7.9,6.7,2024,1,10,Open-Meteo (ERA5),10.1,0.0
2024-01-11,Barcelona,41.441124,2.2014387,11.1,2.8,6.7,9.6,-0.2,09:16,18:41,6.93,8.0,0.0,2024,1,11,Open-Meteo (ERA5),11.3,0.0
2024-01-12,Barcelona,41.441124,2.2014387,13.5,4.1,7.5,10.4,0.3,09:16,18:42,8.98,13.6,0.0,2024,1,12,Open-Meteo (ERA5),10.5,0.0
2024-01-13,Barcelona,41.441124,2.2014387,13.0,2.8,6.6,10.3,-0.4,09:16,18:43,8.74,13.0,0.0,2024,1,13,Open-Meteo (ERA5),11.4,0.0
2024-01-14,Barcelona,41.441124,2.2014387,16.0,4.5,9.8,13.7,1.6,09:15,18:44,7.96,13.3,0.0,2024,1,14,Open-Meteo (ERA5),8.2,0.0
2024-01-15,Barcelona,41.441124,2.2014387,17.1,6.3,11.0,16.7,3.4,09:15,18:45,6.42,14.7,0.0,2024,1,15,Open-Meteo (ERA5),7.0,0.0
2024-01-16,Barcelona,41.441124,2.2014387,17.5,6.4,11.3,16.9,4.8,09:14,18:46,5.4,12.3,0.0,2024,1,16,Open-Meteo (ERA5),6.699999999999999,0.0
2024-01-17,Barcelona,41.441124,2.2014387,17.6,9.0,13.0,14.8,7.6,09:14,18:47,5.02,28.5,1.5,2024,1,17,Open-Meteo (ERA5),5.0,0.0
2024-01-18,Barcelona,41.441124,2.2014387,20.1,13.2,15.6,15.6,10.2,09:13,18:48,9.16,28.8,0.0,2024,1,18,Open-Meteo (ERA5),2.4000000000000004,0.0
2024-01-19,Barcelona,41.441124,2.2014387,14.2,7.6,10.1,12.3,5.1,09:13,18:50,1.69,16.1,10.1,2024,1,19,Open-Meteo (ERA5),7.9,0.0
2024-01-20,Barcelona,41.441124,2.2014387,12.5,3.6,8.1,9.3,0.8,09:12,18:51,9.38,14.7,0.1,2024,1,20,Open-Meteo (ERA5),9.9,0.0
2024-01-21,Barcelona,41.441124,2.2014387,13.8,1.8,7.0,11.8,-1.0,09:12,18:52,9.63,9.7,0.0,2024,1,21,Open-Meteo (ERA5),11.0,0.0
2024-01-22,Barcelona,41.441124,2.2014387,15.6,1.9,7.2,13.0,-1.2,09:11,18:53,9.64,13.0,0.0,2024,1,22,Open-Meteo (ERA5),10.8,0.0
2024-01-23,Barcelona,41.441124,2.2014387,15.4,4.2,8.9,14.6,1.5,09:10,18:54,9.01,8.7,0.0,2024,1,23,Open-Meteo (ERA5),9.1,0.0
2024-01-24,Barcelona,41.441124,2.2014387,17.4,5.7,10.3,16.5,3.2,09:09,18:56,10.0,8.6,0.0,2024,1,24,Open-Meteo (ERA5),7.699999999999999,0.0
2024-01-25,Barcelona,41.441124,2.2014387,18.9,6.4,11.3,18.5,4.3,09:09,18:57,10.34,9.8,0.0,2024,1,25,Open-Meteo (ERA5),6.699999999999999,0.0
2024-01-26,Barcelona,41.441124,2.2014387,20.2,7.4,12.3,18.9,4.7,09:08,18:58,9.88,10.7,0.0,2024,1,26,Open-Meteo (ERA5),5.699999999999999,0.0
2024-01-27,Barcelona,41.441124,2.2014387,16.5,6.2,11.1,15.4,3.6,09:07,18:59,10.17,9.4,0.0,2024,1,27,Open-Meteo (ERA5),6.9,0.0
2024-01-28,Barcelona,41.441124,2.2014387,14.0,6.6,10.1,13.2,5.1,09:06,19:01,8.87,8.0,0.0,2024,1,28,Open-Meteo (ERA5),7.9,0.0
2024-01-29,Barcelona,41.441124,2.2014387,14.9,7.5,11.3,13.5,5.8,09:05,19:02,6.45,9.6,0.2,2024,1,29,Open-Meteo (ERA5),6.699999999999999,0.0
2024-01-30,Barcelona,41.441124,2.2014387,15.2,8.9,11.3,14.1,7.8,09:05,19:03,9.28,10.8,0.1,2024,1,30,Open-Meteo (ERA5),6.699999999999999,0.0
2024-01-31,Barcelona,41.441124,2.2014387,15.1,4.9,9.3,12.9,2.4,09:04,19:04,10.63,17.3,0.0,2024,1,31,Open-Meteo (ERA5),8.7,0.0
2024-02-01,Barcelona,41.441124,2.2014387,17.2,5.4,10.0,15.5,2.7,09:03,19:06,10.53,10.9,0.0,2024,2,1,Open-Meteo (ERA5),8.0,0.0
2024-02-02,Barcelona,41.441124,2.2014387,17.8,5.3,10.5,16.0,2.7,09:02,19:07,11.17,10.3,0.0,2024,2,2,Open-Meteo (ERA5),7.5,0.0
2024-02-03,Barcelona,41.441124,2.2014387,19.3,5.3,11.0,17.1,2.6,09:01,19:08,11.45,14.2,0.0,2024,2,3,Open-Meteo (ERA5),7.0,0.0
2024-02-04,Barcelona,41.441124,2.2014387,19.7,5.9,11.5,18.1,3.3,09:00,19:09,11.71,10.6,0.0,2024,2,4,Open-Meteo (ERA5),6.5,0.0
2024-02-05,Barcelona,41.441124,2.2014387,18.9,5.6,11.1,16.8,2.5,08:59,19:11,12.02,13.7,0.0,2024,2,5,Open-Meteo (ERA5),6.9,0.0
2024-02-06,Barcelona,41.441124,2.2014387,15.4,6.7,10.8,13.8,4.0,08:57,19:12,7.82,14.4,0.1,2024,2,6,Open-Meteo (ERA5),7.199999999999999,0.0
2024-02-07,Barcelona,41.441124,2.2014387,18.4,5.7,11.9,15.2,3.4,08:56,19:13,11.76,16.3,0.0,2024,2,7,Open-Meteo (ERA5),6.1,0.0
2024-02-08,Barcelona,41.441124,2.2014387,20.2,8.6,13.0,16.1,6.1,08:55,19:14,10.88,24.4,0.0,2024,2,8,Open-Meteo (ERA5),5.0,0.0
2024-02-09,Barcelona,41.441124,2.2014387,15.9,11.3,13.4,13.4,9.9,08:54,19:16,6.81,30.0,2.8,2024,2,9,Open-Meteo (ERA5),4.6,0.0
2024-02-10,Barcelona,41.441124,2.2014387,16.1,8.2,12.6,13.8,6.2,08:53,19:17,7.75,23.2,5.7,2024,2,10,Open-Meteo (ERA5),5.4,0.0
2024-02-11,Barcelona,41.441124,2.2014387,16.1,8.2,11.1,10.9,3.3,08:51,19:18,12.99,27.8,0.0,2024,2,11,Open-Meteo (ERA5),6.9,0.0
2024-02-12,Barcelona,41.441124,2.2014387,19.5,5.7,11.7,16.0,3.0,08:50,19:20,12.71,24.9,0.5,2024,2,12,Open-Meteo (ERA5),6.300000000000001,0.0
2024-02-13,Barcelona,41.441124,2.2014387,15.6,7.0,10.9,13.6,5.1,08:49,19:21,12.24,18.5,0.1,2024,2,13,Open-Meteo (ERA5),7.1,0.0
2024-02-14,Barcelona,41.441124,2.2014387,18.9,5.5,11.4,17.2,3.0,08:48,19:22,13.18,13.4,0.0,2024,2,14,Open-Meteo (ERA5),6.6,0.0
2024-02-15,Barcelona,41.441124,2.2014387,16.8,9.5,12.6,16.3,8.4,08:46,19:23,8.94,10.7,0.0,2024,2,15,Open-Meteo (ERA5),5.4,0.0
2024-02-16,Barcelona,41.441124,2.2014387,16.9,10.0,13.1,15.4,8.6,08:45,19:25,7.87,11.5,0.8,2024,2,16,Open-Meteo (ERA5),4.9,0.0
2024-02-17,Barcelona,41.441124,2.2014387,20.9,10.6,13.9,19.3,8.9,08:43,19:26,13.36,14.3,1.1,2024,2,17,Open-Meteo (ERA5),4.1,0.0
2024-02-18,Barcelona,41.441124,2.2014387,17.5,7.3,11.8,16.2,5.1,08:42,19:27,13.27,16.9,0.0,2024,2,18,Open-Meteo (ERA5),6.199999999999999,0.0
2024-02-19,Barcelona,41.441124,2.2014387,17.5,10.0,13.0,15.7,8.6,08:41,19:28,12.37,14.8,0.0,2024,2,19,Open-Meteo (ERA5),5.0,0.0
2024-02-20,Barcelona,41.441124,2.2014387,18.2,7.1,11.9,15.5,4.9,08:39,19:29,13.12,19.8,0.0,2024,2,20,Open-Meteo (ERA5),6.1,0.0
2024-02-21,Barcelona,41.441124,2.2014387,17.2,6.2,11.2,14.1,4.2,08:38,19:31,13.07,22.1,0.0,2024,2,21,Open-Meteo (ERA5),6.800000000000001,0.0
2024-02-22,Barcelona,41.441124,2.2014387,20.3,9.4,13.6,17.0,8.2,08:37,19:32,13.2,22.7,0.0,2024,2,22,Open-Meteo (ERA5),4.4,0.0
2024-02-23,Barcelona,41.441124,2.2014387,15.3,8.4,11.8,12.6,5.3,08:35,19:33,14.41,28.0,6.5,2024,2,23,Open-Meteo (ERA5),6.199999999999999,0.0
2024-02-24,Barcelona,41.441124,2.2014387,14.6,5.3,9.2,11.7,2.2,08:34,19:34,13.71,26.1,0.4,2024,2,24,Open-Meteo (ERA5),8.8,0.0
2024-02-25,Barcelona,41.441124,2.2014387,14.4,5.1,10.1,10.7,2.7,08:32,19:36,7.07,25.3,0.0,2024,2,25,Open-Meteo (ERA5),7.9,0.0
2024-02-26,Barcelona,41.441124,2.2014387,16.0,8.9,12.7,14.4,6.4,08:31,19:37,13.38,20.4,0.0,2024,2,26,Open-Meteo (ERA5),5.300000000000001,0.0
2024-02-27,Barcelona,41.441124,2.2014387,15.9,6.3,10.8,13.6,3.8,08:29,19:38,14.5,17.9,1.5,2024,2,27,Open-Meteo (ERA5),7.199999999999999,0.0
2024-02-28,Barcelona,41.441124,2.2014387,16.6,8.2,11.9,15.0,4.2,08:28,19:39,13.34,22.7,0.0,2024,2,28,Open-Meteo (ERA5),6.1,0.0
2024-02-29,Barcelona,41.441124,2.2014387,17.5,4.3,10.6,14.6,0.9,08:26,19:40,16.3,18.4,0.0,2024,2,29,Open-Meteo (ERA5),7.4,0.0
2024-03-01,Barcelona,41.441124,2.2014387,18.1,8.8,12.8,14.8,5.2,08:24,19:41,16.6,20.2,3.7,2024,3,1,Open-Meteo (ERA5),5.199999999999999,0.0
2024-03-02,Barcelona,41.441124,2.2014387,16.4,7.2,12.1,13.7,4.4,08:23,19:43,14.27,26.9,0.1,2024,3,2,Open-Meteo (ERA5),5.9,0.0
2024-03-03,Barcelona,41.441124,2.2014387,15.6,5.9,10.8,10.4,1.2,08:21,19:44,12.81,34.6,16.9,2024,3,3,Open-Meteo (ERA5),7.199999999999999,0.0
2024-03-04,Barcelona,41.441124,2.2014387,16.7,5.7,10.9,13.4,1.6,08:20,19:45,14.95,23.1,0.0,2024,3,4,Open-Meteo (ERA5),7.1,0.0
2024-03-05,Barcelona,41.441124,2.2014387,16.0,6.8,11.0,15.0,4.7,08:18,19:46,16.11,18.5,0.2,2024,3,5,Open-Meteo (ERA5),7.0,0.0
2024-03-06,Barcelona,41.441124,2.2014387,14.4,7.2,10.4,12.9,4.7,08:16,19:47,15.69,16.6,0.1,2024,3,6,Open-Meteo (ERA5),7.6,0.0
2024-03-07,Barcelona,41.441124,2.2014387,14.6,4.9,10.1,13.5,2.6,08:15,19:48,15.97,14.9,0.1,2024,3,7,Open-Meteo (ERA5),7.9,0.0
2024-03-08,Barcelona,41.441124,2.2014387,15.5,9.3,12.6,12.6,7.5,08:13,19:50,13.51,25.5,5.3,2024,3,8,Open-Meteo (ERA5),5.4,0.0
2024-03-09,Barcelona,41.441124,2.2014387,13.3,7.6,11.7,11.6,5.3,08:11,19:51,2.54,36.8,21.4,2024,3,9,Open-Meteo (ERA5),6.300000000000001,0.0
2024-03-10,Barcelona,41.441124,2.2014387,15.8,5.6,10.7,11.1,2.7,08:10,19:52,14.61,23.8,0.2,2024,3,10,Open-Meteo (ERA5),7.300000000000001,0.0
2024-03-11,Barcelona,41.441124,2.2014387,18.0,7.3,11.6,15.4,3.7,08:08,19:53,17.41,20.9,0.1,2024,3,11,Open-Meteo (ERA5),6.4,0.0
2024-03-12,Barcelona,41.441124,2.2014387,14.6,5.1,9.9,12.8,2.3,08:06,19:54,15.33,12.4,0.0,2024,3,12,Open-Meteo (ERA5),8.1,0.0
2024-03-13,Barcelona,41.441124,2.2014387,17.4,5.6,11.0,15.9,3.4,08:05,19:55,18.53,21.8,0.0,2024,3,13,Open-Meteo (ERA5),7.0,0.0
2024-03-14,Barcelona,41.441124,2.2014387,16.8,5.1,11.0,14.6,2.9,08:03,19:56,18.47,23.0,0.0,2024,3,14,Open-Meteo (ERA5),7.0,0.0
2024-03-15,Barcelona,41.441124,2.2014387,16.1,9.0,12.3,15.8,8.2,08:02,19:57,16.75,11.9,0.2,2024,3,15,Open-Meteo (ERA5),5.699999999999999,0.0
2024-03-16,Barcelona,41.441124,2.2014387,17.8,10.8,14.0,16.7,9.9,08:00,19:59,17.25,17.3,0.0,2024,3,16,Open-Meteo (ERA5),4.0,0.0
2024-03-17,Barcelona,41.441124,2.2014387,19.2,9.4,13.7,18.6,8.4,07:58,20:00,17.87,16.3,0.0,2024,3,17,Open-Meteo (ERA5),4.300000000000001,0.0
2024-03-18,Barcelona,41.441124,2.2014387,17.8,9.8,14.0,18.2,8.7,07:57,20:01,18.2,11.0,0.0,2024,3,18,Open-Meteo (ERA5),4.0,0.0
2024-03-19,Barcelona,41.441124,2.2014387,18.9,10.6,14.6,18.4,9.5,07:55,20:02,18.17,14.8,0.0,2024,3,19,Open-Meteo (ERA5),3.4000000000000004,0.0
2024-03-20,Barcelona,41.441124,2.2014387,18.1,10.8,14.2,17.3,9.1,07:53,20:03,18.4,16.9,0.0,2024,3,20,Open-Meteo (ERA5),3.8000000000000007,0.0
2024-03-21,Barcelona,41.441124,2.2014387,17.5,11.7,14.3,16.7,11.1,07:51,20:04,18.94,16.3,0.0,2024,3,21,Open-Meteo (ERA5),3.6999999999999993,0.0
2024-03-22,Barcelona,41.441124,2.2014387,21.9,11.4,16.2,20.7,10.4,07:50,20:05,19.57,17.9,0.0,2024,3,22,Open-Meteo (ERA5),1.8000000000000007,0.0
2024-03-23,Barcelona,41.441124,2.2014387,19.2,9.9,14.8,17.6,8.2,07:48,20:06,19.57,22.6,0.0,2024,3,23,Open-Meteo (ERA5),3.1999999999999993,0.0
2024-03-24,Barcelona,41.441124,2.2014387,15.2,12.2,13.8,13.9,11.3,07:46,20:07,10.26,15.6,0.0,2024,3,24,Open-Meteo (ERA5),4.199999999999999,0.0
2024-03-25,Barcelona,41.441124,2.2014387,14.4,11.4,12.9,13.0,10.9,07:45,20:08,9.99,15.6,4.7,2024,3,25,Open-Meteo (ERA5),5.1,0.0
2024-03-26,Barcelona,41.441124,2.2014387,17.6,11.0,14.1,15.4,7.3,07:43,20:10,11.58,21.2,8.9,2024,3,26,Open-Meteo (ERA5),3.9000000000000004,0.0
2024-03-27,Barcelona,41.441124,2.2014387,15.5,5.4,11.4,11.7,2.5,07:41,20:11,17.69,33.6,0.1,2024,3,27,Open-Meteo (ERA5),6.6,0.0
2024-03-28,Barcelona,41.441124,2.2014387,20.0,14.1,16.7,17.4,11.2,07:39,20:12,19.96,33.2,0.0,2024,3,28,Open-Meteo (ERA5),1.3000000000000007,0.0
2024-03-29,Barcelona,41.441124,2.2014387,19.0,12.1,15.4,17.2,12.2,07:38,20:13,18.72,21.9,0.0,2024,3,29,Open-Meteo (ERA5),2.5999999999999996,0.0
2024-03-30,Barcelona,41.441124,2.2014387,16.8,10.5,13.8,14.4,8.3,07:36,20:14,17.67,22.8,2.6,2024,3,30,Open-Meteo (ERA5),4.199999999999999,0.0
2024-03-31,Barcelona,41.441124,2.2014387,15.4,12.3,13.6,14.0,7.8,07:34,20:15,8.16,36.2,8.9,2024,3,31,Open-Meteo (ERA5),4.4,0.0
2024-04-01,Barcelona,41.441124,2.2014387,18.5,8.7,13.2,15.1,5.7,07:33,20:16,21.63,27.5,0.1,2024,4,1,Open-Meteo (ERA5),4.800000000000001,0.0
2024-04-02,Barcelona,41.441124,2.2014387,16.0,7.9,12.3,14.5,5.3,07:31,20:17,21.1,18.9,0.0,2024,4,2,Open-Meteo (ERA5),5.699999999999999,0.0
2024-04-03,Barcelona,41.441124,2.2014387,20.9,7.2,13.7,21.4,5.0,07:29,20:18,20.55,13.7,0.0,2024,4,3,Open-Meteo (ERA5),4.300000000000001,0.0
2024-04-04,Barcelona,41.441124,2.2014387,19.2,8.3,14.0,18.7,6.7,07:28,20:19,22.15,18.8,0.0,2024,4,4,Open-Meteo (ERA5),4.0,0.0
2024-04-05,Barcelona,41.441124,2.2014387,20.3,9.4,14.6,19.6,8.1,07:26,20:20,20.49,17.3,0.0,2024,4,5,Open-Meteo (ERA5),3.4000000000000004,0.0
2024-04-06,Barcelona,41.441124,2.2014387,20.2,11.5,15.4,20.1,9.4,07:25,20:21,22.2,21.2,0.0,2024,4,6,Open-Meteo (ERA5),2.5999999999999996,0.0
2024-04-07,Barcelona,41.441124,2.2014387,20.4,13.3,16.4,18.5,11.9,07:23,20:23,15.59,21.5,0.0,2024,4,7,Open-Meteo (ERA5),1.6000000000000014,0.0
2024-04-08,Barcelona,41.441124,2.2014387,20.9,12.9,16.6,21.0,12.0,07:21,20:24,18.11,13.6,0.3,2024,4,8,Open-Meteo (ERA5),1.3999999999999986,0.0
2024-04-09,Barcelona,41.441124,2.2014387,17.2,10.4,14.1,16.3,8.1,07:20,20:25,20.12,18.2,2.7,2024,4,9,Open-Meteo (ERA5),3.9000000000000004,0.0
2024-04-10,Barcelona,41.441124,2.2014387,16.9,6.2,11.8,15.7,4.0,07:18,20:26,22.81,18.4,0.0,2024,4,10,Open-Meteo (ERA5),6.199999999999999,0.0
2024-04-11,Barcelona,41.441124,2.2014387,19.4,7.0,13.7,17.4,5.1,07:16,20:27,23.7,15.9,0.0,2024,4,11,Open-Meteo (ERA5),4.300000000000001,0.0
2024-04-12,Barcelona,41.441124,2.2014387,22.4,8.8,16.0,21.4,6.8,07:15,20:28,23.83,18.3,0.0,2024,4,12,Open-Meteo (ERA5),2.0,0.0
2024-04-13,Barcelona,41.441124,2.2014387,23.9,10.9,17.4,23.1,8.8,07:13,20:29,24.17,12.7,0.0,2024,4,13,Open-Meteo (ERA5),0.6000000000000014,0.0
2024-04-14,Barcelona,41.441124,2.2014387,26.5,10.4,18.8,24.8,8.4,07:12,20:30,24.47,20.8,0.0,2024,4,14,Open-Meteo (ERA5),0.0,0.8000000000000007
2024-04-15,Barcelona,41.441124,2.2014387,21.9,11.4,16.6,20.8,9.4,07:10,20:31,20.56,15.9,0.0,2024,4,15,Open-Meteo (ERA5),1.3999999999999986,0.0
2024-04-16,Barcelona,41.441124,2.2014387,18.0,13.2,15.2,16.8,12.7,07:08,20:32,17.09,21.9,2.9,2024,4,16,Open-Meteo (ERA5),2.8000000000000007,0.0
2024-04-17,Barcelona,41.441124,2.2014387,17.0,12.9,14.4,14.7,10.3,07:07,20:33,19.83,26.7,2.8,2024,4,17,Open-Meteo (ERA5),3.5999999999999996,0.0
2024-04-18,Barcelona,41.441124,2.2014387,15.3,10.7,13.3,12.5,10.2,07:05,20:34,15.41,26.6,4.7,2024,4,18,Open-Meteo (ERA5),4.699999999999999,0.0
2024-04-19,Barcelona,41.441124,2.2014387,18.5,5.6,12.4,16.3,2.7,07:04,20:36,25.11,26.4,0.0,2024,4,19,Open-Meteo (ERA5),5.6,0.0
2024-04-20,Barcelona,41.441124,2.2014387,17.2,6.8,13.2,16.8,5.1,07:02,20:37,24.88,16.7,0.0,2024,4,20,Open-Meteo (ERA5),4.800000000000001,0.0
2024-04-21,Barcelona,41.441124,2.2014387,16.7,9.0,13.3,14.6,7.1,07:01,20:38,19.79,19.9,0.0,2024,4,21,Open-Meteo (ERA5),4.699999999999999,0.0
2024-04-22,Barcelona,41.441124,2.2014387,14.9,9.0,12.1,12.6,6.5,06:59,20:39,15.19,18.8,17.4,2024,4,22,Open-Meteo (ERA5),5.9,0.0
2024-04-23,Barcelona,41.441124,2.2014387,14.3,6.7,10.6,12.4,4.7,06:58,20:40,22.74,18.5,8.0,2024,4,23,Open-Meteo (ERA5),7.4,0.0
2024-04-24,Barcelona,41.441124,2.2014387,15.6,3.9,10.4,12.4,1.2,06:57,20:41,25.92,20.9,0.0,2024,4,24,Open-Meteo (ERA5),7.6,0.0
2024-04-25,Barcelona,41.441124,2.2014387,14.4,11.1,12.9,12.8,8.3,06:55,20:42,15.55,25.3,0.9,2024,4,25,Open-Meteo (ERA5),5.1,0.0
2024-04-26,Barcelona,41.441124,2.2014387,17.8,7.2,13.3,16.8,5.6,06:54,20:43,23.06,19.8,0.3,2024,4,26,Open-Meteo (ERA5),4.699999999999999,0.0
2024-04-27,Barcelona,41.441124,2.2014387,18.2,12.3,15.4,15.9,11.4,06:52,20:44,16.29,26.3,3.8,2024,4,27,Open-Meteo (ERA5),2.5999999999999996,0.0
2024-04-28,Barcelona,41.441124,2.2014387,16.9,12.6,14.7,16.2,12.5,06:51,20:45,10.6,15.4,7.7,2024,4,28,Open-Meteo (ERA5),3.3000000000000007,0.0
2024-04-29,Barcelona,41.441124,2.2014387,15.1,12.7,14.0,14.6,11.1,06:50,20:46,3.96,25.9,86.9,2024,4,29,Open-Meteo (ERA5),4.0,0.0
2024-04-30,Barcelona,41.441124,2.2014387,17.3,13.4,15.0,16.5,11.4,06:48,20:47,11.93,21.9,4.4,2024,4,30,Open-Meteo (ERA5),3.0,0.0
2024-05-01,Barcelona,41.441124,2.2014387,20.3,11.5,15.4,18.7,11.2,06:47,20:48,23.09,18.3,2.3,2024,5,1,Open-Meteo (ERA5),2.5999999999999996,0.0
2024-05-02,Barcelona,41.441124,2.2014387,20.5,8.9,14.1,18.0,6.5,06:46,20:50,26.22,19.3,0.3,2024,5,2,Open-Meteo (ERA5),3.9000000000000004,0.0
2024-05-03,Barcelona,41.441124,2.2014387,19.9,8.0,14.2,18.2,6.3,06:44,20:51,23.59,22.8,0.0,2024,5,3,Open-Meteo (ERA5),3.8000000000000007,0.0
2024-05-04,Barcelona,41.441124,2.2014387,21.7,8.7,15.6,22.6,7.1,06:43,20:52,25.54,21.9,0.0,2024,5,4,Open-Meteo (ERA5),2.4000000000000004,0.0
2024-05-05,Barcelona,41.441124,2.2014387,19.0,12.1,15.8,20.2,11.3,06:42,20:53,24.92,12.0,0.0,2024,5,5,Open-Meteo (ERA5),2.1999999999999993,0.0
2024-05-06,Barcelona,41.441124,2.2014387,20.4,12.3,15.9,21.0,12.2,06:41,20:54,19.74,19.5,0.1,2024,5,6,Open-Meteo (ERA5),2.0999999999999996,0.0
2024-05-07,Barcelona,41.441124,2.2014387,18.6,13.0,15.9,18.9,12.9,06:40,20:55,23.25,15.3,1.0,2024,5,7,Open-Meteo (ERA5),2.0999999999999996,0.0
2024-05-08,Barcelona,41.441124,2.2014387,22.2,10.5,16.3,23.3,9.4,06:38,20:56,24.54,20.6,0.0,2024,5,8,Open-Meteo (ERA5),1.6999999999999993,0.0
2024-05-09,Barcelona,41.441124,2.2014387,21.6,10.7,16.5,21.5,9.4,06:37,20:57,26.71,17.1,0.0,2024,5,9,Open-Meteo (ERA5),1.5,0.0
2024-05-10,Barcelona,41.441124,2.2014387,24.1,11.3,17.9,23.2,10.2,06:36,20:58,27.14,17.2,0.0,2024,5,10,Open-Meteo (ERA5),0.10000000000000142,0.0
2024-05-11,Barcelona,41.441124,2.2014387,22.5,11.3,17.5,21.6,10.4,06:35,20:59,27.09,17.5,0.0,2024,5,11,Open-Meteo (ERA5),0.5,0.0
2024-05-12,Barcelona,41.441124,2.2014387,22.4,13.8,18.1,22.8,13.8,06:34,21:00,24.17,18.0,0.9,2024,5,12,Open-Meteo (ERA5),0.0,0.10000000000000142
2024-05-13,Barcelona,41.441124,2.2014387,21.7,13.7,18.1,22.2,13.3,06:33,21:01,25.89,16.8,0.0,2024,5,13,Open-Meteo (ERA5),0.0,0.10000000000000142
2024-05-14,Barcelona,41.441124,2.2014387,19.6,14.5,17.2,19.1,14.7,06:32,21:02,13.52,20.5,10.0,2024,5,14,Open-Meteo (ERA5),0.8000000000000007,0.0
2024-05-15,Barcelona,41.441124,2.2014387,18.9,12.1,15.5,18.7,11.8,06:31,21:03,18.77,16.4,9.1,2024,5,15,Open-Meteo (ERA5),2.5,0.0
2024-05-16,Barcelona,41.441124,2.2014387,17.9,11.7,15.0,20.0,11.1,06:30,21:04,22.97,16.6,2.9,2024,5,16,Open-Meteo (ERA5),3.0,0.0
2024-05-17,Barcelona,41.441124,2.2014387,19.1,12.0,16.0,20.5,11.9,06:29,21:05,22.36,14.4,1.7,2024,5,17,Open-Meteo (ERA5),2.0,0.0
2024-05-18,Barcelona,41.441124,2.2014387,19.3,12.1,16.0,20.2,11.8,06:28,21:06,23.85,17.3,2.1,2024,5,18,Open-Meteo (ERA5),2.0,0.0
2024-05-19,Barcelona,41.441124,2.2014387,19.5,11.8,16.5,21.1,11.2,06:28,21:07,24.0,16.4,0.0,2024,5,19,Open-Meteo (ERA5),1.5,0.0
2024-05-20,Barcelona,41.441124,2.2014387,22.5,13.0,17.9,23.3,13.0,06:27,21:08,25.37,20.0,0.1,2024,5,20,Open-Meteo (ERA5),0.10000000000000142,0.0
2024-05-21,Barcelona,41.441124,2.2014387,19.6,12.4,16.6,20.9,12.1,06:26,21:09,24.38,16.3,1.1,2024,5,21,Open-Meteo (ERA5),1.3999999999999986,0.0
2024-05-22,Barcelona,41.441124,2.2014387,19.4,14.0,16.9,19.5,14.3,06:25,21:10,21.72,20.6,6.6,2024,5,22,Open-Meteo (ERA5),1.1000000000000014,0.0
2024-05-23,Barcelona,41.441124,2.2014387,19.7,13.4,16.8,20.1,13.3,06:24,21:11,24.74,17.6,0.0,2024,5,23,Open-Meteo (ERA5),1.1999999999999993,0.0
2024-05-24,Barcelona,41.441124,2.2014387,19.8,14.1,17.0,19.2,13.2,06:24,21:12,21.16,19.2,1.0,2024,5,24,Open-Meteo (ERA5),1.0,0.0
2024-05-25,Barcelona,41.441124,2.2014387,21.6,12.3,17.3,21.7,11.8,06:23,21:12,26.33,19.1,0.0,2024,5,25,Open-Meteo (ERA5),0.6999999999999993,0.0
2024-05-26,Barcelona,41.441124,2.2014387,22.9,13.2,18.3,24.6,13.3,06:22,21:13,27.77,15.5,0.0,2024,5,26,Open-Meteo (ERA5),0.0,0.3000000000000007
2024-05-27,Barcelona,41.441124,2.2014387,22.3,16.6,19.3,23.7,17.9,06:22,21:14,25.34,20.6,0.0,2024,5,27,Open-Meteo (ERA5),0.0,1.3000000000000007
2024-05-28,Barcelona,41.441124,2.2014387,22.1,16.9,19.5,22.0,17.7,06:21,21:15,26.9,21.3,0.0,2024,5,28,Open-Meteo (ERA5),0.0,1.5
2024-05-29,Barcelona,41.441124,2.2014387,23.7,14.7,19.7,25.5,15.3,06:21,21:16,25.5,19.1,0.0,2024,5,29,Open-Meteo (ERA5),0.0,1.6999999999999993
2024-05-30,Barcelona,41.441124,2.2014387,24.0,16.6,20.3,26.2,18.1,06:20,21:17,23.69,20.3,0.0,2024,5,30,Open-Meteo (ERA5),0.0,2.3000000000000007
2024-05-31,Barcelona,41.441124,2.2014387,22.9,18.2,20.0,20.3,17.9,06:20,21:17,22.86,26.5,0.2,2024,5,31,Open-Meteo (ERA5),0.0,2.0
2024-06-01,Barcelona,41.441124,2.2014387,21.9,16.1,18.7,21.3,15.6,06:19,21:18,23.77,16.6,2.7,2024,6,1,Open-Meteo (ERA5),0.0,0.6999999999999993
2024-06-02,Barcelona,41.441124,2.2014387,22.7,14.8,19.1,23.1,14.2,06:19,21:19,25.39,16.6,0.2,2024,6,2,Open-Meteo (ERA5),0.0,1.1000000000000014
2024-06-03,Barcelona,41.441124,2.2014387,24.9,15.9,20.5,24.5,16.8,06:18,21:19,25.31,21.3,1.0,2024,6,3,Open-Meteo (ERA5),0.0,2.5
2024-06-04,Barcelona,41.441124,2.2014387,24.9,16.1,20.7,24.7,16.5,06:18,21:20,25.42,21.7,0.5,2024,6,4,Open-Meteo (ERA5),0.0,2.6999999999999993
2024-06-05,Barcelona,41.441124,2.2014387,25.2,15.6,21.1,25.6,16.5,06:18,21:21,27.72,25.3,0.0,2024,6,5,Open-Meteo (ERA5),0.0,3.1000000000000014
2024-06-06,Barcelona,41.441124,2.2014387,28.4,17.1,23.0,27.7,18.3,06:17,21:21,27.7,22.5,0.0,2024,6,6,Open-Meteo (ERA5),0.0,5.0
2024-06-07,Barcelona,41.441124,2.2014387,27.6,17.9,23.1,27.6,17.2,06:17,21:22,28.34,16.1,0.0,2024,6,7,Open-Meteo (ERA5),0.0,5.100000000000001
2024-06-08,Barcelona,41.441124,2.2014387,26.6,20.4,23.5,23.8,19.4,06:17,21:23,22.54,32.4,0.0,2024,6,8,Open-Meteo (ERA5),0.0,5.5
2024-06-09,Barcelona,41.441124,2.2014387,23.6,18.9,21.3,23.9,20.1,06:17,21:23,19.54,20.8,7.1,2024,6,9,Open-Meteo (ERA5),0.0,3.3000000000000007
2024-06-10,Barcelona,41.441124,2.2014387,21.4,18.9,20.1,21.8,19.4,06:17,21:24,14.64,18.2,3.3,2024,6,10,Open-Meteo (ERA5),0.0,2.1000000000000014
2024-06-11,Barcelona,41.441124,2.2014387,21.2,17.2,18.4,20.6,17.9,06:17,21:24,10.15,15.5,21.4,2024,6,11,Open-Meteo (ERA5),0.0,0.3999999999999986
2024-06-12,Barcelona,41.441124,2.2014387,21.5,15.7,18.2,20.9,15.6,06:17,21:25,18.96,20.6,11.5,2024,6,12,Open-Meteo (ERA5),0.0,0.1999999999999993
2024-06-13,Barcelona,41.441124,2.2014387,22.6,13.3,18.1,21.6,13.2,06:17,21:25,27.93,26.1,0.4,2024,6,13,Open-Meteo (ERA5),0.0,0.10000000000000142
2024-06-14,Barcelona,41.441124,2.2014387,24.6,16.1,20.6,26.4,17.2,06:17,21:26,23.66,22.0,0.2,2024,6,14,Open-Meteo (ERA5),0.0,2.6000000000000014
2024-06-15,Barcelona,41.441124,2.2014387,22.2,16.8,20.0,23.6,17.1,06:17,21:26,27.52,21.1,0.0,2024,6,15,Open-Meteo (ERA5),0.0,2.0
2024-06-16,Barcelona,41.441124,2.2014387,22.7,14.7,19.3,23.9,15.2,06:17,21:27,27.42,16.0,0.0,2024,6,16,Open-Meteo (ERA5),0.0,1.3000000000000007
2024-06-17,Barcelona,41.441124,2.2014387,24.9,16.3,21.0,27.4,16.8,06:17,21:27,28.57,21.0,0.0,2024,6,17,Open-Meteo (ERA5),0.0,3.0
2024-06-18,Barcelona,41.441124,2.2014387,26.4,18.2,22.2,28.2,19.5,06:17,21:27,28.39,21.0,0.0,2024,6,18,Open-Meteo (ERA5),0.0,4.199999999999999
2024-06-19,Barcelona,41.441124,2.2014387,25.6,17.9,22.0,28.4,19.8,06:17,21:27,26.54,17.1,0.5,2024,6,19,Open-Meteo (ERA5),0.0,4.0
2024-06-20,Barcelona,41.441124,2.2014387,22.9,20.3,21.5,24.6,21.9,06:17,21:28,15.51,23.5,12.2,2024,6,20,Open-Meteo (ERA5),0.0,3.5
2024-06-21,Barcelona,41.441124,2.2014387,24.8,16.1,20.9,26.7,17.2,06:17,21:28,28.05,19.8,0.0,2024,6,21,Open-Meteo (ERA5),0.0,2.8999999999999986
2024-06-22,Barcelona,41.441124,2.2014387,24.2,17.6,20.8,27.1,18.3,06:18,21:28,24.36,24.0,1.4,2024,6,22,Open-Meteo (ERA5),0.0,2.8000000000000007
2024-06-23,Barcelona,41.441124,2.2014387,22.7,19.7,20.8,23.5,21.0,06:18,21:28,16.62,20.0,2.4,2024,6,23,Open-Meteo (ERA5),0.0,2.8000000000000007
2024-06-24,Barcelona,41.441124,2.2014387,24.8,18.6,21.8,26.2,20.7,06:18,21:28,24.57,18.2,1.3,2024,6,24,Open-Meteo (ERA5),0.0,3.8000000000000007
2024-06-25,Barcelona,41.441124,2.2014387,26.5,18.1,22.3,28.2,19.6,06:18,21:28,27.33,23.0,0.0,2024,6,25,Open-Meteo (ERA5),0.0,4.300000000000001
2024-06-26,Barcelona,41.441124,2.2014387,27.0,17.6,22.6,28.4,19.5,06:19,21:28,27.42,20.8,0.0,2024,6,26,Open-Meteo (ERA5),0.0,4.600000000000001
2024-06-27,Barcelona,41.441124,2.2014387,27.5,18.4,23.5,29.2,19.9,06:19,21:28,28.35,13.3,0.0,2024,6,27,Open-Meteo (ERA5),0.0,5.5
2024-06-28,Barcelona,41.441124,2.2014387,29.0,20.2,24.8,29.4,21.8,06:20,21:28,28.74,21.3,0.0,2024,6,28,Open-Meteo (ERA5),0.0,6.800000000000001
2024-06-29,Barcelona,41.441124,2.2014387,26.6,21.0,23.5,29.9,21.0,06:20,21:28,22.08,22.3,3.9,2024,6,29,Open-Meteo (ERA5),0.0,5.5
2024-06-30,Barcelona,41.441124,2.2014387,24.3,20.5,22.4,26.6,22.0,06:21,21:28,27.16,15.0,0.0,2024,6,30,Open-Meteo (ERA5),0.0,4.399999999999999
2024-07-01,Barcelona,41.441124,2.2014387,22.8,20.2,21.3,25.1,22.3,06:21,21:28,10.37,14.2,11.8,2024,7,1,Open-Meteo (ERA5),0.0,3.3000000000000007
2024-07-02,Barcelona,41.441124,2.2014387,23.3,18.0,20.9,25.5,19.8,06:22,21:28,22.68,19.2,0.1,2024,7,2,Open-Meteo (ERA5),0.0,2.8999999999999986
2024-07-03,Barcelona,41.441124,2.2014387,22.8,19.2,21.2,24.3,21.0,06:22,21:28,20.67,17.2,2.1,2024,7,3,Open-Meteo (ERA5),0.0,3.1999999999999993
2024-07-04,Barcelona,41.441124,2.2014387,25.3,18.2,22.0,28.2,19.9,06:23,21:28,27.2,14.5,0.1,2024,7,4,Open-Meteo (ERA5),0.0,4.0
2024-07-05,Barcelona,41.441124,2.2014387,26.1,18.6,22.8,29.4,20.7,06:24,21:27,28.14,15.4,0.0,2024,7,5,Open-Meteo (ERA5),0.0,4.800000000000001
2024-07-06,Barcelona,41.441124,2.2014387,26.7,20.1,23.6,29.2,23.5,06:24,21:27,25.71,24.0,0.0,2024,7,6,Open-Meteo (ERA5),0.0,5.600000000000001
2024-07-07,Barcelona,41.441124,2.2014387,27.1,20.2,23.5,28.1,22.7,06:25,21:27,25.35,23.8,0.3,2024,7,7,Open-Meteo (ERA5),0.0,5.5
2024-07-08,Barcelona,41.441124,2.2014387,27.4,19.4,23.7,29.9,21.8,06:25,21:26,26.58,23.6,0.0,2024,7,8,Open-Meteo (ERA5),0.0,5.699999999999999
2024-07-09,Barcelona,41.441124,2.2014387,28.8,19.2,24.3,31.0,21.6,06:26,21:26,27.41,21.7,0.0,2024,7,9,Open-Meteo (ERA5),0.0,6.300000000000001
2024-07-10,Barcelona,41.441124,2.2014387,28.8,20.5,25.1,32.0,23.0,06:27,21:26,27.74,19.8,0.0,2024,7,10,Open-Meteo (ERA5),0.0,7.100000000000001
2024-07-11,Barcelona,41.441124,2.2014387,30.8,22.8,26.4,33.7,26.7,06:28,21:25,27.77,20.0,0.0,2024,7,11,Open-Meteo (ERA5),0.0,8.399999999999999
2024-07-12,Barcelona,41.441124,2.2014387,28.1,21.9,25.1,30.6,24.9,06:28,21:25,23.53,20.8,0.2,2024,7,12,Open-Meteo (ERA5),0.0,7.100000000000001
2024-07-13,Barcelona,41.441124,2.2014387,25.3,22.2,23.4,26.7,23.3,06:29,21:24,16.06,14.0,1.8,2024,7,13,Open-Meteo (ERA5),0.0,5.399999999999999
2024-07-14,Barcelona,41.441124,2.2014387,29.5,19.3,24.6,30.7,21.2,06:30,21:23,26.56,26.0,0.0,2024,7,14,Open-Meteo (ERA5),0.0,6.600000000000001
2024-07-15,Barcelona,41.441124,2.2014387,29.3,21.1,25.5,32.1,24.3,06:31,21:23,26.68,24.2,0.1,2024,7,15,Open-Meteo (ERA5),0.0,7.5
2024-07-16,Barcelona,41.441124,2.2014387,28.1,22.7,25.5,30.6,27.2,06:31,21:22,27.06,16.9,0.0,2024,7,16,Open-Meteo (ERA5),0.0,7.5
2024-07-17,Barcelona,41.441124,2.2014387,28.4,20.8,25.1,29.8,22.9,06:32,21:21,27.4,20.0,0.0,2024,7,17,Open-Meteo (ERA5),0.0,7.100000000000001
2024-07-18,Barcelona,41.441124,2.2014387,30.8,19.9,26.2,32.3,21.8,06:33,21:21,27.73,23.5,0.0,2024,7,18,Open-Meteo (ERA5),0.0,8.2
2024-07-19,Barcelona,41.441124,2.2014387,31.5,23.2,26.7,33.8,25.5,06:34,21:20,23.82,20.6,0.0,2024,7,19,Open-Meteo (ERA5),0.0,8.7
2024-07-20,Barcelona,41.441124,2.2014387,30.8,22.0,26.6,33.5,24.2,06:35,21:19,27.32,20.3,0.0,2024,7,20,Open-Meteo (ERA5),0.0,8.600000000000001
2024-07-21,Barcelona,41.441124,2.2014387,27.4,20.5,24.2,29.5,21.5,06:36,21:18,21.43,23.2,13.3,2024,7,21,Open-Meteo (ERA5),0.0,6.199999999999999
2024-07-22,Barcelona,41.441124,2.2014387,29.0,19.8,24.3,31.0,20.8,06:37,21:18,27.78,20.7,0.0,2024,7,22,Open-Meteo (ERA5),0.0,6.300000000000001
2024-07-23,Barcelona,41.441124,2.2014387,28.7,19.4,24.6,33.2,20.3,06:38,21:17,27.12,17.8,0.0,2024,7,23,Open-Meteo (ERA5),0.0,6.600000000000001
2024-07-24,Barcelona,41.441124,2.2014387,29.5,21.7,25.8,32.7,24.5,06:39,21:16,27.16,20.2,0.0,2024,7,24,Open-Meteo (ERA5),0.0,7.800000000000001
2024-07-25,Barcelona,41.441124,2.2014387,29.3,20.6,25.3,32.8,23.5,06:39,21:15,26.22,19.8,0.0,2024,7,25,Open-Meteo (ERA5),0.0,7.300000000000001
2024-07-26,Barcelona,41.441124,2.2014387,30.7,21.5,26.4,31.9,25.0,06:40,21:14,26.8,18.2,0.0,2024,7,26,Open-Meteo (ERA5),0.0,8.399999999999999
2024-07-27,Barcelona,41.441124,2.2014387,30.7,19.8,26.1,33.2,21.4,06:41,21:13,27.24,17.9,0.0,2024,7,27,Open-Meteo (ERA5),0.0,8.100000000000001
2024-07-28,Barcelona,41.441124,2.2014387,30.5,23.4,26.8,33.6,25.6,06:42,21:12,27.02,18.7,0.0,2024,7,28,Open-Meteo (ERA5),0.0,8.8
2024-07-29,Barcelona,41.441124,2.2014387,33.4,21.7,27.9,35.8,22.4,06:43,21:11,27.1,16.6,0.0,2024,7,29,Open-Meteo (ERA5),0.0,9.899999999999999
2024-07-30,Barcelona,41.441124,2.2014387,37.1,21.1,29.3,36.9,21.4,06:44,21:10,25.27,21.7,0.0,2024,7,30,Open-Meteo (ERA5),0.0,11.3
2024-07-31,Barcelona,41.441124,2.2014387,36.6,21.8,29.8,34.9,20.6,06:45,21:09,27.26,21.1,0.0,2024,7,31,Open-Meteo (ERA5),0.0,11.8
2024-08-01,Barcelona,41.441124,2.2014387,31.6,24.3,27.8,35.7,25.7,06:46,21:08,26.6,15.0,0.0,2024,8,1,Open-Meteo (ERA5),0.0,9.8
2024-08-02,Barcelona,41.441124,2.2014387,32.3,23.9,28.5,35.7,27.5,06:47,21:07,24.53,17.8,0.0,2024,8,2,Open-Meteo (ERA5),0.0,10.5
2024-08-03,Barcelona,41.441124,2.2014387,30.1,23.0,26.9,31.9,23.7,06:48,21:06,26.2,19.1,0.0,2024,8,3,Open-Meteo (ERA5),0.0,8.899999999999999
2024-08-04,Barcelona,41.441124,2.2014387,31.9,23.2,27.1,34.0,25.8,06:49,21:04,24.33,24.2,0.2,2024,8,4,Open-Meteo (ERA5),0.0,9.100000000000001
2024-08-05,Barcelona,41.441124,2.2014387,31.1,21.8,26.9,34.4,25.6,06:50,21:03,25.56,20.3,0.0,2024,8,5,Open-Meteo (ERA5),0.0,8.899999999999999
2024-08-06,Barcelona,41.441124,2.2014387,31.8,22.3,27.4,34.6,26.5,06:51,21:02,25.19,19.5,0.0,2024,8,6,Open-Meteo (ERA5),0.0,9.399999999999999
2024-08-07,Barcelona,41.441124,2.2014387,30.3,22.8,27.0,34.6,26.4,06:52,21:01,24.46,18.0,0.0,2024,8,7,Open-Meteo (ERA5),0.0,9.0
2024-08-08,Barcelona,41.441124,2.2014387,30.8,22.9,27.1,34.4,25.6,06:53,20:59,25.54,16.6,0.0,2024,8,8,Open-Meteo (ERA5),0.0,9.100000000000001
2024-08-09,Barcelona,41.441124,2.2014387,31.0,22.5,27.5,34.5,25.6,06:54,20:58,25.39,16.3,0.0,2024,8,9,Open-Meteo (ERA5),0.0,9.5
2024-08-10,Barcelona,41.441124,2.2014387,32.2,23.5,28.2,34.8,25.5,06:55,20:57,25.32,15.1,0.0,2024,8,10,Open-Meteo (ERA5),0.0,10.2
2024-08-11,Barcelona,41.441124,2.2014387,29.3,23.7,26.9,32.8,27.6,06:56,20:55,24.01,18.3,0.0,2024,8,11,Open-Meteo (ERA5),0.0,8.899999999999999
2024-08-12,Barcelona,41.441124,2.2014387,29.7,23.2,26.7,34.2,27.7,06:57,20:54,25.12,18.1,0.0,2024,8,12,Open-Meteo (ERA5),0.0,8.7
2024-08-13,Barcelona,41.441124,2.2014387,30.7,22.9,25.7,36.0,25.9,06:58,20:53,18.67,13.0,3.3,2024,8,13,Open-Meteo (ERA5),0.0,7.699999999999999
2024-08-14,Barcelona,41.441124,2.2014387,28.0,20.9,24.3,29.9,23.3,06:59,20:51,11.05,14.6,19.3,2024,8,14,Open-Meteo (ERA5),0.0,6.300000000000001
2024-08-15,Barcelona,41.441124,2.2014387,28.0,20.6,23.6,31.1,22.2,07:00,20:50,20.65,11.5,1.8,2024,8,15,Open-Meteo (ERA5),0.0,5.600000000000001
2024-08-16,Barcelona,41.441124,2.2014387,27.5,20.5,23.9,31.2,23.0,07:01,20:48,19.49,12.1,0.1,2024,8,16,Open-Meteo (ERA5),0.0,5.899999999999999
2024-08-17,Barcelona,41.441124,2.2014387,30.3,21.2,25.4,31.9,24.6,07:02,20:47,23.03,22.3,0.3,2024,8,17,Open-Meteo (ERA5),0.0,7.399999999999999
2024-08-18,Barcelona,41.441124,2.2014387,25.4,22.2,23.6,29.7,24.7,07:03,20:46,14.25,23.9,5.3,2024,8,18,Open-Meteo (ERA5),0.0,5.600000000000001
2024-08-19,Barcelona,41.441124,2.2014387,27.4,21.4,24.1,30.1,23.9,07:04,20:44,21.61,20.2,1.0,2024,8,19,Open-Meteo (ERA5),0.0,6.100000000000001
2024-08-20,Barcelona,41.441124,2.2014387,29.5,19.2,24.4,30.9,21.3,07:05,20:43,24.31,18.7,0.0,2024,8,20,Open-Meteo (ERA5),0.0,6.399999999999999
2024-08-21,Barcelona,41.441124,2.2014387,29.9,20.6,25.1,31.0,22.9,07:06,20:41,21.18,23.9,0.9,2024,8,21,Open-Meteo (ERA5),0.0,7.100000000000001
2024-08-22,Barcelona,41.441124,2.2014387,30.3,21.7,26.0,34.9,25.4,07:07,20:40,19.08,22.4,0.0,2024,8,22,Open-Meteo (ERA5),0.0,8.0
2024-08-23,Barcelona,41.441124,2.2014387,30.8,22.4,26.5,34.7,26.4,07:08,20:38,22.31,17.8,0.0,2024,8,23,Open-Meteo (ERA5),0.0,8.5
2024-08-24,Barcelona,41.441124,2.2014387,30.1,22.2,26.2,32.5,26.4,07:09,20:36,22.17,20.7,0.0,2024,8,24,Open-Meteo (ERA5),0.0,8.2
2024-08-25,Barcelona,41.441124,2.2014387,30.2,23.5,25.9,31.6,26.2,07:10,20:35,17.97,19.9,0.3,2024,8,25,Open-Meteo (ERA5),0.0,7.899999999999999
2024-08-26,Barcelona,41.441124,2.2014387,29.2,22.0,25.5,31.5,25.1,07:11,20:33,19.23,22.0,0.5,2024,8,26,Open-Meteo (ERA5),0.0,7.5
2024-08-27,Barcelona,41.441124,2.2014387,29.7,21.5,25.7,31.8,25.1,07:12,20:32,20.53,22.2,1.3,2024,8,27,Open-Meteo (ERA5),0.0,7.699999999999999
2024-08-28,Barcelona,41.441124,2.2014387,28.6,22.0,25.6,31.8,25.7,07:13,20:30,19.84,15.8,1.4,2024,8,28,Open-Meteo (ERA5),0.0,7.600000000000001
2024-08-29,Barcelona,41.441124,2.2014387,27.8,22.3,24.9,31.2,25.7,07:14,20:28,21.3,15.6,0.1,2024,8,29,Open-Meteo (ERA5),0.0,6.899999999999999
2024-08-30,Barcelona,41.441124,2.2014387,28.6,19.7,24.5,31.5,21.3,07:15,20:27,21.84,15.0,0.0,2024,8,30,Open-Meteo (ERA5),0.0,6.5
2024-08-31,Barcelona,41.441124,2.2014387,29.4,21.1,25.5,32.1,23.1,07:16,20:25,19.41,17.1,0.0,2024,8,31,Open-Meteo (ERA5),0.0,7.5
2024-09-01,Barcelona,41.441124,2.2014387,29.1,22.2,25.2,31.7,23.9,07:18,20:23,15.42,15.3,0.3,2024,9,1,Open-Meteo (ERA5),0.0,7.199999999999999
2024-09-02,Barcelona,41.441124,2.2014387,29.0,20.1,25.0,30.5,22.2,07:19,20:22,20.4,15.2,0.0,2024,9,2,Open-Meteo (ERA5),0.0,7.0
2024-09-03,Barcelona,41.441124,2.2014387,25.6,21.2,23.7,28.8,23.5,07:20,20:20,7.58,16.9,3.8,2024,9,3,Open-Meteo (ERA5),0.0,5.699999999999999
2024-09-04,Barcelona,41.441124,2.2014387,22.5,18.2,20.5,24.9,19.7,07:21,20:18,6.82,11.4,26.4,2024,9,4,Open-Meteo (ERA5),0.0,2.5
2024-09-05,Barcelona,41.441124,2.2014387,24.8,16.3,20.3,27.0,15.6,07:22,20:17,20.17,17.4,0.1,2024,9,5,Open-Meteo (ERA5),0.0,2.3000000000000007
2024-09-06,Barcelona,41.441124,2.2014387,25.9,19.2,22.4,27.3,20.2,07:23,20:15,16.79,25.5,3.5,2024,9,6,Open-Meteo (ERA5),0.0,4.399999999999999
2024-09-07,Barcelona,41.441124,2.2014387,27.9,19.9,24.0,31.9,22.2,07:24,20:13,19.22,20.0,1.2,2024,9,7,Open-Meteo (ERA5),0.0,6.0
2024-09-08,Barcelona,41.441124,2.2014387,25.0,21.0,22.4,28.2,23.4,07:25,20:12,11.98,14.8,8.2,2024,9,8,Open-Meteo (ERA5),0.0,4.399999999999999
2024-09-09,Barcelona,41.441124,2.2014387,25.4,17.6,21.8,26.9,16.5,07:26,20:10,20.54,16.7,0.3,2024,9,9,Open-Meteo (ERA5),0.0,3.8000000000000007
2024-09-10,Barcelona,41.441124,2.2014387,24.7,17.7,21.4,26.1,17.9,07:27,20:08,17.73,18.0,0.0,2024,9,10,Open-Meteo (ERA5),0.0,3.3999999999999986
2024-09-11,Barcelona,41.441124,2.2014387,23.1,16.9,20.4,24.3,16.2,07:28,20:07,11.65,15.5,0.0,2024,9,11,Open-Meteo (ERA5),0.0,2.3999999999999986
2024-09-12,Barcelona,41.441124,2.2014387,21.8,16.8,19.4,21.9,17.4,07:29,20:05,11.7,24.8,17.0,2024,9,12,Open-Meteo (ERA5),0.0,1.3999999999999986
2024-09-13,Barcelona,41.441124,2.2014387,21.4,13.2,17.7,22.0,13.1,07:30,20:03,19.9,19.2,0.1,2024,9,13,Open-Meteo (ERA5),0.3000000000000007,0.0
2024-09-14,Barcelona,41.441124,2.2014387,24.2,12.7,18.1,23.4,11.3,07:31,20:02,21.0,19.9,0.0,2024,9,14,Open-Meteo (ERA5),0.0,0.10000000000000142
2024-09-15,Barcelona,41.441124,2.2014387,25.8,12.3,19.0,25.2,10.7,07:32,20:00,20.7,14.0,0.0,2024,9,15,Open-Meteo (ERA5),0.0,1.0
2024-09-16,Barcelona,41.441124,2.2014387,26.8,13.1,19.9,26.9,11.0,07:33,19:58,20.13,14.0,0.0,2024,9,16,Open-Meteo (ERA5),0.0,1.8999999999999986
2024-09-17,Barcelona,41.441124,2.2014387,23.7,14.6,18.9,24.3,12.4,07:34,19:56,15.52,21.0,1.4,2024,9,17,Open-Meteo (ERA5),0.0,0.8999999999999986
2024-09-18,Barcelona,41.441124,2.2014387,21.7,16.8,19.3,21.9,15.5,07:35,19:55,13.42,19.1,2.7,2024,9,18,Open-Meteo (ERA5),0.0,1.3000000000000007
2024-09-19,Barcelona,41.441124,2.2014387,22.7,15.1,19.1,23.2,15.8,07:36,19:53,16.71,13.7,1.6,2024,9,19,Open-Meteo (ERA5),0.0,1.1000000000000014
2024-09-20,Barcelona,41.441124,2.2014387,20.9,15.9,18.6,21.9,16.5,07:37,19:51,8.18,11.3,2.1,2024,9,20,Open-Meteo (ERA5),0.0,0.6000000000000014
2024-09-21,Barcelona,41.441124,2.2014387,23.0,16.7,19.7,22.5,16.9,07:38,19:49,10.75,20.2,3.2,2024,9,21,Open-Meteo (ERA5),0.0,1.6999999999999993
2024-09-22,Barcelona,41.441124,2.2014387,23.2,17.0,19.9,25.4,18.2,07:39,19:48,12.5,8.7,5.9,2024,9,22,Open-Meteo (ERA5),0.0,1.8999999999999986
2024-09-23,Barcelona,41.441124,2.2014387,23.0,16.0,19.4,23.5,17.0,07:40,19:46,15.74,18.5,7.3,2024,9,23,Open-Meteo (ERA5),0.0,1.3999999999999986
2024-09-24,Barcelona,41.441124,2.2014387,25.1,16.6,19.9,25.9,17.0,07:41,19:44,15.47,22.0,3.7,2024,9,24,Open-Meteo (ERA5),0.0,1.8999999999999986
2024-09-25,Barcelona,41.441124,2.2014387,24.3,14.4,20.0,25.6,14.7,07:42,19:42,16.82,17.6,0.1,2024,9,25,Open-Meteo (ERA5),0.0,2.0
2024-09-26,Barcelona,41.441124,2.2014387,28.4,17.8,23.0,29.3,18.8,07:43,19:41,17.32,24.6,0.0,2024,9,26,Open-Meteo (ERA5),0.0,5.0
2024-09-27,Barcelona,41.441124,2.2014387,25.9,16.0,21.2,24.1,16.4,07:44,19:39,18.44,25.8,0.0,2024,9,27,Open-Meteo (ERA5),0.0,3.1999999999999993
2024-09-28,Barcelona,41.441124,2.2014387,22.2,11.2,17.2,21.6,9.4,07:45,19:37,17.87,15.8,0.0,2024,9,28,Open-Meteo (ERA5),0.8000000000000007,0.0
2024-09-29,Barcelona,41.441124,2.2014387,23.9,13.6,18.9,21.7,13.2,07:46,19:36,17.56,24.8,0.5,2024,9,29,Open-Meteo (ERA5),0.0,0.8999999999999986
2024-09-30,Barcelona,41.441124,2.2014387,26.0,14.0,19.8,26.1,13.9,07:47,19:34,16.72,21.0,0.0,2024,9,30,Open-Meteo (ERA5),0.0,1.8000000000000007
2024-10-01,Barcelona,41.441124,2.2014387,25.0,16.6,20.4,24.0,17.9,07:48,19:32,14.05,25.6,0.0,2024,10,1,Open-Meteo (ERA5),0.0,2.3999999999999986
2024-10-02,Barcelona,41.441124,2.2014387,23.2,16.8,19.4,24.6,17.3,07:49,19:31,8.05,25.1,15.1,2024,10,2,Open-Meteo (ERA5),0.0,1.3999999999999986
2024-10-03,Barcelona,41.441124,2.2014387,22.4,15.4,18.0,22.3,14.7,07:50,19:29,15.69,19.8,16.7,2024,10,3,Open-Meteo (ERA5),0.0,0.0
2024-10-04,Barcelona,41.441124,2.2014387,21.5,13.9,17.6,21.0,12.3,07:51,19:27,16.57,16.2,0.3,2024,10,4,Open-Meteo (ERA5),0.3999999999999986,0.0
2024-10-05,Barcelona,41.441124,2.2014387,22.5,13.3,18.3,22.5,13.4,07:52,19:26,16.22,15.2,0.3,2024,10,5,Open-Meteo (ERA5),0.0,0.3000000000000007
2024-10-06,Barcelona,41.441124,2.2014387,25.3,14.6,19.6,26.7,14.7,07:53,19:24,14.18,15.9,0.0,2024,10,6,Open-Meteo (ERA5),0.0,1.6000000000000014
2024-10-07,Barcelona,41.441124,2.2014387,25.0,17.2,20.7,27.4,18.7,07:54,19:22,12.41,15.8,0.0,2024,10,7,Open-Meteo (ERA5),0.0,2.6999999999999993
2024-10-08,Barcelona,41.441124,2.2014387,24.4,17.1,20.1,22.5,15.9,07:56,19:21,15.71,23.4,3.9,2024,10,8,Open-Meteo (ERA5),0.0,2.1000000000000014
2024-10-09,Barcelona,41.441124,2.2014387,23.7,15.2,20.2,23.3,15.0,07:57,19:19,13.28,35.0,0.0,2024,10,9,Open-Meteo (ERA5),0.0,2.1999999999999993
2024-10-10,Barcelona,41.441124,2.2014387,23.2,14.8,19.1,23.4,14.1,07:58,19:17,12.89,16.4,0.0,2024,10,10,Open-Meteo (ERA5),0.0,1.1000000000000014
2024-10-11,Barcelona,41.441124,2.2014387,21.4,14.8,17.4,21.3,15.3,07:59,19:16,13.67,12.0,0.0,2024,10,11,Open-Meteo (ERA5),0.6000000000000014,0.0
2024-10-12,Barcelona,41.441124,2.2014387,22.5,14.2,18.4,23.0,14.2,08:00,19:14,7.64,20.6,2.0,2024,10,12,Open-Meteo (ERA5),0.0,0.3999999999999986
2024-10-13,Barcelona,41.441124,2.2014387,22.1,15.0,18.3,23.2,14.8,08:01,19:13,14.2,14.5,0.0,2024,10,13,Open-Meteo (ERA5),0.0,0.3000000000000007
2024-10-14,Barcelona,41.441124,2.2014387,23.4,15.6,19.4,25.5,16.8,08:02,19:11,13.07,20.6,0.0,2024,10,14,Open-Meteo (ERA5),0.0,1.3999999999999986
2024-10-15,Barcelona,41.441124,2.2014387,23.6,19.1,20.7,24.2,20.8,08:03,19:09,7.52,22.5,5.6,2024,10,15,Open-Meteo (ERA5),0.0,2.6999999999999993
2024-10-16,Barcelona,41.441124,2.2014387,23.9,16.8,20.1,24.7,17.3,08:04,19:08,11.91,18.0,22.7,2024,10,16,Open-Meteo (ERA5),0.0,2.1000000000000014
2024-10-17,Barcelona,41.441124,2.2014387,21.4,15.2,18.5,22.8,14.8,08:05,19:06,9.11,18.3,5.9,2024,10,17,Open-Meteo (ERA5),0.0,0.5
2024-10-18,Barcelona,41.441124,2.2014387,19.9,13.6,16.2,19.4,12.9,08:07,19:05,11.18,14.2,0.1,2024,10,18,Open-Meteo (ERA5),1.8000000000000007,0.0
2024-10-19,Barcelona,41.441124,2.2014387,20.2,10.2,15.1,20.6,8.7,08:08,19:03,14.04,10.6,0.0,2024,10,19,Open-Meteo (ERA5),2.9000000000000004,0.0
2024-10-20,Barcelona,41.441124,2.2014387,23.4,11.5,17.1,23.8,10.7,08:09,19:02,13.71,10.4,0.0,2024,10,20,Open-Meteo (ERA5),0.8999999999999986,0.0
2024-10-21,Barcelona,41.441124,2.2014387,23.0,14.5,18.1,23.0,14.4,08:10,19:00,13.26,14.4,0.0,2024,10,21,Open-Meteo (ERA5),0.0,0.10000000000000142
2024-10-22,Barcelona,41.441124,2.2014387,22.3,13.5,17.6,21.0,13.5,08:11,18:59,11.29,21.5,0.0,2024,10,22,Open-Meteo (ERA5),0.3999999999999986,0.0
2024-10-23,Barcelona,41.441124,2.2014387,21.6,13.0,17.1,22.4,12.9,08:12,18:58,13.01,12.6,0.0,2024,10,23,Open-Meteo (ERA5),0.8999999999999986,0.0
2024-10-24,Barcelona,41.441124,2.2014387,20.6,13.8,16.8,21.7,14.0,08:14,18:56,11.52,11.0,0.0,2024,10,24,Open-Meteo (ERA5),1.1999999999999993,0.0
2024-10-25,Barcelona,41.441124,2.2014387,20.5,14.2,16.8,21.3,14.6,08:15,18:55,9.37,12.8,2.8,2024,10,25,Open-Meteo (ERA5),1.1999999999999993,0.0
2024-10-26,Barcelona,41.441124,2.2014387,18.0,13.7,16.3,18.4,13.6,08:16,18:53,3.83,14.8,17.2,2024,10,26,Open-Meteo (ERA5),1.6999999999999993,0.0
2024-10-27,Barcelona,41.441124,2.2014387,19.4,11.0,15.4,18.4,9.9,08:17,18:52,8.96,21.2,3.9,2024,10,27,Open-Meteo (ERA5),2.5999999999999996,0.0
2024-10-28,Barcelona,41.441124,2.2014387,20.2,17.1,18.4,20.5,15.8,08:18,18:51,5.44,26.8,2.7,2024,10,28,Open-Meteo (ERA5),0.0,0.3999999999999986
2024-10-29,Barcelona,41.441124,2.2014387,21.8,16.5,18.8,20.5,16.5,08:19,18:49,8.94,27.2,0.4,2024,10,29,Open-Meteo (ERA5),0.0,0.8000000000000007
2024-10-30,Barcelona,41.441124,2.2014387,19.9,17.9,18.8,19.4,16.2,08:21,18:48,3.61,38.3,42.6,2024,10,30,Open-Meteo (ERA5),0.0,0.8000000000000007
2024-10-31,Barcelona,41.441124,2.2014387,21.9,15.5,19.1,22.2,15.5,08:22,18:47,10.89,25.2,6.8,2024,10,31,Open-Meteo (ERA5),0.0,1.1000000000000014
2024-11-01,Barcelona,41.441124,2.2014387,20.8,12.9,17.0,21.7,12.9,08:23,18:45,6.43,18.2,5.9,2024,11,1,Open-Meteo (ERA5),1.0,0.0
2024-11-02,Barcelona,41.441124,2.2014387,19.0,14.1,16.8,18.5,13.7,08:24,18:44,3.98,28.5,27.1,2024,11,2,Open-Meteo (ERA5),1.1999999999999993,0.0
2024-11-03,Barcelona,41.441124,2.2014387,19.0,13.6,17.0,19.8,13.6,08:25,18:43,4.1,18.5,8.0,2024,11,3,Open-Meteo (ERA5),1.0,0.0
2024-11-04,Barcelona,41.441124,2.2014387,19.9,16.1,17.7,20.8,16.2,08:27,18:42,5.8,14.5,12.7,2024,11,4,Open-Meteo (ERA5),0.3000000000000007,0.0
2024-11-05,Barcelona,41.441124,2.2014387,21.0,15.3,17.7,22.9,16.1,08:28,18:41,9.52,10.2,10.3,2024,11,5,Open-Meteo (ERA5),0.3000000000000007,0.0
2024-11-06,Barcelona,41.441124,2.2014387,20.6,13.5,16.5,21.0,13.4,08:29,18:40,9.39,14.1,6.6,2024,11,6,Open-Meteo (ERA5),1.5,0.0
2024-11-07,Barcelona,41.441124,2.2014387,19.4,12.7,16.2,18.1,12.4,08:30,18:39,7.83,19.5,4.5,2024,11,7,Open-Meteo (ERA5),1.8000000000000007,0.0
2024-11-08,Barcelona,41.441124,2.2014387,20.1,11.2,15.4,20.9,10.1,08:31,18:37,10.24,8.0,0.4,2024,11,8,Open-Meteo (ERA5),2.5999999999999996,0.0
2024-11-09,Barcelona,41.441124,2.2014387,19.2,10.9,14.9,20.0,9.9,08:33,18:36,9.39,9.0,1.6,2024,11,9,Open-Meteo (ERA5),3.0999999999999996,0.0
2024-11-10,Barcelona,41.441124,2.2014387,21.0,12.2,15.6,21.3,11.0,08:34,18:35,10.21,11.3,0.2,2024,11,10,Open-Meteo (ERA5),2.4000000000000004,0.0
2024-11-11,Barcelona,41.441124,2.2014387,19.7,10.0,14.0,20.1,8.4,08:35,18:35,10.34,9.2,0.0,2024,11,11,Open-Meteo (ERA5),4.0,0.0
2024-11-12,Barcelona,41.441124,2.2014387,15.2,9.9,11.8,14.7,7.9,08:36,18:34,4.29,10.9,3.1,2024,11,12,Open-Meteo (ERA5),6.199999999999999,0.0
2024-11-13,Barcelona,41.441124,2.2014387,14.9,10.4,13.0,12.4,8.6,08:37,18:33,4.41,28.4,6.7,2024,11,13,Open-Meteo (ERA5),5.0,0.0
2024-11-14,Barcelona,41.441124,2.2014387,17.0,8.2,12.9,16.3,6.5,08:39,18:32,9.95,15.1,0.0,2024,11,14,Open-Meteo (ERA5),5.1,0.0
2024-11-15,Barcelona,41.441124,2.2014387,15.9,11.6,13.7,15.4,10.9,08:40,18:31,7.37,10.4,0.0,2024,11,15,Open-Meteo (ERA5),4.300000000000001,0.0
2024-11-16,Barcelona,41.441124,2.2014387,18.8,9.4,13.3,18.1,8.1,08:41,18:30,9.63,11.0,0.0,2024,11,16,Open-Meteo (ERA5),4.699999999999999,0.0
2024-11-17,Barcelona,41.441124,2.2014387,18.1,9.5,13.1,18.5,7.8,08:42,18:29,9.76,8.8,0.0,2024,11,17,Open-Meteo (ERA5),4.9,0.0
2024-11-18,Barcelona,41.441124,2.2014387,16.2,9.4,12.8,16.3,7.9,08:44,18:28,4.29,10.7,0.5,2024,11,18,Open-Meteo (ERA5),5.199999999999999,0.0
2024-11-19,Barcelona,41.441124,2.2014387,18.0,9.1,12.9,17.6,7.4,08:45,18:28,9.48,10.3,0.0,2024,11,19,Open-Meteo (ERA5),5.1,0.0
2024-11-20,Barcelona,41.441124,2.2014387,19.5,14.0,16.0,18.5,11.1,08:46,18:27,8.1,27.0,0.0,2024,11,20,Open-Meteo (ERA5),2.0,0.0
2024-11-21,Barcelona,41.441124,2.2014387,18.7,10.7,15.1,15.1,9.9,08:47,18:26,6.95,24.5,0.0,2024,11,21,Open-Meteo (ERA5),2.9000000000000004,0.0
2024-11-22,Barcelona,41.441124,2.2014387,17.2,11.3,15.2,15.3,9.3,08:48,18:26,9.47,26.3,0.0,2024,11,22,Open-Meteo (ERA5),2.8000000000000007,0.0
2024-11-23,Barcelona,41.441124,2.2014387,17.4,10.2,13.5,15.1,8.3,08:49,18:25,8.92,17.6,0.4,2024,11,23,Open-Meteo (ERA5),4.5,0.0
2024-11-24,Barcelona,41.441124,2.2014387,19.2,12.9,15.1,19.2,12.3,08:51,18:25,7.84,10.5,0.2,2024,11,24,Open-Meteo (ERA5),2.9000000000000004,0.0
2024-11-25,Barcelona,41.441124,2.2014387,19.7,11.2,15.0,19.9,10.7,08:52,18:24,5.7,16.1,0.0,2024,11,25,Open-Meteo (ERA5),3.0,0.0
2024-11-26,Barcelona,41.441124,2.2014387,17.8,11.4,14.1,16.4,10.7,08:53,18:24,8.86,8.6,0.1,2024,11,26,Open-Meteo (ERA5),3.9000000000000004,0.0
2024-11-27,Barcelona,41.441124,2.2014387,16.9,9.4,12.0,16.2,7.2,08:54,18:23,9.1,8.5,0.0,2024,11,27,Open-Meteo (ERA5),6.0,0.0
2024-11-28,Barcelona,41.441124,2.2014387,17.6,5.6,10.4,16.4,2.7,08:55,18:23,9.17,9.6,0.0,2024,11,28,Open-Meteo (ERA5),7.6,0.0
2024-11-29,Barcelona,41.441124,2.2014387,16.5,6.7,10.7,15.6,3.9,08:56,18:22,8.85,10.6,0.0,2024,11,29,Open-Meteo (ERA5),7.300000000000001,0.0
2024-11-30,Barcelona,41.441124,2.2014387,16.9,7.6,11.3,16.9,5.5,08:57,18:22,8.65,8.1,0.0,2024,11,30,Open-Meteo (ERA5),6.699999999999999,0.0
2024-12-01,Barcelona,41.441124,2.2014387,17.7,9.1,13.0,17.2,7.9,08:58,18:22,7.98,8.6,0.0,2024,12,1,Open-Meteo (ERA5),5.0,0.0
2024-12-02,Barcelona,41.441124,2.2014387,19.0,7.9,12.2,18.1,5.7,08:59,18:22,7.1,12.5,0.0,2024,12,2,Open-Meteo (ERA5),5.800000000000001,0.0
2024-12-03,Barcelona,41.441124,2.2014387,15.9,8.6,11.8,14.6,6.7,09:00,18:21,7.99,14.1,0.5,2024,12,3,Open-Meteo (ERA5),6.199999999999999,0.0
2024-12-04,Barcelona,41.441124,2.2014387,15.6,9.4,11.9,14.7,8.1,09:01,18:21,8.33,7.0,3.6,2024,12,4,Open-Meteo (ERA5),6.1,0.0
2024-12-05,Barcelona,41.441124,2.2014387,14.8,5.6,9.7,13.8,2.0,09:02,18:21,8.06,11.7,0.0,2024,12,5,Open-Meteo (ERA5),8.3,0.0
2024-12-06,Barcelona,41.441124,2.2014387,19.6,7.2,13.0,19.0,4.8,09:03,18:21,6.93,12.2,0.0,2024,12,6,Open-Meteo (ERA5),5.0,0.0
2024-12-07,Barcelona,41.441124,2.2014387,19.0,9.4,12.8,16.3,6.2,09:04,18:21,6.85,24.5,0.0,2024,12,7,Open-Meteo (ERA5),5.199999999999999,0.0
2024-12-08,Barcelona,41.441124,2.2014387,13.6,8.0,10.1,8.9,3.4,09:05,18:21,7.75,20.6,0.0,2024,12,8,Open-Meteo (ERA5),7.9,0.0
2024-12-09,Barcelona,41.441124,2.2014387,14.1,5.5,9.3,11.2,2.2,09:06,18:21,8.27,21.8,0.8,2024,12,9,Open-Meteo (ERA5),8.7,0.0
2024-12-10,Barcelona,41.441124,2.2014387,11.3,5.5,7.3,9.2,2.9,09:06,18:21,5.84,9.5,11.5,2024,12,10,Open-Meteo (ERA5),10.7,0.0
2024-12-11,Barcelona,41.441124,2.2014387,10.6,6.6,8.1,8.6,4.1,09:07,18:21,2.07,12.0,11.7,2024,12,11,Open-Meteo (ERA5),9.9,0.0
2024-12-12,Barcelona,41.441124,2.2014387,12.8,8.7,10.9,9.5,6.4,09:08,18:21,5.22,23.8,1.9,2024,12,12,Open-Meteo (ERA5),7.1,0.0
2024-12-13,Barcelona,41.441124,2.2014387,14.0,6.8,10.4,12.7,5.0,09:09,18:21,7.25,14.7,0.4,2024,12,13,Open-Meteo (ERA5),7.6,0.0
2024-12-14,Barcelona,41.441124,2.2014387,13.1,6.2,8.9,10.6,3.5,09:10,18:22,8.05,10.9,0.0,2024,12,14,Open-Meteo (ERA5),9.1,0.0
2024-12-15,Barcelona,41.441124,2.2014387,12.7,4.1,7.5,11.3,1.1,09:10,18:22,7.85,10.2,0.0,2024,12,15,Open-Meteo (ERA5),10.5,0.0
2024-12-16,Barcelona,41.441124,2.2014387,13.6,2.9,7.2,10.9,-0.5,09:11,18:22,8.38,11.9,0.0,2024,12,16,Open-Meteo (ERA5),10.8,0.0
2024-12-17,Barcelona,41.441124,2.2014387,14.5,4.1,8.4,11.3,0.8,09:12,18:22,8.31,16.5,0.1,2024,12,17,Open-Meteo (ERA5),9.6,0.0
2024-12-18,Barcelona,41.441124,2.2014387,13.9,4.2,8.1,12.7,0.9,09:12,18:23,8.05,10.4,0.0,2024,12,18,Open-Meteo (ERA5),9.9,0.0
2024-12-19,Barcelona,41.441124,2.2014387,18.7,8.1,13.2,15.7,5.2,09:13,18:23,6.77,22.6,0.0,2024,12,19,Open-Meteo (ERA5),4.800000000000001,0.0
2024-12-20,Barcelona,41.441124,2.2014387,14.7,4.6,9.2,13.2,2.2,09:13,18:24,8.36,18.2,0.0,2024,12,20,Open-Meteo (ERA5),8.8,0.0
2024-12-21,Barcelona,41.441124,2.2014387,13.1,2.6,7.2,10.7,-1.4,09:14,18:24,7.06,11.4,0.0,2024,12,21,Open-Meteo (ERA5),10.8,0.0
2024-12-22,Barcelona,41.441124,2.2014387,16.5,6.8,11.1,13.1,4.4,09:14,18:25,7.38,23.3,0.0,2024,12,22,Open-Meteo (ERA5),6.9,0.0
2024-12-23,Barcelona,41.441124,2.2014387,14.8,5.8,10.1,11.9,2.3,09:15,18:25,8.1,22.0,0.0,2024,12,23,Open-Meteo (ERA5),7.9,0.0
2024-12-24,Barcelona,41.441124,2.2014387,14.2,4.2,8.0,12.9,1.2,09:15,18:26,6.09,11.4,0.0,2024,12,24,Open-Meteo (ERA5),10.0,0.0
2024-12-25,Barcelona,41.441124,2.2014387,14.9,5.2,9.5,14.7,3.0,09:15,18:26,7.44,6.8,0.0,2024,12,25,Open-Meteo (ERA5),8.5,0.0
2024-12-26,Barcelona,41.441124,2.2014387,13.5,7.9,10.9,12.7,6.7,09:16,18:27,6.57,10.1,0.0,2024,12,26,Open-Meteo (ERA5),7.1,0.0
2024-12-27,Barcelona,41.441124,2.2014387,15.4,4.6,9.2,13.1,2.0,09:16,18:28,8.37,8.8,0.0,2024,12,27,Open-Meteo (ERA5),8.8,0.0
2024-12-28,Barcelona,41.441124,2.2014387,14.2,1.6,6.9,12.2,-1.7,09:16,18:29,8.4,8.5,0.0,2024,12,28,Open-Meteo (ERA5),11.1,0.0
2024-12-29,Barcelona,41.441124,2.2014387,14.4,1.6,6.7,12.9,-1.8,09:17,18:29,8.3,8.4,0.0,2024,12,29,Open-Meteo (ERA5),11.3,0.0
2024-12-30,Barcelona,41.441124,2.2014387,13.7,1.1,6.2,11.4,-2.5,09:17,18:30,8.33,8.4,0.0,2024,12,30,Open-Meteo (ERA5),11.8,0.0
2024-12-31,Barcelona,41.441124,2.2014387,12.9,1.9,7.0,12.0,-1.3,09:17,18:31,7.6,8.0,0.0,2024,12,31,Open-Meteo (ERA5),11.0,0.0
2025-01-01,Barcelona,41.441124,2.2014387,13.3,4.2,8.2,12.6,1.4,09:17,18:32,7.17,8.4,0.0,2025,1,1,Open-Meteo (ERA5),9.8,0.0
2025-01-02,Barcelona,41.441124,2.2014387,13.4,3.7,7.2,10.5,0.2,09:17,18:33,8.55,12.5,0.0,2025,1,2,Open-Meteo (ERA5),10.8,0.0
2025-01-03,Barcelona,41.441124,2.2014387,12.6,5.1,8.5,10.1,1.3,09:17,18:34,5.89,14.6,0.0,2025,1,3,Open-Meteo (ERA5),9.5,0.0
2025-01-04,Barcelona,41.441124,2.2014387,14.7,5.7,9.4,13.2,2.8,09:17,18:34,7.39,10.9,0.0,2025,1,4,Open-Meteo (ERA5),8.6,0.0
2025-01-05,Barcelona,41.441124,2.2014387,15.0,5.8,9.6,12.4,3.1,09:17,18:35,7.82,14.8,0.0,2025,1,5,Open-Meteo (ERA5),8.4,0.0
2025-01-06,Barcelona,41.441124,2.2014387,17.1,8.0,12.4,15.8,5.7,09:17,18:36,7.52,13.7,1.2,2025,1,6,Open-Meteo (ERA5),5.6,0.0
2025-01-07,Barcelona,41.441124,2.2014387,13.9,5.9,10.0,11.1,2.2,09:17,18:37,8.57,16.7,0.4,2025,1,7,Open-Meteo (ERA5),8.0,0.0
2025-01-08,Barcelona,41.441124,2.2014387,18.1,9.5,12.6,15.4,5.8,09:17,18:38,8.55,15.0,0.0,2025,1,8,Open-Meteo (ERA5),5.4,0.0
2025-01-09,Barcelona,41.441124,2.2014387,19.0,11.5,14.6,14.8,8.2,09:16,18:39,8.8,25.3,0.0,2025,1,9,Open-Meteo (ERA5),3.4000000000000004,0.0
2025-01-10,Barcelona,41.441124,2.2014387,18.9,7.7,12.4,16.9,6.1,09:16,18:40,8.72,11.7,0.1,2025,1,10,Open-Meteo (ERA5),5.6,0.0
2025-01-11,Barcelona,41.441124,2.2014387,19.3,11.7,14.3,17.1,9.2,09:16,18:41,6.88,14.6,0.0,2025,1,11,Open-Meteo (ERA5),3.6999999999999993,0.0
2025-01-12,Barcelona,41.441124,2.2014387,12.9,5.3,9.6,9.1,2.4,09:16,18:42,9.44,15.1,0.0,2025,1,12,Open-Meteo (ERA5),8.4,0.0
2025-01-13,Barcelona,41.441124,2.2014387,11.7,0.7,5.8,8.8,-3.6,09:15,18:44,9.28,9.8,0.0,2025,1,13,Open-Meteo (ERA5),12.2,0.0
2025-01-14,Barcelona,41.441124,2.2014387,11.3,-0.4,4.8,8.2,-4.8,09:15,18:45,9.63,11.6,0.0,2025,1,14,Open-Meteo (ERA5),13.2,0.0
2025-01-15,Barcelona,41.441124,2.2014387,12.5,-0.1,4.5,8.8,-4.1,09:14,18:46,9.63,10.6,0.0,2025,1,15,Open-Meteo (ERA5),13.5,0.0
2025-01-16,Barcelona,41.441124,2.2014387,12.3,1.1,6.0,7.7,-2.7,09:14,18:47,7.7,25.3,1.5,2025,1,16,Open-Meteo (ERA5),12.0,0.0
2025-01-17,Barcelona,41.441124,2.2014387,13.6,6.5,9.9,9.1,2.8,09:13,18:48,8.94,22.8,1.1,2025,1,17,Open-Meteo (ERA5),8.1,0.0
2025-01-18,Barcelona,41.441124,2.2014387,14.7,1.4,7.1,12.3,-2.1,09:13,18:49,9.18,9.9,0.0,2025,1,18,Open-Meteo (ERA5),10.9,0.0
2025-01-19,Barcelona,41.441124,2.2014387,13.7,6.4,8.9,11.3,3.5,09:12,18:51,5.81,8.6,0.0,2025,1,19,Open-Meteo (ERA5),9.1,0.0
2025-01-20,Barcelona,41.441124,2.2014387,13.8,4.1,8.1,12.2,1.4,09:12,18:52,7.69,9.9,0.0,2025,1,20,Open-Meteo (ERA5),9.9,0.0
2025-01-21,Barcelona,41.441124,2.2014387,13.3,3.7,8.2,11.7,0.6,09:11,18:53,5.24,9.0,0.2,2025,1,21,Open-Meteo (ERA5),9.8,0.0
2025-01-22,Barcelona,41.441124,2.2014387,18.4,5.5,11.5,15.8,3.0,09:10,18:54,9.48,18.1,0.0,2025,1,22,Open-Meteo (ERA5),6.5,0.0
2025-01-23,Barcelona,41.441124,2.2014387,15.9,9.1,12.5,15.0,7.2,09:10,18:55,8.56,11.5,0.0,2025,1,23,Open-Meteo (ERA5),5.5,0.0
2025-01-24,Barcelona,41.441124,2.2014387,19.1,7.0,12.0,17.2,5.0,09:09,18:57,9.69,14.2,0.0,2025,1,24,Open-Meteo (ERA5),6.0,0.0
2025-01-25,Barcelona,41.441124,2.2014387,18.0,6.3,11.8,16.2,4.1,09:08,18:58,8.42,14.5,0.2,2025,1,25,Open-Meteo (ERA5),6.199999999999999,0.0
2025-01-26,Barcelona,41.441124,2.2014387,17.2,7.7,12.0,14.5,5.1,09:07,18:59,9.61,18.7,0.0,2025,1,26,Open-Meteo (ERA5),6.0,0.0
2025-01-27,Barcelona,41.441124,2.2014387,19.7,11.8,16.6,17.5,9.7,09:07,19:00,5.98,27.4,0.8,2025,1,27,Open-Meteo (ERA5),1.3999999999999986,0.0
2025-01-28,Barcelona,41.441124,2.2014387,16.0,10.9,13.2,11.8,5.9,09:06,19:02,10.37,27.4,0.1,2025,1,28,Open-Meteo (ERA5),4.800000000000001,0.0
2025-01-29,Barcelona,41.441124,2.2014387,15.1,8.8,11.6,11.6,4.9,09:05,19:03,10.48,20.6,0.0,2025,1,29,Open-Meteo (ERA5),6.4,0.0
2025-01-30,Barcelona,41.441124,2.2014387,14.9,7.1,10.4,10.7,4.5,09:04,19:04,11.13,18.3,1.3,2025,1,30,Open-Meteo (ERA5),7.6,0.0
2025-01-31,Barcelona,41.441124,2.2014387,14.8,4.9,9.5,11.8,1.9,09:03,19:05,10.26,13.9,3.2,2025,1,31,Open-Meteo (ERA5),8.5,0.0
2025-02-01,Barcelona,41.441124,2.2014387,11.1,6.0,8.5,8.7,3.7,09:02,19:07,5.4,11.6,2.3,2025,2,1,Open-Meteo (ERA5),9.5,0.0
2025-02-02,Barcelona,41.441124,2.2014387,14.2,4.5,9.0,12.1,1.9,09:01,19:08,9.39,8.3,0.0,2025,2,2,Open-Meteo (ERA5),9.0,0.0
2025-02-03,Barcelona,41.441124,2.2014387,16.1,4.4,9.5,13.3,1.1,09:00,19:09,11.78,9.5,0.0,2025,2,3,Open-Meteo (ERA5),8.5,0.0
2025-02-04,Barcelona,41.441124,2.2014387,16.4,2.7,8.9,13.2,-0.8,08:59,19:10,12.02,12.1,0.0,2025,2,4,Open-Meteo (ERA5),9.1,0.0
2025-02-05,Barcelona,41.441124,2.2014387,15.6,4.3,9.0,13.1,1.2,08:58,19:12,12.06,11.2,0.0,2025,2,5,Open-Meteo (ERA5),9.0,0.0
2025-02-06,Barcelona,41.441124,2.2014387,14.1,3.6,8.7,12.0,0.9,08:56,19:13,12.06,11.2,0.0,2025,2,6,Open-Meteo (ERA5),9.3,0.0
2025-02-07,Barcelona,41.441124,2.2014387,13.1,5.9,9.7,10.7,4.1,08:55,19:14,8.9,19.1,1.4,2025,2,7,Open-Meteo (ERA5),8.3,0.0
2025-02-08,Barcelona,41.441124,2.2014387,11.8,6.3,9.9,9.9,4.5,08:54,19:15,8.11,20.4,13.0,2025,2,8,Open-Meteo (ERA5),8.1,0.0
2025-02-09,Barcelona,41.441124,2.2014387,12.3,1.9,7.4,10.4,-1.4,08:53,19:17,9.71,8.5,0.0,2025,2,9,Open-Meteo (ERA5),10.6,0.0
2025-02-10,Barcelona,41.441124,2.2014387,14.3,5.4,9.9,12.8,3.3,08:52,19:18,8.4,14.1,0.0,2025,2,10,Open-Meteo (ERA5),8.1,0.0
2025-02-11,Barcelona,41.441124,2.2014387,14.4,9.5,11.5,12.5,8.5,08:50,19:19,10.09,14.5,1.8,2025,2,11,Open-Meteo (ERA5),6.5,0.0
2025-02-12,Barcelona,41.441124,2.2014387,13.7,6.2,9.8,13.0,4.4,08:49,19:21,5.03,10.9,9.2,2025,2,12,Open-Meteo (ERA5),8.2,0.0
2025-02-13,Barcelona,41.441124,2.2014387,15.6,7.5,11.3,15.0,5.6,08:48,19:22,11.79,14.7,0.7,2025,2,13,Open-Meteo (ERA5),6.699999999999999,0.0
2025-02-14,Barcelona,41.441124,2.2014387,15.2,5.7,10.1,14.3,3.5,08:47,19:23,12.57,8.8,0.0,2025,2,14,Open-Meteo (ERA5),7.9,0.0
2025-02-15,Barcelona,41.441124,2.2014387,11.5,7.8,10.4,10.5,6.6,08:45,19:24,7.86,12.8,0.1,2025,2,15,Open-Meteo (ERA5),7.6,0.0
2025-02-16,Barcelona,41.441124,2.2014387,15.6,5.8,10.2,14.8,3.5,08:44,19:25,11.38,10.3,0.0,2025,2,16,Open-Meteo (ERA5),7.800000000000001,0.0
2025-02-17,Barcelona,41.441124,2.2014387,14.5,6.2,10.4,14.1,4.5,08:43,19:27,12.11,8.8,0.0,2025,2,17,Open-Meteo (ERA5),7.6,0.0
2025-02-18,Barcelona,41.441124,2.2014387,14.7,7.2,11.0,14.3,5.6,08:41,19:28,9.47,8.8,0.0,2025,2,18,Open-Meteo (ERA5),7.0,0.0
2025-02-19,Barcelona,41.441124,2.2014387,15.5,6.8,11.2,13.9,4.9,08:40,19:29,8.94,16.8,0.1,2025,2,19,Open-Meteo (ERA5),6.800000000000001,0.0
2025-02-20,Barcelona,41.441124,2.2014387,13.9,11.7,12.5,13.1,10.9,08:38,19:30,6.76,11.3,0.0,2025,2,20,Open-Meteo (ERA5),5.5,0.0
2025-02-21,Barcelona,41.441124,2.2014387,14.0,12.0,12.8,12.4,11.0,08:37,19:32,4.9,15.0,0.3,2025,2,21,Open-Meteo (ERA5),5.199999999999999,0.0
2025-02-22,Barcelona,41.441124,2.2014387,14.9,11.7,13.1,14.2,10.8,08:35,19:33,5.04,13.2,4.9,2025,2,22,Open-Meteo (ERA5),4.9,0.0
2025-02-23,Barcelona,41.441124,2.2014387,15.4,10.0,11.9,14.3,9.2,08:34,19:34,9.57,8.8,1.3,2025,2,23,Open-Meteo (ERA5),6.1,0.0
2025-02-24,Barcelona,41.441124,2.2014387,16.2,5.9,10.8,14.2,3.4,08:32,19:35,12.84,17.0,0.0,2025,2,24,Open-Meteo (ERA5),7.199999999999999,0.0
2025-02-25,Barcelona,41.441124,2.2014387,15.2,7.1,11.0,13.9,4.9,08:31,19:36,8.72,11.7,2.3,2025,2,25,Open-Meteo (ERA5),7.0,0.0
2025-02-26,Barcelona,41.441124,2.2014387,13.3,5.7,10.1,11.9,3.1,08:29,19:38,15.71,13.2,3.7,2025,2,26,Open-Meteo (ERA5),7.9,0.0
2025-02-27,Barcelona,41.441124,2.2014387,14.4,5.4,10.0,13.5,3.0,08:28,19:39,12.16,10.3,0.0,2025,2,27,Open-Meteo (ERA5),8.0,0.0
2025-02-28,Barcelona,41.441124,2.2014387,14.4,6.8,10.5,12.2,4.8,08:26,19:40,15.71,12.8,0.0,2025,2,28,Open-Meteo (ERA5),7.5,0.0
2025-03-01,Barcelona,41.441124,2.2014387,13.6,5.3,9.6,11.0,3.3,08:25,19:41,12.44,15.6,0.0,2025,3,1,Open-Meteo (ERA5),8.4,0.0
2025-03-02,Barcelona,41.441124,2.2014387,14.9,8.2,11.4,10.1,5.7,08:23,19:42,12.83,27.9,0.0,2025,3,2,Open-Meteo (ERA5),6.6,0.0
2025-03-03,Barcelona,41.441124,2.2014387,13.6,11.5,12.2,10.6,7.6,08:21,19:44,6.9,21.5,9.1,2025,3,3,Open-Meteo (ERA5),5.800000000000001,0.0
2025-03-04,Barcelona,41.441124,2.2014387,16.4,11.7,13.4,14.1,8.8,08:20,19:45,15.87,19.4,0.3,2025,3,4,Open-Meteo (ERA5),4.6,0.0
2025-03-05,Barcelona,41.441124,2.2014387,16.4,10.2,12.8,13.5,7.3,08:18,19:46,16.67,23.2,0.0,2025,3,5,Open-Meteo (ERA5),5.199999999999999,0.0
2025-03-06,Barcelona,41.441124,2.2014387,14.4,11.5,12.5,10.9,8.7,08:17,19:47,8.58,25.2,9.9,2025,3,6,Open-Meteo (ERA5),5.5,0.0
2025-03-07,Barcelona,41.441124,2.2014387,14.1,11.5,12.6,12.1,8.7,08:15,19:48,5.76,21.3,12.2,2025,3,7,Open-Meteo (ERA5),5.4,0.0
2025-03-08,Barcelona,41.441124,2.2014387,14.8,12.2,13.5,13.6,10.8,08:14,19:49,8.64,19.9,7.1,2025,3,8,Open-Meteo (ERA5),4.5,0.0
2025-03-09,Barcelona,41.441124,2.2014387,15.2,10.8,13.6,13.9,9.9,08:12,19:50,11.42,27.7,15.0,2025,3,9,Open-Meteo (ERA5),4.4,0.0
2025-03-10,Barcelona,41.441124,2.2014387,14.8,7.2,10.6,14.4,5.5,08:10,19:52,12.06,10.8,1.2,2025,3,10,Open-Meteo (ERA5),7.4,0.0
2025-03-11,Barcelona,41.441124,2.2014387,15.3,7.6,11.2,13.8,6.1,08:09,19:53,11.8,13.1,4.2,2025,3,11,Open-Meteo (ERA5),6.800000000000001,0.0
2025-03-12,Barcelona,41.441124,2.2014387,14.7,8.2,11.4,13.0,6.5,08:07,19:54,11.13,12.4,5.9,2025,3,12,Open-Meteo (ERA5),6.6,0.0
2025-03-13,Barcelona,41.441124,2.2014387,13.5,7.2,9.9,11.9,5.4,08:05,19:55,13.67,19.5,7.5,2025,3,13,Open-Meteo (ERA5),8.1,0.0
2025-03-14,Barcelona,41.441124,2.2014387,10.2,8.1,8.8,8.6,5.5,08:04,19:56,3.6,13.5,15.7,2025,3,14,Open-Meteo (ERA5),9.2,0.0
2025-03-15,Barcelona,41.441124,2.2014387,13.3,7.4,9.7,10.7,4.5,08:02,19:57,16.82,18.4,1.4,2025,3,15,Open-Meteo (ERA5),8.3,0.0
2025-03-16,Barcelona,41.441124,2.2014387,12.2,4.1,8.2,10.5,1.4,08:00,19:58,16.48,12.1,3.4,2025,3,16,Open-Meteo (ERA5),9.8,0.0
2025-03-17,Barcelona,41.441124,2.2014387,11.9,6.3,9.1,9.4,4.3,07:59,19:59,15.26,11.2,0.9,2025,3,17,Open-Meteo (ERA5),8.9,0.0
2025-03-18,Barcelona,41.441124,2.2014387,14.0,4.6,9.9,10.9,2.2,07:57,20:00,14.51,22.5,0.4,2025,3,18,Open-Meteo (ERA5),8.1,0.0
2025-03-19,Barcelona,41.441124,2.2014387,13.9,11.4,12.7,11.9,9.6,07:55,20:02,5.29,23.2,20.8,2025,3,19,Open-Meteo (ERA5),5.300000000000001,0.0
2025-03-20,Barcelona,41.441124,2.2014387,15.3,12.4,13.9,12.6,10.9,07:53,20:03,7.2,25.7,3.0,2025,3,20,Open-Meteo (ERA5),4.1,0.0
2025-03-21,Barcelona,41.441124,2.2014387,16.4,11.6,14.2,16.7,11.0,07:52,20:04,7.82,23.3,6.8,2025,3,21,Open-Meteo (ERA5),3.8000000000000007,0.0
2025-03-22,Barcelona,41.441124,2.2014387,17.0,7.4,12.3,15.6,6.3,07:50,20:05,13.91,19.4,1.4,2025,3,22,Open-Meteo (ERA5),5.699999999999999,0.0
2025-03-23,Barcelona,41.441124,2.2014387,13.4,8.3,10.6,11.5,6.6,07:48,20:06,12.34,19.1,14.0,2025,3,23,Open-Meteo (ERA5),7.4,0.0
2025-03-24,Barcelona,41.441124,2.2014387,14.9,6.7,10.2,13.6,4.8,07:47,20:07,13.77,9.4,4.3,2025,3,24,Open-Meteo (ERA5),7.800000000000001,0.0
2025-03-25,Barcelona,41.441124,2.2014387,16.4,6.5,11.8,16.1,4.4,07:45,20:08,17.57,8.4,0.2,2025,3,25,Open-Meteo (ERA5),6.199999999999999,0.0
2025-03-26,Barcelona,41.441124,2.2014387,16.6,7.7,11.9,16.7,5.7,07:43,20:09,18.45,9.1,0.1,2025,3,26,Open-Meteo (ERA5),6.1,0.0
2025-03-27,Barcelona,41.441124,2.2014387,15.8,8.2,12.3,15.7,6.2,07:42,20:10,17.61,10.9,0.1,2025,3,27,Open-Meteo (ERA5),5.699999999999999,0.0
2025-03-28,Barcelona,41.441124,2.2014387,16.9,9.3,12.6,16.6,8.0,07:40,20:11,19.25,15.0,1.1,2025,3,28,Open-Meteo (ERA5),5.4,0.0
2025-03-29,Barcelona,41.441124,2.2014387,16.7,8.9,12.6,13.0,6.0,07:38,20:12,21.71,23.1,0.0,2025,3,29,Open-Meteo (ERA5),5.4,0.0
2025-03-30,Barcelona,41.441124,2.2014387,18.9,7.2,12.2,18.6,3.1,07:37,20:14,22.26,16.2,0.0,2025,3,30,Open-Meteo (ERA5),5.800000000000001,0.0
2025-03-31,Barcelona,41.441124,2.2014387,17.3,8.0,13.1,17.6,5.3,07:35,20:15,22.11,10.6,0.0,2025,3,31,Open-Meteo (ERA5),4.9,0.0
2025-04-01,Barcelona,41.441124,2.2014387,17.7,8.3,12.5,17.4,6.4,07:33,20:16,22.12,14.9,0.0,2025,4,1,Open-Meteo (ERA5),5.5,0.0
2025-04-02,Barcelona,41.441124,2.2014387,14.6,12.4,13.1,12.2,10.5,07:32,20:17,8.97,18.0,2.1,2025,4,2,Open-Meteo (ERA5),4.9,0.0
2025-04-03,Barcelona,41.441124,2.2014387,17.0,11.4,13.8,15.4,9.7,07:30,20:18,18.17,21.4,0.1,2025,4,3,Open-Meteo (ERA5),4.199999999999999,0.0
2025-04-04,Barcelona,41.441124,2.2014387,17.9,13.5,15.3,14.7,10.1,07:28,20:19,18.24,27.3,0.0,2025,4,4,Open-Meteo (ERA5),2.6999999999999993,0.0
2025-04-05,Barcelona,41.441124,2.2014387,18.0,12.3,15.2,18.2,12.1,07:27,20:20,18.85,13.6,0.3,2025,4,5,Open-Meteo (ERA5),2.8000000000000007,0.0
2025-04-06,Barcelona,41.441124,2.2014387,23.8,11.0,16.9,24.0,9.4,07:25,20:21,21.22,16.4,0.0,2025,4,6,Open-Meteo (ERA5),1.1000000000000014,0.0
2025-04-07,Barcelona,41.441124,2.2014387,20.0,11.9,15.0,20.6,10.8,07:23,20:22,20.6,15.1,0.0,2025,4,7,Open-Meteo (ERA5),3.0,0.0
2025-04-08,Barcelona,41.441124,2.2014387,17.7,9.5,13.9,17.8,8.6,07:22,20:23,22.41,13.0,0.0,2025,4,8,Open-Meteo (ERA5),4.1,0.0
2025-04-09,Barcelona,41.441124,2.2014387,17.9,9.1,13.9,18.5,8.4,07:20,20:24,21.42,14.8,0.0,2025,4,9,Open-Meteo (ERA5),4.1,0.0
2025-04-10,Barcelona,41.441124,2.2014387,17.3,12.8,14.7,17.7,13.1,07:18,20:25,19.12,13.2,0.1,2025,4,10,Open-Meteo (ERA5),3.3000000000000007,0.0
2025-04-11,Barcelona,41.441124,2.2014387,17.5,9.2,13.5,18.2,8.2,07:17,20:27,19.05,8.7,2.4,2025,4,11,Open-Meteo (ERA5),4.5,0.0
2025-04-12,Barcelona,41.441124,2.2014387,18.5,10.4,14.5,19.1,9.3,07:15,20:28,18.92,9.6,0.1,2025,4,12,Open-Meteo (ERA5),3.5,0.0
2025-04-13,Barcelona,41.441124,2.2014387,18.6,12.1,15.2,20.4,12.1,07:13,20:29,19.65,9.9,0.0,2025,4,13,Open-Meteo (ERA5),2.8000000000000007,0.0
2025-04-14,Barcelona,41.441124,2.2014387,17.5,13.2,15.4,18.5,13.8,07:12,20:30,19.68,12.1,0.1,2025,4,14,Open-Meteo (ERA5),2.5999999999999996,0.0
2025-04-15,Barcelona,41.441124,2.2014387,18.4,13.3,15.8,19.1,13.1,07:10,20:31,18.86,18.9,0.9,2025,4,15,Open-Meteo (ERA5),2.1999999999999993,0.0
2025-04-16,Barcelona,41.441124,2.2014387,16.0,9.7,12.2,15.9,8.6,07:09,20:32,17.38,12.2,7.3,2025,4,16,Open-Meteo (ERA5),5.800000000000001,0.0
2025-04-17,Barcelona,41.441124,2.2014387,18.7,7.4,12.9,16.9,4.6,07:07,20:33,23.31,17.6,0.0,2025,4,17,Open-Meteo (ERA5),5.1,0.0
2025-04-18,Barcelona,41.441124,2.2014387,18.3,9.5,14.0,18.8,7.4,07:06,20:34,23.52,13.6,0.0,2025,4,18,Open-Meteo (ERA5),4.0,0.0
2025-04-19,Barcelona,41.441124,2.2014387,18.7,12.4,15.4,18.4,10.3,07:04,20:35,20.52,24.0,1.1,2025,4,19,Open-Meteo (ERA5),2.5999999999999996,0.0
2025-04-20,Barcelona,41.441124,2.2014387,18.0,7.7,13.1,17.7,5.5,07:03,20:36,23.67,17.9,0.0,2025,4,20,Open-Meteo (ERA5),4.9,0.0
2025-04-21,Barcelona,41.441124,2.2014387,17.7,9.7,13.9,16.6,8.4,07:01,20:37,21.86,17.2,0.2,2025,4,21,Open-Meteo (ERA5),4.1,0.0
2025-04-22,Barcelona,41.441124,2.2014387,19.9,10.8,15.2,19.4,10.5,07:00,20:38,23.06,14.3,0.0,2025,4,22,Open-Meteo (ERA5),2.8000000000000007,0.0
2025-04-23,Barcelona,41.441124,2.2014387,18.8,11.0,15.2,18.5,10.7,06:58,20:40,22.01,18.6,0.0,2025,4,23,Open-Meteo (ERA5),2.8000000000000007,0.0
2025-04-24,Barcelona,41.441124,2.2014387,18.5,10.9,15.0,18.6,9.4,06:57,20:41,22.38,14.3,0.2,2025,4,24,Open-Meteo (ERA5),3.0,0.0
2025-04-25,Barcelona,41.441124,2.2014387,19.3,10.8,15.6,19.0,10.2,06:56,20:42,21.89,14.8,0.0,2025,4,25,Open-Meteo (ERA5),2.4000000000000004,0.0
2025-04-26,Barcelona,41.441124,2.2014387,19.0,13.4,15.7,17.6,13.0,06:54,20:43,16.92,14.8,8.6,2025,4,26,Open-Meteo (ERA5),2.3000000000000007,0.0
2025-04-27,Barcelona,41.441124,2.2014387,19.3,9.9,14.9,19.8,9.3,06:53,20:44,22.39,10.9,7.7,2025,4,27,Open-Meteo (ERA5),3.0999999999999996,0.0
2025-04-28,Barcelona,41.441124,2.2014387,19.8,12.0,15.8,20.1,10.7,06:51,20:45,21.69,11.4,0.0,2025,4,28,Open-Meteo (ERA5),2.1999999999999993,0.0
2025-04-29,Barcelona,41.441124,2.2014387,19.5,10.4,15.6,20.5,9.6,06:50,20:46,25.83,11.8,0.0,2025,4,29,Open-Meteo (ERA5),2.4000000000000004,0.0
2025-04-30,Barcelona,41.441124,2.2014387,20.5,12.3,16.7,20.2,11.2,06:49,20:47,25.92,15.7,0.0,2025,4,30,Open-Meteo (ERA5),1.3000000000000007,0.0
2025-05-01,Barcelona,41.441124,2.2014387,21.8,13.3,17.8,20.3,12.0,06:47,20:48,23.92,20.6,0.6,2025,5,1,Open-Meteo (ERA5),0.1999999999999993,0.0
2025-05-02,Barcelona,41.441124,2.2014387,20.0,16.3,17.7,20.0,14.3,06:46,20:49,15.23,19.5,12.0,2025,5,2,Open-Meteo (ERA5),0.3000000000000007,0.0
2025-05-03,Barcelona,41.441124,2.2014387,23.1,15.0,18.9,25.7,15.4,06:45,20:50,25.5,14.0,0.2,2025,5,3,Open-Meteo (ERA5),0.0,0.8999999999999986
2025-05-04,Barcelona,41.441124,2.2014387,21.0,15.8,18.4,22.5,16.3,06:43,20:51,22.36,15.0,3.6,2025,5,4,Open-Meteo (ERA5),0.0,0.3999999999999986
2025-05-05,Barcelona,41.441124,2.2014387,19.4,12.4,15.8,19.4,12.7,06:42,20:52,18.2,10.1,7.7,2025,5,5,Open-Meteo (ERA5),2.1999999999999993,0.0
2025-05-06,Barcelona,41.441124,2.2014387,15.4,11.3,13.4,14.2,10.3,06:41,20:54,17.85,19.1,21.0,2025,5,6,Open-Meteo (ERA5),4.6,0.0
2025-05-07,Barcelona,41.441124,2.2014387,17.6,8.5,13.5,17.8,7.1,06:40,20:55,24.56,15.7,1.1,2025,5,7,Open-Meteo (ERA5),4.5,0.0
2025-05-08,Barcelona,41.441124,2.2014387,18.7,9.6,14.8,18.3,8.6,06:39,20:56,24.99,13.5,0.0,2025,5,8,Open-Meteo (ERA5),3.1999999999999993,0.0
2025-05-09,Barcelona,41.441124,2.2014387,17.3,13.5,15.2,17.6,13.8,06:38,20:57,17.76,12.0,6.0,2025,5,9,Open-Meteo (ERA5),2.8000000000000007,0.0
2025-05-10,Barcelona,41.441124,2.2014387,19.1,12.9,16.2,20.1,13.0,06:37,20:58,22.47,18.0,4.7,2025,5,10,Open-Meteo (ERA5),1.8000000000000007,0.0
2025-05-11,Barcelona,41.441124,2.2014387,21.4,14.7,17.4,23.0,15.9,06:35,20:59,24.49,15.3,2.4,2025,5,11,Open-Meteo (ERA5),0.6000000000000014,0.0
2025-05-12,Barcelona,41.441124,2.2014387,18.2,11.7,15.6,18.4,11.0,06:34,21:00,23.73,11.8,7.8,2025,5,12,Open-Meteo (ERA5),2.4000000000000004,0.0
2025-05-13,Barcelona,41.441124,2.2014387,20.9,10.8,16.1,22.5,10.2,06:33,21:01,24.49,12.4,0.4,2025,5,13,Open-Meteo (ERA5),1.8999999999999986,0.0
2025-05-14,Barcelona,41.441124,2.2014387,19.7,11.7,16.4,20.6,11.2,06:32,21:02,23.98,14.8,0.2,2025,5,14,Open-Meteo (ERA5),1.6000000000000014,0.0
2025-05-15,Barcelona,41.441124,2.2014387,22.7,11.9,17.2,23.2,11.3,06:31,21:03,21.86,10.6,2.7,2025,5,15,Open-Meteo (ERA5),0.8000000000000007,0.0
2025-05-16,Barcelona,41.441124,2.2014387,21.0,14.3,17.6,21.3,12.2,06:30,21:04,25.86,18.7,0.0,2025,5,16,Open-Meteo (ERA5),0.3999999999999986,0.0
2025-05-17,Barcelona,41.441124,2.2014387,22.3,13.0,17.9,22.3,12.8,06:30,21:05,26.61,16.6,0.0,2025,5,17,Open-Meteo (ERA5),0.10000000000000142,0.0
2025-05-18,Barcelona,41.441124,2.2014387,23.5,12.6,18.6,23.5,12.1,06:29,21:06,26.31,19.2,0.0,2025,5,18,Open-Meteo (ERA5),0.0,0.6000000000000014
2025-05-19,Barcelona,41.441124,2.2014387,23.2,13.7,18.9,23.6,13.2,06:28,21:07,26.23,13.2,0.0,2025,5,19,Open-Meteo (ERA5),0.0,0.8999999999999986
2025-05-20,Barcelona,41.441124,2.2014387,24.0,13.6,18.7,25.7,12.8,06:27,21:08,25.14,16.7,0.0,2025,5,20,Open-Meteo (ERA5),0.0,0.6999999999999993
2025-05-21,Barcelona,41.441124,2.2014387,23.4,14.0,18.8,23.1,13.9,06:26,21:09,27.39,13.1,0.0,2025,5,21,Open-Meteo (ERA5),0.0,0.8000000000000007
2025-05-22,Barcelona,41.441124,2.2014387,19.2,15.8,17.5,19.1,14.3,06:25,21:10,20.36,20.7,1.6,2025,5,22,Open-Meteo (ERA5),0.5,0.0
2025-05-23,Barcelona,41.441124,2.2014387,22.6,13.9,18.1,22.3,13.7,06:25,21:10,25.03,15.4,0.5,2025,5,23,Open-Meteo (ERA5),0.0,0.10000000000000142
2025-05-24,Barcelona,41.441124,2.2014387,21.9,12.7,17.8,21.9,11.9,06:24,21:11,25.45,17.2,0.1,2025,5,24,Open-Meteo (ERA5),0.1999999999999993,0.0
2025-05-25,Barcelona,41.441124,2.2014387,23.1,13.1,18.8,24.7,13.2,06:23,21:12,27.32,13.0,0.0,2025,5,25,Open-Meteo (ERA5),0.0,0.8000000000000007
2025-05-26,Barcelona,41.441124,2.2014387,22.9,15.4,19.2,23.7,16.6,06:22,21:13,24.85,16.9,0.1,2025,5,26,Open-Meteo (ERA5),0.0,1.1999999999999993
2025-05-27,Barcelona,41.441124,2.2014387,22.0,15.2,19.2,22.6,16.3,06:22,21:14,23.68,17.1,0.2,2025,5,27,Open-Meteo (ERA5),0.0,1.1999999999999993
2025-05-28,Barcelona,41.441124,2.2014387,24.6,15.2,20.7,26.7,16.0,06:21,21:15,28.27,13.3,0.0,2025,5,28,Open-Meteo (ERA5),0.0,2.6999999999999993
2025-05-29,Barcelona,41.441124,2.2014387,24.9,17.3,21.6,27.1,18.1,06:21,21:15,28.08,13.2,0.0,2025,5,29,Open-Meteo (ERA5),0.0,3.6000000000000014
2025-05-30,Barcelona,41.441124,2.2014387,28.6,17.8,23.6,30.4,18.6,06:20,21:16,28.38,15.1,0.0,2025,5,30,Open-Meteo (ERA5),0.0,5.600000000000001
2025-05-31,Barcelona,41.441124,2.2014387,26.3,17.7,22.9,29.0,18.5,06:20,21:17,26.6,10.3,0.0,2025,5,31,Open-Meteo (ERA5),0.0,4.899999999999999
2025-06-01,Barcelona,41.441124,2.2014387,28.2,18.8,24.0,30.1,20.4,06:19,21:18,27.0,16.4,0.0,2025,6,1,Open-Meteo (ERA5),0.0,6.0
2025-06-02,Barcelona,41.441124,2.2014387,26.1,20.2,23.0,26.7,21.5,06:19,21:19,22.22,20.6,0.0,2025,6,2,Open-Meteo (ERA5),0.0,5.0
2025-06-03,Barcelona,41.441124,2.2014387,26.2,19.0,22.2,27.0,18.9,06:19,21:19,24.65,20.9,0.0,2025,6,3,Open-Meteo (ERA5),0.0,4.199999999999999
2025-06-04,Barcelona,41.441124,2.2014387,28.7,19.1,23.1,29.2,21.8,06:18,21:20,26.63,21.5,0.1,2025,6,4,Open-Meteo (ERA5),0.0,5.100000000000001
2025-06-05,Barcelona,41.441124,2.2014387,24.4,18.9,21.7,26.5,20.4,06:18,21:21,25.03,15.3,0.0,2025,6,5,Open-Meteo (ERA5),0.0,3.6999999999999993
2025-06-06,Barcelona,41.441124,2.2014387,26.3,19.5,22.5,28.1,22.1,06:18,21:21,26.53,13.3,0.0,2025,6,6,Open-Meteo (ERA5),0.0,4.5
2025-06-07,Barcelona,41.441124,2.2014387,25.1,17.7,22.1,27.5,18.9,06:17,21:22,25.89,13.8,0.1,2025,6,7,Open-Meteo (ERA5),0.0,4.100000000000001
2025-06-08,Barcelona,41.441124,2.2014387,24.8,19.3,22.1,25.2,21.4,06:17,21:23,23.98,18.7,0.0,2025,6,8,Open-Meteo (ERA5),0.0,4.100000000000001
2025-06-09,Barcelona,41.441124,2.2014387,26.2,18.3,22.4,27.8,19.8,06:17,21:23,27.54,18.8,0.0,2025,6,9,Open-Meteo (ERA5),0.0,4.399999999999999
2025-06-10,Barcelona,41.441124,2.2014387,28.6,20.7,24.8,32.1,22.4,06:17,21:24,26.12,14.6,0.0,2025,6,10,Open-Meteo (ERA5),0.0,6.800000000000001
2025-06-11,Barcelona,41.441124,2.2014387,33.2,20.7,26.9,33.9,23.1,06:17,21:24,27.46,18.3,0.0,2025,6,11,Open-Meteo (ERA5),0.0,8.899999999999999
2025-06-12,Barcelona,41.441124,2.2014387,27.6,20.9,24.7,30.2,22.5,06:17,21:25,28.35,14.8,0.0,2025,6,12,Open-Meteo (ERA5),0.0,6.699999999999999
2025-06-13,Barcelona,41.441124,2.2014387,27.5,21.4,24.4,29.5,23.3,06:16,21:25,23.63,14.3,0.0,2025,6,13,Open-Meteo (ERA5),0.0,6.399999999999999
2025-06-14,Barcelona,41.441124,2.2014387,29.0,21.3,25.2,32.0,23.8,06:16,21:26,28.05,11.3,0.0,2025,6,14,Open-Meteo (ERA5),0.0,7.199999999999999
2025-06-15,Barcelona,41.441124,2.2014387,28.4,21.9,25.2,31.3,24.3,06:16,21:26,26.23,16.5,0.0,2025,6,15,Open-Meteo (ERA5),0.0,7.199999999999999
2025-06-16,Barcelona,41.441124,2.2014387,27.1,20.4,24.1,28.8,22.5,06:16,21:26,27.54,19.1,0.0,2025,6,16,Open-Meteo (ERA5),0.0,6.100000000000001
2025-06-17,Barcelona,41.441124,2.2014387,27.9,20.5,24.6,30.4,23.2,06:17,21:27,28.39,13.5,0.0,2025,6,17,Open-Meteo (ERA5),0.0,6.600000000000001
2025-06-18,Barcelona,41.441124,2.2014387,29.2,20.9,25.1,30.9,22.5,06:17,21:27,28.78,13.9,0.0,2025,6,18,Open-Meteo (ERA5),0.0,7.100000000000001
2025-06-19,Barcelona,41.441124,2.2014387,30.2,21.2,26.0,32.2,22.4,06:17,21:27,28.16,15.6,0.0,2025,6,19,Open-Meteo (ERA5),0.0,8.0
2025-06-20,Barcelona,41.441124,2.2014387,31.5,22.0,27.2,34.9,23.5,06:17,21:28,26.38,16.9,0.0,2025,6,20,Open-Meteo (ERA5),0.0,9.2
2025-06-21,Barcelona,41.441124,2.2014387,31.7,23.1,27.8,33.2,25.7,06:17,21:28,27.34,17.4,0.0,2025,6,21,Open-Meteo (ERA5),0.0,9.8
2025-06-22,Barcelona,41.441124,2.2014387,32.3,23.1,27.7,34.3,25.2,06:17,21:28,26.78,17.0,0.0,2025,6,22,Open-Meteo (ERA5),0.0,9.7
2025-06-23,Barcelona,41.441124,2.2014387,31.2,22.6,27.6,34.0,24.1,06:18,21:28,27.51,16.5,0.0,2025,6,23,Open-Meteo (ERA5),0.0,9.600000000000001
2025-06-24,Barcelona,41.441124,2.2014387,33.1,21.7,28.3,36.2,23.8,06:18,21:28,28.77,18.6,0.0,2025,6,24,Open-Meteo (ERA5),0.0,10.3
2025-06-25,Barcelona,41.441124,2.2014387,32.8,22.2,27.8,34.4,22.5,06:18,21:28,28.48,15.1,0.0,2025,6,25,Open-Meteo (ERA5),0.0,9.8
2025-06-26,Barcelona,41.441124,2.2014387,30.6,24.2,27.4,33.1,26.0,06:19,21:28,26.76,15.8,0.1,2025,6,26,Open-Meteo (ERA5),0.0,9.399999999999999
2025-06-27,Barcelona,41.441124,2.2014387,31.9,22.4,27.5,33.8,23.9,06:19,21:28,28.49,19.1,0.0,2025,6,27,Open-Meteo (ERA5),0.0,9.5
2025-06-28,Barcelona,41.441124,2.2014387,32.2,23.8,28.3,35.3,26.1,06:20,21:28,28.72,13.0,0.0,2025,6,28,Open-Meteo (ERA5),0.0,10.3
2025-06-29,Barcelona,41.441124,2.2014387,33.3,24.9,29.0,35.8,26.6,06:20,21:28,28.49,13.0,0.0,2025,6,29,Open-Meteo (ERA5),0.0,11.0
2025-06-30,Barcelona,41.441124,2.2014387,34.7,24.7,30.1,37.1,26.6,06:21,21:28,28.41,13.1,0.0,2025,6,30,Open-Meteo (ERA5),0.0,12.100000000000001
2025-07-01,Barcelona,41.441124,2.2014387,32.6,24.6,29.4,37.0,25.7,06:21,21:28,26.6,11.6,0.0,2025,7,1,Open-Meteo (ERA5),0.0,11.399999999999999
2025-07-02,Barcelona,41.441124,2.2014387,31.0,23.2,27.9,35.6,23.4,06:22,21:28,26.78,13.6,0.0,2025,7,2,Open-Meteo (ERA5),0.0,9.899999999999999
2025-07-03,Barcelona,41.441124,2.2014387,32.7,25.1,29.0,35.7,30.1,06:22,21:28,24.44,16.4,0.5,2025,7,3,Open-Meteo (ERA5),0.0,11.0
2025-07-04,Barcelona,41.441124,2.2014387,31.9,23.3,28.4,35.1,26.1,06:23,21:28,27.89,16.0,0.0,2025,7,4,Open-Meteo (ERA5),0.0,10.399999999999999
2025-07-05,Barcelona,41.441124,2.2014387,31.5,24.1,28.5,34.5,27.0,06:23,21:27,23.28,13.4,2.6,2025,7,5,Open-Meteo (ERA5),0.0,10.5
2025-07-06,Barcelona,41.441124,2.2014387,31.2,23.2,26.6,35.7,25.3,06:24,21:27,24.47,16.5,2.8,2025,7,6,Open-Meteo (ERA5),0.0,8.600000000000001
2025-07-07,Barcelona,41.441124,2.2014387,27.8,21.6,24.4,30.4,23.9,06:25,21:27,20.34,19.8,5.9,2025,7,7,Open-Meteo (ERA5),0.0,6.399999999999999
2025-07-08,Barcelona,41.441124,2.2014387,26.5,20.8,23.1,26.8,21.0,06:25,21:26,21.79,22.1,3.2,2025,7,8,Open-Meteo (ERA5),0.0,5.100000000000001
2025-07-09,Barcelona,41.441124,2.2014387,27.4,21.8,24.5,27.9,24.6,06:26,21:26,19.92,16.5,0.0,2025,7,9,Open-Meteo (ERA5),0.0,6.5
2025-07-10,Barcelona,41.441124,2.2014387,27.4,22.1,25.0,28.9,25.4,06:27,21:26,22.87,14.7,0.5,2025,7,10,Open-Meteo (ERA5),0.0,7.0
2025-07-11,Barcelona,41.441124,2.2014387,28.7,22.1,25.6,31.9,25.1,06:27,21:25,20.58,15.5,2.3,2025,7,11,Open-Meteo (ERA5),0.0,7.600000000000001
2025-07-12,Barcelona,41.441124,2.2014387,25.2,19.5,22.5,29.0,21.3,06:28,21:25,13.86,18.9,31.1,2025,7,12,Open-Meteo (ERA5),0.0,4.5
2025-07-13,Barcelona,41.441124,2.2014387,26.9,18.3,22.7,28.9,20.1,06:29,21:24,27.25,15.1,0.0,2025,7,13,Open-Meteo (ERA5),0.0,4.699999999999999
2025-07-14,Barcelona,41.441124,2.2014387,29.1,19.9,24.9,33.0,22.4,06:30,21:23,27.62,15.0,0.0,2025,7,14,Open-Meteo (ERA5),0.0,6.899999999999999
2025-07-15,Barcelona,41.441124,2.2014387,29.6,20.4,25.6,33.4,22.7,06:30,21:23,26.85,14.0,0.0,2025,7,15,Open-Meteo (ERA5),0.0,7.600000000000001
2025-07-16,Barcelona,41.441124,2.2014387,30.7,22.0,26.6,33.4,26.3,06:31,21:22,26.26,19.3,0.0,2025,7,16,Open-Meteo (ERA5),0.0,8.600000000000001
2025-07-17,Barcelona,41.441124,2.2014387,30.6,22.9,27.4,35.3,26.3,06:32,21:22,26.51,16.2,0.0,2025,7,17,Open-Meteo (ERA5),0.0,9.399999999999999
2025-07-18,Barcelona,41.441124,2.2014387,30.1,22.8,27.3,35.0,27.4,06:33,21:21,26.6,14.2,0.0,2025,7,18,Open-Meteo (ERA5),0.0,9.3
2025-07-19,Barcelona,41.441124,2.2014387,29.8,24.7,26.8,33.2,28.5,06:34,21:20,23.93,17.0,0.2,2025,7,19,Open-Meteo (ERA5),0.0,8.8
2025-07-20,Barcelona,41.441124,2.2014387,30.3,23.9,27.3,33.9,27.8,06:35,21:19,24.77,19.3,0.6,2025,7,20,Open-Meteo (ERA5),0.0,9.3
2025-07-21,Barcelona,41.441124,2.2014387,27.8,23.6,25.7,31.0,25.2,06:36,21:19,24.93,16.0,0.1,2025,7,21,Open-Meteo (ERA5),0.0,7.699999999999999
2025-07-22,Barcelona,41.441124,2.2014387,28.6,20.6,25.3,29.3,21.8,06:37,21:18,21.35,18.9,0.2,2025,7,22,Open-Meteo (ERA5),0.0,7.300000000000001
2025-07-23,Barcelona,41.441124,2.2014387,28.2,20.2,24.4,30.9,22.0,06:37,21:17,12.41,11.2,30.0,2025,7,23,Open-Meteo (ERA5),0.0,6.399999999999999
2025-07-24,Barcelona,41.441124,2.2014387,23.6,20.1,21.3,25.8,21.5,06:38,21:16,13.46,12.3,32.4,2025,7,24,Open-Meteo (ERA5),0.0,3.3000000000000007
2025-07-25,Barcelona,41.441124,2.2014387,25.9,18.5,21.9,27.8,19.7,06:39,21:15,23.22,18.4,2.0,2025,7,25,Open-Meteo (ERA5),0.0,3.8999999999999986
2025-07-26,Barcelona,41.441124,2.2014387,26.8,17.7,22.4,29.7,19.4,06:40,21:14,26.43,15.3,9.1,2025,7,26,Open-Meteo (ERA5),0.0,4.399999999999999
2025-07-27,Barcelona,41.441124,2.2014387,27.7,19.2,23.3,32.1,21.4,06:41,21:13,25.08,16.5,0.0,2025,7,27,Open-Meteo (ERA5),0.0,5.300000000000001
2025-07-28,Barcelona,41.441124,2.2014387,25.7,21.6,23.4,27.9,23.5,06:42,21:12,21.38,14.2,1.2,2025,7,28,Open-Meteo (ERA5),0.0,5.399999999999999
2025-07-29,Barcelona,41.441124,2.2014387,25.6,20.5,22.9,27.0,22.6,06:43,21:11,23.88,18.0,1.5,2025,7,29,Open-Meteo (ERA5),0.0,4.899999999999999
2025-07-30,Barcelona,41.441124,2.2014387,25.9,20.4,23.0,29.7,22.0,06:44,21:10,22.35,16.5,1.5,2025,7,30,Open-Meteo (ERA5),0.0,5.0
2025-07-31,Barcelona,41.441124,2.2014387,28.0,19.6,23.7,29.6,21.7,06:45,21:09,24.98,19.5,0.2,2025,7,31,Open-Meteo (ERA5),0.0,5.699999999999999
2025-08-01,Barcelona,41.441124,2.2014387,28.2,19.4,24.2,30.6,21.8,06:46,21:08,22.7,16.8,0.4,2025,8,1,Open-Meteo (ERA5),0.0,6.199999999999999
2025-08-02,Barcelona,41.441124,2.2014387,27.5,21.6,24.2,30.7,24.8,06:47,21:07,21.63,12.9,1.6,2025,8,2,Open-Meteo (ERA5),0.0,6.199999999999999
2025-08-03,Barcelona,41.441124,2.2014387,27.6,20.9,23.7,28.4,23.5,06:48,21:06,19.85,17.3,0.6,2025,8,3,Open-Meteo (ERA5),0.0,5.699999999999999
2025-08-04,Barcelona,41.441124,2.2014387,30.0,20.4,25.1,33.6,22.7,06:49,21:05,24.38,20.5,0.1,2025,8,4,Open-Meteo (ERA5),0.0,7.100000000000001
2025-08-05,Barcelona,41.441124,2.2014387,29.6,21.0,25.8,33.8,23.6,06:50,21:03,25.62,12.2,0.0,2025,8,5,Open-Meteo (ERA5),0.0,7.800000000000001
2025-08-06,Barcelona,41.441124,2.2014387,27.9,20.6,25.0,31.6,22.4,06:51,21:02,24.69,14.3,0.0,2025,8,6,Open-Meteo (ERA5),0.0,7.0
2025-08-07,Barcelona,41.441124,2.2014387,28.9,20.6,25.1,33.2,23.1,06:52,21:01,25.7,12.2,0.0,2025,8,7,Open-Meteo (ERA5),0.0,7.100000000000001
2025-08-08,Barcelona,41.441124,2.2014387,29.1,19.5,25.1,33.5,22.5,06:53,21:00,25.7,11.8,0.0,2025,8,8,Open-Meteo (ERA5),0.0,7.100000000000001
2025-08-09,Barcelona,41.441124,2.2014387,29.4,20.9,25.7,34.0,23.6,06:54,20:58,25.35,12.1,0.0,2025,8,9,Open-Meteo (ERA5),0.0,7.699999999999999
2025-08-10,Barcelona,41.441124,2.2014387,33.4,22.2,27.9,38.1,26.5,06:55,20:57,24.43,13.3,0.0,2025,8,10,Open-Meteo (ERA5),0.0,9.899999999999999
2025-08-11,Barcelona,41.441124,2.2014387,32.8,23.8,28.6,36.2,26.6,06:56,20:56,24.64,11.1,0.0,2025,8,11,Open-Meteo (ERA5),0.0,10.600000000000001
2025-08-12,Barcelona,41.441124,2.2014387,32.5,23.3,28.2,36.5,26.6,06:57,20:54,24.53,10.2,0.0,2025,8,12,Open-Meteo (ERA5),0.0,10.2
2025-08-13,Barcelona,41.441124,2.2014387,32.3,23.3,28.0,37.6,27.6,06:58,20:53,24.23,13.2,0.0,2025,8,13,Open-Meteo (ERA5),0.0,10.0
2025-08-14,Barcelona,41.441124,2.2014387,34.7,23.8,29.3,36.8,26.9,06:59,20:52,22.94,14.3,0.0,2025,8,14,Open-Meteo (ERA5),0.0,11.3
2025-08-15,Barcelona,41.441124,2.2014387,33.8,22.9,28.3,36.1,24.2,07:00,20:50,23.48,13.2,0.0,2025,8,15,Open-Meteo (ERA5),0.0,10.3
2025-08-16,Barcelona,41.441124,2.2014387,36.0,24.3,29.8,36.9,24.9,07:01,20:49,24.41,16.0,0.0,2025,8,16,Open-Meteo (ERA5),0.0,11.8
2025-08-17,Barcelona,41.441124,2.2014387,34.2,24.3,28.7,37.1,24.7,07:02,20:47,23.65,14.7,0.0,2025,8,17,Open-Meteo (ERA5),0.0,10.7
2025-08-18,Barcelona,41.441124,2.2014387,31.9,23.8,28.0,34.7,26.0,07:03,20:46,23.66,13.9,0.0,2025,8,18,Open-Meteo (ERA5),0.0,10.0
2025-08-19,Barcelona,41.441124,2.2014387,29.3,25.2,27.0,32.2,27.7,07:04,20:44,17.33,11.6,0.2,2025,8,19,Open-Meteo (ERA5),0.0,9.0
2025-08-20,Barcelona,41.441124,2.2014387,26.8,19.4,24.2,28.8,21.3,07:05,20:43,20.21,13.7,18.1,2025,8,20,Open-Meteo (ERA5),0.0,6.199999999999999
2025-08-21,Barcelona,41.441124,2.2014387,27.6,18.5,22.1,30.1,19.7,07:06,20:41,23.13,17.4,0.1,2025,8,21,Open-Meteo (ERA5),0.0,4.100000000000001
2025-08-22,Barcelona,41.441124,2.2014387,25.6,20.0,23.1,28.9,21.6,07:07,20:40,19.97,13.3,1.9,2025,8,22,Open-Meteo (ERA5),0.0,5.100000000000001
2025-08-23,Barcelona,41.441124,2.2014387,27.5,19.7,23.6,29.7,22.2,07:08,20:38,22.22,15.4,0.6,2025,8,23,Open-Meteo (ERA5),0.0,5.600000000000001
2025-08-24,Barcelona,41.441124,2.2014387,27.8,19.3,24.1,31.9,21.3,07:09,20:37,20.33,12.6,0.7,2025,8,24,Open-Meteo (ERA5),0.0,6.100000000000001
2025-08-25,Barcelona,41.441124,2.2014387,27.6,21.6,24.7,30.8,24.9,07:10,20:35,8.35,11.4,1.4,2025,8,25,Open-Meteo (ERA5),0.0,6.699999999999999
2025-08-26,Barcelona,41.441124,2.2014387,30.0,20.9,25.3,33.6,23.3,07:11,20:34,22.81,12.9,0.0,2025,8,26,Open-Meteo (ERA5),0.0,7.300000000000001
2025-08-27,Barcelona,41.441124,2.2014387,30.2,22.1,25.6,32.8,23.7,07:12,20:32,20.45,19.3,0.4,2025,8,27,Open-Meteo (ERA5),0.0,7.600000000000001
2025-08-28,Barcelona,41.441124,2.2014387,25.6,21.5,23.3,29.0,23.9,07:13,20:30,13.55,10.8,7.2,2025,8,28,Open-Meteo (ERA5),0.0,5.300000000000001
2025-08-29,Barcelona,41.441124,2.2014387,28.9,18.4,23.1,27.6,18.6,07:14,20:29,20.91,15.5,1.4,2025,8,29,Open-Meteo (ERA5),0.0,5.100000000000001
2025-08-30,Barcelona,41.441124,2.2014387,25.9,17.4,22.1,27.2,17.8,07:15,20:27,21.28,16.8,0.0,2025,8,30,Open-Meteo (ERA5),0.0,4.100000000000001
2025-08-31,Barcelona,41.441124,2.2014387,29.0,19.7,24.5,30.6,21.7,07:16,20:26,18.77,17.9,0.5,2025,8,31,Open-Meteo (ERA5),0.0,6.5
2025-09-01,Barcelona,41.441124,2.2014387,27.8,20.2,23.1,29.7,21.8,07:17,20:24,18.75,16.6,10.8,2025,9,1,Open-Meteo (ERA5),0.0,5.100000000000001
2025-09-02,Barcelona,41.441124,2.2014387,27.2,17.4,21.9,26.9,18.2,07:18,20:22,21.3,20.2,0.0,2025,9,2,Open-Meteo (ERA5),0.0,3.8999999999999986
2025-09-03,Barcelona,41.441124,2.2014387,27.6,16.0,22.3,29.0,15.5,07:19,20:21,21.7,21.8,0.0,2025,9,3,Open-Meteo (ERA5),0.0,4.300000000000001
2025-09-04,Barcelona,41.441124,2.2014387,28.8,18.9,23.7,29.9,21.1,07:20,20:19,18.96,19.4,0.2,2025,9,4,Open-Meteo (ERA5),0.0,5.699999999999999
2025-09-05,Barcelona,41.441124,2.2014387,25.5,19.8,22.9,27.7,22.2,07:21,20:17,19.8,18.1,0.1,2025,9,5,Open-Meteo (ERA5),0.0,4.899999999999999
2025-09-06,Barcelona,41.441124,2.2014387,27.1,17.3,22.4,28.8,17.9,07:22,20:16,21.39,12.7,0.0,2025,9,6,Open-Meteo (ERA5),0.0,4.399999999999999
2025-09-07,Barcelona,41.441124,2.2014387,28.9,19.9,24.5,32.7,21.4,07:23,20:14,18.77,11.9,0.0,2025,9,7,Open-Meteo (ERA5),0.0,6.5
2025-09-08,Barcelona,41.441124,2.2014387,26.9,22.9,24.5,29.6,25.8,07:24,20:12,16.26,13.1,0.4,2025,9,8,Open-Meteo (ERA5),0.0,6.5
2025-09-09,Barcelona,41.441124,2.2014387,25.1,20.0,21.8,26.8,22.6,07:25,20:11,10.62,16.5,26.9,2025,9,9,Open-Meteo (ERA5),0.0,3.8000000000000007
2025-09-10,Barcelona,41.441124,2.2014387,28.0,18.0,22.6,26.3,20.0,07:26,20:09,19.45,17.3,0.1,2025,9,10,Open-Meteo (ERA5),0.0,4.600000000000001
2025-09-11,Barcelona,41.441124,2.2014387,23.6,18.3,21.3,24.6,18.2,07:27,20:07,17.23,21.9,8.8,2025,9,11,Open-Meteo (ERA5),0.0,3.3000000000000007
2025-09-12,Barcelona,41.441124,2.2014387,23.7,18.0,21.2,26.1,19.4,07:28,20:05,14.13,14.8,1.6,2025,9,12,Open-Meteo (ERA5),0.0,3.1999999999999993
2025-09-13,Barcelona,41.441124,2.2014387,24.4,19.4,21.3,28.1,21.6,07:29,20:04,10.49,14.4,99.4,2025,9,13,Open-Meteo (ERA5),0.0,3.3000000000000007
2025-09-14,Barcelona,41.441124,2.2014387,24.2,20.9,22.4,26.9,23.4,07:30,20:02,16.48,11.8,0.0,2025,9,14,Open-Meteo (ERA5),0.0,4.399999999999999
2025-09-15,Barcelona,41.441124,2.2014387,27.4,19.8,23.3,31.2,22.4,07:31,20:00,19.04,15.1,0.0,2025,9,15,Open-Meteo (ERA5),0.0,5.300000000000001
2025-09-16,Barcelona,41.441124,2.2014387,24.9,21.0,23.1,27.9,24.4,07:32,19:58,13.22,11.9,0.4,2025,9,16,Open-Meteo (ERA5),0.0,5.100000000000001
2025-09-17,Barcelona,41.441124,2.2014387,27.2,20.4,23.7,30.3,23.4,07:33,19:57,18.03,13.4,0.0,2025,9,17,Open-Meteo (ERA5),0.0,5.699999999999999
2025-09-18,Barcelona,41.441124,2.2014387,26.9,20.1,23.3,31.2,23.1,07:34,19:55,18.93,9.6,0.0,2025,9,18,Open-Meteo (ERA5),0.0,5.300000000000001
2025-09-19,Barcelona,41.441124,2.2014387,26.8,19.3,23.4,29.5,22.0,07:35,19:53,18.94,12.2,0.0,2025,9,19,Open-Meteo (ERA5),0.0,5.399999999999999
2025-09-20,Barcelona,41.441124,2.2014387,26.5,21.4,23.8,28.9,23.9,07:36,19:52,12.84,14.9,0.9,2025,9,20,Open-Meteo (ERA5),0.0,5.800000000000001
2025-09-21,Barcelona,41.441124,2.2014387,26.6,18.9,22.4,28.9,20.3,07:37,19:50,11.58,14.8,35.6,2025,9,21,Open-Meteo (ERA5),0.0,4.399999999999999
2025-09-22,Barcelona,41.441124,2.2014387,22.7,15.6,19.0,23.1,15.5,07:39,19:48,19.61,11.9,10.9,2025,9,22,Open-Meteo (ERA5),0.0,1.0
2025-09-23,Barcelona,41.441124,2.2014387,21.6,13.0,16.9,20.5,11.2,07:40,19:46,17.01,14.8,7.8,2025,9,23,Open-Meteo (ERA5),1.1000000000000014,0.0
2025-09-24,Barcelona,41.441124,2.2014387,20.6,13.4,16.5,19.8,12.5,07:41,19:45,17.39,17.4,2.3,2025,9,24,Open-Meteo (ERA5),1.5,0.0
2025-09-25,Barcelona,41.441124,2.2014387,20.9,15.3,17.8,21.3,15.2,07:42,19:43,15.76,14.7,0.5,2025,9,25,Open-Meteo (ERA5),0.1999999999999993,0.0
2025-09-26,Barcelona,41.441124,2.2014387,21.5,14.4,17.7,22.4,13.9,07:43,19:41,17.34,14.9,2.6,2025,9,26,Open-Meteo (ERA5),0.3000000000000007,0.0
2025-09-27,Barcelona,41.441124,2.2014387,22.6,15.4,18.8,23.9,15.2,07:44,19:40,15.15,12.2,0.0,2025,9,27,Open-Meteo (ERA5),0.0,0.8000000000000007
2025-09-28,Barcelona,41.441124,2.2014387,22.2,17.5,19.8,23.4,18.6,07:45,19:38,8.01,16.3,0.3,2025,9,28,Open-Meteo (ERA5),0.0,1.8000000000000007
2025-09-29,Barcelona,41.441124,2.2014387,22.6,15.4,19.3,22.5,16.2,07:46,19:36,15.69,14.4,0.3,2025,9,29,Open-Meteo (ERA5),0.0,1.3000000000000007
2025-09-30,Barcelona,41.441124,2.2014387,23.2,15.2,18.9,24.4,16.0,07:47,19:34,15.62,11.9,0.0,2025,9,30,Open-Meteo (ERA5),0.0,0.8999999999999986
2025-10-01,Barcelona,41.441124,2.2014387,22.4,15.8,19.2,24.0,16.6,07:48,19:33,15.41,14.2,0.3,2025,10,1,Open-Meteo (ERA5),0.0,1.1999999999999993
2025-10-02,Barcelona,41.441124,2.2014387,21.7,17.3,19.2,21.5,18.6,07:49,19:31,14.19,11.6,1.3,2025,10,2,Open-Meteo (ERA5),0.0,1.1999999999999993
2025-10-03,Barcelona,41.441124,2.2014387,22.8,15.0,19.2,24.9,15.5,07:50,19:29,12.46,8.7,0.1,2025,10,3,Open-Meteo (ERA5),0.0,1.1999999999999993
2025-10-04,Barcelona,41.441124,2.2014387,25.2,16.4,20.4,27.4,17.6,07:51,19:28,15.81,13.5,0.0,2025,10,4,Open-Meteo (ERA5),0.0,2.3999999999999986
2025-10-05,Barcelona,41.441124,2.2014387,21.6,17.4,19.3,21.9,18.2,07:52,19:26,10.2,24.6,6.2,2025,10,5,Open-Meteo (ERA5),0.0,1.3000000000000007
2025-10-06,Barcelona,41.441124,2.2014387,21.7,13.9,17.9,21.4,12.8,07:53,19:24,16.12,14.9,0.4,2025,10,6,Open-Meteo (ERA5),0.10000000000000142,0.0
2025-10-07,Barcelona,41.441124,2.2014387,22.3,12.7,17.7,23.3,11.5,07:54,19:23,15.51,9.9,0.0,2025,10,7,Open-Meteo (ERA5),0.3000000000000007,0.0
2025-10-08,Barcelona,41.441124,2.2014387,23.3,15.4,19.0,25.6,15.8,07:55,19:21,15.3,9.2,0.0,2025,10,8,Open-Meteo (ERA5),0.0,1.0
2025-10-09,Barcelona,41.441124,2.2014387,22.2,16.6,18.6,24.0,17.8,07:56,19:19,9.51,7.5,7.0,2025,10,9,Open-Meteo (ERA5),0.0,0.6000000000000014
2025-10-10,Barcelona,41.441124,2.2014387,23.8,15.7,19.2,23.2,16.8,07:57,19:18,14.72,20.0,0.1,2025,10,10,Open-Meteo (ERA5),0.0,1.1999999999999993
2025-10-11,Barcelona,41.441124,2.2014387,23.5,17.7,20.2,22.6,16.3,07:59,19:16,14.34,19.3,0.0,2025,10,11,Open-Meteo (ERA5),0.0,2.1999999999999993
2025-10-12,Barcelona,41.441124,2.2014387,22.7,16.2,19.3,22.7,15.1,08:00,19:15,10.92,18.5,1.0,2025,10,12,Open-Meteo (ERA5),0.0,1.3000000000000007
2025-10-13,Barcelona,41.441124,2.2014387,22.4,16.9,19.0,23.0,18.2,08:01,19:13,8.07,14.6,6.4,2025,10,13,Open-Meteo (ERA5),0.0,1.0
2025-10-14,Barcelona,41.441124,2.2014387,23.1,16.0,18.7,24.3,17.2,08:02,19:11,11.39,11.2,12.7,2025,10,14,Open-Meteo (ERA5),0.0,0.6999999999999993
2025-10-15,Barcelona,41.441124,2.2014387,21.7,14.2,17.9,22.5,14.8,08:03,19:10,13.28,9.0,0.4,2025,10,15,Open-Meteo (ERA5),0.10000000000000142,0.0
2025-10-16,Barcelona,41.441124,2.2014387,20.3,14.6,17.3,21.3,14.8,08:04,19:08,11.69,8.8,0.0,2025,10,16,Open-Meteo (ERA5),0.6999999999999993,0.0
2025-10-17,Barcelona,41.441124,2.2014387,19.9,14.6,17.0,21.3,15.4,08:05,19:07,9.98,7.5,2.2,2025,10,17,Open-Meteo (ERA5),1.0,0.0
2025-10-18,Barcelona,41.441124,2.2014387,20.7,14.2,17.4,21.7,14.9,08:06,19:05,8.71,8.2,1.7,2025,10,18,Open-Meteo (ERA5),0.6000000000000014,0.0
2025-10-19,Barcelona,41.441124,2.2014387,22.5,14.3,18.2,22.4,14.8,08:08,19:04,11.97,19.9,0.4,2025,10,19,Open-Meteo (ERA5),0.0,0.1999999999999993
2025-10-20,Barcelona,41.441124,2.2014387,24.5,17.5,20.7,24.2,18.1,08:09,19:02,10.68,20.1,10.2,2025,10,20,Open-Meteo (ERA5),0.0,2.6999999999999993
2025-10-21,Barcelona,41.441124,2.2014387,25.2,14.5,19.1,24.1,14.5,08:10,19:01,13.65,15.7,0.0,2025,10,21,Open-Meteo (ERA5),0.0,1.1000000000000014
2025-10-22,Barcelona,41.441124,2.2014387,26.3,16.4,21.2,26.9,16.7,08:11,18:59,12.84,13.7,0.0,2025,10,22,Open-Meteo (ERA5),0.0,3.1999999999999993
2025-10-23,Barcelona,41.441124,2.2014387,26.0,17.3,22.3,23.9,14.1,08:12,18:58,13.37,32.9,0.0,2025,10,23,Open-Meteo (ERA5),0.0,4.300000000000001
2025-10-24,Barcelona,41.441124,2.2014387,22.4,12.6,17.1,19.5,9.5,08:13,18:56,13.59,13.0,0.0,2025,10,24,Open-Meteo (ERA5),0.8999999999999986,0.0
2025-10-25,Barcelona,41.441124,2.2014387,22.6,13.4,17.8,22.1,11.9,08:14,18:55,10.92,13.1,3.4,2025,10,25,Open-Meteo (ERA5),0.1999999999999993,0.0
2025-10-26,Barcelona,41.441124,2.2014387,18.5,14.0,16.3,20.0,13.9,08:16,18:54,9.07,12.3,2.1,2025,10,26,Open-Meteo (ERA5),1.6999999999999993,0.0
2025-10-27,Barcelona,41.441124,2.2014387,19.1,9.3,14.1,17.8,6.3,08:17,18:52,13.13,12.0,0.0,2025,10,27,Open-Meteo (ERA5),3.9000000000000004,0.0
2025-10-28,Barcelona,41.441124,2.2014387,19.9,9.4,14.3,19.4,7.2,08:18,18:51,12.83,9.4,0.0,2025,10,28,Open-Meteo (ERA5),3.6999999999999993,0.0
2025-10-29,Barcelona,41.441124,2.2014387,21.4,11.2,15.5,21.3,10.2,08:19,18:50,7.21,16.1,1.0,2025,10,29,Open-Meteo (ERA5),2.5,0.0
2025-10-30,Barcelona,41.441124,2.2014387,22.2,13.7,17.6,21.3,14.0,08:20,18:48,11.74,16.1,0.5,2025,10,30,Open-Meteo (ERA5),0.3999999999999986,0.0
2025-10-31,Barcelona,41.441124,2.2014387,22.9,11.3,16.6,21.9,10.3,08:22,18:47,11.6,12.6,0.0,2025,10,31,Open-Meteo (ERA5),1.3999999999999986,0.0
2025-11-01,Barcelona,41.441124,2.2014387,22.5,12.8,16.7,21.9,11.8,08:23,18:46,10.58,14.6,0.0,2025,11,1,Open-Meteo (ERA5),1.3000000000000007,0.0
2025-11-02,Barcelona,41.441124,2.2014387,22.9,13.5,17.5,22.3,13.1,08:24,18:45,11.33,21.6,0.0,2025,11,2,Open-Meteo (ERA5),0.5,0.0
2025-11-03,Barcelona,41.441124,2.2014387,18.8,10.9,15.3,19.1,9.4,08:25,18:43,9.68,12.2,0.1,2025,11,3,Open-Meteo (ERA5),2.6999999999999993,0.0
2025-11-04,Barcelona,41.441124,2.2014387,20.2,9.2,14.6,19.6,7.5,08:26,18:42,11.02,12.9,0.1,2025,11,4,Open-Meteo (ERA5),3.4000000000000004,0.0
2025-11-05,Barcelona,41.441124,2.2014387,19.7,11.3,15.3,20.5,10.4,08:28,18:41,7.69,10.6,2.0,2025,11,5,Open-Meteo (ERA5),2.6999999999999993,0.0
2025-11-06,Barcelona,41.441124,2.2014387,18.6,13.6,16.5,18.6,13.1,08:29,18:40,7.17,15.7,13.0,2025,11,6,Open-Meteo (ERA5),1.5,0.0
2025-11-07,Barcelona,41.441124,2.2014387,18.9,11.0,14.1,17.4,9.1,08:30,18:39,11.15,10.4,0.0,2025,11,7,Open-Meteo (ERA5),3.9000000000000004,0.0
2025-11-08,Barcelona,41.441124,2.2014387,16.8,10.1,12.7,16.0,8.7,08:31,18:38,5.37,9.5,1.5,2025,11,8,Open-Meteo (ERA5),5.300000000000001,0.0
2025-11-09,Barcelona,41.441124,2.2014387,17.4,9.7,13.0,17.3,7.2,08:32,18:37,11.02,13.6,0.0,2025,11,9,Open-Meteo (ERA5),5.0,0.0
2025-11-10,Barcelona,41.441124,2.2014387,18.7,8.4,12.5,17.0,6.1,08:34,18:36,10.62,9.6,0.0,2025,11,10,Open-Meteo (ERA5),5.5,0.0
2025-11-11,Barcelona,41.441124,2.2014387,19.1,7.5,12.5,17.7,5.3,08:35,18:35,10.2,11.3,0.0,2025,11,11,Open-Meteo (ERA5),5.5,0.0
2025-11-12,Barcelona,41.441124,2.2014387,19.9,9.4,14.1,20.4,7.8,08:36,18:34,10.16,8.9,0.0,2025,11,12,Open-Meteo (ERA5),3.9000000000000004,0.0
2025-11-13,Barcelona,41.441124,2.2014387,20.2,14.3,17.1,20.1,14.0,08:37,18:33,7.77,23.1,0.0,2025,11,13,Open-Meteo (ERA5),0.8999999999999986,0.0
2025-11-14,Barcelona,41.441124,2.2014387,21.1,15.4,17.9,22.4,16.6,08:38,18:32,3.96,16.6,0.3,2025,11,14,Open-Meteo (ERA5),0.10000000000000142,0.0
2025-11-15,Barcelona,41.441124,2.2014387,21.7,14.6,17.5,18.9,14.5,08:40,18:31,9.51,15.4,0.1,2025,11,15,Open-Meteo (ERA5),0.5,0.0
2025-11-16,Barcelona,41.441124,2.2014387,20.6,14.4,16.9,18.2,13.2,08:41,18:30,9.85,13.3,1.4,2025,11,16,Open-Meteo (ERA5),1.1000000000000014,0.0
2025-11-17,Barcelona,41.441124,2.2014387,18.4,10.3,14.0,17.2,8.7,08:42,18:29,9.15,10.0,0.2,2025,11,17,Open-Meteo (ERA5),4.0,0.0
2025-11-18,Barcelona,41.441124,2.2014387,16.7,8.8,12.4,15.0,7.1,08:43,18:29,10.13,11.2,0.1,2025,11,18,Open-Meteo (ERA5),5.6,0.0
2025-11-19,Barcelona,41.441124,2.2014387,13.3,5.3,8.9,9.3,1.4,08:44,18:28,10.25,14.5,0.0,2025,11,19,Open-Meteo (ERA5),9.1,0.0
2025-11-20,Barcelona,41.441124,2.2014387,11.7,4.3,7.8,9.3,1.1,08:46,18:27,6.74,11.9,0.9,2025,11,20,Open-Meteo (ERA5),10.2,0.0
2025-11-21,Barcelona,41.441124,2.2014387,11.5,3.7,7.3,5.9,0.1,08:47,18:26,10.19,23.2,0.0,2025,11,21,Open-Meteo (ERA5),10.7,0.0
2025-11-22,Barcelona,41.441124,2.2014387,14.0,5.3,8.4,9.0,-0.8,08:48,18:26,10.19,22.7,0.0,2025,11,22,Open-Meteo (ERA5),9.6,0.0
2025-11-23,Barcelona,41.441124,2.2014387,15.8,4.8,9.6,13.3,1.2,08:49,18:25,8.82,10.7,0.0,2025,11,23,Open-Meteo (ERA5),8.4,0.0
2025-11-24,Barcelona,41.441124,2.2014387,19.3,11.4,14.8,15.2,9.1,08:50,18:25,8.42,26.9,0.0,2025,11,24,Open-Meteo (ERA5),3.1999999999999993,0.0
2025-11-25,Barcelona,41.441124,2.2014387,17.0,8.6,12.3,14.5,5.3,08:51,18:24,8.91,13.2,0.0,2025,11,25,Open-Meteo (ERA5),5.699999999999999,0.0
2025-11-26,Barcelona,41.441124,2.2014387,14.8,7.3,10.6,8.8,2.6,08:52,18:24,9.67,21.3,0.0,2025,11,26,Open-Meteo (ERA5),7.4,0.0
2025-11-27,Barcelona,41.441124,2.2014387,12.9,4.6,8.4,9.6,0.3,08:53,18:23,9.63,16.2,0.0,2025,11,27,Open-Meteo (ERA5),9.6,0.0
2025-11-28,Barcelona,41.441124,2.2014387,14.4,3.1,7.8,11.4,-0.6,08:55,18:23,8.82,9.0,0.0,2025,11,28,Open-Meteo (ERA5),10.2,0.0
2025-11-29,Barcelona,41.441124,2.2014387,16.7,3.5,9.4,14.1,-0.1,08:56,18:23,8.53,11.4,0.0,2025,11,29,Open-Meteo (ERA5),8.6,0.0
2025-11-30,Barcelona,41.441124,2.2014387,14.7,6.4,9.6,13.2,3.7,08:57,18:22,5.83,8.6,0.0,2025,11,30,Open-Meteo (ERA5),8.4,0.0
2025-12-01,Barcelona,41.441124,2.2014387,15.3,5.1,9.1,13.0,2.4,08:58,18:22,8.93,10.0,0.0,2025,12,1,Open-Meteo (ERA5),8.9,0.0
2025-12-02,Barcelona,41.441124,2.2014387,15.7,5.9,9.9,13.4,3.1,08:59,18:22,7.83,12.9,0.0,2025,12,2,Open-Meteo (ERA5),8.1,0.0
2025-12-03,Barcelona,41.441124,2.2014387,14.7,6.0,9.7,11.4,3.1,09:00,18:21,8.47,14.3,0.4,2025,12,3,Open-Meteo (ERA5),8.3,0.0
2025-12-04,Barcelona,41.441124,2.2014387,10.4,5.1,7.8,8.5,2.0,09:01,18:21,3.93,11.9,1.6,2025,12,4,Open-Meteo (ERA5),10.2,0.0
2025-12-05,Barcelona,41.441124,2.2014387,15.7,6.4,9.7,13.4,3.8,09:02,18:21,8.62,12.4,0.0,2025,12,5,Open-Meteo (ERA5),8.3,0.0
2025-12-06,Barcelona,41.441124,2.2014387,18.8,6.5,11.1,17.7,4.2,09:03,18:21,7.8,10.2,0.0,2025,12,6,Open-Meteo (ERA5),6.9,0.0
2025-12-07,Barcelona,41.441124,2.2014387,19.1,6.8,12.1,18.6,4.0,09:04,18:21,7.59,11.5,0.0,2025,12,7,Open-Meteo (ERA5),5.9,0.0
2025-12-08,Barcelona,41.441124,2.2014387,18.0,7.4,11.9,16.7,4.8,09:05,18:21,8.42,10.0,0.0,2025,12,8,Open-Meteo (ERA5),6.1,0.0
2025-12-09,Barcelona,41.441124,2.2014387,17.0,5.2,10.4,15.9,2.5,09:05,18:21,8.16,12.5,0.0,2025,12,9,Open-Meteo (ERA5),7.6,0.0
2025-12-10,Barcelona,41.441124,2.2014387,18.4,6.8,11.3,16.9,4.8,09:06,18:21,7.91,10.4,0.0,2025,12,10,Open-Meteo (ERA5),6.699999999999999,0.0
2025-12-11,Barcelona,41.441124,2.2014387,16.3,6.2,10.6,15.6,4.1,09:07,18:21,8.01,8.9,0.0,2025,12,11,Open-Meteo (ERA5),7.4,0.0
2025-12-12,Barcelona,41.441124,2.2014387,16.4,6.9,11.7,15.8,5.0,09:08,18:21,7.21,8.1,0.2,2025,12,12,Open-Meteo (ERA5),6.300000000000001,0.0
2025-12-13,Barcelona,41.441124,2.2014387,16.8,9.1,12.7,14.3,7.1,09:09,18:21,7.2,12.7,0.3,2025,12,13,Open-Meteo (ERA5),5.300000000000001,0.0
2025-12-14,Barcelona,41.441124,2.2014387,14.9,5.0,10.3,13.0,2.3,09:09,18:21,5.52,11.9,2.3,2025,12,14,Open-Meteo (ERA5),7.699999999999999,0.0
2025-12-15,Barcelona,41.441124,2.2014387,15.2,10.3,12.4,14.8,9.7,09:10,18:22,2.84,14.4,36.6,2025,12,15,Open-Meteo (ERA5),5.6,0.0
2025-12-16,Barcelona,41.441124,2.2014387,14.9,8.1,11.4,13.8,6.8,09:11,18:22,6.58,14.3,2.0,2025,12,16,Open-Meteo (ERA5),6.6,0.0
2025-12-17,Barcelona,41.441124,2.2014387,15.8,8.6,12.3,14.7,7.2,09:11,18:22,7.63,12.0,0.1,2025,12,17,Open-Meteo (ERA5),5.699999999999999,0.0
2025-12-18,Barcelona,41.441124,2.2014387,15.3,7.0,10.5,14.8,5.3,09:12,18:23,7.47,9.2,0.0,2025,12,18,Open-Meteo (ERA5),7.5,0.0
2025-12-19,Barcelona,41.441124,2.2014387,15.6,7.2,11.0,15.1,5.0,09:12,18:23,6.44,9.7,1.5,2025,12,19,Open-Meteo (ERA5),7.0,0.0
2025-12-20,Barcelona,41.441124,2.2014387,14.0,11.0,12.5,14.3,10.3,09:13,18:24,2.6,9.3,12.0,2025,12,20,Open-Meteo (ERA5),5.5,0.0
2025-12-21,Barcelona,41.441124,2.2014387,14.9,9.2,12.0,13.7,8.1,09:14,18:24,6.37,15.5,3.2,2025,12,21,Open-Meteo (ERA5),6.0,0.0
2025-12-22,Barcelona,41.441124,2.2014387,11.6,7.5,9.1,11.3,4.1,09:14,18:25,2.91,16.5,10.6,2025,12,22,Open-Meteo (ERA5),8.9,0.0
2025-12-23,Barcelona,41.441124,2.2014387,9.1,5.5,7.3,6.4,2.7,09:15,18:25,1.78,14.0,4.6,2025,12,23,Open-Meteo (ERA5),10.7,0.0
2025-12-24,Barcelona,41.441124,2.2014387,13.8,4.3,9.1,11.0,1.4,09:15,18:26,6.34,18.1,0.0,2025,12,24,Open-Meteo (ERA5),8.9,0.0
2025-12-25,Barcelona,41.441124,2.2014387,12.5,7.5,9.5,10.5,5.2,09:15,18:26,4.4,17.7,5.7,2025,12,25,Open-Meteo (ERA5),8.5,0.0
2025-12-26,Barcelona,41.441124,2.2014387,12.2,10.4,11.4,10.4,6.8,09:16,18:27,2.29,26.1,14.6,2025,12,26,Open-Meteo (ERA5),6.6,0.0
2025-12-27,Barcelona,41.441124,2.2014387,12.8,10.8,11.6,9.9,7.6,09:16,18:28,2.57,30.1,44.4,2025,12,27,Open-Meteo (ERA5),6.4,0.0
2025-12-28,Barcelona,41.441124,2.2014387,15.0,9.9,12.2,13.2,7.9,09:16,18:28,6.81,17.1,0.8,2025,12,28,Open-Meteo (ERA5),5.800000000000001,0.0
2025-12-29,Barcelona,41.441124,2.2014387,13.5,9.0,11.1,12.6,8.1,09:17,18:29,6.21,9.8,19.9,2025,12,29,Open-Meteo (ERA5),6.9,0.0
2025-12-30,Barcelona,41.441124,2.2014387,14.2,6.2,9.2,12.1,3.9,09:17,18:30,8.22,11.7,0.0,2025,12,30,Open-Meteo (ERA5),8.8,0.0
2025-12-31,Barcelona,41.441124,2.2014387,12.0,5.9,8.3,10.7,3.2,09:17,18:31,5.05,11.5,0.2,2025,12,31,Open-Meteo (ERA5),9.7,0.0
2026-01-01,Barcelona,41.441124,2.2014387,12.5,2.6,7.4,9.2,-0.6,09:17,18:32,7.96,15.3,0.0,2026,1,1,Open-Meteo (ERA5),10.6,0.0
2026-01-02,Barcelona,41.441124,2.2014387,11.1,4.4,7.2,8.3,0.9,09:17,18:32,6.19,10.9,0.0,2026,1,2,Open-Meteo (ERA5),10.8,0.0
2026-01-03,Barcelona,41.441124,2.2014387,11.3,5.8,8.7,9.0,3.2,09:17,18:33,5.75,13.4,1.4,2026,1,3,Open-Meteo (ERA5),9.3,0.0
2026-01-04,Barcelona,41.441124,2.2014387,9.3,6.9,7.9,7.6,4.9,09:17,18:34,1.75,10.4,3.2,2026,1,4,Open-Meteo (ERA5),10.1,0.0
2026-01-05,Barcelona,41.441124,2.2014387,7.4,4.8,6.2,5.9,1.4,09:17,18:35,2.26,12.4,1.1,2026,1,5,Open-Meteo (ERA5),11.8,0.0
2026-01-06,Barcelona,41.441124,2.2014387,9.8,0.5,4.3,6.7,-3.9,09:17,18:36,8.99,14.3,0.0,2026,1,6,Open-Meteo (ERA5),13.7,0.0
2026-01-07,Barcelona,41.441124,2.2014387,8.4,-0.0,3.6,4.2,-4.6,09:17,18:37,9.05,13.9,0.0,2026,1,7,Open-Meteo (ERA5),14.4,0.0
2026-01-08,Barcelona,41.441124,2.2014387,14.9,4.1,9.2,12.3,0.7,09:17,18:38,8.28,20.1,0.0,2026,1,8,Open-Meteo (ERA5),8.8,0.0
2026-01-09,Barcelona,41.441124,2.2014387,15.9,9.3,12.2,11.3,4.3,09:16,18:39,8.57,27.6,0.0,2026,1,9,Open-Meteo (ERA5),5.800000000000001,0.0
2026-01-10,Barcelona,41.441124,2.2014387,13.3,6.5,9.2,9.6,1.7,09:16,18:40,8.83,21.7,0.1,2026,1,10,Open-Meteo (ERA5),8.8,0.0
2026-01-11,Barcelona,41.441124,2.2014387,12.7,3.1,7.2,10.4,-0.1,09:16,18:41,8.81,9.4,0.0,2026,1,11,Open-Meteo (ERA5),10.8,0.0
2026-01-12,Barcelona,41.441124,2.2014387,14.5,3.4,7.9,12.3,0.4,09:16,18:42,8.0,13.2,0.0,2026,1,12,Open-Meteo (ERA5),10.1,0.0
2026-01-13,Barcelona,41.441124,2.2014387,15.7,5.6,9.9,14.3,3.7,09:15,18:43,8.27,9.4,0.0,2026,1,13,Open-Meteo (ERA5),8.1,0.0
2026-01-14,Barcelona,41.441124,2.2014387,14.4,5.0,9.3,13.6,2.3,09:15,18:45,8.2,8.4,0.0,2026,1,14,Open-Meteo (ERA5),8.7,0.0
2026-01-15,Barcelona,41.441124,2.2014387,14.5,5.2,9.1,12.5,2.6,09:14,18:46,8.71,13.1,0.0,2026,1,15,Open-Meteo (ERA5),8.9,0.0
2026-01-16,Barcelona,41.441124,2.2014387,13.7,4.7,8.5,12.4,2.0,09:14,18:47,5.66,7.6,0.1,2026,1,16,Open-Meteo (ERA5),9.5,0.0
2026-01-17,Barcelona,41.441124,2.2014387,12.8,8.9,11.1,11.8,7.8,09:14,18:48,2.37,22.1,35.9,2026,1,17,Open-Meteo (ERA5),6.9,0.0
2026-01-18,Barcelona,41.441124,2.2014387,12.4,10.3,11.2,11.0,8.7,09:13,18:49,3.78,17.0,12.4,2026,1,18,Open-Meteo (ERA5),6.800000000000001,0.0
2026-01-19,Barcelona,41.441124,2.2014387,13.3,8.0,10.7,11.5,6.3,09:12,18:50,6.2,17.2,5.4,2026,1,19,Open-Meteo (ERA5),7.300000000000001,0.0
2026-01-20,Barcelona,41.441124,2.2014387,11.9,8.0,9.9,8.8,3.7,09:12,18:51,1.36,23.8,43.0,2026,1,20,Open-Meteo (ERA5),8.1,0.0
2026-01-21,Barcelona,41.441124,2.2014387,13.8,6.7,10.9,12.1,4.6,09:11,18:53,7.48,16.8,0.8,2026,1,21,Open-Meteo (ERA5),7.1,0.0
2026-01-22,Barcelona,41.441124,2.2014387,14.3,8.0,10.9,12.3,7.1,09:11,18:54,5.75,16.5,2.2,2026,1,22,Open-Meteo (ERA5),7.1,0.0
2026-01-23,Barcelona,41.441124,2.2014387,15.3,5.6,9.5,11.9,3.2,09:10,18:55,9.24,14.5,0.0,2026,1,23,Open-Meteo (ERA5),8.5,0.0
2026-01-24,Barcelona,41.441124,2.2014387,7.3,5.0,6.3,5.2,0.8,09:09,18:56,1.95,19.1,27.6,2026,1,24,Open-Meteo (ERA5),11.7,0.0
2026-01-25,Barcelona,41.441124,2.2014387,13.8,4.3,8.6,9.8,2.0,09:08,18:57,9.45,20.7,0.0,2026,1,25,Open-Meteo (ERA5),9.4,0.0
2026-01-26,Barcelona,41.441124,2.2014387,13.8,8.3,10.4,10.7,3.1,09:08,18:59,8.61,27.7,0.3,2026,1,26,Open-Meteo (ERA5),7.6,0.0
2026-01-27,Barcelona,41.441124,2.2014387,14.6,7.1,10.8,12.5,5.6,09:07,19:00,4.84,22.1,4.5,2026,1,27,Open-Meteo (ERA5),7.199999999999999,0.0
2026-01-28,Barcelona,41.441124,2.2014387,10.5,7.3,9.2,7.5,3.9,09:06,19:01,5.6,20.0,0.2,2026,1,28,Open-Meteo (ERA5),8.8,0.0
2026-01-29,Barcelona,41.441124,2.2014387,15.0,6.8,9.8,12.3,3.7,09:05,19:02,8.4,14.6,0.0,2026,1,29,Open-Meteo (ERA5),8.2,0.0
2026-01-30,Barcelona,41.441124,2.2014387,15.9,7.6,11.6,12.3,5.2,09:04,19:04,11.07,22.1,0.4,2026,1,30,Open-Meteo (ERA5),6.4,0.0
2026-01-31,Barcelona,41.441124,2.2014387,15.7,8.4,11.1,13.5,4.4,09:03,19:05,10.77,22.0,0.5,2026,1,31,Open-Meteo (ERA5),6.9,0.0
2026-02-01,Barcelona,41.441124,2.2014387,13.3,6.2,9.5,11.4,3.2,09:02,19:06,7.39,19.6,0.3,2026,2,1,Open-Meteo (ERA5),8.5,0.0
2026-02-02,Barcelona,41.441124,2.2014387,13.4,5.5,9.4,12.8,3.1,09:01,19:08,4.46,16.9,2.7,2026,2,2,Open-Meteo (ERA5),8.6,0.0
2026-02-03,Barcelona,41.441124,2.2014387,15.0,4.9,10.4,12.5,2.5,09:00,19:09,11.59,17.8,0.0,2026,2,3,Open-Meteo (ERA5),7.6,0.0
2026-02-04,Barcelona,41.441124,2.2014387,14.0,5.1,8.8,10.5,2.6,08:59,19:10,7.09,16.2,0.7,2026,2,4,Open-Meteo (ERA5),9.2,0.0
2026-02-05,Barcelona,41.441124,2.2014387,15.2,7.8,11.0,12.9,5.4,08:58,19:11,3.88,23.4,2.5,2026,2,5,Open-Meteo (ERA5),7.0,0.0
2026-02-06,Barcelona,41.441124,2.2014387,17.3,10.6,13.8,14.2,8.5,08:57,19:13,11.7,19.5,0.0,2026,2,6,Open-Meteo (ERA5),4.199999999999999,0.0
2026-02-07,Barcelona,41.441124,2.2014387,14.7,9.3,11.4,10.8,5.9,08:56,19:14,12.36,18.9,0.0,2026,2,7,Open-Meteo (ERA5),6.6,0.0
2026-02-08,Barcelona,41.441124,2.2014387,15.9,6.2,10.5,14.3,4.2,08:54,19:15,11.08,10.7,5.3,2026,2,8,Open-Meteo (ERA5),7.5,0.0
2026-02-09,Barcelona,41.441124,2.2014387,14.8,6.1,10.1,12.6,3.8,08:53,19:16,10.67,11.5,0.3,2026,2,9,Open-Meteo (ERA5),7.9,0.0
2026-02-10,Barcelona,41.441124,2.2014387,19.5,8.3,13.4,18.4,6.6,08:52,19:18,9.5,15.7,2.7,2026,2,10,Open-Meteo (ERA5),4.6,0.0
2026-02-11,Barcelona,41.441124,2.2014387,20.4,13.3,17.1,16.6,10.9,08:51,19:19,10.81,33.0,4.4,2026,2,11,Open-Meteo (ERA5),0.8999999999999986,0.0
2026-02-12,Barcelona,41.441124,2.2014387,18.0,12.6,15.6,11.9,6.8,08:50,19:20,13.25,42.6,0.0,2026,2,12,Open-Meteo (ERA5),2.4000000000000004,0.0
2026-02-13,Barcelona,41.441124,2.2014387,14.7,9.9,11.4,11.1,6.7,08:48,19:21,2.39,20.2,18.5,2026,2,13,Open-Meteo (ERA5),6.6,0.0
2026-02-14,Barcelona,41.441124,2.2014387,17.6,8.6,12.3,14.8,6.1,08:47,19:23,11.67,21.6,0.2,2026,2,14,Open-Meteo (ERA5),5.699999999999999,0.0
2026-02-15,Barcelona,41.441124,2.2014387,13.5,6.8,10.1,10.3,2.8,08:46,19:24,11.96,26.1,0.0,2026,2,15,Open-Meteo (ERA5),7.9,0.0
2026-02-16,Barcelona,41.441124,2.2014387,19.8,11.2,15.1,16.3,7.9,08:44,19:25,12.29,22.9,0.0,2026,2,16,Open-Meteo (ERA5),2.9000000000000004,0.0
2026-02-17,Barcelona,41.441124,2.2014387,15.3,9.1,12.8,13.9,6.8,08:43,19:26,11.63,13.9,0.0,2026,2,17,Open-Meteo (ERA5),5.199999999999999,0.0
2026-02-18,Barcelona,41.441124,2.2014387,16.4,8.3,12.5,14.6,7.4,08:41,19:28,12.75,16.7,0.0,2026,2,18,Open-Meteo (ERA5),5.5,0.0
2026-02-19,Barcelona,41.441124,2.2014387,16.7,10.6,13.3,11.4,5.2,08:40,19:29,11.92,26.9,0.0,2026,2,19,Open-Meteo (ERA5),4.699999999999999,0.0
2026-02-20,Barcelona,41.441124,2.2014387,16.6,9.0,12.4,14.4,5.1,08:39,19:30,12.84,24.2,0.0,2026,2,20,Open-Meteo (ERA5),5.6,0.0
2026-02-21,Barcelona,41.441124,2.2014387,18.4,5.8,11.5,16.2,2.7,08:37,19:31,14.87,12.1,0.0,2026,2,21,Open-Meteo (ERA5),6.5,0.0
2026-02-22,Barcelona,41.441124,2.2014387,17.7,5.7,11.4,16.3,2.9,08:36,19:33,15.06,10.9,0.0,2026,2,22,Open-Meteo (ERA5),6.6,0.0
2026-02-23,Barcelona,41.441124,2.2014387,18.0,7.3,12.1,17.4,4.8,08:34,19:34,15.02,8.8,0.0,2026,2,23,Open-Meteo (ERA5),5.9,0.0
2026-02-24,Barcelona,41.441124,2.2014387,20.5,6.6,13.0,18.2,3.9,08:33,19:35,15.34,14.3,0.0,2026,2,24,Open-Meteo (ERA5),5.0,0.0
2026-02-25,Barcelona,41.441124,2.2014387,15.6,6.6,11.5,14.6,4.8,08:31,19:36,14.74,9.8,0.0,2026,2,25,Open-Meteo (ERA5),6.5,0.0
2026-02-26,Barcelona,41.441124,2.2014387,15.1,7.3,11.3,14.2,5.6,08:30,19:37,15.0,8.0,0.0,2026,2,26,Open-Meteo (ERA5),6.699999999999999,0.0
2026-02-27,Barcelona,41.441124,2.2014387,16.0,5.9,10.7,14.4,4.1,08:28,19:39,14.16,12.3,0.0,2026,2,27,Open-Meteo (ERA5),7.300000000000001,0.0
2026-02-28,Barcelona,41.441124,2.2014387,14.3,8.7,12.0,12.9,7.9,08:27,19:40,8.3,12.2,0.9,2026,2,28,Open-Meteo (ERA5),6.0,0.0
2026-03-01,Barcelona,41.441124,2.2014387,15.4,8.9,12.3,13.8,7.7,08:25,19:41,11.28,12.6,2.5,2026,3,1,Open-Meteo (ERA5),5.699999999999999,0.0
2026-03-02,Barcelona,41.441124,2.2014387,14.3,6.3,10.8,12.6,4.4,08:23,19:42,12.29,11.4,0.1,2026,3,2,Open-Meteo (ERA5),7.199999999999999,0.0
2026-03-03,Barcelona,41.441124,2.2014387,17.0,11.3,14.0,13.4,9.3,08:22,19:43,12.36,29.0,1.1,2026,3,3,Open-Meteo (ERA5),4.0,0.0
2026-03-04,Barcelona,41.441124,2.2014387,17.9,13.7,15.1,14.1,10.2,08:20,19:44,13.13,31.4,0.0,2026,3,4,Open-Meteo (ERA5),2.9000000000000004,0.0
2026-03-05,Barcelona,41.441124,2.2014387,14.8,12.7,13.8,11.7,10.0,08:19,19:46,4.43,29.9,36.2,2026,3,5,Open-Meteo (ERA5),4.199999999999999,0.0
2026-03-06,Barcelona,41.441124,2.2014387,14.3,11.9,12.8,12.4,8.4,08:17,19:47,5.49,30.3,35.3,2026,3,6,Open-Meteo (ERA5),5.199999999999999,0.0
2026-03-07,Barcelona,41.441124,2.2014387,14.9,10.9,12.5,13.8,8.8,08:16,19:48,9.85,21.8,12.3,2026,3,7,Open-Meteo (ERA5),5.5,0.0
2026-03-08,Barcelona,41.441124,2.2014387,13.9,7.7,11.1,12.8,6.4,08:14,19:49,12.34,11.7,6.7,2026,3,8,Open-Meteo (ERA5),6.9,0.0
2026-03-09,Barcelona,41.441124,2.2014387,14.8,7.9,11.3,14.3,6.7,08:12,19:50,14.67,11.7,3.5,2026,3,9,Open-Meteo (ERA5),6.699999999999999,0.0
2026-03-10,Barcelona,41.441124,2.2014387,14.4,6.2,10.6,13.7,4.6,08:11,19:51,15.29,9.1,0.1,2026,3,10,Open-Meteo (ERA5),7.4,0.0
2026-03-11,Barcelona,41.441124,2.2014387,16.7,6.7,11.6,16.3,4.7,08:09,19:52,15.6,16.0,0.0,2026,3,11,Open-Meteo (ERA5),6.4,0.0
2026-03-12,Barcelona,41.441124,2.2014387,15.4,8.7,11.9,14.1,7.4,08:07,19:54,12.41,17.1,0.3,2026,3,12,Open-Meteo (ERA5),6.1,0.0
2026-03-13,Barcelona,41.441124,2.2014387,15.4,7.3,11.2,15.3,5.7,08:06,19:55,16.75,11.5,0.0,2026,3,13,Open-Meteo (ERA5),6.800000000000001,0.0
2026-03-14,Barcelona,41.441124,2.2014387,11.8,7.4,10.0,11.1,5.4,08:04,19:56,5.34,21.6,17.8,2026,3,14,Open-Meteo (ERA5),8.0,0.0
2026-03-15,Barcelona,41.441124,2.2014387,16.7,5.0,10.5,14.3,2.1,08:02,19:57,18.58,13.7,0.0,2026,3,15,Open-Meteo (ERA5),7.5,0.0
2026-03-16,Barcelona,41.441124,2.2014387,15.9,4.1,10.1,15.1,0.1,08:01,19:58,19.4,12.6,0.0,2026,3,16,Open-Meteo (ERA5),7.9,0.0
2026-03-17,Barcelona,41.441124,2.2014387,16.3,7.0,11.7,16.9,4.6,07:59,19:59,19.23,10.0,0.0,2026,3,17,Open-Meteo (ERA5),6.300000000000001,0.0
2026-03-18,Barcelona,41.441124,2.2014387,15.1,7.6,11.6,15.1,6.4,07:57,20:00,18.81,24.0,0.1,2026,3,18,Open-Meteo (ERA5),6.4,0.0
2026-03-19,Barcelona,41.441124,2.2014387,14.8,10.0,12.8,11.6,8.4,07:55,20:01,13.71,19.3,0.0,2026,3,19,Open-Meteo (ERA5),5.199999999999999,0.0
2026-03-20,Barcelona,41.441124,2.2014387,16.1,4.6,10.7,13.9,1.9,07:54,20:02,20.31,13.7,0.0,2026,3,20,Open-Meteo (ERA5),7.300000000000001,0.0
2026-03-21,Barcelona,41.441124,2.2014387,16.3,3.9,10.2,14.5,0.9,07:52,20:04,20.44,15.2,0.0,2026,3,21,Open-Meteo (ERA5),7.800000000000001,0.0
2026-03-22,Barcelona,41.441124,2.2014387,16.1,4.8,10.6,14.6,2.0,07:50,20:05,18.05,17.5,0.1,2026,3,22,Open-Meteo (ERA5),7.4,0.0
2026-03-23,Barcelona,41.441124,2.2014387,15.5,8.9,12.2,14.7,7.1,07:49,20:06,17.9,15.6,0.3,2026,3,23,Open-Meteo (ERA5),5.800000000000001,0.0
2026-03-24,Barcelona,41.441124,2.2014387,17.3,7.8,12.6,16.3,5.5,07:47,20:07,18.0,17.1,0.0,2026,3,24,Open-Meteo (ERA5),5.4,0.0
2026-03-25,Barcelona,41.441124,2.2014387,18.5,7.5,13.2,17.1,5.4,07:45,20:08,20.73,16.2,0.0,2026,3,25,Open-Meteo (ERA5),4.800000000000001,0.0
2026-03-26,Barcelona,41.441124,2.2014387,13.0,9.7,11.9,12.2,6.7,07:44,20:09,20.35,18.6,0.8,2026,3,26,Open-Meteo (ERA5),6.1,0.0
2026-03-27,Barcelona,41.441124,2.2014387,14.7,8.2,11.6,12.5,7.2,07:42,20:10,20.75,17.5,0.0,2026,3,27,Open-Meteo (ERA5),6.4,0.0
2026-03-28,Barcelona,41.441124,2.2014387,17.5,6.4,12.0,16.0,4.4,07:40,20:11,17.43,16.4,0.0,2026,3,28,Open-Meteo (ERA5),6.0,0.0
2026-03-29,Barcelona,41.441124,2.2014387,16.2,8.6,12.4,13.3,4.1,07:39,20:12,15.93,22.7,0.2,2026,3,29,Open-Meteo (ERA5),5.6,0.0
2026-03-30,Barcelona,41.441124,2.2014387,21.0,4.1,12.2,18.3,-0.1,07:37,20:13,20.86,14.3,0.0,2026,3,30,Open-Meteo (ERA5),5.800000000000001,0.0
2026-03-31,Barcelona,41.441124,2.2014387,17.0,8.8,13.2,15.4,6.7,07:35,20:14,19.48,17.1,0.0,2026,3,31,Open-Meteo (ERA5),4.800000000000001,0.0
2026-04-01,Barcelona,41.441124,2.2014387,17.6,8.3,12.8,16.4,6.8,07:34,20:15,15.54,10.3,0.2,2026,4,1,Open-Meteo (ERA5),5.199999999999999,0.0
2026-04-02,Barcelona,41.441124,2.2014387,19.3,9.0,13.2,17.5,7.8,07:32,20:17,20.11,22.0,0.2,2026,4,2,Open-Meteo (ERA5),4.800000000000001,0.0
2026-04-03,Barcelona,41.441124,2.2014387,17.5,7.4,13.0,15.7,5.0,07:30,20:18,22.68,18.4,0.0,2026,4,3,Open-Meteo (ERA5),5.0,0.0
2026-04-04,Barcelona,41.441124,2.2014387,19.7,7.9,14.0,18.5,5.9,07:29,20:19,22.02,13.2,0.0,2026,4,4,Open-Meteo (ERA5),4.0,0.0
2026-04-05,Barcelona,41.441124,2.2014387,19.9,9.8,15.1,19.2,7.8,07:27,20:20,22.52,16.3,0.0,2026,4,5,Open-Meteo (ERA5),2.9000000000000004,0.0
2026-04-06,Barcelona,41.441124,2.2014387,21.0,9.8,15.2,19.9,7.9,07:25,20:21,22.99,15.3,0.0,2026,4,6,Open-Meteo (ERA5),2.8000000000000007,0.0
2026-04-07,Barcelona,41.441124,2.2014387,19.3,8.0,14.0,19.4,6.4,07:24,20:22,23.35,10.9,0.0,2026,4,7,Open-Meteo (ERA5),4.0,0.0
2026-04-08,Barcelona,41.441124,2.2014387,19.4,9.6,14.7,20.5,7.6,07:22,20:23,23.21,10.9,0.0,2026,4,8,Open-Meteo (ERA5),3.3000000000000007,0.0
2026-04-09,Barcelona,41.441124,2.2014387,22.0,8.8,15.5,22.2,7.3,07:20,20:24,22.15,9.7,0.0,2026,4,9,Open-Meteo (ERA5),2.5,0.0
2026-04-10,Barcelona,41.441124,2.2014387,23.4,11.2,17.3,23.1,9.2,07:19,20:25,23.43,14.3,0.0,2026,4,10,Open-Meteo (ERA5),0.6999999999999993,0.0
2026-04-11,Barcelona,41.441124,2.2014387,23.4,11.7,17.5,23.1,9.6,07:17,20:26,21.71,15.5,0.0,2026,4,11,Open-Meteo (ERA5),0.5,0.0
2026-04-12,Barcelona,41.441124,2.2014387,18.7,13.6,15.8,18.1,13.9,07:16,20:27,8.69,10.4,7.0,2026,4,12,Open-Meteo (ERA5),2.1999999999999993,0.0
2026-04-13,Barcelona,41.441124,2.2014387,15.4,11.5,13.0,14.2,9.8,07:14,20:28,12.93,12.0,5.8,2026,4,13,Open-Meteo (ERA5),5.0,0.0
2026-04-14,Barcelona,41.441124,2.2014387,17.1,8.3,12.8,16.1,6.2,07:12,20:30,23.81,16.0,0.0,2026,4,14,Open-Meteo (ERA5),5.199999999999999,0.0
2026-04-15,Barcelona,41.441124,2.2014387,18.0,7.2,13.1,18.1,5.5,07:11,20:31,24.47,11.4,0.0,2026,4,15,Open-Meteo (ERA5),4.9,0.0
2026-04-16,Barcelona,41.441124,2.2014387,20.3,10.5,15.7,21.0,9.4,07:09,20:32,23.73,17.6,0.0,2026,4,16,Open-Meteo (ERA5),2.3000000000000007,0.0
2026-04-17,Barcelona,41.441124,2.2014387,20.6,10.7,15.9,21.1,9.5,07:08,20:33,24.2,10.2,0.0,2026,4,17,Open-Meteo (ERA5),2.0999999999999996,0.0
2026-04-18,Barcelona,41.441124,2.2014387,22.6,11.2,17.2,23.0,10.0,07:06,20:34,22.04,9.3,0.0,2026,4,18,Open-Meteo (ERA5),0.8000000000000007,0.0
2026-04-19,Barcelona,41.441124,2.2014387,22.6,12.0,17.6,23.1,10.3,07:05,20:35,23.58,14.5,0.0,2026,4,19,Open-Meteo (ERA5),0.3999999999999986,0.0
2026-04-20,Barcelona,41.441124,2.2014387,22.5,13.7,18.3,22.6,13.3,07:03,20:36,23.25,13.4,0.0,2026,4,20,Open-Meteo (ERA5),0.0,0.3000000000000007
2026-04-21,Barcelona,41.441124,2.2014387,21.4,12.6,17.3,22.5,12.4,07:02,20:37,24.7,11.1,0.0,2026,4,21,Open-Meteo (ERA5),0.6999999999999993,0.0
2026-04-22,Barcelona,41.441124,2.2014387,20.8,11.6,16.8,21.6,11.2,07:00,20:38,23.86,19.4,0.0,2026,4,22,Open-Meteo (ERA5),1.1999999999999993,0.0
2026-04-23,Barcelona,41.441124,2.2014387,19.7,14.5,16.8,16.6,13.1,06:59,20:39,22.85,23.5,0.0,2026,4,23,Open-Meteo (ERA5),1.1999999999999993,0.0
2026-04-24,Barcelona,41.441124,2.2014387,18.3,10.5,15.3,18.9,9.1,06:57,20:40,25.06,13.2,0.0,2026,4,24,Open-Meteo (ERA5),2.6999999999999993,0.0
2026-04-25,Barcelona,41.441124,2.2014387,19.9,10.5,15.8,20.0,9.4,06:56,20:41,24.68,12.2,0.0,2026,4,25,Open-Meteo (ERA5),2.1999999999999993,0.0
2026-04-26,Barcelona,41.441124,2.2014387,22.1,12.6,17.8,21.9,12.6,06:54,20:43,23.89,12.0,0.0,2026,4,26,Open-Meteo (ERA5),0.1999999999999993,0.0
2026-04-27,Barcelona,41.441124,2.2014387,22.0,15.0,18.6,22.7,15.0,06:53,20:44,24.4,12.2,0.0,2026,4,27,Open-Meteo (ERA5),0.0,0.6000000000000014
2026-04-28,Barcelona,41.441124,2.2014387,21.7,12.7,17.5,22.5,12.4,06:52,20:45,24.78,12.6,0.0,2026,4,28,Open-Meteo (ERA5),0.5,0.0
2026-04-29,Barcelona,41.441124,2.2014387,21.2,16.2,18.2,20.3,16.1,06:50,20:46,23.18,18.5,0.0,2026,4,29,Open-Meteo (ERA5),0.0,0.1999999999999993
2026-04-30,Barcelona,41.441124,2.2014387,21.5,13.9,18.1,22.1,14.5,06:49,20:47,24.06,16.7,0.2,2026,4,30,Open-Meteo (ERA5),0.0,0.10000000000000142
2026-05-01,Barcelona,41.441124,2.2014387,21.7,16.5,18.3,19.2,15.5,06:48,20:48,19.89,24.0,0.2,2026,5,1,Open-Meteo (ERA5),0.0,0.3000000000000007
2026-05-02,Barcelona,41.441124,2.2014387,19.9,15.4,17.4,19.1,15.9,06:46,20:49,16.53,12.8,2.4,2026,5,2,Open-Meteo (ERA5),0.6000000000000014,0.0
2026-05-03,Barcelona,41.441124,2.2014387,19.1,14.2,16.8,18.8,14.8,06:45,20:50,17.02,14.0,2.0,2026,5,3,Open-Meteo (ERA5),1.1999999999999993,0.0
2026-05-04,Barcelona,41.441124,2.2014387,21.6,15.5,17.6,20.9,16.0,06:44,20:51,20.09,19.1,6.3,2026,5,4,Open-Meteo (ERA5),0.3999999999999986,0.0
2026-05-05,Barcelona,41.441124,2.2014387,20.1,11.4,16.0,21.0,11.2,06:43,20:52,22.33,14.0,1.0,2026,5,5,Open-Meteo (ERA5),2.0,0.0
2026-05-06,Barcelona,41.441124,2.2014387,19.2,10.3,15.5,18.7,9.4,06:41,20:53,24.61,14.3,0.6,2026,5,6,Open-Meteo (ERA5),2.5,0.0
2026-05-07,Barcelona,41.441124,2.2014387,18.6,10.8,15.5,17.8,10.2,06:40,20:54,22.02,14.1,1.2,2026,5,7,Open-Meteo (ERA5),2.5,0.0
2026-05-08,Barcelona,41.441124,2.2014387,18.9,10.8,16.0,18.6,10.3,06:39,20:55,20.11,11.8,0.4,2026,5,8,Open-Meteo (ERA5),2.0,0.0
2026-05-09,Barcelona,41.441124,2.2014387,19.4,14.3,16.3,17.5,14.7,06:38,20:56,11.06,19.3,15.9,2026,5,9,Open-Meteo (ERA5),1.6999999999999993,0.0
2026-05-10,Barcelona,41.441124,2.2014387,21.3,11.6,17.1,21.5,10.8,06:37,20:57,24.97,20.2,0.6,2026,5,10,Open-Meteo (ERA5),0.8999999999999986,0.0
2026-05-11,Barcelona,41.441124,2.2014387,23.4,14.5,18.9,23.1,13.0,06:36,20:58,25.12,22.8,0.0,2026,5,11,Open-Meteo (ERA5),0.0,0.8999999999999986
2026-05-12,Barcelona,41.441124,2.2014387,20.4,12.1,16.3,21.9,11.2,06:35,21:00,23.63,16.4,8.8,2026,5,12,Open-Meteo (ERA5),1.6999999999999993,0.0
2026-05-13,Barcelona,41.441124,2.2014387,19.0,13.6,16.1,19.0,13.4,06:34,21:01,24.92,16.2,3.5,2026,5,13,Open-Meteo (ERA5),1.8999999999999986,0.0
2026-05-14,Barcelona,41.441124,2.2014387,25.0,12.4,17.3,22.5,11.0,06:33,21:02,25.09,24.3,0.0,2026,5,14,Open-Meteo (ERA5),0.6999999999999993,0.0
2026-05-15,Barcelona,41.441124,2.2014387,17.8,11.8,14.5,16.4,10.7,06:32,21:03,18.37,18.9,2.4,2026,5,15,Open-Meteo (ERA5),3.5,0.0
2026-05-16,Barcelona,41.441124,2.2014387,18.5,7.9,14.1,17.8,6.1,06:31,21:04,27.04,15.9,0.0,2026,5,16,Open-Meteo (ERA5),3.9000000000000004,0.0
2026-05-17,Barcelona,41.441124,2.2014387,20.1,12.4,16.7,20.1,11.2,06:30,21:05,24.54,13.2,1.4,2026,5,17,Open-Meteo (ERA5),1.3000000000000007,0.0
2026-05-18,Barcelona,41.441124,2.2014387,19.6,12.3,16.5,20.1,12.0,06:29,21:06,21.34,13.3,3.1,2026,5,18,Open-Meteo (ERA5),1.5,0.0
2026-05-19,Barcelona,41.441124,2.2014387,21.8,13.3,18.2,22.5,13.8,06:28,21:06,25.0,15.9,0.4,2026,5,19,Open-Meteo (ERA5),0.0,0.1999999999999993
2026-05-20,Barcelona,41.441124,2.2014387,24.2,14.4,20.0,25.7,14.6,06:27,21:07,27.18,12.0,0.0,2026,5,20,Open-Meteo (ERA5),0.0,2.0
2026-05-21,Barcelona,41.441124,2.2014387,25.1,14.8,21.0,26.2,14.6,06:26,21:08,28.95,12.2,0.0,2026,5,21,Open-Meteo (ERA5),0.0,3.0
2026-05-22,Barcelona,41.441124,2.2014387,25.8,16.1,21.0,27.9,16.1,06:25,21:09,27.77,9.7,0.0,2026,5,22,Open-Meteo (ERA5),0.0,3.0
2026-05-23,Barcelona,41.441124,2.2014387,25.3,17.0,20.9,27.5,18.6,06:25,21:10,28.01,11.7,0.0,2026,5,23,Open-Meteo (ERA5),0.0,2.8999999999999986
2026-05-24,Barcelona,41.441124,2.2014387,26.8,17.1,21.7,29.6,19.0,06:24,21:11,27.85,10.6,0.0,2026,5,24,Open-Meteo (ERA5),0.0,3.6999999999999993
2026-05-25,Barcelona,41.441124,2.2014387,26.3,16.6,21.8,28.6,17.7,06:23,21:12,29.09,11.5,0.0,2026,5,25,Open-Meteo (ERA5),0.0,3.8000000000000007
2026-05-26,Barcelona,41.441124,2.2014387,26.9,17.2,22.8,28.3,17.3,06:23,21:13,29.18,13.3,0.0,2026,5,26,Open-Meteo (ERA5),0.0,4.800000000000001
2026-05-27,Barcelona,41.441124,2.2014387,29.9,17.4,24.2,30.1,17.7,06:22,21:14,29.64,15.0,0.0,2026,5,27,Open-Meteo (ERA5),0.0,6.199999999999999
2026-05-28,Barcelona,41.441124,2.2014387,32.0,19.3,26.4,32.5,18.4,06:21,21:14,28.58,15.0,0.0,2026,5,28,Open-Meteo (ERA5),0.0,8.399999999999999
2021-01-01,Valencia,39.47276,-0.3734436,13.2,6.7,9.2,8.4,2.6,09:21,18:48,6.79,19.7,1.1,2021,1,1,Open-Meteo (ERA5),8.8,0.0
2021-01-02,Valencia,39.47276,-0.3734436,11.2,4.8,7.3,6.1,-1.1,09:21,18:49,7.74,23.1,0.4,2021,1,2,Open-Meteo (ERA5),10.7,0.0
2021-01-03,Valencia,39.47276,-0.3734436,13.1,3.8,7.8,7.6,-0.7,09:21,18:50,9.8,20.2,0.0,2021,1,3,Open-Meteo (ERA5),10.2,0.0
2021-01-04,Valencia,39.47276,-0.3734436,12.2,4.8,7.4,7.3,0.6,09:22,18:51,9.26,25.2,0.0,2021,1,4,Open-Meteo (ERA5),10.6,0.0
2021-01-05,Valencia,39.47276,-0.3734436,11.4,1.1,5.6,7.9,-2.9,09:22,18:52,9.98,14.5,0.0,2021,1,5,Open-Meteo (ERA5),12.4,0.0
2021-01-06,Valencia,39.47276,-0.3734436,10.5,0.6,5.1,7.9,-3.4,09:21,18:52,9.46,10.0,0.0,2021,1,6,Open-Meteo (ERA5),12.9,0.0
2021-01-07,Valencia,39.47276,-0.3734436,7.8,5.6,6.6,5.2,1.8,09:21,18:53,2.43,17.6,11.5,2021,1,7,Open-Meteo (ERA5),11.4,0.0
2021-01-08,Valencia,39.47276,-0.3734436,6.8,5.2,5.8,2.3,0.3,09:21,18:54,1.18,26.1,16.2,2021,1,8,Open-Meteo (ERA5),12.2,0.0
2021-01-09,Valencia,39.47276,-0.3734436,7.2,3.9,5.6,5.0,-1.7,09:21,18:55,2.02,28.0,16.7,2021,1,9,Open-Meteo (ERA5),12.4,0.0
2021-01-10,Valencia,39.47276,-0.3734436,9.8,1.4,5.7,6.9,-2.2,09:21,18:56,5.3,14.2,0.8,2021,1,10,Open-Meteo (ERA5),12.3,0.0
2021-01-11,Valencia,39.47276,-0.3734436,9.5,1.0,5.0,7.2,-2.3,09:21,18:57,8.96,11.6,0.0,2021,1,11,Open-Meteo (ERA5),13.0,0.0
2021-01-12,Valencia,39.47276,-0.3734436,11.9,0.1,4.7,8.8,-4.9,09:20,18:58,10.56,13.7,0.0,2021,1,12,Open-Meteo (ERA5),13.3,0.0
2021-01-13,Valencia,39.47276,-0.3734436,14.1,2.0,6.5,11.6,-1.9,09:20,18:59,10.25,13.2,0.0,2021,1,13,Open-Meteo (ERA5),11.5,0.0
2021-01-14,Valencia,39.47276,-0.3734436,13.8,1.9,6.5,11.3,-2.0,09:20,19:00,10.29,11.9,0.0,2021,1,14,Open-Meteo (ERA5),11.5,0.0
2021-01-15,Valencia,39.47276,-0.3734436,16.2,3.8,8.5,14.4,0.7,09:19,19:01,10.35,13.5,0.0,2021,1,15,Open-Meteo (ERA5),9.5,0.0
2021-01-16,Valencia,39.47276,-0.3734436,15.1,3.8,8.2,11.6,0.3,09:19,19:03,10.25,13.1,0.0,2021,1,16,Open-Meteo (ERA5),9.8,0.0
2021-01-17,Valencia,39.47276,-0.3734436,20.4,5.6,10.8,17.9,1.0,09:19,19:04,10.72,14.1,0.0,2021,1,17,Open-Meteo (ERA5),7.199999999999999,0.0
2021-01-18,Valencia,39.47276,-0.3734436,15.8,6.0,10.2,14.1,3.6,09:18,19:05,9.35,14.9,0.0,2021,1,18,Open-Meteo (ERA5),7.800000000000001,0.0
2021-01-19,Valencia,39.47276,-0.3734436,15.1,3.1,8.1,13.2,-0.5,09:18,19:06,10.92,11.2,0.0,2021,1,19,Open-Meteo (ERA5),9.9,0.0
2021-01-20,Valencia,39.47276,-0.3734436,13.3,5.0,8.1,10.0,1.8,09:17,19:07,5.43,14.9,0.4,2021,1,20,Open-Meteo (ERA5),9.9,0.0
2021-01-21,Valencia,39.47276,-0.3734436,17.6,8.5,13.1,13.4,5.5,09:16,19:08,9.94,29.5,0.0,2021,1,21,Open-Meteo (ERA5),4.9,0.0
2021-01-22,Valencia,39.47276,-0.3734436,17.0,11.0,14.1,10.8,7.4,09:16,19:09,9.82,52.7,0.0,2021,1,22,Open-Meteo (ERA5),3.9000000000000004,0.0
2021-01-23,Valencia,39.47276,-0.3734436,15.2,7.6,11.8,10.3,3.6,09:15,19:11,9.62,31.5,0.1,2021,1,23,Open-Meteo (ERA5),6.199999999999999,0.0
2021-01-24,Valencia,39.47276,-0.3734436,18.2,12.2,15.7,14.0,8.5,09:15,19:12,11.33,42.4,0.0,2021,1,24,Open-Meteo (ERA5),2.3000000000000007,0.0
2021-01-25,Valencia,39.47276,-0.3734436,19.3,12.4,15.0,16.0,8.6,09:14,19:13,4.94,37.7,0.5,2021,1,25,Open-Meteo (ERA5),3.0,0.0
2021-01-26,Valencia,39.47276,-0.3734436,15.8,7.8,12.1,14.9,6.3,09:13,19:14,10.97,11.3,0.0,2021,1,26,Open-Meteo (ERA5),5.9,0.0
2021-01-27,Valencia,39.47276,-0.3734436,24.4,12.8,17.2,23.7,11.3,09:12,19:15,10.82,16.8,0.0,2021,1,27,Open-Meteo (ERA5),0.8000000000000007,0.0
2021-01-28,Valencia,39.47276,-0.3734436,25.0,14.4,18.6,23.6,12.4,09:12,19:16,11.37,20.9,0.0,2021,1,28,Open-Meteo (ERA5),0.0,0.6000000000000014
2021-01-29,Valencia,39.47276,-0.3734436,23.7,15.9,19.1,20.3,12.8,09:11,19:17,11.61,25.9,0.0,2021,1,29,Open-Meteo (ERA5),0.0,1.1000000000000014
2021-01-30,Valencia,39.47276,-0.3734436,19.6,13.9,16.5,14.4,8.8,09:10,19:19,11.56,39.7,0.0,2021,1,30,Open-Meteo (ERA5),1.5,0.0
2021-01-31,Valencia,39.47276,-0.3734436,20.8,12.6,15.8,16.3,8.0,09:09,19:20,9.94,32.8,0.0,2021,1,31,Open-Meteo (ERA5),2.1999999999999993,0.0
2021-02-01,Valencia,39.47276,-0.3734436,22.2,15.8,18.3,17.6,9.4,09:08,19:21,12.09,38.8,0.0,2021,2,1,Open-Meteo (ERA5),0.0,0.3000000000000007
2021-02-02,Valencia,39.47276,-0.3734436,21.6,13.9,16.7,18.2,9.4,09:07,19:22,12.45,26.4,0.0,2021,2,2,Open-Meteo (ERA5),1.3000000000000007,0.0
2021-02-03,Valencia,39.47276,-0.3734436,21.6,11.6,15.7,19.1,9.1,09:06,19:23,10.56,16.0,0.0,2021,2,3,Open-Meteo (ERA5),2.3000000000000007,0.0
2021-02-04,Valencia,39.47276,-0.3734436,15.9,9.2,12.5,14.4,7.4,09:05,19:25,10.9,12.1,0.0,2021,2,4,Open-Meteo (ERA5),5.5,0.0
2021-02-05,Valencia,39.47276,-0.3734436,14.6,10.4,12.4,13.0,9.7,09:04,19:26,7.69,16.0,0.3,2021,2,5,Open-Meteo (ERA5),5.6,0.0
2021-02-06,Valencia,39.47276,-0.3734436,19.2,7.5,12.9,15.8,5.9,09:03,19:27,11.84,17.4,0.6,2021,2,6,Open-Meteo (ERA5),5.1,0.0
2021-02-07,Valencia,39.47276,-0.3734436,17.6,9.5,13.0,12.3,7.1,09:02,19:28,12.81,25.5,0.0,2021,2,7,Open-Meteo (ERA5),5.0,0.0
2021-02-08,Valencia,39.47276,-0.3734436,18.5,11.4,14.0,12.8,7.6,09:01,19:29,10.87,33.1,0.7,2021,2,8,Open-Meteo (ERA5),4.0,0.0
2021-02-09,Valencia,39.47276,-0.3734436,16.8,11.1,13.9,13.5,7.1,09:00,19:31,4.72,31.1,0.6,2021,2,9,Open-Meteo (ERA5),4.1,0.0
2021-02-10,Valencia,39.47276,-0.3734436,19.6,11.8,15.1,14.9,7.0,08:59,19:32,13.78,35.7,0.1,2021,2,10,Open-Meteo (ERA5),2.9000000000000004,0.0
2021-02-11,Valencia,39.47276,-0.3734436,22.4,10.5,15.7,19.5,7.0,08:57,19:33,13.25,20.1,0.0,2021,2,11,Open-Meteo (ERA5),2.3000000000000007,0.0
2021-02-12,Valencia,39.47276,-0.3734436,20.9,15.3,17.3,16.2,11.5,08:56,19:34,11.63,30.0,0.0,2021,2,12,Open-Meteo (ERA5),0.6999999999999993,0.0
2021-02-13,Valencia,39.47276,-0.3734436,19.9,11.6,14.9,18.2,8.5,08:55,19:35,14.04,21.3,0.0,2021,2,13,Open-Meteo (ERA5),3.0999999999999996,0.0
2021-02-14,Valencia,39.47276,-0.3734436,15.3,7.1,11.6,13.1,4.7,08:54,19:36,10.61,16.6,1.2,2021,2,14,Open-Meteo (ERA5),6.4,0.0
2021-02-15,Valencia,39.47276,-0.3734436,15.6,9.7,12.5,13.9,8.2,08:53,19:38,8.97,17.7,0.1,2021,2,15,Open-Meteo (ERA5),5.5,0.0
2021-02-16,Valencia,39.47276,-0.3734436,18.0,5.2,10.6,16.1,3.0,08:51,19:39,14.59,16.5,0.0,2021,2,16,Open-Meteo (ERA5),7.4,0.0
2021-02-17,Valencia,39.47276,-0.3734436,15.2,7.0,11.2,14.1,4.6,08:50,19:40,14.37,11.9,0.0,2021,2,17,Open-Meteo (ERA5),6.800000000000001,0.0
2021-02-18,Valencia,39.47276,-0.3734436,14.6,8.9,10.8,13.6,7.7,08:49,19:41,12.23,11.1,0.0,2021,2,18,Open-Meteo (ERA5),7.199999999999999,0.0
2021-02-19,Valencia,39.47276,-0.3734436,16.6,5.9,10.7,14.7,3.2,08:48,19:42,15.25,13.0,0.0,2021,2,19,Open-Meteo (ERA5),7.300000000000001,0.0
2021-02-20,Valencia,39.47276,-0.3734436,14.6,9.6,11.6,13.6,8.3,08:46,19:43,11.38,14.6,0.0,2021,2,20,Open-Meteo (ERA5),6.4,0.0
2021-02-21,Valencia,39.47276,-0.3734436,15.6,10.7,12.9,11.3,7.6,08:45,19:44,9.51,34.8,0.0,2021,2,21,Open-Meteo (ERA5),5.1,0.0
2021-02-22,Valencia,39.47276,-0.3734436,17.6,9.4,12.7,14.9,6.5,08:44,19:45,12.0,20.1,4.4,2021,2,22,Open-Meteo (ERA5),5.300000000000001,0.0
2021-02-23,Valencia,39.47276,-0.3734436,15.6,9.4,12.4,13.9,7.4,08:42,19:47,14.89,17.2,0.0,2021,2,23,Open-Meteo (ERA5),5.6,0.0
2021-02-24,Valencia,39.47276,-0.3734436,15.2,8.4,11.4,13.8,6.8,08:41,19:48,9.22,14.4,0.1,2021,2,24,Open-Meteo (ERA5),6.6,0.0
2021-02-25,Valencia,39.47276,-0.3734436,14.6,8.9,11.6,13.6,7.8,08:39,19:49,9.78,10.6,0.1,2021,2,25,Open-Meteo (ERA5),6.4,0.0
2021-02-26,Valencia,39.47276,-0.3734436,14.6,8.2,11.2,12.8,6.8,08:38,19:50,9.85,11.2,0.1,2021,2,26,Open-Meteo (ERA5),6.800000000000001,0.0
2021-02-27,Valencia,39.47276,-0.3734436,16.1,5.6,10.5,15.5,3.6,08:36,19:51,16.66,11.2,0.0,2021,2,27,Open-Meteo (ERA5),7.5,0.0
2021-02-28,Valencia,39.47276,-0.3734436,13.9,8.1,11.6,11.8,6.4,08:35,19:52,9.66,16.9,2.1,2021,2,28,Open-Meteo (ERA5),6.4,0.0
2021-03-01,Valencia,39.47276,-0.3734436,14.9,11.6,12.6,11.4,8.2,08:33,19:53,9.13,26.3,2.8,2021,3,1,Open-Meteo (ERA5),5.4,0.0
2021-03-02,Valencia,39.47276,-0.3734436,14.6,11.6,12.9,11.6,9.0,08:32,19:54,9.16,26.9,2.4,2021,3,2,Open-Meteo (ERA5),5.1,0.0
2021-03-03,Valencia,39.47276,-0.3734436,15.2,11.1,12.9,13.2,10.2,08:30,19:55,12.12,16.8,0.7,2021,3,3,Open-Meteo (ERA5),5.1,0.0
2021-03-04,Valencia,39.47276,-0.3734436,14.9,9.5,12.1,13.6,8.6,08:29,19:56,14.55,11.9,0.0,2021,3,4,Open-Meteo (ERA5),5.9,0.0
2021-03-05,Valencia,39.47276,-0.3734436,15.1,6.7,10.7,13.6,4.7,08:27,19:57,16.08,11.3,0.0,2021,3,5,Open-Meteo (ERA5),7.300000000000001,0.0
2021-03-06,Valencia,39.47276,-0.3734436,14.1,8.1,11.1,12.1,6.0,08:26,19:58,9.34,12.7,1.8,2021,3,6,Open-Meteo (ERA5),6.9,0.0
2021-03-07,Valencia,39.47276,-0.3734436,12.5,10.7,11.6,11.1,8.6,08:24,19:59,3.05,15.1,20.9,2021,3,7,Open-Meteo (ERA5),6.4,0.0
2021-03-08,Valencia,39.47276,-0.3734436,13.1,10.0,11.4,11.1,9.0,08:23,20:01,8.99,14.8,10.0,2021,3,8,Open-Meteo (ERA5),6.6,0.0
2021-03-09,Valencia,39.47276,-0.3734436,15.6,8.6,11.7,14.3,6.0,08:21,20:02,16.83,13.5,0.6,2021,3,9,Open-Meteo (ERA5),6.300000000000001,0.0
2021-03-10,Valencia,39.47276,-0.3734436,14.8,7.7,11.1,13.7,4.5,08:20,20:03,17.71,17.3,0.2,2021,3,10,Open-Meteo (ERA5),6.9,0.0
2021-03-11,Valencia,39.47276,-0.3734436,23.6,6.3,14.7,21.7,3.8,08:18,20:04,18.29,19.6,0.0,2021,3,11,Open-Meteo (ERA5),3.3000000000000007,0.0
2021-03-12,Valencia,39.47276,-0.3734436,23.1,11.8,16.1,20.0,10.4,08:17,20:05,17.01,33.6,0.0,2021,3,12,Open-Meteo (ERA5),1.8999999999999986,0.0
2021-03-13,Valencia,39.47276,-0.3734436,19.1,10.4,13.9,17.1,8.8,08:15,20:06,17.7,21.1,0.0,2021,3,13,Open-Meteo (ERA5),4.1,0.0
2021-03-14,Valencia,39.47276,-0.3734436,21.5,8.9,14.1,20.4,5.3,08:14,20:07,18.28,13.3,0.0,2021,3,14,Open-Meteo (ERA5),3.9000000000000004,0.0
2021-03-15,Valencia,39.47276,-0.3734436,16.5,8.1,12.1,14.9,5.9,08:12,20:08,19.36,18.8,0.0,2021,3,15,Open-Meteo (ERA5),5.9,0.0
2021-03-16,Valencia,39.47276,-0.3734436,18.1,7.2,12.2,16.7,4.5,08:10,20:09,19.56,16.2,0.0,2021,3,16,Open-Meteo (ERA5),5.800000000000001,0.0
2021-03-17,Valencia,39.47276,-0.3734436,20.6,7.9,13.3,20.0,5.4,08:09,20:10,19.63,16.6,0.0,2021,3,17,Open-Meteo (ERA5),4.699999999999999,0.0
2021-03-18,Valencia,39.47276,-0.3734436,13.4,7.2,9.8,9.8,5.1,08:07,20:11,2.78,19.5,33.2,2021,3,18,Open-Meteo (ERA5),8.2,0.0
2021-03-19,Valencia,39.47276,-0.3734436,11.8,7.8,9.1,9.1,3.8,08:06,20:12,11.6,25.6,4.7,2021,3,19,Open-Meteo (ERA5),8.9,0.0
2021-03-20,Valencia,39.47276,-0.3734436,13.4,5.4,9.6,9.5,2.5,08:04,20:13,19.02,33.2,3.2,2021,3,20,Open-Meteo (ERA5),8.4,0.0
2021-03-21,Valencia,39.47276,-0.3734436,17.0,4.0,10.6,15.2,-0.4,08:02,20:14,20.88,20.1,0.0,2021,3,21,Open-Meteo (ERA5),7.4,0.0
2021-03-22,Valencia,39.47276,-0.3734436,17.6,5.4,11.4,16.1,2.6,08:01,20:15,20.72,17.6,0.0,2021,3,22,Open-Meteo (ERA5),6.6,0.0
2021-03-23,Valencia,39.47276,-0.3734436,16.5,6.3,11.2,15.7,3.3,07:59,20:16,21.03,13.0,0.0,2021,3,23,Open-Meteo (ERA5),6.800000000000001,0.0
2021-03-24,Valencia,39.47276,-0.3734436,17.6,7.2,11.7,17.6,5.3,07:57,20:17,20.86,15.1,0.0,2021,3,24,Open-Meteo (ERA5),6.300000000000001,0.0
2021-03-25,Valencia,39.47276,-0.3734436,16.4,6.8,12.0,16.2,5.0,07:56,20:18,21.18,16.3,0.0,2021,3,25,Open-Meteo (ERA5),6.0,0.0
2021-03-26,Valencia,39.47276,-0.3734436,17.5,7.3,12.5,17.5,5.8,07:54,20:19,18.99,13.3,0.0,2021,3,26,Open-Meteo (ERA5),5.5,0.0
2021-03-27,Valencia,39.47276,-0.3734436,15.9,10.8,13.4,12.5,9.4,07:53,20:20,14.76,24.7,0.0,2021,3,27,Open-Meteo (ERA5),4.6,0.0
2021-03-28,Valencia,39.47276,-0.3734436,16.5,7.1,11.9,15.0,5.1,07:51,20:21,21.63,15.3,0.0,2021,3,28,Open-Meteo (ERA5),6.1,0.0
2021-03-29,Valencia,39.47276,-0.3734436,16.5,8.1,12.5,14.1,6.2,07:50,20:22,17.39,23.0,1.1,2021,3,29,Open-Meteo (ERA5),5.5,0.0
2021-03-30,Valencia,39.47276,-0.3734436,18.2,9.1,13.8,17.6,7.2,07:48,20:23,20.72,18.5,0.0,2021,3,30,Open-Meteo (ERA5),4.199999999999999,0.0
2021-03-31,Valencia,39.47276,-0.3734436,17.1,6.9,12.3,16.5,4.7,07:46,20:24,22.35,12.4,0.0,2021,3,31,Open-Meteo (ERA5),5.699999999999999,0.0
2021-04-01,Valencia,39.47276,-0.3734436,17.4,7.6,12.4,16.0,5.7,07:45,20:25,19.17,14.3,0.1,2021,4,1,Open-Meteo (ERA5),5.6,0.0
2021-04-02,Valencia,39.47276,-0.3734436,18.0,9.0,13.4,17.3,6.8,07:43,20:26,19.29,13.4,0.0,2021,4,2,Open-Meteo (ERA5),4.6,0.0
2021-04-03,Valencia,39.47276,-0.3734436,20.8,9.8,15.0,20.2,8.9,07:42,20:27,21.81,11.6,0.0,2021,4,3,Open-Meteo (ERA5),3.0,0.0
2021-04-04,Valencia,39.47276,-0.3734436,16.2,10.5,13.6,14.6,9.0,07:40,20:28,10.61,20.2,2.8,2021,4,4,Open-Meteo (ERA5),4.4,0.0
2021-04-05,Valencia,39.47276,-0.3734436,19.0,7.9,13.6,19.0,6.2,07:39,20:29,23.11,17.4,0.0,2021,4,5,Open-Meteo (ERA5),4.4,0.0
2021-04-06,Valencia,39.47276,-0.3734436,23.2,9.8,15.3,22.9,7.0,07:37,20:30,23.67,25.2,0.0,2021,4,6,Open-Meteo (ERA5),2.6999999999999993,0.0
2021-04-07,Valencia,39.47276,-0.3734436,13.6,11.9,12.7,11.8,8.1,07:35,20:31,12.03,26.3,1.4,2021,4,7,Open-Meteo (ERA5),5.300000000000001,0.0
2021-04-08,Valencia,39.47276,-0.3734436,14.5,10.1,12.4,12.0,8.2,07:34,20:32,16.58,16.0,0.8,2021,4,8,Open-Meteo (ERA5),5.6,0.0
2021-04-09,Valencia,39.47276,-0.3734436,13.1,8.4,11.1,11.4,6.3,07:32,20:33,6.23,16.1,5.2,2021,4,9,Open-Meteo (ERA5),6.9,0.0
2021-04-10,Valencia,39.47276,-0.3734436,14.8,9.8,12.3,14.2,8.3,07:31,20:34,12.37,8.7,1.1,2021,4,10,Open-Meteo (ERA5),5.699999999999999,0.0
2021-04-11,Valencia,39.47276,-0.3734436,23.0,10.2,15.4,21.9,9.4,07:29,20:35,20.1,23.2,1.7,2021,4,11,Open-Meteo (ERA5),2.5999999999999996,0.0
2021-04-12,Valencia,39.47276,-0.3734436,15.5,11.5,13.5,14.4,10.1,07:28,20:36,19.23,18.5,0.1,2021,4,12,Open-Meteo (ERA5),4.5,0.0
2021-04-13,Valencia,39.47276,-0.3734436,17.0,9.4,13.3,16.2,7.8,07:26,20:37,18.94,16.7,0.0,2021,4,13,Open-Meteo (ERA5),4.699999999999999,0.0
2021-04-14,Valencia,39.47276,-0.3734436,15.8,11.4,13.6,14.4,11.1,07:25,20:38,11.59,11.3,0.8,2021,4,14,Open-Meteo (ERA5),4.4,0.0
2021-04-15,Valencia,39.47276,-0.3734436,15.1,11.6,13.0,12.9,10.3,07:23,20:39,5.49,21.2,3.4,2021,4,15,Open-Meteo (ERA5),5.0,0.0
2021-04-16,Valencia,39.47276,-0.3734436,16.1,8.5,12.2,15.4,6.3,07:22,20:40,18.66,18.4,6.5,2021,4,16,Open-Meteo (ERA5),5.800000000000001,0.0
2021-04-17,Valencia,39.47276,-0.3734436,15.1,7.7,11.0,12.9,4.7,07:20,20:41,21.91,23.2,0.2,2021,4,17,Open-Meteo (ERA5),7.0,0.0
2021-04-18,Valencia,39.47276,-0.3734436,16.9,6.0,11.9,14.8,2.9,07:19,20:42,25.03,17.1,0.0,2021,4,18,Open-Meteo (ERA5),6.1,0.0
2021-04-19,Valencia,39.47276,-0.3734436,23.6,6.8,14.1,23.5,4.7,07:18,20:43,24.15,25.1,0.0,2021,4,19,Open-Meteo (ERA5),3.9000000000000004,0.0
2021-04-20,Valencia,39.47276,-0.3734436,17.4,10.8,14.4,16.9,9.7,07:16,20:44,20.47,16.0,1.0,2021,4,20,Open-Meteo (ERA5),3.5999999999999996,0.0
2021-04-21,Valencia,39.47276,-0.3734436,17.4,12.0,14.5,17.2,11.5,07:15,20:45,18.35,17.6,2.7,2021,4,21,Open-Meteo (ERA5),3.5,0.0
2021-04-22,Valencia,39.47276,-0.3734436,16.4,13.1,14.0,15.6,11.1,07:13,20:46,9.17,22.8,11.6,2021,4,22,Open-Meteo (ERA5),4.0,0.0
2021-04-23,Valencia,39.47276,-0.3734436,16.6,11.4,14.1,16.2,10.4,07:12,20:47,23.0,14.8,0.0,2021,4,23,Open-Meteo (ERA5),3.9000000000000004,0.0
2021-04-24,Valencia,39.47276,-0.3734436,15.4,12.2,13.7,14.0,11.0,07:11,20:48,9.37,19.2,1.9,2021,4,24,Open-Meteo (ERA5),4.300000000000001,0.0
2021-04-25,Valencia,39.47276,-0.3734436,17.5,11.4,14.6,16.1,9.8,07:09,20:49,23.48,27.1,3.3,2021,4,25,Open-Meteo (ERA5),3.4000000000000004,0.0
2021-04-26,Valencia,39.47276,-0.3734436,17.8,13.4,14.8,18.3,12.2,07:08,20:50,13.49,19.2,21.7,2021,4,26,Open-Meteo (ERA5),3.1999999999999993,0.0
2021-04-27,Valencia,39.47276,-0.3734436,18.8,10.9,14.9,20.2,10.0,07:07,20:51,19.74,15.1,0.8,2021,4,27,Open-Meteo (ERA5),3.0999999999999996,0.0
2021-04-28,Valencia,39.47276,-0.3734436,19.5,12.7,15.7,20.0,12.5,07:05,20:52,19.12,15.0,0.0,2021,4,28,Open-Meteo (ERA5),2.3000000000000007,0.0
2021-04-29,Valencia,39.47276,-0.3734436,23.6,11.8,17.0,22.2,11.1,07:04,20:53,21.07,20.6,0.1,2021,4,29,Open-Meteo (ERA5),1.0,0.0
2021-04-30,Valencia,39.47276,-0.3734436,19.2,14.0,16.6,19.3,12.8,07:03,20:54,20.51,14.8,0.3,2021,4,30,Open-Meteo (ERA5),1.3999999999999986,0.0
2021-05-01,Valencia,39.47276,-0.3734436,21.6,13.4,16.6,22.4,13.8,07:02,20:55,23.05,23.4,0.8,2021,5,1,Open-Meteo (ERA5),1.3999999999999986,0.0
2021-05-02,Valencia,39.47276,-0.3734436,17.6,12.1,14.9,15.7,11.5,07:00,20:56,21.83,19.5,0.5,2021,5,2,Open-Meteo (ERA5),3.0999999999999996,0.0
2021-05-03,Valencia,39.47276,-0.3734436,16.8,12.9,14.9,14.1,10.9,06:59,20:57,12.27,25.5,0.5,2021,5,3,Open-Meteo (ERA5),3.0999999999999996,0.0
2021-05-04,Valencia,39.47276,-0.3734436,20.0,10.6,15.5,20.8,9.8,06:58,20:57,24.08,17.1,0.0,2021,5,4,Open-Meteo (ERA5),2.5,0.0
2021-05-05,Valencia,39.47276,-0.3734436,21.6,11.4,16.3,21.7,10.1,06:57,20:58,25.89,13.8,0.0,2021,5,5,Open-Meteo (ERA5),1.6999999999999993,0.0
2021-05-06,Valencia,39.47276,-0.3734436,22.5,11.2,17.5,23.7,10.0,06:56,20:59,26.76,15.3,0.0,2021,5,6,Open-Meteo (ERA5),0.5,0.0
2021-05-07,Valencia,39.47276,-0.3734436,25.5,14.9,19.9,26.0,12.7,06:55,21:00,26.27,17.7,0.0,2021,5,7,Open-Meteo (ERA5),0.0,1.8999999999999986
2021-05-08,Valencia,39.47276,-0.3734436,22.0,14.1,18.3,24.2,14.1,06:54,21:01,26.12,15.1,0.0,2021,5,8,Open-Meteo (ERA5),0.0,0.3000000000000007
2021-05-09,Valencia,39.47276,-0.3734436,21.1,13.4,17.4,22.5,12.9,06:53,21:02,21.59,22.2,0.3,2021,5,9,Open-Meteo (ERA5),0.6000000000000014,0.0
2021-05-10,Valencia,39.47276,-0.3734436,23.0,15.3,18.9,22.3,13.7,06:52,21:03,19.26,20.2,0.6,2021,5,10,Open-Meteo (ERA5),0.0,0.8999999999999986
2021-05-11,Valencia,39.47276,-0.3734436,23.7,14.2,18.8,19.2,9.9,06:51,21:04,27.82,26.2,0.0,2021,5,11,Open-Meteo (ERA5),0.0,0.8000000000000007
2021-05-12,Valencia,39.47276,-0.3734436,26.8,13.6,19.7,23.0,10.3,06:50,21:05,24.13,24.8,0.0,2021,5,12,Open-Meteo (ERA5),0.0,1.6999999999999993
2021-05-13,Valencia,39.47276,-0.3734436,25.8,14.2,19.9,24.1,12.3,06:49,21:06,25.37,18.4,0.0,2021,5,13,Open-Meteo (ERA5),0.0,1.8999999999999986
2021-05-14,Valencia,39.47276,-0.3734436,22.8,16.2,19.3,22.3,14.4,06:48,21:07,24.93,19.6,0.0,2021,5,14,Open-Meteo (ERA5),0.0,1.3000000000000007
2021-05-15,Valencia,39.47276,-0.3734436,31.3,13.6,21.8,30.4,12.7,06:47,21:08,24.67,17.6,0.0,2021,5,15,Open-Meteo (ERA5),0.0,3.8000000000000007
2021-05-16,Valencia,39.47276,-0.3734436,34.2,19.4,26.4,33.1,17.7,06:46,21:09,26.99,20.1,0.0,2021,5,16,Open-Meteo (ERA5),0.0,8.399999999999999
2021-05-17,Valencia,39.47276,-0.3734436,22.4,16.6,19.5,21.6,17.0,06:45,21:10,25.29,20.4,0.0,2021,5,17,Open-Meteo (ERA5),0.0,1.5
2021-05-18,Valencia,39.47276,-0.3734436,24.0,15.3,19.5,24.6,15.4,06:44,21:11,25.92,19.6,0.0,2021,5,18,Open-Meteo (ERA5),0.0,1.5
2021-05-19,Valencia,39.47276,-0.3734436,20.8,16.5,18.7,20.8,17.5,06:43,21:12,24.2,19.5,0.0,2021,5,19,Open-Meteo (ERA5),0.0,0.6999999999999993
2021-05-20,Valencia,39.47276,-0.3734436,22.5,14.1,18.6,22.7,14.7,06:43,21:13,26.81,21.0,0.0,2021,5,20,Open-Meteo (ERA5),0.0,0.6000000000000014
2021-05-21,Valencia,39.47276,-0.3734436,23.1,14.1,19.1,23.2,14.8,06:42,21:13,26.69,18.9,0.0,2021,5,21,Open-Meteo (ERA5),0.0,1.1000000000000014
2021-05-22,Valencia,39.47276,-0.3734436,20.7,15.1,18.1,20.8,16.0,06:41,21:14,21.62,18.2,0.5,2021,5,22,Open-Meteo (ERA5),0.0,0.10000000000000142
2021-05-23,Valencia,39.47276,-0.3734436,17.6,14.6,16.2,18.3,13.5,06:40,21:15,4.27,23.6,20.7,2021,5,23,Open-Meteo (ERA5),1.8000000000000007,0.0
2021-05-24,Valencia,39.47276,-0.3734436,26.9,13.6,19.8,26.1,12.8,06:40,21:16,28.24,22.6,4.8,2021,5,24,Open-Meteo (ERA5),0.0,1.8000000000000007
2021-05-25,Valencia,39.47276,-0.3734436,20.1,14.4,18.0,19.7,13.7,06:39,21:17,24.89,21.6,0.2,2021,5,25,Open-Meteo (ERA5),0.0,0.0
2021-05-26,Valencia,39.47276,-0.3734436,21.0,16.2,18.2,22.3,17.4,06:39,21:18,22.53,16.4,0.4,2021,5,26,Open-Meteo (ERA5),0.0,0.1999999999999993
2021-05-27,Valencia,39.47276,-0.3734436,22.0,13.4,18.0,23.1,13.4,06:38,21:18,26.23,16.6,0.2,2021,5,27,Open-Meteo (ERA5),0.0,0.0
2021-05-28,Valencia,39.47276,-0.3734436,22.3,16.1,18.9,23.1,17.2,06:37,21:19,22.99,11.3,0.4,2021,5,28,Open-Meteo (ERA5),0.0,0.8999999999999986
2021-05-29,Valencia,39.47276,-0.3734436,25.0,13.6,19.5,26.2,13.5,06:37,21:20,28.17,14.1,0.0,2021,5,29,Open-Meteo (ERA5),0.0,1.5
2021-05-30,Valencia,39.47276,-0.3734436,24.5,15.8,20.3,25.6,15.4,06:37,21:21,25.38,14.4,0.0,2021,5,30,Open-Meteo (ERA5),0.0,2.3000000000000007
2021-05-31,Valencia,39.47276,-0.3734436,23.2,17.2,20.1,24.7,16.4,06:36,21:21,19.62,15.7,1.2,2021,5,31,Open-Meteo (ERA5),0.0,2.1000000000000014
2021-06-01,Valencia,39.47276,-0.3734436,22.7,16.4,19.4,25.1,16.9,06:36,21:22,16.34,14.4,5.5,2021,6,1,Open-Meteo (ERA5),0.0,1.3999999999999986
2021-06-02,Valencia,39.47276,-0.3734436,23.7,17.4,20.2,25.0,19.2,06:35,21:23,21.08,15.2,0.9,2021,6,2,Open-Meteo (ERA5),0.0,2.1999999999999993
2021-06-03,Valencia,39.47276,-0.3734436,22.9,17.4,20.2,24.7,18.5,06:35,21:23,24.06,13.5,0.0,2021,6,3,Open-Meteo (ERA5),0.0,2.1999999999999993
2021-06-04,Valencia,39.47276,-0.3734436,23.6,17.1,20.3,25.9,18.9,06:35,21:24,16.94,15.7,0.0,2021,6,4,Open-Meteo (ERA5),0.0,2.3000000000000007
2021-06-05,Valencia,39.47276,-0.3734436,21.3,18.4,19.9,22.5,19.4,06:34,21:25,11.38,23.2,2.2,2021,6,5,Open-Meteo (ERA5),0.0,1.8999999999999986
2021-06-06,Valencia,39.47276,-0.3734436,24.2,16.6,20.3,25.8,18.1,06:34,21:25,25.88,16.6,1.7,2021,6,6,Open-Meteo (ERA5),0.0,2.3000000000000007
2021-06-07,Valencia,39.47276,-0.3734436,25.0,15.8,20.5,27.2,15.8,06:34,21:26,27.36,14.0,0.0,2021,6,7,Open-Meteo (ERA5),0.0,2.5
2021-06-08,Valencia,39.47276,-0.3734436,25.0,18.1,21.2,28.2,19.9,06:34,21:27,23.21,16.3,0.0,2021,6,8,Open-Meteo (ERA5),0.0,3.1999999999999993
2021-06-09,Valencia,39.47276,-0.3734436,24.9,18.1,21.3,28.0,19.7,06:34,21:27,27.5,14.9,0.0,2021,6,9,Open-Meteo (ERA5),0.0,3.3000000000000007
2021-06-10,Valencia,39.47276,-0.3734436,25.2,17.7,21.6,26.7,19.6,06:34,21:28,27.85,12.7,0.0,2021,6,10,Open-Meteo (ERA5),0.0,3.6000000000000014
2021-06-11,Valencia,39.47276,-0.3734436,27.0,17.6,22.2,28.7,18.6,06:33,21:28,27.32,15.9,0.0,2021,6,11,Open-Meteo (ERA5),0.0,4.199999999999999
2021-06-12,Valencia,39.47276,-0.3734436,28.1,17.6,23.0,28.8,17.6,06:33,21:29,28.7,14.7,0.0,2021,6,12,Open-Meteo (ERA5),0.0,5.0
2021-06-13,Valencia,39.47276,-0.3734436,29.2,19.0,24.0,30.2,19.5,06:33,21:29,26.45,11.5,0.0,2021,6,13,Open-Meteo (ERA5),0.0,6.0
2021-06-14,Valencia,39.47276,-0.3734436,30.5,18.5,24.6,31.0,17.8,06:33,21:29,26.2,19.9,0.0,2021,6,14,Open-Meteo (ERA5),0.0,6.600000000000001
2021-06-15,Valencia,39.47276,-0.3734436,31.5,18.7,25.3,32.2,18.8,06:33,21:30,26.36,11.9,0.0,2021,6,15,Open-Meteo (ERA5),0.0,7.300000000000001
2021-06-16,Valencia,39.47276,-0.3734436,27.9,20.0,24.3,29.0,20.6,06:33,21:30,19.76,17.8,0.1,2021,6,16,Open-Meteo (ERA5),0.0,6.300000000000001
2021-06-17,Valencia,39.47276,-0.3734436,26.5,21.2,23.5,29.4,22.5,06:33,21:30,22.05,16.0,3.1,2021,6,17,Open-Meteo (ERA5),0.0,5.5
2021-06-18,Valencia,39.47276,-0.3734436,26.7,19.1,23.0,29.3,18.9,06:34,21:31,24.02,16.6,0.0,2021,6,18,Open-Meteo (ERA5),0.0,5.0
2021-06-19,Valencia,39.47276,-0.3734436,26.6,20.6,22.8,29.3,22.5,06:34,21:31,15.66,10.5,2.7,2021,6,19,Open-Meteo (ERA5),0.0,4.800000000000001
2021-06-20,Valencia,39.47276,-0.3734436,30.0,19.9,23.9,29.0,21.2,06:34,21:31,22.62,22.4,2.8,2021,6,20,Open-Meteo (ERA5),0.0,5.899999999999999
2021-06-21,Valencia,39.47276,-0.3734436,30.6,19.2,24.2,29.4,19.3,06:34,21:32,28.52,23.1,0.0,2021,6,21,Open-Meteo (ERA5),0.0,6.199999999999999
2021-06-22,Valencia,39.47276,-0.3734436,25.9,18.0,22.6,26.3,16.7,06:34,21:32,25.31,17.5,0.0,2021,6,22,Open-Meteo (ERA5),0.0,4.600000000000001
2021-06-23,Valencia,39.47276,-0.3734436,24.2,17.4,20.7,25.3,16.8,06:35,21:32,23.59,19.2,4.2,2021,6,23,Open-Meteo (ERA5),0.0,2.6999999999999993
2021-06-24,Valencia,39.47276,-0.3734436,25.2,17.4,21.5,25.8,18.4,06:35,21:32,28.74,15.5,0.0,2021,6,24,Open-Meteo (ERA5),0.0,3.5
2021-06-25,Valencia,39.47276,-0.3734436,26.0,16.7,21.7,26.4,16.1,06:35,21:32,29.02,15.3,0.0,2021,6,25,Open-Meteo (ERA5),0.0,3.6999999999999993
2021-06-26,Valencia,39.47276,-0.3734436,27.9,18.0,22.9,28.7,18.7,06:36,21:32,27.34,19.8,0.0,2021,6,26,Open-Meteo (ERA5),0.0,4.899999999999999
2021-06-27,Valencia,39.47276,-0.3734436,29.0,17.9,24.1,30.5,18.0,06:36,21:32,28.34,18.5,0.0,2021,6,27,Open-Meteo (ERA5),0.0,6.100000000000001
2021-06-28,Valencia,39.47276,-0.3734436,27.1,19.2,23.6,29.1,21.4,06:36,21:32,27.9,17.3,0.0,2021,6,28,Open-Meteo (ERA5),0.0,5.600000000000001
2021-06-29,Valencia,39.47276,-0.3734436,26.6,18.6,23.1,28.4,19.8,06:37,21:32,26.89,19.3,0.0,2021,6,29,Open-Meteo (ERA5),0.0,5.100000000000001
2021-06-30,Valencia,39.47276,-0.3734436,26.8,20.6,23.6,28.6,23.5,06:37,21:32,23.31,20.9,0.5,2021,6,30,Open-Meteo (ERA5),0.0,5.600000000000001
2021-07-01,Valencia,39.47276,-0.3734436,27.5,20.5,24.0,30.9,22.7,06:38,21:32,28.04,17.5,0.0,2021,7,1,Open-Meteo (ERA5),0.0,6.0
2021-07-02,Valencia,39.47276,-0.3734436,28.0,19.6,24.1,31.1,22.4,06:38,21:32,28.43,15.6,0.0,2021,7,2,Open-Meteo (ERA5),0.0,6.100000000000001
2021-07-03,Valencia,39.47276,-0.3734436,28.5,19.2,24.2,32.0,22.1,06:39,21:32,27.13,15.5,0.0,2021,7,3,Open-Meteo (ERA5),0.0,6.199999999999999
2021-07-04,Valencia,39.47276,-0.3734436,38.5,21.1,28.1,37.1,24.5,06:39,21:32,28.58,19.6,0.0,2021,7,4,Open-Meteo (ERA5),0.0,10.100000000000001
2021-07-05,Valencia,39.47276,-0.3734436,29.9,22.1,25.9,33.8,24.8,06:40,21:31,28.26,18.3,0.0,2021,7,5,Open-Meteo (ERA5),0.0,7.899999999999999
2021-07-06,Valencia,39.47276,-0.3734436,38.5,20.4,29.6,36.2,23.6,06:40,21:31,28.99,23.9,0.0,2021,7,6,Open-Meteo (ERA5),0.0,11.600000000000001
2021-07-07,Valencia,39.47276,-0.3734436,28.3,23.6,25.8,29.5,24.9,06:41,21:31,22.43,17.9,0.5,2021,7,7,Open-Meteo (ERA5),0.0,7.800000000000001
2021-07-08,Valencia,39.47276,-0.3734436,27.5,20.6,24.4,27.4,22.8,06:42,21:31,28.04,19.2,0.0,2021,7,8,Open-Meteo (ERA5),0.0,6.399999999999999
2021-07-09,Valencia,39.47276,-0.3734436,27.4,20.8,24.3,29.6,21.9,06:42,21:30,21.33,15.9,0.6,2021,7,9,Open-Meteo (ERA5),0.0,6.300000000000001
2021-07-10,Valencia,39.47276,-0.3734436,29.2,19.3,24.9,30.8,21.2,06:43,21:30,28.46,19.6,0.0,2021,7,10,Open-Meteo (ERA5),0.0,6.899999999999999
2021-07-11,Valencia,39.47276,-0.3734436,28.8,22.1,25.3,32.0,24.3,06:44,21:29,24.71,17.0,0.0,2021,7,11,Open-Meteo (ERA5),0.0,7.300000000000001
2021-07-12,Valencia,39.47276,-0.3734436,38.7,20.8,28.1,36.0,23.0,06:44,21:29,24.28,23.6,0.0,2021,7,12,Open-Meteo (ERA5),0.0,10.100000000000001
2021-07-13,Valencia,39.47276,-0.3734436,28.7,19.2,24.7,28.0,18.2,06:45,21:28,28.94,22.7,0.0,2021,7,13,Open-Meteo (ERA5),0.0,6.699999999999999
2021-07-14,Valencia,39.47276,-0.3734436,27.0,18.8,23.4,26.9,17.6,06:46,21:28,28.3,20.2,0.0,2021,7,14,Open-Meteo (ERA5),0.0,5.399999999999999
2021-07-15,Valencia,39.47276,-0.3734436,26.6,20.4,23.4,28.0,21.5,06:47,21:27,22.73,15.8,0.0,2021,7,15,Open-Meteo (ERA5),0.0,5.399999999999999
2021-07-16,Valencia,39.47276,-0.3734436,28.0,18.8,23.9,30.2,20.6,06:47,21:27,27.85,19.0,0.0,2021,7,16,Open-Meteo (ERA5),0.0,5.899999999999999
2021-07-17,Valencia,39.47276,-0.3734436,27.6,21.3,24.4,30.6,23.5,06:48,21:26,23.3,18.5,0.2,2021,7,17,Open-Meteo (ERA5),0.0,6.399999999999999
2021-07-18,Valencia,39.47276,-0.3734436,28.9,21.6,25.0,32.5,24.0,06:49,21:26,26.81,18.8,0.0,2021,7,18,Open-Meteo (ERA5),0.0,7.0
2021-07-19,Valencia,39.47276,-0.3734436,30.1,20.8,25.6,32.0,23.0,06:50,21:25,27.99,17.6,0.0,2021,7,19,Open-Meteo (ERA5),0.0,7.600000000000001
2021-07-20,Valencia,39.47276,-0.3734436,30.0,21.1,25.9,31.6,22.3,06:51,21:24,25.26,17.7,0.0,2021,7,20,Open-Meteo (ERA5),0.0,7.899999999999999
2021-07-21,Valencia,39.47276,-0.3734436,29.9,22.5,26.3,34.4,24.8,06:51,21:23,27.46,16.5,0.0,2021,7,21,Open-Meteo (ERA5),0.0,8.3
2021-07-22,Valencia,39.47276,-0.3734436,31.9,20.7,26.5,34.5,22.4,06:52,21:23,28.04,15.8,0.0,2021,7,22,Open-Meteo (ERA5),0.0,8.5
2021-07-23,Valencia,39.47276,-0.3734436,31.8,20.7,26.7,33.3,20.7,06:53,21:22,27.09,17.6,0.0,2021,7,23,Open-Meteo (ERA5),0.0,8.7
2021-07-24,Valencia,39.47276,-0.3734436,30.5,21.4,26.5,34.1,24.2,06:54,21:21,27.36,17.3,0.0,2021,7,24,Open-Meteo (ERA5),0.0,8.5
2021-07-25,Valencia,39.47276,-0.3734436,28.2,23.4,25.7,30.7,26.9,06:55,21:20,21.3,19.0,0.3,2021,7,25,Open-Meteo (ERA5),0.0,7.699999999999999
2021-07-26,Valencia,39.47276,-0.3734436,24.7,21.3,23.4,27.9,22.0,06:56,21:19,15.88,18.1,21.4,2021,7,26,Open-Meteo (ERA5),0.0,5.399999999999999
2021-07-27,Valencia,39.47276,-0.3734436,27.4,17.9,22.9,31.3,19.1,06:56,21:19,27.18,18.9,0.0,2021,7,27,Open-Meteo (ERA5),0.0,4.899999999999999
2021-07-28,Valencia,39.47276,-0.3734436,27.1,19.9,24.0,30.8,22.1,06:57,21:18,23.55,14.5,0.1,2021,7,28,Open-Meteo (ERA5),0.0,6.0
2021-07-29,Valencia,39.47276,-0.3734436,28.0,21.5,24.7,32.6,25.3,06:58,21:17,22.39,14.1,0.7,2021,7,29,Open-Meteo (ERA5),0.0,6.699999999999999
2021-07-30,Valencia,39.47276,-0.3734436,28.8,20.6,25.1,33.5,23.6,06:59,21:16,26.63,19.3,0.0,2021,7,30,Open-Meteo (ERA5),0.0,7.100000000000001
2021-07-31,Valencia,39.47276,-0.3734436,29.6,21.7,25.2,34.3,24.1,07:00,21:15,23.2,20.6,6.3,2021,7,31,Open-Meteo (ERA5),0.0,7.199999999999999
2021-08-01,Valencia,39.47276,-0.3734436,26.4,17.8,22.7,27.6,17.3,07:01,21:14,26.43,20.0,0.0,2021,8,1,Open-Meteo (ERA5),0.0,4.699999999999999
2021-08-02,Valencia,39.47276,-0.3734436,26.5,21.2,23.7,27.4,21.3,07:02,21:13,21.27,15.9,0.2,2021,8,2,Open-Meteo (ERA5),0.0,5.699999999999999
2021-08-03,Valencia,39.47276,-0.3734436,27.6,19.2,23.8,30.6,19.4,07:03,21:12,25.98,19.9,0.0,2021,8,3,Open-Meteo (ERA5),0.0,5.800000000000001
2021-08-04,Valencia,39.47276,-0.3734436,33.0,21.2,25.7,35.8,22.7,07:04,21:10,25.21,21.9,0.0,2021,8,4,Open-Meteo (ERA5),0.0,7.699999999999999
2021-08-05,Valencia,39.47276,-0.3734436,29.5,21.3,25.3,33.7,22.7,07:05,21:09,25.66,16.2,0.0,2021,8,5,Open-Meteo (ERA5),0.0,7.300000000000001
2021-08-06,Valencia,39.47276,-0.3734436,28.1,19.8,24.8,30.9,22.5,07:06,21:08,25.23,19.1,0.0,2021,8,6,Open-Meteo (ERA5),0.0,6.800000000000001
2021-08-07,Valencia,39.47276,-0.3734436,37.2,20.4,27.8,35.0,22.9,07:06,21:07,26.57,22.8,0.0,2021,8,7,Open-Meteo (ERA5),0.0,9.8
2021-08-08,Valencia,39.47276,-0.3734436,25.8,22.6,24.5,28.4,22.0,07:07,21:06,12.14,26.5,3.2,2021,8,8,Open-Meteo (ERA5),0.0,6.5
2021-08-09,Valencia,39.47276,-0.3734436,27.3,22.5,24.6,30.1,24.8,07:08,21:05,19.89,14.7,0.2,2021,8,9,Open-Meteo (ERA5),0.0,6.600000000000001
2021-08-10,Valencia,39.47276,-0.3734436,28.0,20.2,24.2,31.9,22.1,07:09,21:03,21.36,12.8,0.0,2021,8,10,Open-Meteo (ERA5),0.0,6.199999999999999
2021-08-11,Valencia,39.47276,-0.3734436,30.5,22.1,25.7,32.8,25.0,07:10,21:02,20.26,9.4,0.0,2021,8,11,Open-Meteo (ERA5),0.0,7.699999999999999
2021-08-12,Valencia,39.47276,-0.3734436,34.0,21.3,26.9,36.6,23.0,07:11,21:01,22.33,14.8,0.0,2021,8,12,Open-Meteo (ERA5),0.0,8.899999999999999
2021-08-13,Valencia,39.47276,-0.3734436,29.6,21.1,26.1,33.7,24.1,07:12,21:00,25.32,14.0,0.0,2021,8,13,Open-Meteo (ERA5),0.0,8.100000000000001
2021-08-14,Valencia,39.47276,-0.3734436,31.8,21.7,26.8,35.6,24.5,07:13,20:58,24.74,17.2,0.0,2021,8,14,Open-Meteo (ERA5),0.0,8.8
2021-08-15,Valencia,39.47276,-0.3734436,31.2,24.4,27.5,35.8,26.4,07:14,20:57,21.82,20.0,0.0,2021,8,15,Open-Meteo (ERA5),0.0,9.5
2021-08-16,Valencia,39.47276,-0.3734436,29.5,24.2,26.6,31.8,27.0,07:15,20:56,24.5,17.7,0.0,2021,8,16,Open-Meteo (ERA5),0.0,8.600000000000001
2021-08-17,Valencia,39.47276,-0.3734436,26.9,23.6,25.0,29.6,24.0,07:16,20:54,14.13,18.4,0.4,2021,8,17,Open-Meteo (ERA5),0.0,7.0
2021-08-18,Valencia,39.47276,-0.3734436,27.8,23.0,25.2,30.5,27.0,07:17,20:53,14.6,16.9,1.0,2021,8,18,Open-Meteo (ERA5),0.0,7.199999999999999
2021-08-19,Valencia,39.47276,-0.3734436,28.6,24.0,25.6,31.6,26.7,07:18,20:52,20.16,18.8,0.4,2021,8,19,Open-Meteo (ERA5),0.0,7.600000000000001
2021-08-20,Valencia,39.47276,-0.3734436,28.5,22.0,25.3,31.8,25.3,07:19,20:50,22.87,15.8,0.0,2021,8,20,Open-Meteo (ERA5),0.0,7.300000000000001
2021-08-21,Valencia,39.47276,-0.3734436,29.0,22.0,25.6,33.0,24.4,07:19,20:49,24.0,15.6,0.0,2021,8,21,Open-Meteo (ERA5),0.0,7.600000000000001
2021-08-22,Valencia,39.47276,-0.3734436,29.0,21.0,25.3,32.7,23.2,07:20,20:47,18.8,14.8,0.0,2021,8,22,Open-Meteo (ERA5),0.0,7.300000000000001
2021-08-23,Valencia,39.47276,-0.3734436,28.8,21.4,25.3,31.5,24.7,07:21,20:46,21.01,18.2,0.0,2021,8,23,Open-Meteo (ERA5),0.0,7.300000000000001
2021-08-24,Valencia,39.47276,-0.3734436,28.8,22.4,25.1,31.0,24.8,07:22,20:44,17.87,21.7,0.4,2021,8,24,Open-Meteo (ERA5),0.0,7.100000000000001
2021-08-25,Valencia,39.47276,-0.3734436,28.6,21.5,24.5,30.9,24.4,07:23,20:43,19.41,18.5,5.6,2021,8,25,Open-Meteo (ERA5),0.0,6.5
2021-08-26,Valencia,39.47276,-0.3734436,29.9,21.9,25.7,32.3,24.3,07:24,20:41,19.62,18.9,0.0,2021,8,26,Open-Meteo (ERA5),0.0,7.699999999999999
2021-08-27,Valencia,39.47276,-0.3734436,34.9,21.9,27.4,37.2,23.5,07:25,20:40,23.25,18.6,0.0,2021,8,27,Open-Meteo (ERA5),0.0,9.399999999999999
2021-08-28,Valencia,39.47276,-0.3734436,30.0,22.5,26.1,33.1,24.1,07:26,20:38,22.99,17.9,0.0,2021,8,28,Open-Meteo (ERA5),0.0,8.100000000000001
2021-08-29,Valencia,39.47276,-0.3734436,28.7,23.2,25.6,31.8,26.9,07:27,20:37,17.14,18.6,2.6,2021,8,29,Open-Meteo (ERA5),0.0,7.600000000000001
2021-08-30,Valencia,39.47276,-0.3734436,26.2,22.2,24.1,29.1,23.4,07:28,20:35,15.6,23.4,7.0,2021,8,30,Open-Meteo (ERA5),0.0,6.100000000000001
2021-08-31,Valencia,39.47276,-0.3734436,27.2,21.2,24.3,30.3,23.7,07:29,20:34,17.88,12.3,1.5,2021,8,31,Open-Meteo (ERA5),0.0,6.300000000000001
2021-09-01,Valencia,39.47276,-0.3734436,26.1,21.8,23.8,27.6,23.7,07:30,20:32,13.3,22.5,31.3,2021,9,1,Open-Meteo (ERA5),0.0,5.800000000000001
2021-09-02,Valencia,39.47276,-0.3734436,26.4,19.1,22.8,28.9,20.2,07:31,20:31,18.11,14.9,3.3,2021,9,2,Open-Meteo (ERA5),0.0,4.800000000000001
2021-09-03,Valencia,39.47276,-0.3734436,28.0,21.4,24.4,31.8,23.8,07:31,20:29,20.2,14.4,0.0,2021,9,3,Open-Meteo (ERA5),0.0,6.399999999999999
2021-09-04,Valencia,39.47276,-0.3734436,27.1,20.7,24.0,30.6,23.9,07:32,20:27,19.92,11.6,0.0,2021,9,4,Open-Meteo (ERA5),0.0,6.0
2021-09-05,Valencia,39.47276,-0.3734436,28.8,21.6,25.0,32.7,25.1,07:33,20:26,21.63,14.8,0.0,2021,9,5,Open-Meteo (ERA5),0.0,7.0
2021-09-06,Valencia,39.47276,-0.3734436,29.8,20.1,24.7,32.4,23.2,07:34,20:24,14.93,13.6,0.0,2021,9,6,Open-Meteo (ERA5),0.0,6.699999999999999
2021-09-07,Valencia,39.47276,-0.3734436,28.0,22.0,25.1,31.5,25.5,07:35,20:23,17.44,14.4,0.0,2021,9,7,Open-Meteo (ERA5),0.0,7.100000000000001
2021-09-08,Valencia,39.47276,-0.3734436,28.5,21.2,24.6,32.0,23.2,07:36,20:21,20.88,16.0,0.0,2021,9,8,Open-Meteo (ERA5),0.0,6.600000000000001
2021-09-09,Valencia,39.47276,-0.3734436,29.2,20.9,24.6,31.5,23.2,07:37,20:20,16.68,12.6,0.1,2021,9,9,Open-Meteo (ERA5),0.0,6.600000000000001
2021-09-10,Valencia,39.47276,-0.3734436,30.4,20.5,25.2,32.4,21.4,07:38,20:18,19.24,18.7,0.0,2021,9,10,Open-Meteo (ERA5),0.0,7.199999999999999
2021-09-11,Valencia,39.47276,-0.3734436,28.0,22.9,25.1,31.1,25.4,07:39,20:16,16.0,16.6,0.8,2021,9,11,Open-Meteo (ERA5),0.0,7.100000000000001
2021-09-12,Valencia,39.47276,-0.3734436,30.2,20.3,24.8,31.6,22.4,07:40,20:15,20.14,17.2,0.0,2021,9,12,Open-Meteo (ERA5),0.0,6.800000000000001
2021-09-13,Valencia,39.47276,-0.3734436,28.1,21.2,25.1,31.2,23.2,07:41,20:13,12.32,16.1,0.0,2021,9,13,Open-Meteo (ERA5),0.0,7.100000000000001
2021-09-14,Valencia,39.47276,-0.3734436,30.1,21.4,25.2,31.0,23.1,07:42,20:11,10.05,16.9,0.2,2021,9,14,Open-Meteo (ERA5),0.0,7.199999999999999
2021-09-15,Valencia,39.47276,-0.3734436,29.4,21.2,24.8,32.1,22.3,07:42,20:10,17.23,22.2,0.0,2021,9,15,Open-Meteo (ERA5),0.0,6.800000000000001
2021-09-16,Valencia,39.47276,-0.3734436,30.2,20.0,24.5,31.3,20.4,07:43,20:08,17.76,18.8,11.2,2021,9,16,Open-Meteo (ERA5),0.0,6.5
2021-09-17,Valencia,39.47276,-0.3734436,28.3,18.6,23.2,30.5,20.0,07:44,20:06,18.27,15.8,0.0,2021,9,17,Open-Meteo (ERA5),0.0,5.199999999999999
2021-09-18,Valencia,39.47276,-0.3734436,30.5,19.9,24.7,31.0,21.6,07:45,20:05,17.07,22.6,0.0,2021,9,18,Open-Meteo (ERA5),0.0,6.699999999999999
2021-09-19,Valencia,39.47276,-0.3734436,25.8,18.6,22.6,26.2,19.6,07:46,20:03,19.22,17.6,0.0,2021,9,19,Open-Meteo (ERA5),0.0,4.600000000000001
2021-09-20,Valencia,39.47276,-0.3734436,26.0,17.8,21.7,26.3,17.1,07:47,20:02,16.45,17.6,1.7,2021,9,20,Open-Meteo (ERA5),0.0,3.6999999999999993
2021-09-21,Valencia,39.47276,-0.3734436,21.9,16.6,19.4,21.3,14.9,07:48,20:00,13.85,21.4,4.0,2021,9,21,Open-Meteo (ERA5),0.0,1.3999999999999986
2021-09-22,Valencia,39.47276,-0.3734436,23.5,17.0,19.6,21.7,16.7,07:49,19:58,11.13,29.3,11.2,2021,9,22,Open-Meteo (ERA5),0.0,1.6000000000000014
2021-09-23,Valencia,39.47276,-0.3734436,24.4,19.4,21.8,22.7,18.5,07:50,19:57,10.85,31.4,4.3,2021,9,23,Open-Meteo (ERA5),0.0,3.8000000000000007
2021-09-24,Valencia,39.47276,-0.3734436,24.2,21.2,22.5,25.8,19.9,07:51,19:55,7.03,24.6,1.2,2021,9,24,Open-Meteo (ERA5),0.0,4.5
2021-09-25,Valencia,39.47276,-0.3734436,28.1,20.2,23.5,30.7,23.1,07:52,19:53,14.85,15.8,1.2,2021,9,25,Open-Meteo (ERA5),0.0,5.5
2021-09-26,Valencia,39.47276,-0.3734436,28.8,19.1,23.1,29.7,17.5,07:53,19:52,18.94,18.0,0.0,2021,9,26,Open-Meteo (ERA5),0.0,5.100000000000001
2021-09-27,Valencia,39.47276,-0.3734436,30.2,17.6,23.2,31.6,17.6,07:54,19:50,18.61,16.5,0.0,2021,9,27,Open-Meteo (ERA5),0.0,5.199999999999999
2021-09-28,Valencia,39.47276,-0.3734436,26.4,18.2,22.2,28.0,18.5,07:55,19:49,15.9,13.8,0.0,2021,9,28,Open-Meteo (ERA5),0.0,4.199999999999999
2021-09-29,Valencia,39.47276,-0.3734436,25.8,17.4,21.9,27.5,18.1,07:55,19:47,17.31,15.1,0.2,2021,9,29,Open-Meteo (ERA5),0.0,3.8999999999999986
2021-09-30,Valencia,39.47276,-0.3734436,24.1,18.7,21.4,24.1,20.4,07:56,19:45,13.3,19.7,0.4,2021,9,30,Open-Meteo (ERA5),0.0,3.3999999999999986
2021-10-01,Valencia,39.47276,-0.3734436,26.4,18.4,21.8,28.5,20.1,07:57,19:44,14.78,16.3,0.0,2021,10,1,Open-Meteo (ERA5),0.0,3.8000000000000007
2021-10-02,Valencia,39.47276,-0.3734436,26.1,17.9,22.0,28.1,19.6,07:58,19:42,15.56,19.1,0.0,2021,10,2,Open-Meteo (ERA5),0.0,4.0
2021-10-03,Valencia,39.47276,-0.3734436,29.4,17.8,22.9,28.1,19.0,07:59,19:41,15.39,22.7,3.7,2021,10,3,Open-Meteo (ERA5),0.0,4.899999999999999
2021-10-04,Valencia,39.47276,-0.3734436,24.1,14.4,19.0,21.7,11.9,08:00,19:39,11.11,15.2,2.5,2021,10,4,Open-Meteo (ERA5),0.0,1.0
2021-10-05,Valencia,39.47276,-0.3734436,28.4,14.9,20.5,27.1,11.3,08:01,19:37,16.84,22.1,0.0,2021,10,5,Open-Meteo (ERA5),0.0,2.5
2021-10-06,Valencia,39.47276,-0.3734436,25.0,17.1,20.6,24.5,16.3,08:02,19:36,15.22,17.7,0.0,2021,10,6,Open-Meteo (ERA5),0.0,2.6000000000000014
2021-10-07,Valencia,39.47276,-0.3734436,24.3,16.0,20.0,24.7,15.7,08:03,19:34,15.53,16.0,0.0,2021,10,7,Open-Meteo (ERA5),0.0,2.0
2021-10-08,Valencia,39.47276,-0.3734436,24.0,17.0,20.2,23.8,17.8,08:04,19:33,13.65,15.8,0.0,2021,10,8,Open-Meteo (ERA5),0.0,2.1999999999999993
2021-10-09,Valencia,39.47276,-0.3734436,22.9,17.5,19.9,22.9,18.7,08:05,19:31,11.71,14.5,1.6,2021,10,9,Open-Meteo (ERA5),0.0,1.8999999999999986
2021-10-10,Valencia,39.47276,-0.3734436,21.5,17.6,19.5,21.7,18.9,08:06,19:30,11.9,15.3,2.1,2021,10,10,Open-Meteo (ERA5),0.0,1.5
2021-10-11,Valencia,39.47276,-0.3734436,22.8,15.9,18.9,22.9,15.9,08:07,19:28,12.51,12.6,0.0,2021,10,11,Open-Meteo (ERA5),0.0,0.8999999999999986
2021-10-12,Valencia,39.47276,-0.3734436,24.9,14.1,19.1,24.5,13.8,08:08,19:27,16.37,14.4,0.0,2021,10,12,Open-Meteo (ERA5),0.0,1.1000000000000014
2021-10-13,Valencia,39.47276,-0.3734436,23.5,14.9,19.0,23.4,13.0,08:09,19:25,15.29,13.6,0.0,2021,10,13,Open-Meteo (ERA5),0.0,1.0
2021-10-14,Valencia,39.47276,-0.3734436,23.6,15.6,19.5,23.6,15.6,08:10,19:24,13.39,14.0,0.1,2021,10,14,Open-Meteo (ERA5),0.0,1.5
2021-10-15,Valencia,39.47276,-0.3734436,26.6,14.8,19.8,26.6,14.9,08:11,19:22,13.16,16.3,0.0,2021,10,15,Open-Meteo (ERA5),0.0,1.8000000000000007
2021-10-16,Valencia,39.47276,-0.3734436,24.1,14.7,19.6,23.9,13.5,08:12,19:21,14.48,15.5,0.0,2021,10,16,Open-Meteo (ERA5),0.0,1.6000000000000014
2021-10-17,Valencia,39.47276,-0.3734436,21.4,16.9,19.4,21.8,18.2,08:13,19:19,4.59,13.0,1.7,2021,10,17,Open-Meteo (ERA5),0.0,1.3999999999999986
2021-10-18,Valencia,39.47276,-0.3734436,23.6,14.6,19.0,23.5,14.6,08:14,19:18,14.28,12.0,0.0,2021,10,18,Open-Meteo (ERA5),0.0,1.0
2021-10-19,Valencia,39.47276,-0.3734436,24.1,15.4,19.5,24.2,14.9,08:15,19:16,13.44,17.1,0.0,2021,10,19,Open-Meteo (ERA5),0.0,1.5
2021-10-20,Valencia,39.47276,-0.3734436,24.0,14.5,18.8,23.1,14.0,08:16,19:15,14.64,16.6,0.0,2021,10,20,Open-Meteo (ERA5),0.0,0.8000000000000007
2021-10-21,Valencia,39.47276,-0.3734436,25.6,16.5,20.3,24.6,16.3,08:18,19:14,13.91,23.4,0.1,2021,10,21,Open-Meteo (ERA5),0.0,2.3000000000000007
2021-10-22,Valencia,39.47276,-0.3734436,19.0,14.1,17.1,19.3,14.1,08:19,19:12,4.39,21.9,25.7,2021,10,22,Open-Meteo (ERA5),0.8999999999999986,0.0
2021-10-23,Valencia,39.47276,-0.3734436,21.7,12.2,16.3,21.4,10.5,08:20,19:11,14.16,14.5,0.4,2021,10,23,Open-Meteo (ERA5),1.6999999999999993,0.0
2021-10-24,Valencia,39.47276,-0.3734436,20.9,12.1,16.0,21.0,10.2,08:21,19:10,14.36,11.3,0.0,2021,10,24,Open-Meteo (ERA5),2.0,0.0
2021-10-25,Valencia,39.47276,-0.3734436,20.5,11.4,15.9,20.6,10.2,08:22,19:08,13.94,10.8,0.0,2021,10,25,Open-Meteo (ERA5),2.0999999999999996,0.0
2021-10-26,Valencia,39.47276,-0.3734436,20.9,13.9,16.8,20.5,12.8,08:23,19:07,12.74,14.1,0.0,2021,10,26,Open-Meteo (ERA5),1.1999999999999993,0.0
2021-10-27,Valencia,39.47276,-0.3734436,21.8,12.6,16.7,21.5,11.0,08:24,19:06,13.61,13.5,0.1,2021,10,27,Open-Meteo (ERA5),1.3000000000000007,0.0
2021-10-28,Valencia,39.47276,-0.3734436,20.5,14.2,17.0,20.9,13.5,08:25,19:04,11.03,10.6,0.0,2021,10,28,Open-Meteo (ERA5),1.0,0.0
2021-10-29,Valencia,39.47276,-0.3734436,23.5,13.5,17.7,23.0,13.2,08:26,19:03,8.02,15.6,0.3,2021,10,29,Open-Meteo (ERA5),0.3000000000000007,0.0
2021-10-30,Valencia,39.47276,-0.3734436,23.6,16.9,19.9,24.5,16.7,08:27,19:02,5.06,22.5,7.2,2021,10,30,Open-Meteo (ERA5),0.0,1.8999999999999986
2021-10-31,Valencia,39.47276,-0.3734436,27.0,18.5,22.5,25.0,18.8,08:28,19:01,10.76,28.3,5.3,2021,10,31,Open-Meteo (ERA5),0.0,4.5
2021-11-01,Valencia,39.47276,-0.3734436,25.5,19.1,22.8,23.5,16.6,08:30,19:00,11.21,25.3,0.0,2021,11,1,Open-Meteo (ERA5),0.0,4.800000000000001
2021-11-02,Valencia,39.47276,-0.3734436,19.4,15.5,17.6,16.1,11.7,08:31,18:58,6.62,24.5,0.0,2021,11,2,Open-Meteo (ERA5),0.3999999999999986,0.0
2021-11-03,Valencia,39.47276,-0.3734436,19.4,13.4,16.7,14.7,9.6,08:32,18:57,11.55,24.4,0.0,2021,11,3,Open-Meteo (ERA5),1.3000000000000007,0.0
2021-11-04,Valencia,39.47276,-0.3734436,17.1,9.4,12.6,14.9,6.1,08:33,18:56,11.36,15.0,1.7,2021,11,4,Open-Meteo (ERA5),5.4,0.0
2021-11-05,Valencia,39.47276,-0.3734436,17.0,8.9,12.1,14.7,5.8,08:34,18:55,12.32,13.5,0.4,2021,11,5,Open-Meteo (ERA5),5.9,0.0
2021-11-06,Valencia,39.47276,-0.3734436,18.3,9.5,12.9,13.7,5.1,08:35,18:54,12.59,17.9,0.0,2021,11,6,Open-Meteo (ERA5),5.1,0.0
2021-11-07,Valencia,39.47276,-0.3734436,19.2,8.4,12.7,15.8,4.0,08:36,18:53,12.8,16.5,0.0,2021,11,7,Open-Meteo (ERA5),5.300000000000001,0.0
2021-11-08,Valencia,39.47276,-0.3734436,22.8,9.4,14.9,21.0,7.1,08:37,18:52,11.8,14.3,0.0,2021,11,8,Open-Meteo (ERA5),3.0999999999999996,0.0
2021-11-09,Valencia,39.47276,-0.3734436,17.8,9.0,13.3,16.5,5.7,08:38,18:51,11.79,14.8,0.0,2021,11,9,Open-Meteo (ERA5),4.699999999999999,0.0
2021-11-10,Valencia,39.47276,-0.3734436,20.9,11.6,15.7,19.5,8.9,08:40,18:50,9.32,16.3,0.5,2021,11,10,Open-Meteo (ERA5),2.3000000000000007,0.0
2021-11-11,Valencia,39.47276,-0.3734436,21.4,10.1,15.3,19.6,7.1,08:41,18:49,10.17,18.1,0.0,2021,11,11,Open-Meteo (ERA5),2.6999999999999993,0.0
2021-11-12,Valencia,39.47276,-0.3734436,21.2,13.0,16.3,20.6,10.0,08:42,18:49,7.77,16.1,0.8,2021,11,12,Open-Meteo (ERA5),1.6999999999999993,0.0
2021-11-13,Valencia,39.47276,-0.3734436,19.2,11.1,15.0,18.2,10.0,08:43,18:48,11.02,11.2,0.0,2021,11,13,Open-Meteo (ERA5),3.0,0.0
2021-11-14,Valencia,39.47276,-0.3734436,18.6,10.4,14.0,17.1,7.9,08:44,18:47,11.2,13.2,0.0,2021,11,14,Open-Meteo (ERA5),4.0,0.0
2021-11-15,Valencia,39.47276,-0.3734436,18.9,10.4,13.8,16.1,7.8,08:45,18:46,10.07,17.9,0.0,2021,11,15,Open-Meteo (ERA5),4.199999999999999,0.0
2021-11-16,Valencia,39.47276,-0.3734436,17.5,7.8,12.0,15.4,4.6,08:46,18:45,11.11,12.1,0.0,2021,11,16,Open-Meteo (ERA5),6.0,0.0
2021-11-17,Valencia,39.47276,-0.3734436,18.6,8.9,13.1,16.9,5.6,08:48,18:44,10.43,13.1,0.0,2021,11,17,Open-Meteo (ERA5),4.9,0.0
2021-11-18,Valencia,39.47276,-0.3734436,16.1,11.1,13.3,14.3,10.0,08:49,18:44,6.75,14.9,4.5,2021,11,18,Open-Meteo (ERA5),4.699999999999999,0.0
2021-11-19,Valencia,39.47276,-0.3734436,15.9,11.3,13.5,13.7,9.5,08:50,18:43,5.13,16.3,1.3,2021,11,19,Open-Meteo (ERA5),4.5,0.0
2021-11-20,Valencia,39.47276,-0.3734436,15.1,13.1,13.8,14.0,11.6,08:51,18:42,1.86,16.4,12.8,2021,11,20,Open-Meteo (ERA5),4.199999999999999,0.0
2021-11-21,Valencia,39.47276,-0.3734436,19.0,11.1,14.4,18.1,9.9,08:52,18:42,8.33,10.4,3.4,2021,11,21,Open-Meteo (ERA5),3.5999999999999996,0.0
2021-11-22,Valencia,39.47276,-0.3734436,14.9,10.2,12.4,14.3,8.5,08:53,18:41,6.06,16.4,15.0,2021,11,22,Open-Meteo (ERA5),5.6,0.0
2021-11-23,Valencia,39.47276,-0.3734436,15.3,8.2,11.9,11.3,4.8,08:54,18:41,10.26,22.9,4.5,2021,11,23,Open-Meteo (ERA5),6.1,0.0
2021-11-24,Valencia,39.47276,-0.3734436,11.6,7.8,9.6,9.3,4.9,08:55,18:40,5.77,23.4,6.3,2021,11,24,Open-Meteo (ERA5),8.4,0.0
2021-11-25,Valencia,39.47276,-0.3734436,15.8,9.4,11.8,13.7,4.9,08:56,18:40,8.92,23.5,2.6,2021,11,25,Open-Meteo (ERA5),6.199999999999999,0.0
2021-11-26,Valencia,39.47276,-0.3734436,16.9,8.2,11.5,13.9,5.6,08:57,18:39,9.76,17.7,0.0,2021,11,26,Open-Meteo (ERA5),6.5,0.0
2021-11-27,Valencia,39.47276,-0.3734436,15.8,8.2,10.9,10.6,3.1,08:58,18:39,9.18,28.1,0.0,2021,11,27,Open-Meteo (ERA5),7.1,0.0
2021-11-28,Valencia,39.47276,-0.3734436,13.8,7.7,10.3,8.2,1.7,08:59,18:39,9.09,30.6,0.0,2021,11,28,Open-Meteo (ERA5),7.699999999999999,0.0
2021-11-29,Valencia,39.47276,-0.3734436,19.0,10.9,14.7,15.9,4.3,09:00,18:38,8.25,29.9,0.0,2021,11,29,Open-Meteo (ERA5),3.3000000000000007,0.0
2021-11-30,Valencia,39.47276,-0.3734436,17.4,8.9,12.9,16.4,7.1,09:01,18:38,8.58,15.9,0.1,2021,11,30,Open-Meteo (ERA5),5.1,0.0
2021-12-01,Valencia,39.47276,-0.3734436,17.8,8.1,12.1,14.2,4.5,09:02,18:38,9.78,21.7,0.0,2021,12,1,Open-Meteo (ERA5),5.9,0.0
2021-12-02,Valencia,39.47276,-0.3734436,15.8,7.7,11.9,11.2,3.8,09:03,18:38,9.39,19.5,1.1,2021,12,2,Open-Meteo (ERA5),6.1,0.0
2021-12-03,Valencia,39.47276,-0.3734436,16.5,6.5,11.9,13.9,1.9,09:04,18:37,8.72,25.1,0.0,2021,12,3,Open-Meteo (ERA5),6.1,0.0
2021-12-04,Valencia,39.47276,-0.3734436,19.0,9.8,13.4,15.1,5.6,09:05,18:37,9.23,22.7,0.0,2021,12,4,Open-Meteo (ERA5),4.6,0.0
2021-12-05,Valencia,39.47276,-0.3734436,16.1,9.6,13.0,10.7,5.5,09:06,18:37,8.87,36.1,0.0,2021,12,5,Open-Meteo (ERA5),5.0,0.0
2021-12-06,Valencia,39.47276,-0.3734436,18.2,9.3,13.3,14.2,3.6,09:07,18:37,7.74,36.6,0.0,2021,12,6,Open-Meteo (ERA5),4.699999999999999,0.0
2021-12-07,Valencia,39.47276,-0.3734436,19.5,10.9,14.9,16.5,8.1,09:08,18:37,8.15,27.1,0.0,2021,12,7,Open-Meteo (ERA5),3.0999999999999996,0.0
2021-12-08,Valencia,39.47276,-0.3734436,16.5,10.9,14.9,13.4,5.7,09:09,18:37,8.68,32.0,0.1,2021,12,8,Open-Meteo (ERA5),3.0999999999999996,0.0
2021-12-09,Valencia,39.47276,-0.3734436,16.7,9.3,12.8,12.0,4.2,09:10,18:37,8.25,26.4,0.0,2021,12,9,Open-Meteo (ERA5),5.199999999999999,0.0
2021-12-10,Valencia,39.47276,-0.3734436,19.6,13.5,16.3,16.0,8.9,09:11,18:37,6.33,29.5,0.0,2021,12,10,Open-Meteo (ERA5),1.6999999999999993,0.0
2021-12-11,Valencia,39.47276,-0.3734436,21.1,12.9,16.3,20.3,9.1,09:11,18:37,8.25,18.9,0.0,2021,12,11,Open-Meteo (ERA5),1.6999999999999993,0.0
2021-12-12,Valencia,39.47276,-0.3734436,17.9,10.0,13.5,16.6,8.0,09:12,18:38,9.08,13.1,0.0,2021,12,12,Open-Meteo (ERA5),4.5,0.0
2021-12-13,Valencia,39.47276,-0.3734436,17.6,6.6,10.9,15.9,4.6,09:13,18:38,9.13,12.3,0.0,2021,12,13,Open-Meteo (ERA5),7.1,0.0
2021-12-14,Valencia,39.47276,-0.3734436,15.5,6.2,10.5,14.8,4.3,09:14,18:38,8.85,9.4,0.0,2021,12,14,Open-Meteo (ERA5),7.5,0.0
2021-12-15,Valencia,39.47276,-0.3734436,16.0,6.0,10.9,14.7,3.9,09:14,18:38,9.01,9.0,0.0,2021,12,15,Open-Meteo (ERA5),7.1,0.0
2021-12-16,Valencia,39.47276,-0.3734436,15.1,8.8,11.5,12.4,6.6,09:15,18:38,8.05,16.6,0.0,2021,12,16,Open-Meteo (ERA5),6.5,0.0
2021-12-17,Valencia,39.47276,-0.3734436,13.8,8.0,11.1,11.3,6.2,09:15,18:39,7.34,17.7,0.4,2021,12,17,Open-Meteo (ERA5),6.9,0.0
2021-12-18,Valencia,39.47276,-0.3734436,13.8,11.1,12.0,11.4,9.0,09:16,18:39,2.83,16.3,4.9,2021,12,18,Open-Meteo (ERA5),6.0,0.0
2021-12-19,Valencia,39.47276,-0.3734436,14.2,8.6,11.4,12.8,6.7,09:17,18:40,6.16,13.0,0.2,2021,12,19,Open-Meteo (ERA5),6.6,0.0
2021-12-20,Valencia,39.47276,-0.3734436,17.4,6.0,10.3,16.0,3.6,09:17,18:40,8.85,11.4,0.0,2021,12,20,Open-Meteo (ERA5),7.699999999999999,0.0
2021-12-21,Valencia,39.47276,-0.3734436,21.0,8.4,13.8,19.8,6.9,09:18,18:41,6.51,19.0,0.0,2021,12,21,Open-Meteo (ERA5),4.199999999999999,0.0
2021-12-22,Valencia,39.47276,-0.3734436,14.9,7.3,11.0,14.4,6.1,09:18,18:41,7.96,10.6,0.0,2021,12,22,Open-Meteo (ERA5),7.0,0.0
2021-12-23,Valencia,39.47276,-0.3734436,17.8,10.9,13.6,16.3,10.1,09:19,18:42,6.56,14.3,0.0,2021,12,23,Open-Meteo (ERA5),4.4,0.0
2021-12-24,Valencia,39.47276,-0.3734436,17.4,9.2,13.0,15.9,7.8,09:19,18:42,4.89,16.7,0.7,2021,12,24,Open-Meteo (ERA5),5.0,0.0
2021-12-25,Valencia,39.47276,-0.3734436,17.9,11.1,13.9,15.9,8.4,09:20,18:43,6.18,14.8,0.0,2021,12,25,Open-Meteo (ERA5),4.1,0.0
2021-12-26,Valencia,39.47276,-0.3734436,19.5,11.9,15.0,16.8,10.4,09:20,18:43,6.79,23.0,2.0,2021,12,26,Open-Meteo (ERA5),3.0,0.0
2021-12-27,Valencia,39.47276,-0.3734436,22.1,14.1,18.3,19.1,11.9,09:20,18:44,8.56,26.6,0.0,2021,12,27,Open-Meteo (ERA5),0.0,0.3000000000000007
2021-12-28,Valencia,39.47276,-0.3734436,20.6,15.4,17.3,17.1,9.2,09:21,18:45,8.39,38.2,0.0,2021,12,28,Open-Meteo (ERA5),0.6999999999999993,0.0
2021-12-29,Valencia,39.47276,-0.3734436,22.6,12.7,16.2,21.3,9.9,09:21,18:46,9.22,23.4,0.0,2021,12,29,Open-Meteo (ERA5),1.8000000000000007,0.0
2021-12-30,Valencia,39.47276,-0.3734436,20.1,9.7,13.7,19.1,7.2,09:21,18:46,9.32,13.0,0.0,2021,12,30,Open-Meteo (ERA5),4.300000000000001,0.0
2021-12-31,Valencia,39.47276,-0.3734436,17.0,6.8,11.5,16.7,4.3,09:21,18:47,9.24,8.3,0.0,2021,12,31,Open-Meteo (ERA5),6.5,0.0
2022-01-01,Valencia,39.47276,-0.3734436,17.1,5.6,10.6,15.9,3.2,09:21,18:48,9.43,8.5,0.0,2022,1,1,Open-Meteo (ERA5),7.4,0.0
2022-01-02,Valencia,39.47276,-0.3734436,15.8,4.4,9.7,15.0,1.6,09:21,18:49,9.42,9.4,0.0,2022,1,2,Open-Meteo (ERA5),8.3,0.0
2022-01-03,Valencia,39.47276,-0.3734436,16.5,5.7,9.8,14.8,3.2,09:21,18:49,9.18,13.3,0.0,2022,1,3,Open-Meteo (ERA5),8.2,0.0
2022-01-04,Valencia,39.47276,-0.3734436,22.4,7.7,15.4,19.8,5.8,09:21,18:50,9.13,30.4,0.0,2022,1,4,Open-Meteo (ERA5),2.5999999999999996,0.0
2022-01-05,Valencia,39.47276,-0.3734436,14.9,9.1,12.7,9.6,5.7,09:21,18:51,8.99,34.6,0.0,2022,1,5,Open-Meteo (ERA5),5.300000000000001,0.0
2022-01-06,Valencia,39.47276,-0.3734436,13.4,4.6,8.8,10.0,1.1,09:21,18:52,9.98,13.0,0.0,2022,1,6,Open-Meteo (ERA5),9.2,0.0
2022-01-07,Valencia,39.47276,-0.3734436,17.4,3.3,8.9,15.4,-0.9,09:21,18:53,9.4,16.7,0.0,2022,1,7,Open-Meteo (ERA5),9.1,0.0
2022-01-08,Valencia,39.47276,-0.3734436,17.1,6.8,10.8,13.6,3.5,09:21,18:54,9.58,19.4,0.0,2022,1,8,Open-Meteo (ERA5),7.199999999999999,0.0
2022-01-09,Valencia,39.47276,-0.3734436,19.7,10.8,14.2,15.3,5.0,09:21,18:55,8.3,28.7,0.0,2022,1,9,Open-Meteo (ERA5),3.8000000000000007,0.0
2022-01-10,Valencia,39.47276,-0.3734436,22.6,12.7,17.9,20.7,11.8,09:21,18:56,6.87,26.5,0.0,2022,1,10,Open-Meteo (ERA5),0.10000000000000142,0.0
2022-01-11,Valencia,39.47276,-0.3734436,14.8,10.1,12.7,13.6,9.2,09:21,18:57,4.98,14.8,1.9,2022,1,11,Open-Meteo (ERA5),5.300000000000001,0.0
2022-01-12,Valencia,39.47276,-0.3734436,14.6,6.5,10.1,11.3,3.3,09:20,18:58,9.32,16.1,0.3,2022,1,12,Open-Meteo (ERA5),7.9,0.0
2022-01-13,Valencia,39.47276,-0.3734436,13.8,6.8,10.0,10.8,4.5,09:20,18:59,8.71,13.5,0.4,2022,1,13,Open-Meteo (ERA5),8.0,0.0
2022-01-14,Valencia,39.47276,-0.3734436,12.9,5.1,8.6,9.8,2.4,09:20,19:00,6.93,12.1,1.0,2022,1,14,Open-Meteo (ERA5),9.4,0.0
2022-01-15,Valencia,39.47276,-0.3734436,15.4,4.2,8.8,12.1,0.8,09:19,19:01,10.42,13.0,0.0,2022,1,15,Open-Meteo (ERA5),9.2,0.0
2022-01-16,Valencia,39.47276,-0.3734436,14.9,3.5,8.0,12.3,-0.4,09:19,19:02,10.6,11.4,0.0,2022,1,16,Open-Meteo (ERA5),10.0,0.0
2022-01-17,Valencia,39.47276,-0.3734436,15.0,3.2,7.8,12.0,-0.7,09:19,19:03,10.67,11.4,0.0,2022,1,17,Open-Meteo (ERA5),10.2,0.0
2022-01-18,Valencia,39.47276,-0.3734436,14.6,0.7,7.0,11.3,-2.5,09:18,19:05,10.95,10.7,0.0,2022,1,18,Open-Meteo (ERA5),11.0,0.0
2022-01-19,Valencia,39.47276,-0.3734436,13.5,3.7,8.0,11.5,-0.3,09:18,19:06,9.73,10.8,0.0,2022,1,19,Open-Meteo (ERA5),10.0,0.0
2022-01-20,Valencia,39.47276,-0.3734436,12.9,3.4,7.6,10.4,0.2,09:17,19:07,10.23,9.7,0.0,2022,1,20,Open-Meteo (ERA5),10.4,0.0
2022-01-21,Valencia,39.47276,-0.3734436,13.8,3.3,8.0,11.1,0.3,09:17,19:08,10.82,13.7,0.0,2022,1,21,Open-Meteo (ERA5),10.0,0.0
2022-01-22,Valencia,39.47276,-0.3734436,12.5,6.6,9.2,10.9,4.4,09:16,19:09,7.1,12.6,0.1,2022,1,22,Open-Meteo (ERA5),8.8,0.0
2022-01-23,Valencia,39.47276,-0.3734436,10.5,5.8,8.5,8.7,3.6,09:15,19:10,2.3,13.4,5.4,2022,1,23,Open-Meteo (ERA5),9.5,0.0
2022-01-24,Valencia,39.47276,-0.3734436,12.4,6.8,9.5,9.9,4.5,09:15,19:11,6.03,14.3,1.9,2022,1,24,Open-Meteo (ERA5),8.5,0.0
2022-01-25,Valencia,39.47276,-0.3734436,13.6,9.3,10.9,10.6,6.6,09:14,19:12,9.09,18.8,4.5,2022,1,25,Open-Meteo (ERA5),7.1,0.0
2022-01-26,Valencia,39.47276,-0.3734436,14.1,6.8,9.9,12.1,4.4,09:13,19:14,10.68,11.9,0.0,2022,1,26,Open-Meteo (ERA5),8.1,0.0
2022-01-27,Valencia,39.47276,-0.3734436,15.8,2.8,8.5,13.3,-0.5,09:13,19:15,11.85,11.2,0.0,2022,1,27,Open-Meteo (ERA5),9.5,0.0
2022-01-28,Valencia,39.47276,-0.3734436,17.6,2.8,8.5,14.5,-1.1,09:12,19:16,12.23,11.5,0.0,2022,1,28,Open-Meteo (ERA5),9.5,0.0
2022-01-29,Valencia,39.47276,-0.3734436,16.1,3.7,8.5,13.4,-0.8,09:11,19:17,12.33,12.3,0.0,2022,1,29,Open-Meteo (ERA5),9.5,0.0
2022-01-30,Valencia,39.47276,-0.3734436,21.6,2.8,9.9,18.0,-0.9,09:10,19:18,12.31,11.1,0.0,2022,1,30,Open-Meteo (ERA5),8.1,0.0
2022-01-31,Valencia,39.47276,-0.3734436,19.0,5.8,11.0,15.9,0.9,09:09,19:20,12.55,16.4,0.0,2022,1,31,Open-Meteo (ERA5),7.0,0.0
2022-02-01,Valencia,39.47276,-0.3734436,17.6,6.5,11.7,14.9,3.2,09:08,19:21,12.11,17.0,0.0,2022,2,1,Open-Meteo (ERA5),6.300000000000001,0.0
2022-02-02,Valencia,39.47276,-0.3734436,20.8,7.5,12.1,19.0,4.9,09:07,19:22,12.71,12.2,0.0,2022,2,2,Open-Meteo (ERA5),5.9,0.0
2022-02-03,Valencia,39.47276,-0.3734436,21.9,7.0,12.0,21.0,3.4,09:06,19:23,12.82,19.1,0.0,2022,2,3,Open-Meteo (ERA5),6.0,0.0
2022-02-04,Valencia,39.47276,-0.3734436,17.0,7.2,11.4,15.6,4.5,09:05,19:24,9.62,10.9,4.2,2022,2,4,Open-Meteo (ERA5),6.6,0.0
2022-02-05,Valencia,39.47276,-0.3734436,14.1,8.4,11.2,13.5,6.7,09:04,19:25,4.83,7.1,0.9,2022,2,5,Open-Meteo (ERA5),6.800000000000001,0.0
2022-02-06,Valencia,39.47276,-0.3734436,16.2,8.6,11.8,15.2,7.2,09:03,19:27,10.47,17.1,0.0,2022,2,6,Open-Meteo (ERA5),6.199999999999999,0.0
2022-02-07,Valencia,39.47276,-0.3734436,17.5,4.9,10.2,14.8,1.1,09:02,19:28,13.11,13.3,0.0,2022,2,7,Open-Meteo (ERA5),7.800000000000001,0.0
2022-02-08,Valencia,39.47276,-0.3734436,15.4,4.9,9.9,13.8,2.5,09:01,19:29,12.68,10.1,0.1,2022,2,8,Open-Meteo (ERA5),8.1,0.0
2022-02-09,Valencia,39.47276,-0.3734436,14.6,7.0,10.5,13.2,4.3,09:00,19:30,10.3,12.1,0.0,2022,2,9,Open-Meteo (ERA5),7.5,0.0
2022-02-10,Valencia,39.47276,-0.3734436,15.5,5.6,10.0,13.2,2.7,08:59,19:31,13.35,11.3,0.0,2022,2,10,Open-Meteo (ERA5),8.0,0.0
2022-02-11,Valencia,39.47276,-0.3734436,15.9,5.8,9.9,14.3,3.3,08:58,19:33,13.36,9.8,0.0,2022,2,11,Open-Meteo (ERA5),8.1,0.0
2022-02-12,Valencia,39.47276,-0.3734436,15.5,6.3,10.4,14.0,4.1,08:57,19:34,12.92,15.5,0.0,2022,2,12,Open-Meteo (ERA5),7.6,0.0
2022-02-13,Valencia,39.47276,-0.3734436,17.5,5.5,11.0,15.4,3.4,08:55,19:35,13.11,15.5,0.0,2022,2,13,Open-Meteo (ERA5),7.0,0.0
2022-02-14,Valencia,39.47276,-0.3734436,19.5,10.9,14.6,13.6,7.2,08:54,19:36,14.47,23.9,0.1,2022,2,14,Open-Meteo (ERA5),3.4000000000000004,0.0
2022-02-15,Valencia,39.47276,-0.3734436,19.5,8.8,13.3,15.2,3.6,08:53,19:37,11.38,23.8,0.0,2022,2,15,Open-Meteo (ERA5),4.699999999999999,0.0
2022-02-16,Valencia,39.47276,-0.3734436,22.3,10.6,15.5,18.9,6.3,08:52,19:38,12.74,20.7,0.0,2022,2,16,Open-Meteo (ERA5),2.5,0.0
2022-02-17,Valencia,39.47276,-0.3734436,21.7,9.1,15.1,19.7,6.4,08:50,19:39,14.82,19.8,0.0,2022,2,17,Open-Meteo (ERA5),2.9000000000000004,0.0
2022-02-18,Valencia,39.47276,-0.3734436,24.4,7.6,14.0,21.5,5.3,08:49,19:41,15.07,21.2,0.0,2022,2,18,Open-Meteo (ERA5),4.0,0.0
2022-02-19,Valencia,39.47276,-0.3734436,16.0,10.2,13.1,13.1,8.5,08:48,19:42,6.34,24.4,0.0,2022,2,19,Open-Meteo (ERA5),4.9,0.0
2022-02-20,Valencia,39.47276,-0.3734436,15.4,6.9,11.7,13.1,3.3,08:46,19:43,15.53,13.8,0.1,2022,2,20,Open-Meteo (ERA5),6.300000000000001,0.0
2022-02-21,Valencia,39.47276,-0.3734436,23.5,6.4,13.5,21.6,3.8,08:45,19:44,15.52,15.5,0.0,2022,2,21,Open-Meteo (ERA5),4.5,0.0
2022-02-22,Valencia,39.47276,-0.3734436,19.0,7.2,13.3,15.7,4.1,08:44,19:45,15.89,18.1,0.0,2022,2,22,Open-Meteo (ERA5),4.699999999999999,0.0
2022-02-23,Valencia,39.47276,-0.3734436,16.5,6.0,11.0,15.1,2.6,08:42,19:46,13.71,11.4,0.0,2022,2,23,Open-Meteo (ERA5),7.0,0.0
2022-02-24,Valencia,39.47276,-0.3734436,16.9,6.5,11.4,15.1,4.1,08:41,19:47,14.83,17.0,0.1,2022,2,24,Open-Meteo (ERA5),6.6,0.0
2022-02-25,Valencia,39.47276,-0.3734436,13.8,9.6,11.7,12.6,8.3,08:39,19:48,4.12,10.7,9.2,2022,2,25,Open-Meteo (ERA5),6.300000000000001,0.0
2022-02-26,Valencia,39.47276,-0.3734436,13.7,11.4,12.1,11.3,8.9,08:38,19:50,3.95,17.6,5.3,2022,2,26,Open-Meteo (ERA5),5.9,0.0
2022-02-27,Valencia,39.47276,-0.3734436,14.9,8.1,11.6,13.0,6.1,08:37,19:51,11.7,12.4,0.1,2022,2,27,Open-Meteo (ERA5),6.4,0.0
2022-02-28,Valencia,39.47276,-0.3734436,16.1,8.9,12.2,14.2,7.5,08:35,19:52,15.04,14.9,0.7,2022,2,28,Open-Meteo (ERA5),5.800000000000001,0.0
2022-03-01,Valencia,39.47276,-0.3734436,18.1,5.2,11.1,16.6,2.9,08:34,19:53,16.96,15.1,0.0,2022,3,1,Open-Meteo (ERA5),6.9,0.0
2022-03-02,Valencia,39.47276,-0.3734436,22.5,6.4,13.1,18.9,4.0,08:32,19:54,15.4,24.3,0.0,2022,3,2,Open-Meteo (ERA5),4.9,0.0
2022-03-03,Valencia,39.47276,-0.3734436,16.5,8.2,12.3,14.2,5.3,08:31,19:55,14.54,15.8,1.3,2022,3,3,Open-Meteo (ERA5),5.699999999999999,0.0
2022-03-04,Valencia,39.47276,-0.3734436,16.1,10.0,12.9,14.1,7.4,08:29,19:56,9.46,25.2,16.6,2022,3,4,Open-Meteo (ERA5),5.1,0.0
2022-03-05,Valencia,39.47276,-0.3734436,14.9,7.6,10.5,12.6,5.3,08:28,19:57,14.55,15.9,0.0,2022,3,5,Open-Meteo (ERA5),7.5,0.0
2022-03-06,Valencia,39.47276,-0.3734436,11.4,9.4,10.3,8.8,6.3,08:26,19:58,3.41,25.2,11.6,2022,3,6,Open-Meteo (ERA5),7.699999999999999,0.0
2022-03-07,Valencia,39.47276,-0.3734436,10.9,9.8,10.3,9.4,6.8,08:25,19:59,3.79,19.1,20.1,2022,3,7,Open-Meteo (ERA5),7.699999999999999,0.0
2022-03-08,Valencia,39.47276,-0.3734436,15.6,7.8,10.9,15.1,6.2,08:23,20:00,11.41,15.3,1.5,2022,3,8,Open-Meteo (ERA5),7.1,0.0
2022-03-09,Valencia,39.47276,-0.3734436,15.4,6.0,10.4,14.9,2.9,08:22,20:01,17.49,12.3,0.6,2022,3,9,Open-Meteo (ERA5),7.6,0.0
2022-03-10,Valencia,39.47276,-0.3734436,15.7,6.6,11.5,14.7,4.3,08:20,20:02,17.06,16.2,0.0,2022,3,10,Open-Meteo (ERA5),6.5,0.0
2022-03-11,Valencia,39.47276,-0.3734436,15.4,8.6,12.1,14.2,7.4,08:19,20:03,9.77,9.7,1.5,2022,3,11,Open-Meteo (ERA5),5.9,0.0
2022-03-12,Valencia,39.47276,-0.3734436,19.9,10.0,14.4,16.5,7.1,08:17,20:04,18.27,22.3,3.7,2022,3,12,Open-Meteo (ERA5),3.5999999999999996,0.0
2022-03-13,Valencia,39.47276,-0.3734436,18.9,9.4,13.3,18.4,7.1,08:15,20:05,16.02,18.5,0.0,2022,3,13,Open-Meteo (ERA5),4.699999999999999,0.0
2022-03-14,Valencia,39.47276,-0.3734436,15.1,12.3,13.7,11.2,9.0,08:14,20:06,6.52,37.5,3.3,2022,3,14,Open-Meteo (ERA5),4.300000000000001,0.0
2022-03-15,Valencia,39.47276,-0.3734436,17.5,13.6,14.9,13.5,9.5,08:12,20:07,14.86,38.1,0.0,2022,3,15,Open-Meteo (ERA5),3.0999999999999996,0.0
2022-03-16,Valencia,39.47276,-0.3734436,15.2,13.5,14.1,11.4,9.4,08:11,20:09,4.58,36.5,3.0,2022,3,16,Open-Meteo (ERA5),3.9000000000000004,0.0
2022-03-17,Valencia,39.47276,-0.3734436,14.4,12.8,13.2,11.0,6.6,08:09,20:10,5.06,45.6,27.3,2022,3,17,Open-Meteo (ERA5),4.800000000000001,0.0
2022-03-18,Valencia,39.47276,-0.3734436,15.0,11.8,13.0,10.6,8.1,08:07,20:11,9.44,35.6,4.9,2022,3,18,Open-Meteo (ERA5),5.0,0.0
2022-03-19,Valencia,39.47276,-0.3734436,13.8,11.4,12.5,10.5,7.8,08:06,20:12,8.87,28.8,9.8,2022,3,19,Open-Meteo (ERA5),5.5,0.0
2022-03-20,Valencia,39.47276,-0.3734436,14.1,11.6,12.8,11.7,9.2,08:04,20:13,9.56,22.2,11.8,2022,3,20,Open-Meteo (ERA5),5.199999999999999,0.0
2022-03-21,Valencia,39.47276,-0.3734436,13.8,12.6,13.2,12.0,9.3,08:03,20:14,2.92,28.7,43.4,2022,3,21,Open-Meteo (ERA5),4.800000000000001,0.0
2022-03-22,Valencia,39.47276,-0.3734436,13.3,11.9,12.7,10.3,8.4,08:01,20:15,3.63,27.0,15.1,2022,3,22,Open-Meteo (ERA5),5.300000000000001,0.0
2022-03-23,Valencia,39.47276,-0.3734436,13.2,11.6,12.1,9.2,7.1,08:00,20:16,2.88,32.6,18.3,2022,3,23,Open-Meteo (ERA5),5.9,0.0
2022-03-24,Valencia,39.47276,-0.3734436,13.6,10.9,12.1,10.3,5.9,07:58,20:17,3.63,33.9,32.3,2022,3,24,Open-Meteo (ERA5),5.9,0.0
2022-03-25,Valencia,39.47276,-0.3734436,14.5,12.0,13.0,9.4,8.1,07:56,20:18,6.07,39.0,8.9,2022,3,25,Open-Meteo (ERA5),5.0,0.0
2022-03-26,Valencia,39.47276,-0.3734436,12.9,11.4,12.3,9.1,6.6,07:55,20:19,3.82,33.0,10.5,2022,3,26,Open-Meteo (ERA5),5.699999999999999,0.0
2022-03-27,Valencia,39.47276,-0.3734436,16.5,11.1,13.5,14.2,9.0,07:53,20:20,17.33,18.4,1.0,2022,3,27,Open-Meteo (ERA5),4.5,0.0
2022-03-28,Valencia,39.47276,-0.3734436,15.2,9.2,11.9,13.1,7.5,07:52,20:21,12.01,16.9,0.5,2022,3,28,Open-Meteo (ERA5),6.1,0.0
2022-03-29,Valencia,39.47276,-0.3734436,16.2,8.5,11.8,16.0,7.1,07:50,20:22,15.38,14.5,2.5,2022,3,29,Open-Meteo (ERA5),6.199999999999999,0.0
2022-03-30,Valencia,39.47276,-0.3734436,16.6,9.4,12.7,17.4,8.0,07:48,20:23,15.3,13.7,3.5,2022,3,30,Open-Meteo (ERA5),5.300000000000001,0.0
2022-03-31,Valencia,39.47276,-0.3734436,19.0,9.6,14.2,15.7,6.8,07:47,20:24,19.95,22.4,7.6,2022,3,31,Open-Meteo (ERA5),3.8000000000000007,0.0
2022-04-01,Valencia,39.47276,-0.3734436,15.5,8.9,11.8,12.4,4.8,07:45,20:25,21.19,21.3,0.0,2022,4,1,Open-Meteo (ERA5),6.199999999999999,0.0
2022-04-02,Valencia,39.47276,-0.3734436,15.9,5.6,10.1,12.7,0.5,07:44,20:26,23.36,18.6,0.0,2022,4,2,Open-Meteo (ERA5),7.9,0.0
2022-04-03,Valencia,39.47276,-0.3734436,12.4,2.7,8.2,10.1,-1.4,07:42,20:27,23.49,17.3,0.0,2022,4,3,Open-Meteo (ERA5),9.8,0.0
2022-04-04,Valencia,39.47276,-0.3734436,10.6,7.2,9.3,6.0,2.1,07:40,20:28,9.74,33.3,4.4,2022,4,4,Open-Meteo (ERA5),8.7,0.0
2022-04-05,Valencia,39.47276,-0.3734436,11.9,8.8,10.3,7.9,4.9,07:39,20:29,4.94,30.4,4.2,2022,4,5,Open-Meteo (ERA5),7.699999999999999,0.0
2022-04-06,Valencia,39.47276,-0.3734436,19.0,7.2,12.2,16.7,3.6,07:37,20:29,14.6,26.0,0.9,2022,4,6,Open-Meteo (ERA5),5.800000000000001,0.0
2022-04-07,Valencia,39.47276,-0.3734436,24.2,11.8,17.1,21.7,6.8,07:36,20:30,23.36,24.1,0.0,2022,4,7,Open-Meteo (ERA5),0.8999999999999986,0.0
2022-04-08,Valencia,39.47276,-0.3734436,23.5,13.6,18.5,20.4,10.2,07:34,20:31,22.95,25.3,0.0,2022,4,8,Open-Meteo (ERA5),0.0,0.5
2022-04-09,Valencia,39.47276,-0.3734436,22.6,11.9,17.0,22.9,11.0,07:33,20:32,19.98,24.9,0.0,2022,4,9,Open-Meteo (ERA5),1.0,0.0
2022-04-10,Valencia,39.47276,-0.3734436,15.6,11.8,13.8,14.6,10.5,07:31,20:33,11.54,18.0,0.0,2022,4,10,Open-Meteo (ERA5),4.199999999999999,0.0
2022-04-11,Valencia,39.47276,-0.3734436,16.4,9.8,12.9,14.0,8.7,07:30,20:34,18.75,19.3,0.1,2022,4,11,Open-Meteo (ERA5),5.1,0.0
2022-04-12,Valencia,39.47276,-0.3734436,15.6,10.9,12.9,15.8,9.6,07:28,20:35,8.76,16.2,11.0,2022,4,12,Open-Meteo (ERA5),5.1,0.0
2022-04-13,Valencia,39.47276,-0.3734436,16.5,10.6,13.6,15.8,9.9,07:27,20:36,11.57,28.2,5.1,2022,4,13,Open-Meteo (ERA5),4.4,0.0
2022-04-14,Valencia,39.47276,-0.3734436,21.4,13.3,15.8,18.9,9.1,07:25,20:37,18.41,32.2,2.5,2022,4,14,Open-Meteo (ERA5),2.1999999999999993,0.0
2022-04-15,Valencia,39.47276,-0.3734436,23.9,10.2,16.4,24.7,8.6,07:24,20:38,22.19,13.6,0.0,2022,4,15,Open-Meteo (ERA5),1.6000000000000014,0.0
2022-04-16,Valencia,39.47276,-0.3734436,23.8,11.9,17.2,25.7,10.2,07:22,20:39,23.27,16.8,0.0,2022,4,16,Open-Meteo (ERA5),0.8000000000000007,0.0
2022-04-17,Valencia,39.47276,-0.3734436,21.0,11.9,16.1,21.5,10.0,07:21,20:40,24.53,14.2,0.0,2022,4,17,Open-Meteo (ERA5),1.8999999999999986,0.0
2022-04-18,Valencia,39.47276,-0.3734436,19.1,11.8,15.6,20.3,11.1,07:19,20:41,22.8,15.6,0.0,2022,4,18,Open-Meteo (ERA5),2.4000000000000004,0.0
2022-04-19,Valencia,39.47276,-0.3734436,17.9,12.1,15.2,16.9,12.0,07:18,20:42,18.45,17.7,13.1,2022,4,19,Open-Meteo (ERA5),2.8000000000000007,0.0
2022-04-20,Valencia,39.47276,-0.3734436,13.8,10.9,12.3,12.6,5.7,07:17,20:43,5.13,40.0,29.5,2022,4,20,Open-Meteo (ERA5),5.699999999999999,0.0
2022-04-21,Valencia,39.47276,-0.3734436,19.8,9.6,14.5,19.1,7.4,07:15,20:44,19.62,13.5,0.1,2022,4,21,Open-Meteo (ERA5),3.5,0.0
2022-04-22,Valencia,39.47276,-0.3734436,19.9,9.6,14.8,18.0,7.2,07:14,20:45,16.46,18.5,0.1,2022,4,22,Open-Meteo (ERA5),3.1999999999999993,0.0
2022-04-23,Valencia,39.47276,-0.3734436,18.2,11.7,14.7,13.7,8.4,07:12,20:46,22.24,31.7,0.8,2022,4,23,Open-Meteo (ERA5),3.3000000000000007,0.0
2022-04-24,Valencia,39.47276,-0.3734436,23.0,12.9,17.1,21.5,7.8,07:11,20:47,26.02,27.9,0.0,2022,4,24,Open-Meteo (ERA5),0.8999999999999986,0.0
2022-04-25,Valencia,39.47276,-0.3734436,18.8,10.3,14.7,20.0,8.1,07:10,20:48,25.33,16.1,0.0,2022,4,25,Open-Meteo (ERA5),3.3000000000000007,0.0
2022-04-26,Valencia,39.47276,-0.3734436,18.7,10.2,14.8,19.3,8.6,07:08,20:49,23.62,11.7,0.0,2022,4,26,Open-Meteo (ERA5),3.1999999999999993,0.0
2022-04-27,Valencia,39.47276,-0.3734436,17.6,11.1,14.4,16.7,9.7,07:07,20:50,10.56,14.4,4.3,2022,4,27,Open-Meteo (ERA5),3.5999999999999996,0.0
2022-04-28,Valencia,39.47276,-0.3734436,17.8,12.9,15.2,17.2,13.0,07:06,20:51,10.34,21.7,8.7,2022,4,28,Open-Meteo (ERA5),2.8000000000000007,0.0
2022-04-29,Valencia,39.47276,-0.3734436,20.2,10.8,15.9,20.8,9.2,07:04,20:52,25.86,16.0,0.0,2022,4,29,Open-Meteo (ERA5),2.0999999999999996,0.0
2022-04-30,Valencia,39.47276,-0.3734436,25.0,12.4,17.4,26.8,10.4,07:03,20:53,21.96,24.7,0.0,2022,4,30,Open-Meteo (ERA5),0.6000000000000014,0.0
2022-05-01,Valencia,39.47276,-0.3734436,20.3,12.2,16.5,21.6,11.4,07:02,20:54,24.74,14.8,0.0,2022,5,1,Open-Meteo (ERA5),1.5,0.0
2022-05-02,Valencia,39.47276,-0.3734436,18.9,12.3,15.9,18.1,12.2,07:01,20:55,18.58,18.4,0.7,2022,5,2,Open-Meteo (ERA5),2.0999999999999996,0.0
2022-05-03,Valencia,39.47276,-0.3734436,17.1,14.2,15.3,15.2,12.1,07:00,20:56,15.14,27.7,24.1,2022,5,3,Open-Meteo (ERA5),2.6999999999999993,0.0
2022-05-04,Valencia,39.47276,-0.3734436,17.4,13.6,15.1,13.8,11.9,06:58,20:57,8.92,29.7,14.2,2022,5,4,Open-Meteo (ERA5),2.9000000000000004,0.0
2022-05-05,Valencia,39.47276,-0.3734436,21.4,13.6,17.1,21.7,12.6,06:57,20:58,23.18,16.7,0.8,2022,5,5,Open-Meteo (ERA5),0.8999999999999986,0.0
2022-05-06,Valencia,39.47276,-0.3734436,21.6,10.8,16.1,21.9,8.9,06:56,20:59,25.5,13.5,0.0,2022,5,6,Open-Meteo (ERA5),1.8999999999999986,0.0
2022-05-07,Valencia,39.47276,-0.3734436,22.8,12.4,17.2,23.5,10.5,06:55,21:00,26.6,17.6,0.0,2022,5,7,Open-Meteo (ERA5),0.8000000000000007,0.0
2022-05-08,Valencia,39.47276,-0.3734436,21.9,10.9,16.9,22.5,9.3,06:54,21:01,25.32,16.4,0.0,2022,5,8,Open-Meteo (ERA5),1.1000000000000014,0.0
2022-05-09,Valencia,39.47276,-0.3734436,21.2,11.9,17.1,23.0,11.3,06:53,21:02,26.54,13.0,0.0,2022,5,9,Open-Meteo (ERA5),0.8999999999999986,0.0
2022-05-10,Valencia,39.47276,-0.3734436,23.4,11.4,17.7,24.2,9.7,06:52,21:03,27.03,16.8,0.0,2022,5,10,Open-Meteo (ERA5),0.3000000000000007,0.0
2022-05-11,Valencia,39.47276,-0.3734436,22.7,12.2,17.9,23.9,11.5,06:51,21:04,26.82,15.6,0.0,2022,5,11,Open-Meteo (ERA5),0.10000000000000142,0.0
2022-05-12,Valencia,39.47276,-0.3734436,20.8,14.9,18.0,21.9,15.6,06:50,21:05,26.05,13.4,0.0,2022,5,12,Open-Meteo (ERA5),0.0,0.0
2022-05-13,Valencia,39.47276,-0.3734436,21.9,12.1,17.6,23.2,11.9,06:49,21:06,26.52,13.0,0.0,2022,5,13,Open-Meteo (ERA5),0.3999999999999986,0.0
2022-05-14,Valencia,39.47276,-0.3734436,22.6,13.8,18.6,23.8,13.6,06:48,21:07,25.02,12.0,0.0,2022,5,14,Open-Meteo (ERA5),0.0,0.6000000000000014
2022-05-15,Valencia,39.47276,-0.3734436,24.8,14.1,19.5,26.1,12.5,06:47,21:08,26.61,13.3,0.0,2022,5,15,Open-Meteo (ERA5),0.0,1.5
2022-05-16,Valencia,39.47276,-0.3734436,25.6,14.6,20.1,27.8,14.6,06:46,21:09,26.26,14.8,0.0,2022,5,16,Open-Meteo (ERA5),0.0,2.1000000000000014
2022-05-17,Valencia,39.47276,-0.3734436,25.0,15.5,20.3,26.7,15.9,06:45,21:10,26.65,14.1,0.0,2022,5,17,Open-Meteo (ERA5),0.0,2.3000000000000007
2022-05-18,Valencia,39.47276,-0.3734436,24.5,16.6,20.6,27.6,17.2,06:44,21:11,26.73,12.9,0.0,2022,5,18,Open-Meteo (ERA5),0.0,2.6000000000000014
2022-05-19,Valencia,39.47276,-0.3734436,24.8,16.4,20.7,27.3,17.4,06:44,21:11,27.13,14.3,0.0,2022,5,19,Open-Meteo (ERA5),0.0,2.6999999999999993
2022-05-20,Valencia,39.47276,-0.3734436,25.6,15.9,21.3,27.3,16.0,06:43,21:12,26.94,15.2,0.0,2022,5,20,Open-Meteo (ERA5),0.0,3.3000000000000007
2022-05-21,Valencia,39.47276,-0.3734436,26.4,15.6,21.1,29.6,16.2,06:42,21:13,27.32,13.7,0.0,2022,5,21,Open-Meteo (ERA5),0.0,3.1000000000000014
2022-05-22,Valencia,39.47276,-0.3734436,29.1,15.0,22.1,32.7,15.0,06:41,21:14,25.53,12.2,0.0,2022,5,22,Open-Meteo (ERA5),0.0,4.100000000000001
2022-05-23,Valencia,39.47276,-0.3734436,30.3,18.1,24.3,31.8,18.6,06:41,21:15,27.49,23.4,0.0,2022,5,23,Open-Meteo (ERA5),0.0,6.300000000000001
2022-05-24,Valencia,39.47276,-0.3734436,24.8,18.0,21.7,26.5,17.1,06:40,21:16,22.07,23.2,4.3,2022,5,24,Open-Meteo (ERA5),0.0,3.6999999999999993
2022-05-25,Valencia,39.47276,-0.3734436,21.6,13.4,18.1,19.9,10.9,06:39,21:16,20.82,18.8,5.9,2022,5,25,Open-Meteo (ERA5),0.0,0.10000000000000142
2022-05-26,Valencia,39.47276,-0.3734436,25.0,14.2,19.7,24.8,12.2,06:39,21:17,27.91,19.1,0.0,2022,5,26,Open-Meteo (ERA5),0.0,1.6999999999999993
2022-05-27,Valencia,39.47276,-0.3734436,25.2,15.6,20.7,25.9,14.5,06:38,21:18,27.8,15.8,0.0,2022,5,27,Open-Meteo (ERA5),0.0,2.6999999999999993
2022-05-28,Valencia,39.47276,-0.3734436,29.0,17.0,23.2,30.1,16.3,06:38,21:19,27.67,16.8,0.0,2022,5,28,Open-Meteo (ERA5),0.0,5.199999999999999
2022-05-29,Valencia,39.47276,-0.3734436,25.2,18.5,22.0,25.9,17.5,06:37,21:20,26.99,18.1,0.0,2022,5,29,Open-Meteo (ERA5),0.0,4.0
2022-05-30,Valencia,39.47276,-0.3734436,26.3,15.6,21.2,29.3,16.5,06:37,21:20,26.69,20.5,0.0,2022,5,30,Open-Meteo (ERA5),0.0,3.1999999999999993
2022-05-31,Valencia,39.47276,-0.3734436,25.0,16.2,20.9,27.7,17.6,06:36,21:21,28.13,15.9,0.0,2022,5,31,Open-Meteo (ERA5),0.0,2.8999999999999986
2022-06-01,Valencia,39.47276,-0.3734436,25.0,16.9,21.2,27.7,18.4,06:36,21:22,27.68,16.0,0.0,2022,6,1,Open-Meteo (ERA5),0.0,3.1999999999999993
2022-06-02,Valencia,39.47276,-0.3734436,25.5,17.1,21.5,28.1,18.5,06:35,21:23,26.2,15.9,0.0,2022,6,2,Open-Meteo (ERA5),0.0,3.5
2022-06-03,Valencia,39.47276,-0.3734436,25.8,18.5,22.3,27.8,20.7,06:35,21:23,27.11,19.8,0.0,2022,6,3,Open-Meteo (ERA5),0.0,4.300000000000001
2022-06-04,Valencia,39.47276,-0.3734436,25.5,17.8,21.9,28.1,19.6,06:35,21:24,27.47,16.3,0.0,2022,6,4,Open-Meteo (ERA5),0.0,3.8999999999999986
2022-06-05,Valencia,39.47276,-0.3734436,31.9,19.1,24.6,32.6,17.9,06:35,21:25,28.47,23.4,0.0,2022,6,5,Open-Meteo (ERA5),0.0,6.600000000000001
2022-06-06,Valencia,39.47276,-0.3734436,27.1,17.4,22.9,29.8,17.5,06:34,21:25,28.11,15.5,0.0,2022,6,6,Open-Meteo (ERA5),0.0,4.899999999999999
2022-06-07,Valencia,39.47276,-0.3734436,26.6,18.0,22.9,29.3,19.2,06:34,21:26,28.05,19.1,0.0,2022,6,7,Open-Meteo (ERA5),0.0,4.899999999999999
2022-06-08,Valencia,39.47276,-0.3734436,26.9,18.6,23.2,29.8,20.9,06:34,21:26,26.06,18.4,0.0,2022,6,8,Open-Meteo (ERA5),0.0,5.199999999999999
2022-06-09,Valencia,39.47276,-0.3734436,28.5,20.9,24.5,30.1,23.9,06:34,21:27,27.92,22.4,0.0,2022,6,9,Open-Meteo (ERA5),0.0,6.5
2022-06-10,Valencia,39.47276,-0.3734436,28.0,19.4,23.9,30.3,20.2,06:33,21:28,28.47,17.0,0.0,2022,6,10,Open-Meteo (ERA5),0.0,5.899999999999999
2022-06-11,Valencia,39.47276,-0.3734436,29.5,19.1,24.3,31.4,20.9,06:33,21:28,28.74,17.9,0.0,2022,6,11,Open-Meteo (ERA5),0.0,6.300000000000001
2022-06-12,Valencia,39.47276,-0.3734436,30.8,17.9,24.6,31.7,17.2,06:33,21:28,28.4,16.0,0.0,2022,6,12,Open-Meteo (ERA5),0.0,6.600000000000001
2022-06-13,Valencia,39.47276,-0.3734436,28.9,18.1,24.1,30.7,17.7,06:33,21:29,27.95,16.9,0.0,2022,6,13,Open-Meteo (ERA5),0.0,6.100000000000001
2022-06-14,Valencia,39.47276,-0.3734436,28.6,19.3,24.3,31.1,21.4,06:33,21:29,26.42,20.9,0.0,2022,6,14,Open-Meteo (ERA5),0.0,6.300000000000001
2022-06-15,Valencia,39.47276,-0.3734436,31.9,20.2,26.0,34.3,22.0,06:33,21:30,28.11,18.2,0.0,2022,6,15,Open-Meteo (ERA5),0.0,8.0
2022-06-16,Valencia,39.47276,-0.3734436,32.0,22.0,26.7,33.5,22.0,06:33,21:30,26.93,16.6,0.0,2022,6,16,Open-Meteo (ERA5),0.0,8.7
2022-06-17,Valencia,39.47276,-0.3734436,35.8,20.0,27.5,36.3,19.0,06:33,21:30,28.95,16.3,0.0,2022,6,17,Open-Meteo (ERA5),0.0,9.5
2022-06-18,Valencia,39.47276,-0.3734436,32.1,20.1,26.2,33.4,19.7,06:34,21:31,29.34,18.5,0.0,2022,6,18,Open-Meteo (ERA5),0.0,8.2
2022-06-19,Valencia,39.47276,-0.3734436,29.2,22.6,25.9,33.2,24.5,06:34,21:31,28.43,16.2,0.0,2022,6,19,Open-Meteo (ERA5),0.0,7.899999999999999
2022-06-20,Valencia,39.47276,-0.3734436,29.3,21.6,25.8,33.1,24.5,06:34,21:31,26.84,16.2,0.0,2022,6,20,Open-Meteo (ERA5),0.0,7.800000000000001
2022-06-21,Valencia,39.47276,-0.3734436,28.7,21.4,25.3,31.7,24.4,06:34,21:32,21.48,17.3,1.1,2022,6,21,Open-Meteo (ERA5),0.0,7.300000000000001
2022-06-22,Valencia,39.47276,-0.3734436,32.8,19.9,26.0,32.1,21.8,06:34,21:32,29.39,18.4,5.6,2022,6,22,Open-Meteo (ERA5),0.0,8.0
2022-06-23,Valencia,39.47276,-0.3734436,32.9,22.1,27.0,32.5,19.9,06:35,21:32,28.56,22.8,0.0,2022,6,23,Open-Meteo (ERA5),0.0,9.0
2022-06-24,Valencia,39.47276,-0.3734436,33.0,21.5,26.7,33.3,19.5,06:35,21:32,28.86,29.4,0.0,2022,6,24,Open-Meteo (ERA5),0.0,8.7
2022-06-25,Valencia,39.47276,-0.3734436,28.8,19.5,24.6,32.3,19.1,06:35,21:32,28.06,16.2,0.0,2022,6,25,Open-Meteo (ERA5),0.0,6.600000000000001
2022-06-26,Valencia,39.47276,-0.3734436,27.3,20.3,23.9,29.9,21.8,06:36,21:32,26.3,17.9,0.0,2022,6,26,Open-Meteo (ERA5),0.0,5.899999999999999
2022-06-27,Valencia,39.47276,-0.3734436,26.0,20.8,23.4,27.0,23.7,06:36,21:32,21.55,21.4,7.3,2022,6,27,Open-Meteo (ERA5),0.0,5.399999999999999
2022-06-28,Valencia,39.47276,-0.3734436,28.2,18.6,23.5,30.7,19.0,06:36,21:32,28.79,21.4,0.0,2022,6,28,Open-Meteo (ERA5),0.0,5.5
2022-06-29,Valencia,39.47276,-0.3734436,28.0,19.4,24.1,31.7,20.3,06:37,21:32,26.94,18.5,0.0,2022,6,29,Open-Meteo (ERA5),0.0,6.100000000000001
2022-06-30,Valencia,39.47276,-0.3734436,27.8,20.1,24.4,30.9,21.7,06:37,21:32,27.43,17.3,0.0,2022,6,30,Open-Meteo (ERA5),0.0,6.399999999999999
2022-07-01,Valencia,39.47276,-0.3734436,26.6,22.3,24.2,28.1,23.2,06:38,21:32,22.91,16.5,0.0,2022,7,1,Open-Meteo (ERA5),0.0,6.199999999999999
2022-07-02,Valencia,39.47276,-0.3734436,27.9,19.6,23.9,29.9,22.5,06:38,21:32,26.32,15.9,0.0,2022,7,2,Open-Meteo (ERA5),0.0,5.899999999999999
2022-07-03,Valencia,39.47276,-0.3734436,29.2,20.6,24.9,31.2,21.8,06:39,21:32,27.01,18.3,0.0,2022,7,3,Open-Meteo (ERA5),0.0,6.899999999999999
2022-07-04,Valencia,39.47276,-0.3734436,29.5,21.3,25.5,32.7,23.6,06:39,21:32,26.68,15.9,0.0,2022,7,4,Open-Meteo (ERA5),0.0,7.5
2022-07-05,Valencia,39.47276,-0.3734436,28.3,22.5,25.3,31.2,25.8,06:40,21:31,23.55,16.8,0.0,2022,7,5,Open-Meteo (ERA5),0.0,7.300000000000001
2022-07-06,Valencia,39.47276,-0.3734436,27.6,21.6,23.8,29.7,23.1,06:40,21:31,12.41,21.6,32.5,2022,7,6,Open-Meteo (ERA5),0.0,5.800000000000001
2022-07-07,Valencia,39.47276,-0.3734436,28.7,21.1,25.0,29.3,23.7,06:41,21:31,23.52,18.8,0.2,2022,7,7,Open-Meteo (ERA5),0.0,7.0
2022-07-08,Valencia,39.47276,-0.3734436,30.8,20.7,25.4,32.2,20.9,06:42,21:31,28.53,18.0,0.0,2022,7,8,Open-Meteo (ERA5),0.0,7.399999999999999
2022-07-09,Valencia,39.47276,-0.3734436,31.1,20.5,25.9,32.3,21.7,06:42,21:30,28.51,19.9,0.0,2022,7,9,Open-Meteo (ERA5),0.0,7.899999999999999
2022-07-10,Valencia,39.47276,-0.3734436,30.4,20.5,26.0,33.0,21.4,06:43,21:30,28.34,16.2,0.0,2022,7,10,Open-Meteo (ERA5),0.0,8.0
2022-07-11,Valencia,39.47276,-0.3734436,31.5,21.4,26.9,33.7,22.4,06:44,21:29,28.23,18.5,0.0,2022,7,11,Open-Meteo (ERA5),0.0,8.899999999999999
2022-07-12,Valencia,39.47276,-0.3734436,32.6,21.4,27.1,33.2,21.5,06:44,21:29,28.4,17.0,0.0,2022,7,12,Open-Meteo (ERA5),0.0,9.100000000000001
2022-07-13,Valencia,39.47276,-0.3734436,34.6,21.2,27.9,34.9,21.3,06:45,21:29,28.42,21.9,0.0,2022,7,13,Open-Meteo (ERA5),0.0,9.899999999999999
2022-07-14,Valencia,39.47276,-0.3734436,30.8,21.6,27.0,33.8,22.1,06:46,21:28,28.18,17.2,0.0,2022,7,14,Open-Meteo (ERA5),0.0,9.0
2022-07-15,Valencia,39.47276,-0.3734436,31.9,20.4,26.8,34.5,20.4,06:46,21:28,28.2,13.9,0.0,2022,7,15,Open-Meteo (ERA5),0.0,8.8
2022-07-16,Valencia,39.47276,-0.3734436,35.4,21.4,28.4,35.5,21.6,06:47,21:27,28.28,18.2,0.0,2022,7,16,Open-Meteo (ERA5),0.0,10.399999999999999
2022-07-17,Valencia,39.47276,-0.3734436,34.8,21.4,27.9,35.4,21.7,06:48,21:26,28.14,14.2,0.0,2022,7,17,Open-Meteo (ERA5),0.0,9.899999999999999
2022-07-18,Valencia,39.47276,-0.3734436,32.2,21.5,27.1,35.5,22.3,06:49,21:26,28.24,14.3,0.0,2022,7,18,Open-Meteo (ERA5),0.0,9.100000000000001
2022-07-19,Valencia,39.47276,-0.3734436,32.3,22.1,27.5,34.7,22.9,06:50,21:25,27.77,16.5,0.0,2022,7,19,Open-Meteo (ERA5),0.0,9.5
2022-07-20,Valencia,39.47276,-0.3734436,30.5,23.3,27.4,34.1,24.8,06:50,21:24,26.9,16.9,0.0,2022,7,20,Open-Meteo (ERA5),0.0,9.399999999999999
2022-07-21,Valencia,39.47276,-0.3734436,30.8,22.5,27.1,34.1,25.6,06:51,21:24,26.94,16.8,0.0,2022,7,21,Open-Meteo (ERA5),0.0,9.100000000000001
2022-07-22,Valencia,39.47276,-0.3734436,32.2,22.1,27.8,35.0,25.7,06:52,21:23,26.95,17.1,0.0,2022,7,22,Open-Meteo (ERA5),0.0,9.8
2022-07-23,Valencia,39.47276,-0.3734436,30.6,23.9,27.8,34.8,24.4,06:53,21:22,26.72,18.0,0.0,2022,7,23,Open-Meteo (ERA5),0.0,9.8
2022-07-24,Valencia,39.47276,-0.3734436,32.0,23.0,28.2,36.4,26.2,06:54,21:21,27.32,16.7,0.0,2022,7,24,Open-Meteo (ERA5),0.0,10.2
2022-07-25,Valencia,39.47276,-0.3734436,32.7,22.6,28.1,36.7,25.0,06:55,21:21,25.66,20.7,0.0,2022,7,25,Open-Meteo (ERA5),0.0,10.100000000000001
2022-07-26,Valencia,39.47276,-0.3734436,30.5,25.1,27.8,34.1,30.7,06:55,21:20,24.24,20.9,1.0,2022,7,26,Open-Meteo (ERA5),0.0,9.8
2022-07-27,Valencia,39.47276,-0.3734436,30.4,25.5,27.7,33.9,30.2,06:56,21:19,21.12,16.0,0.8,2022,7,27,Open-Meteo (ERA5),0.0,9.7
2022-07-28,Valencia,39.47276,-0.3734436,31.6,25.0,28.2,35.3,29.2,06:57,21:18,25.07,20.3,0.0,2022,7,28,Open-Meteo (ERA5),0.0,10.2
2022-07-29,Valencia,39.47276,-0.3734436,30.8,24.9,27.6,34.3,29.7,06:58,21:17,23.86,18.3,0.1,2022,7,29,Open-Meteo (ERA5),0.0,9.600000000000001
2022-07-30,Valencia,39.47276,-0.3734436,29.6,24.9,27.3,33.4,29.5,06:59,21:16,18.54,18.3,1.3,2022,7,30,Open-Meteo (ERA5),0.0,9.3
2022-07-31,Valencia,39.47276,-0.3734436,30.9,24.4,27.5,35.1,28.9,07:00,21:15,22.91,15.6,0.2,2022,7,31,Open-Meteo (ERA5),0.0,9.5
2022-08-01,Valencia,39.47276,-0.3734436,31.4,24.0,27.8,34.5,29.1,07:01,21:14,24.6,17.3,0.0,2022,8,1,Open-Meteo (ERA5),0.0,9.8
2022-08-02,Valencia,39.47276,-0.3734436,32.6,23.3,28.3,35.3,26.8,07:02,21:13,26.29,17.4,0.0,2022,8,2,Open-Meteo (ERA5),0.0,10.3
2022-08-03,Valencia,39.47276,-0.3734436,34.3,23.2,28.9,35.8,24.8,07:03,21:12,26.52,19.8,0.0,2022,8,3,Open-Meteo (ERA5),0.0,10.899999999999999
2022-08-04,Valencia,39.47276,-0.3734436,33.3,24.1,28.8,35.8,24.5,07:03,21:11,26.25,17.9,0.0,2022,8,4,Open-Meteo (ERA5),0.0,10.8
2022-08-05,Valencia,39.47276,-0.3734436,32.7,23.2,28.1,34.7,24.5,07:04,21:10,26.29,18.3,0.0,2022,8,5,Open-Meteo (ERA5),0.0,10.100000000000001
2022-08-06,Valencia,39.47276,-0.3734436,32.2,23.2,27.8,34.9,23.8,07:05,21:08,26.14,17.5,0.0,2022,8,6,Open-Meteo (ERA5),0.0,9.8
2022-08-07,Valencia,39.47276,-0.3734436,33.8,22.8,28.2,35.3,23.5,07:06,21:07,26.15,18.5,0.0,2022,8,7,Open-Meteo (ERA5),0.0,10.2
2022-08-08,Valencia,39.47276,-0.3734436,32.1,23.1,27.9,35.4,25.4,07:07,21:06,25.67,16.9,0.0,2022,8,8,Open-Meteo (ERA5),0.0,9.899999999999999
2022-08-09,Valencia,39.47276,-0.3734436,32.3,24.0,28.1,35.5,27.4,07:08,21:05,25.52,17.1,0.0,2022,8,9,Open-Meteo (ERA5),0.0,10.100000000000001
2022-08-10,Valencia,39.47276,-0.3734436,32.5,22.9,28.0,35.2,24.9,07:09,21:04,25.76,15.9,0.0,2022,8,10,Open-Meteo (ERA5),0.0,10.0
2022-08-11,Valencia,39.47276,-0.3734436,32.2,22.9,27.9,35.1,23.9,07:10,21:03,25.28,15.7,0.0,2022,8,11,Open-Meteo (ERA5),0.0,9.899999999999999
2022-08-12,Valencia,39.47276,-0.3734436,37.9,22.6,30.6,38.3,25.7,07:11,21:01,24.4,23.9,0.0,2022,8,12,Open-Meteo (ERA5),0.0,12.600000000000001
2022-08-13,Valencia,39.47276,-0.3734436,42.4,26.8,32.4,42.7,25.7,07:12,21:00,19.69,39.1,0.2,2022,8,13,Open-Meteo (ERA5),0.0,14.399999999999999
2022-08-14,Valencia,39.47276,-0.3734436,39.1,26.5,31.9,39.2,25.5,07:13,20:59,22.96,26.3,0.0,2022,8,14,Open-Meteo (ERA5),0.0,13.899999999999999
2022-08-15,Valencia,39.47276,-0.3734436,31.0,23.5,27.8,34.3,24.8,07:14,20:57,24.74,19.7,0.0,2022,8,15,Open-Meteo (ERA5),0.0,9.8
2022-08-16,Valencia,39.47276,-0.3734436,35.2,22.9,28.4,35.8,25.7,07:15,20:56,25.02,21.6,0.0,2022,8,16,Open-Meteo (ERA5),0.0,10.399999999999999
2022-08-17,Valencia,39.47276,-0.3734436,32.4,22.5,26.9,32.2,22.6,07:16,20:55,21.2,21.2,0.1,2022,8,17,Open-Meteo (ERA5),0.0,8.899999999999999
2022-08-18,Valencia,39.47276,-0.3734436,30.9,19.9,25.2,31.5,19.4,07:16,20:53,23.57,24.6,0.0,2022,8,18,Open-Meteo (ERA5),0.0,7.199999999999999
2022-08-19,Valencia,39.47276,-0.3734436,30.2,21.0,25.7,30.6,19.6,07:17,20:52,24.88,19.7,0.0,2022,8,19,Open-Meteo (ERA5),0.0,7.699999999999999
2022-08-20,Valencia,39.47276,-0.3734436,30.8,20.7,26.2,32.6,20.9,07:18,20:50,24.55,18.4,0.0,2022,8,20,Open-Meteo (ERA5),0.0,8.2
2022-08-21,Valencia,39.47276,-0.3734436,31.2,22.0,26.8,34.3,23.3,07:19,20:49,22.97,18.4,0.0,2022,8,21,Open-Meteo (ERA5),0.0,8.8
2022-08-22,Valencia,39.47276,-0.3734436,30.1,23.3,26.8,32.9,24.4,07:20,20:48,22.84,18.7,0.0,2022,8,22,Open-Meteo (ERA5),0.0,8.8
2022-08-23,Valencia,39.47276,-0.3734436,30.4,22.6,26.8,33.0,25.0,07:21,20:46,23.36,19.7,0.0,2022,8,23,Open-Meteo (ERA5),0.0,8.8
2022-08-24,Valencia,39.47276,-0.3734436,31.5,25.0,27.8,35.8,28.4,07:22,20:45,21.69,18.2,0.1,2022,8,24,Open-Meteo (ERA5),0.0,9.8
2022-08-25,Valencia,39.47276,-0.3734436,33.2,24.0,27.9,36.6,26.9,07:23,20:43,20.99,19.7,0.0,2022,8,25,Open-Meteo (ERA5),0.0,9.899999999999999
2022-08-26,Valencia,39.47276,-0.3734436,29.6,22.5,26.2,33.1,24.2,07:24,20:42,20.34,18.8,0.2,2022,8,26,Open-Meteo (ERA5),0.0,8.2
2022-08-27,Valencia,39.47276,-0.3734436,29.2,22.6,26.0,32.7,24.9,07:25,20:40,19.87,14.4,0.0,2022,8,27,Open-Meteo (ERA5),0.0,8.0
2022-08-28,Valencia,39.47276,-0.3734436,30.4,22.6,26.7,33.4,25.2,07:26,20:39,22.72,16.4,0.0,2022,8,28,Open-Meteo (ERA5),0.0,8.7
2022-08-29,Valencia,39.47276,-0.3734436,30.1,23.0,26.4,33.5,25.5,07:27,20:37,18.83,12.6,0.0,2022,8,29,Open-Meteo (ERA5),0.0,8.399999999999999
2022-08-30,Valencia,39.47276,-0.3734436,32.6,24.2,27.8,36.9,26.1,07:28,20:36,21.01,18.5,0.0,2022,8,30,Open-Meteo (ERA5),0.0,9.8
2022-08-31,Valencia,39.47276,-0.3734436,38.0,23.7,30.1,36.8,24.6,07:29,20:34,19.78,28.4,0.7,2022,8,31,Open-Meteo (ERA5),0.0,12.100000000000001
2022-09-01,Valencia,39.47276,-0.3734436,30.2,21.9,26.4,33.6,23.6,07:29,20:33,19.45,15.5,0.0,2022,9,1,Open-Meteo (ERA5),0.0,8.399999999999999
2022-09-02,Valencia,39.47276,-0.3734436,37.1,22.3,29.1,34.9,23.1,07:30,20:31,22.51,23.7,0.0,2022,9,2,Open-Meteo (ERA5),0.0,11.100000000000001
2022-09-03,Valencia,39.47276,-0.3734436,30.1,20.5,25.9,32.2,18.5,07:31,20:30,21.77,17.1,0.0,2022,9,3,Open-Meteo (ERA5),0.0,7.899999999999999
2022-09-04,Valencia,39.47276,-0.3734436,29.5,21.9,26.1,33.3,23.8,07:32,20:28,21.88,16.1,0.0,2022,9,4,Open-Meteo (ERA5),0.0,8.100000000000001
2022-09-05,Valencia,39.47276,-0.3734436,31.0,22.4,26.4,35.1,25.4,07:33,20:26,21.24,16.9,0.0,2022,9,5,Open-Meteo (ERA5),0.0,8.399999999999999
2022-09-06,Valencia,39.47276,-0.3734436,33.7,21.5,27.0,33.8,19.2,07:34,20:25,22.36,20.5,0.0,2022,9,6,Open-Meteo (ERA5),0.0,9.0
2022-09-07,Valencia,39.47276,-0.3734436,34.1,21.9,27.7,34.7,20.5,07:35,20:23,21.97,17.8,0.0,2022,9,7,Open-Meteo (ERA5),0.0,9.7
2022-09-08,Valencia,39.47276,-0.3734436,30.4,21.7,26.2,30.8,20.0,07:36,20:22,19.4,17.6,0.0,2022,9,8,Open-Meteo (ERA5),0.0,8.2
2022-09-09,Valencia,39.47276,-0.3734436,31.2,21.0,26.2,32.0,22.1,07:37,20:20,20.05,19.5,0.0,2022,9,9,Open-Meteo (ERA5),0.0,8.2
2022-09-10,Valencia,39.47276,-0.3734436,29.8,23.6,26.3,32.7,25.3,07:38,20:18,17.7,15.5,0.1,2022,9,10,Open-Meteo (ERA5),0.0,8.3
2022-09-11,Valencia,39.47276,-0.3734436,30.9,21.8,26.1,32.9,24.5,07:39,20:17,20.37,16.6,0.0,2022,9,11,Open-Meteo (ERA5),0.0,8.100000000000001
2022-09-12,Valencia,39.47276,-0.3734436,29.5,23.3,26.7,33.6,26.5,07:39,20:15,18.51,19.4,0.0,2022,9,12,Open-Meteo (ERA5),0.0,8.7
2022-09-13,Valencia,39.47276,-0.3734436,29.4,22.2,25.1,32.3,23.8,07:40,20:13,7.67,12.2,3.0,2022,9,13,Open-Meteo (ERA5),0.0,7.100000000000001
2022-09-14,Valencia,39.47276,-0.3734436,29.9,20.9,24.7,29.4,20.6,07:41,20:12,11.05,24.1,3.6,2022,9,14,Open-Meteo (ERA5),0.0,6.699999999999999
2022-09-15,Valencia,39.47276,-0.3734436,33.2,21.2,26.3,33.0,20.0,07:42,20:10,19.21,18.0,0.0,2022,9,15,Open-Meteo (ERA5),0.0,8.3
2022-09-16,Valencia,39.47276,-0.3734436,28.5,20.8,24.6,29.5,20.8,07:43,20:08,15.99,17.4,0.4,2022,9,16,Open-Meteo (ERA5),0.0,6.600000000000001
2022-09-17,Valencia,39.47276,-0.3734436,27.6,20.0,24.0,28.1,21.4,07:44,20:07,16.15,17.5,0.0,2022,9,17,Open-Meteo (ERA5),0.0,6.0
2022-09-18,Valencia,39.47276,-0.3734436,26.1,20.6,22.8,27.5,22.0,07:45,20:05,11.43,15.8,15.3,2022,9,18,Open-Meteo (ERA5),0.0,4.800000000000001
2022-09-19,Valencia,39.47276,-0.3734436,27.5,20.0,23.5,29.8,21.1,07:46,20:04,17.2,13.8,0.0,2022,9,19,Open-Meteo (ERA5),0.0,5.5
2022-09-20,Valencia,39.47276,-0.3734436,27.4,18.3,23.0,28.6,20.1,07:47,20:02,18.64,15.2,0.0,2022,9,20,Open-Meteo (ERA5),0.0,5.0
2022-09-21,Valencia,39.47276,-0.3734436,28.0,20.8,23.5,30.6,22.1,07:48,20:00,14.32,15.5,0.0,2022,9,21,Open-Meteo (ERA5),0.0,5.5
2022-09-22,Valencia,39.47276,-0.3734436,26.2,20.6,22.5,27.2,22.0,07:49,19:59,13.76,16.0,2.8,2022,9,22,Open-Meteo (ERA5),0.0,4.5
2022-09-23,Valencia,39.47276,-0.3734436,27.6,19.4,23.3,29.3,20.2,07:50,19:57,15.87,14.0,0.0,2022,9,23,Open-Meteo (ERA5),0.0,5.300000000000001
2022-09-24,Valencia,39.47276,-0.3734436,25.9,18.8,22.2,27.0,19.8,07:51,19:56,13.65,20.1,2.5,2022,9,24,Open-Meteo (ERA5),0.0,4.199999999999999
2022-09-25,Valencia,39.47276,-0.3734436,24.4,17.9,21.0,22.8,18.0,07:52,19:54,14.91,22.1,4.8,2022,9,25,Open-Meteo (ERA5),0.0,3.0
2022-09-26,Valencia,39.47276,-0.3734436,21.9,17.6,19.4,22.6,17.1,07:52,19:52,11.55,15.8,3.6,2022,9,26,Open-Meteo (ERA5),0.0,1.3999999999999986
2022-09-27,Valencia,39.47276,-0.3734436,28.6,15.6,21.3,27.0,12.7,07:53,19:51,18.68,21.7,0.0,2022,9,27,Open-Meteo (ERA5),0.0,3.3000000000000007
2022-09-28,Valencia,39.47276,-0.3734436,28.9,16.8,22.4,27.2,14.5,07:54,19:49,16.56,17.2,0.0,2022,9,28,Open-Meteo (ERA5),0.0,4.399999999999999
2022-09-29,Valencia,39.47276,-0.3734436,26.0,18.5,21.5,24.4,16.0,07:55,19:47,13.74,32.9,0.0,2022,9,29,Open-Meteo (ERA5),0.0,3.5
2022-09-30,Valencia,39.47276,-0.3734436,25.5,14.2,19.2,24.6,12.6,07:56,19:46,17.36,22.2,0.0,2022,9,30,Open-Meteo (ERA5),0.0,1.1999999999999993
2022-10-01,Valencia,39.47276,-0.3734436,25.2,13.9,19.1,24.1,11.5,07:57,19:44,18.18,15.1,0.0,2022,10,1,Open-Meteo (ERA5),0.0,1.1000000000000014
2022-10-02,Valencia,39.47276,-0.3734436,25.2,14.6,19.9,25.1,12.6,07:58,19:42,18.57,13.2,0.0,2022,10,2,Open-Meteo (ERA5),0.0,1.8999999999999986
2022-10-03,Valencia,39.47276,-0.3734436,24.4,16.0,20.1,26.4,15.1,07:59,19:41,11.21,11.2,0.0,2022,10,3,Open-Meteo (ERA5),0.0,2.1000000000000014
2022-10-04,Valencia,39.47276,-0.3734436,26.1,17.8,21.2,27.5,19.6,08:00,19:39,14.95,15.5,0.0,2022,10,4,Open-Meteo (ERA5),0.0,3.1999999999999993
2022-10-05,Valencia,39.47276,-0.3734436,24.6,17.9,21.0,25.5,18.7,08:01,19:38,13.94,12.8,0.4,2022,10,5,Open-Meteo (ERA5),0.0,3.0
2022-10-06,Valencia,39.47276,-0.3734436,23.8,18.1,20.2,23.4,19.5,08:02,19:36,10.17,25.3,18.0,2022,10,6,Open-Meteo (ERA5),0.0,2.1999999999999993
2022-10-07,Valencia,39.47276,-0.3734436,23.4,17.5,20.2,24.0,19.0,08:03,19:35,11.86,16.9,7.5,2022,10,7,Open-Meteo (ERA5),0.0,2.1999999999999993
2022-10-08,Valencia,39.47276,-0.3734436,24.4,15.6,19.6,24.9,15.5,08:04,19:33,15.09,17.6,0.9,2022,10,8,Open-Meteo (ERA5),0.0,1.6000000000000014
2022-10-09,Valencia,39.47276,-0.3734436,23.2,17.2,19.8,24.3,18.2,08:05,19:32,13.37,10.7,0.7,2022,10,9,Open-Meteo (ERA5),0.0,1.8000000000000007
2022-10-10,Valencia,39.47276,-0.3734436,23.5,16.3,19.5,25.0,16.4,08:06,19:30,11.59,10.6,2.6,2022,10,10,Open-Meteo (ERA5),0.0,1.5
2022-10-11,Valencia,39.47276,-0.3734436,20.9,17.1,18.7,20.9,17.4,08:07,19:29,6.52,24.2,36.2,2022,10,11,Open-Meteo (ERA5),0.0,0.6999999999999993
2022-10-12,Valencia,39.47276,-0.3734436,23.4,15.4,19.2,24.1,15.6,08:08,19:27,14.66,14.7,0.3,2022,10,12,Open-Meteo (ERA5),0.0,1.1999999999999993
2022-10-13,Valencia,39.47276,-0.3734436,25.5,15.7,19.9,25.5,15.1,08:09,19:26,15.83,14.3,0.0,2022,10,13,Open-Meteo (ERA5),0.0,1.8999999999999986
2022-10-14,Valencia,39.47276,-0.3734436,27.5,16.5,20.7,28.8,15.3,08:10,19:24,15.61,13.0,0.0,2022,10,14,Open-Meteo (ERA5),0.0,2.6999999999999993
2022-10-15,Valencia,39.47276,-0.3734436,25.1,15.4,20.1,26.1,15.2,08:11,19:23,15.25,10.9,0.0,2022,10,15,Open-Meteo (ERA5),0.0,2.1000000000000014
2022-10-16,Valencia,39.47276,-0.3734436,26.4,15.9,20.2,27.8,14.9,08:12,19:21,14.35,11.1,0.0,2022,10,16,Open-Meteo (ERA5),0.0,2.1999999999999993
2022-10-17,Valencia,39.47276,-0.3734436,24.8,17.3,20.7,26.4,17.8,08:13,19:20,12.4,12.0,0.1,2022,10,17,Open-Meteo (ERA5),0.0,2.6999999999999993
2022-10-18,Valencia,39.47276,-0.3734436,24.3,17.1,20.3,26.2,18.6,08:14,19:18,12.2,9.8,0.0,2022,10,18,Open-Meteo (ERA5),0.0,2.3000000000000007
2022-10-19,Valencia,39.47276,-0.3734436,24.3,17.0,20.5,26.6,18.3,08:15,19:17,14.2,12.4,0.0,2022,10,19,Open-Meteo (ERA5),0.0,2.5
2022-10-20,Valencia,39.47276,-0.3734436,24.9,18.8,21.2,27.3,21.1,08:16,19:15,11.1,11.2,0.3,2022,10,20,Open-Meteo (ERA5),0.0,3.1999999999999993
2022-10-21,Valencia,39.47276,-0.3734436,26.1,17.9,21.5,27.1,19.6,08:17,19:14,12.75,13.7,0.2,2022,10,21,Open-Meteo (ERA5),0.0,3.5
2022-10-22,Valencia,39.47276,-0.3734436,25.1,18.0,21.0,25.9,18.5,08:18,19:13,10.79,13.3,0.0,2022,10,22,Open-Meteo (ERA5),0.0,3.0
2022-10-23,Valencia,39.47276,-0.3734436,25.7,17.2,20.9,27.2,18.5,08:19,19:11,10.94,14.0,0.0,2022,10,23,Open-Meteo (ERA5),0.0,2.8999999999999986
2022-10-24,Valencia,39.47276,-0.3734436,27.4,18.1,21.3,28.1,17.4,08:21,19:10,10.74,15.6,0.0,2022,10,24,Open-Meteo (ERA5),0.0,3.3000000000000007
2022-10-25,Valencia,39.47276,-0.3734436,24.7,15.6,19.6,26.2,15.2,08:22,19:09,13.41,10.4,0.0,2022,10,25,Open-Meteo (ERA5),0.0,1.6000000000000014
2022-10-26,Valencia,39.47276,-0.3734436,26.4,15.9,20.3,27.2,15.1,08:23,19:07,11.18,8.7,0.0,2022,10,26,Open-Meteo (ERA5),0.0,2.3000000000000007
2022-10-27,Valencia,39.47276,-0.3734436,24.1,15.5,19.6,25.6,15.5,08:24,19:06,12.25,8.9,0.0,2022,10,27,Open-Meteo (ERA5),0.0,1.6000000000000014
2022-10-28,Valencia,39.47276,-0.3734436,23.0,14.5,18.5,24.4,14.7,08:25,19:05,13.05,9.4,0.0,2022,10,28,Open-Meteo (ERA5),0.0,0.5
2022-10-29,Valencia,39.47276,-0.3734436,22.7,15.4,18.5,23.8,15.7,08:26,19:03,11.45,9.8,0.0,2022,10,29,Open-Meteo (ERA5),0.0,0.5
2022-10-30,Valencia,39.47276,-0.3734436,22.5,15.1,18.4,23.8,15.0,08:27,19:02,9.78,9.0,0.0,2022,10,30,Open-Meteo (ERA5),0.0,0.3999999999999986
2022-10-31,Valencia,39.47276,-0.3734436,23.2,15.4,18.9,24.2,15.7,08:28,19:01,10.31,10.6,0.0,2022,10,31,Open-Meteo (ERA5),0.0,0.8999999999999986
2022-11-01,Valencia,39.47276,-0.3734436,25.8,15.8,20.0,25.7,14.3,08:29,19:00,12.75,14.3,0.0,2022,11,1,Open-Meteo (ERA5),0.0,2.0
2022-11-02,Valencia,39.47276,-0.3734436,22.8,16.2,19.2,23.2,16.7,08:30,18:59,10.65,16.8,0.0,2022,11,2,Open-Meteo (ERA5),0.0,1.1999999999999993
2022-11-03,Valencia,39.47276,-0.3734436,24.4,16.6,19.9,21.6,17.2,08:31,18:58,6.88,22.8,0.2,2022,11,3,Open-Meteo (ERA5),0.0,1.8999999999999986
2022-11-04,Valencia,39.47276,-0.3734436,23.9,16.7,19.7,19.2,12.7,08:33,18:57,12.89,24.7,0.0,2022,11,4,Open-Meteo (ERA5),0.0,1.6999999999999993
2022-11-05,Valencia,39.47276,-0.3734436,21.8,12.3,16.2,18.7,9.2,08:34,18:56,12.75,15.9,0.0,2022,11,5,Open-Meteo (ERA5),1.8000000000000007,0.0
2022-11-06,Valencia,39.47276,-0.3734436,25.1,9.9,15.9,23.6,7.0,08:35,18:54,12.68,18.4,0.0,2022,11,6,Open-Meteo (ERA5),2.0999999999999996,0.0
2022-11-07,Valencia,39.47276,-0.3734436,21.6,11.7,15.9,21.3,8.7,08:36,18:53,12.06,11.0,0.0,2022,11,7,Open-Meteo (ERA5),2.0999999999999996,0.0
2022-11-08,Valencia,39.47276,-0.3734436,25.1,11.9,17.6,22.6,10.2,08:37,18:52,11.15,16.6,0.0,2022,11,8,Open-Meteo (ERA5),0.3999999999999986,0.0
2022-11-09,Valencia,39.47276,-0.3734436,24.9,14.9,18.5,22.0,14.5,08:38,18:51,8.92,20.9,0.5,2022,11,9,Open-Meteo (ERA5),0.0,0.5
2022-11-10,Valencia,39.47276,-0.3734436,21.1,12.4,16.2,19.9,10.8,08:39,18:50,11.7,19.1,4.7,2022,11,10,Open-Meteo (ERA5),1.8000000000000007,0.0
2022-11-11,Valencia,39.47276,-0.3734436,17.3,14.7,16.0,17.1,13.6,08:41,18:50,2.93,26.0,19.0,2022,11,11,Open-Meteo (ERA5),2.0,0.0
2022-11-12,Valencia,39.47276,-0.3734436,20.4,15.9,17.1,19.6,14.1,08:42,18:49,7.48,30.8,3.6,2022,11,12,Open-Meteo (ERA5),0.8999999999999986,0.0
2022-11-13,Valencia,39.47276,-0.3734436,21.4,13.6,16.9,22.1,12.6,08:43,18:48,11.1,12.8,0.6,2022,11,13,Open-Meteo (ERA5),1.1000000000000014,0.0
2022-11-14,Valencia,39.47276,-0.3734436,23.4,12.8,17.1,21.7,11.7,08:44,18:47,9.58,16.1,0.0,2022,11,14,Open-Meteo (ERA5),0.8999999999999986,0.0
2022-11-15,Valencia,39.47276,-0.3734436,23.7,16.1,19.0,21.0,14.5,08:45,18:46,7.73,27.4,2.2,2022,11,15,Open-Meteo (ERA5),0.0,1.0
2022-11-16,Valencia,39.47276,-0.3734436,20.7,18.2,19.2,18.5,15.7,08:46,18:45,7.38,24.5,0.5,2022,11,16,Open-Meteo (ERA5),0.0,1.1999999999999993
2022-11-17,Valencia,39.47276,-0.3734436,23.2,18.9,20.5,21.2,16.2,08:47,18:45,7.98,38.2,0.4,2022,11,17,Open-Meteo (ERA5),0.0,2.5
2022-11-18,Valencia,39.47276,-0.3734436,18.9,13.4,16.4,17.0,9.5,08:48,18:44,3.93,20.8,0.0,2022,11,18,Open-Meteo (ERA5),1.6000000000000014,0.0
2022-11-19,Valencia,39.47276,-0.3734436,17.2,11.2,13.6,13.2,6.9,08:49,18:43,9.49,21.6,0.0,2022,11,19,Open-Meteo (ERA5),4.4,0.0
2022-11-20,Valencia,39.47276,-0.3734436,21.8,11.2,15.0,20.4,7.4,08:51,18:43,9.48,18.9,0.0,2022,11,20,Open-Meteo (ERA5),3.0,0.0
2022-11-21,Valencia,39.47276,-0.3734436,20.2,13.2,16.7,17.2,11.0,08:52,18:42,4.91,29.2,4.6,2022,11,21,Open-Meteo (ERA5),1.3000000000000007,0.0
2022-11-22,Valencia,39.47276,-0.3734436,17.9,11.6,14.5,13.5,5.5,08:53,18:41,8.12,27.9,0.0,2022,11,22,Open-Meteo (ERA5),3.5,0.0
2022-11-23,Valencia,39.47276,-0.3734436,22.1,17.0,19.5,19.0,13.0,08:54,18:41,5.71,30.3,0.0,2022,11,23,Open-Meteo (ERA5),0.0,1.5
2022-11-24,Valencia,39.47276,-0.3734436,22.2,14.1,17.5,21.0,13.4,08:55,18:40,8.78,19.3,0.0,2022,11,24,Open-Meteo (ERA5),0.5,0.0
2022-11-25,Valencia,39.47276,-0.3734436,22.3,13.5,17.4,20.4,9.6,08:56,18:40,7.79,23.8,0.0,2022,11,25,Open-Meteo (ERA5),0.6000000000000014,0.0
2022-11-26,Valencia,39.47276,-0.3734436,18.5,9.2,13.1,16.3,6.2,08:57,18:40,9.76,15.4,0.0,2022,11,26,Open-Meteo (ERA5),4.9,0.0
2022-11-27,Valencia,39.47276,-0.3734436,16.9,7.1,11.1,15.4,4.3,08:58,18:39,9.72,9.8,0.0,2022,11,27,Open-Meteo (ERA5),6.9,0.0
2022-11-28,Valencia,39.47276,-0.3734436,18.6,7.7,13.5,15.1,5.5,08:59,18:39,9.97,23.4,0.1,2022,11,28,Open-Meteo (ERA5),4.5,0.0
2022-11-29,Valencia,39.47276,-0.3734436,19.1,11.4,14.3,17.4,7.4,09:00,18:38,9.71,21.4,0.0,2022,11,29,Open-Meteo (ERA5),3.6999999999999993,0.0
2022-11-30,Valencia,39.47276,-0.3734436,16.2,8.6,12.2,14.4,6.5,09:01,18:38,8.09,10.4,0.0,2022,11,30,Open-Meteo (ERA5),5.800000000000001,0.0
2022-12-01,Valencia,39.47276,-0.3734436,14.4,9.8,12.3,10.9,8.3,09:02,18:38,4.62,24.2,1.7,2022,12,1,Open-Meteo (ERA5),5.699999999999999,0.0
2022-12-02,Valencia,39.47276,-0.3734436,14.2,10.1,11.9,10.0,7.4,09:03,18:38,7.88,24.1,4.4,2022,12,2,Open-Meteo (ERA5),6.1,0.0
2022-12-03,Valencia,39.47276,-0.3734436,15.1,6.1,10.4,12.6,2.7,09:04,18:37,8.15,13.1,0.0,2022,12,3,Open-Meteo (ERA5),7.6,0.0
2022-12-04,Valencia,39.47276,-0.3734436,16.5,7.5,11.7,15.4,5.3,09:05,18:37,7.82,14.0,1.1,2022,12,4,Open-Meteo (ERA5),6.300000000000001,0.0
2022-12-05,Valencia,39.47276,-0.3734436,15.1,10.4,13.2,12.6,9.1,09:06,18:37,2.83,20.7,0.0,2022,12,5,Open-Meteo (ERA5),4.800000000000001,0.0
2022-12-06,Valencia,39.47276,-0.3734436,16.2,12.8,14.0,16.4,11.1,09:07,18:37,5.45,14.6,0.9,2022,12,6,Open-Meteo (ERA5),4.0,0.0
2022-12-07,Valencia,39.47276,-0.3734436,16.7,9.4,12.4,16.5,8.1,09:08,18:37,6.87,10.0,0.0,2022,12,7,Open-Meteo (ERA5),5.6,0.0
2022-12-08,Valencia,39.47276,-0.3734436,15.8,10.4,12.8,15.8,9.7,09:09,18:37,4.01,8.2,0.1,2022,12,8,Open-Meteo (ERA5),5.199999999999999,0.0
2022-12-09,Valencia,39.47276,-0.3734436,17.4,11.8,14.0,16.8,10.2,09:09,18:37,5.34,16.1,2.7,2022,12,9,Open-Meteo (ERA5),4.0,0.0
2022-12-10,Valencia,39.47276,-0.3734436,19.5,12.4,14.9,16.2,9.3,09:10,18:37,7.96,21.3,0.0,2022,12,10,Open-Meteo (ERA5),3.0999999999999996,0.0
2022-12-11,Valencia,39.47276,-0.3734436,14.1,9.6,12.1,11.5,8.6,09:11,18:37,1.48,20.3,9.5,2022,12,11,Open-Meteo (ERA5),5.9,0.0
2022-12-12,Valencia,39.47276,-0.3734436,20.5,7.9,13.8,18.9,6.4,09:12,18:37,4.42,29.6,0.1,2022,12,12,Open-Meteo (ERA5),4.199999999999999,0.0
2022-12-13,Valencia,39.47276,-0.3734436,21.2,17.0,18.5,20.9,15.7,09:13,18:38,2.09,29.5,4.6,2022,12,13,Open-Meteo (ERA5),0.0,0.5
2022-12-14,Valencia,39.47276,-0.3734436,19.7,13.0,17.3,19.8,12.8,09:13,18:38,4.8,24.5,0.3,2022,12,14,Open-Meteo (ERA5),0.6999999999999993,0.0
2022-12-15,Valencia,39.47276,-0.3734436,17.9,13.1,15.1,14.4,10.4,09:14,18:38,6.59,22.6,2.0,2022,12,15,Open-Meteo (ERA5),2.9000000000000004,0.0
2022-12-16,Valencia,39.47276,-0.3734436,18.5,10.9,14.1,15.4,8.5,09:15,18:38,9.04,19.1,0.0,2022,12,16,Open-Meteo (ERA5),3.9000000000000004,0.0
2022-12-17,Valencia,39.47276,-0.3734436,15.6,8.1,11.4,15.0,5.9,09:15,18:39,6.24,8.6,0.0,2022,12,17,Open-Meteo (ERA5),6.6,0.0
2022-12-18,Valencia,39.47276,-0.3734436,16.2,8.1,11.2,15.6,6.2,09:16,18:39,8.85,8.9,0.0,2022,12,18,Open-Meteo (ERA5),6.800000000000001,0.0
2022-12-19,Valencia,39.47276,-0.3734436,16.8,7.6,11.8,16.0,5.4,09:17,18:40,8.82,9.7,0.0,2022,12,19,Open-Meteo (ERA5),6.199999999999999,0.0
2022-12-20,Valencia,39.47276,-0.3734436,19.0,6.6,12.0,16.4,4.5,09:17,18:40,8.22,18.6,0.0,2022,12,20,Open-Meteo (ERA5),6.0,0.0
2022-12-21,Valencia,39.47276,-0.3734436,20.7,12.9,16.0,17.9,10.7,09:18,18:40,6.26,25.0,0.2,2022,12,21,Open-Meteo (ERA5),2.0,0.0
2022-12-22,Valencia,39.47276,-0.3734436,21.9,14.9,17.3,19.1,12.4,09:18,18:41,8.82,25.4,0.0,2022,12,22,Open-Meteo (ERA5),0.6999999999999993,0.0
2022-12-23,Valencia,39.47276,-0.3734436,22.8,14.3,17.5,20.9,12.3,09:19,18:42,8.75,18.2,0.0,2022,12,23,Open-Meteo (ERA5),0.5,0.0
2022-12-24,Valencia,39.47276,-0.3734436,22.2,13.7,16.7,20.5,12.0,09:19,18:42,9.05,14.4,0.0,2022,12,24,Open-Meteo (ERA5),1.3000000000000007,0.0
2022-12-25,Valencia,39.47276,-0.3734436,21.5,12.1,15.7,19.5,10.0,09:20,18:43,8.97,15.7,0.0,2022,12,25,Open-Meteo (ERA5),2.3000000000000007,0.0
2022-12-26,Valencia,39.47276,-0.3734436,21.1,9.6,13.7,20.5,7.1,09:20,18:43,8.71,12.3,0.0,2022,12,26,Open-Meteo (ERA5),4.300000000000001,0.0
2022-12-27,Valencia,39.47276,-0.3734436,17.9,8.9,12.1,16.8,6.4,09:20,18:44,9.12,10.9,0.0,2022,12,27,Open-Meteo (ERA5),5.9,0.0
2022-12-28,Valencia,39.47276,-0.3734436,18.5,6.2,11.6,16.7,3.9,09:20,18:45,9.19,14.3,0.0,2022,12,28,Open-Meteo (ERA5),6.4,0.0
2022-12-29,Valencia,39.47276,-0.3734436,19.5,10.1,13.7,15.6,6.8,09:21,18:45,8.74,21.5,0.0,2022,12,29,Open-Meteo (ERA5),4.300000000000001,0.0
2022-12-30,Valencia,39.47276,-0.3734436,19.6,12.8,16.0,16.6,10.0,09:21,18:46,4.37,28.9,0.0,2022,12,30,Open-Meteo (ERA5),2.0,0.0
2022-12-31,Valencia,39.47276,-0.3734436,21.4,10.6,15.1,18.8,7.7,09:21,18:47,9.28,19.2,0.0,2022,12,31,Open-Meteo (ERA5),2.9000000000000004,0.0
2023-01-01,Valencia,39.47276,-0.3734436,16.7,7.8,11.6,14.4,4.9,09:21,18:47,9.06,10.9,0.0,2023,1,1,Open-Meteo (ERA5),6.4,0.0
2023-01-02,Valencia,39.47276,-0.3734436,16.6,6.9,11.0,15.2,4.8,09:21,18:48,6.72,10.3,0.0,2023,1,2,Open-Meteo (ERA5),7.0,0.0
2023-01-03,Valencia,39.47276,-0.3734436,17.0,8.9,12.4,16.4,7.8,09:21,18:49,8.2,12.6,0.0,2023,1,3,Open-Meteo (ERA5),5.6,0.0
2023-01-04,Valencia,39.47276,-0.3734436,16.1,7.7,11.0,14.7,5.4,09:21,18:50,9.31,8.7,0.0,2023,1,4,Open-Meteo (ERA5),7.0,0.0
2023-01-05,Valencia,39.47276,-0.3734436,16.4,5.9,10.1,14.6,3.0,09:21,18:51,9.41,9.1,0.0,2023,1,5,Open-Meteo (ERA5),7.9,0.0
2023-01-06,Valencia,39.47276,-0.3734436,15.6,4.4,9.0,13.4,1.7,09:21,18:52,9.59,9.7,0.0,2023,1,6,Open-Meteo (ERA5),9.0,0.0
2023-01-07,Valencia,39.47276,-0.3734436,17.2,5.3,10.7,13.1,2.6,09:21,18:53,9.78,20.3,0.0,2023,1,7,Open-Meteo (ERA5),7.300000000000001,0.0
2023-01-08,Valencia,39.47276,-0.3734436,21.5,10.6,15.7,17.5,7.3,09:21,18:54,5.62,29.1,1.0,2023,1,8,Open-Meteo (ERA5),2.3000000000000007,0.0
2023-01-09,Valencia,39.47276,-0.3734436,21.4,11.4,17.2,18.5,10.3,09:21,18:55,8.86,19.7,0.0,2023,1,9,Open-Meteo (ERA5),0.8000000000000007,0.0
2023-01-10,Valencia,39.47276,-0.3734436,18.1,8.6,12.4,15.7,5.5,09:21,18:56,9.77,14.4,0.0,2023,1,10,Open-Meteo (ERA5),5.6,0.0
2023-01-11,Valencia,39.47276,-0.3734436,19.9,9.1,13.8,18.8,7.3,09:21,18:57,9.28,16.2,0.0,2023,1,11,Open-Meteo (ERA5),4.199999999999999,0.0
2023-01-12,Valencia,39.47276,-0.3734436,17.5,7.3,11.5,15.0,3.3,09:20,18:58,9.97,15.6,0.0,2023,1,12,Open-Meteo (ERA5),6.5,0.0
2023-01-13,Valencia,39.47276,-0.3734436,18.5,6.0,11.3,15.2,2.8,09:20,18:59,9.95,12.0,0.0,2023,1,13,Open-Meteo (ERA5),6.699999999999999,0.0
2023-01-14,Valencia,39.47276,-0.3734436,19.2,5.1,11.4,15.9,2.5,09:20,19:00,10.23,17.8,0.0,2023,1,14,Open-Meteo (ERA5),6.6,0.0
2023-01-15,Valencia,39.47276,-0.3734436,18.4,10.1,14.0,13.9,7.8,09:20,19:01,9.56,28.7,0.0,2023,1,15,Open-Meteo (ERA5),4.0,0.0
2023-01-16,Valencia,39.47276,-0.3734436,17.5,8.8,12.5,13.0,3.9,09:19,19:02,6.59,31.6,0.0,2023,1,16,Open-Meteo (ERA5),5.5,0.0
2023-01-17,Valencia,39.47276,-0.3734436,18.4,11.4,15.5,12.3,6.5,09:19,19:03,8.95,38.1,0.3,2023,1,17,Open-Meteo (ERA5),2.5,0.0
2023-01-18,Valencia,39.47276,-0.3734436,14.6,7.9,10.7,9.5,2.4,09:18,19:04,10.53,27.4,0.1,2023,1,18,Open-Meteo (ERA5),7.300000000000001,0.0
2023-01-19,Valencia,39.47276,-0.3734436,15.3,7.6,10.5,9.1,0.6,09:18,19:05,9.58,30.9,0.3,2023,1,19,Open-Meteo (ERA5),7.5,0.0
2023-01-20,Valencia,39.47276,-0.3734436,18.0,11.9,14.0,13.2,7.0,09:17,19:06,10.26,27.4,0.1,2023,1,20,Open-Meteo (ERA5),4.0,0.0
2023-01-21,Valencia,39.47276,-0.3734436,12.8,5.9,9.6,9.6,1.2,09:17,19:08,11.26,28.1,0.0,2023,1,21,Open-Meteo (ERA5),8.4,0.0
2023-01-22,Valencia,39.47276,-0.3734436,12.9,1.8,7.7,8.2,-2.5,09:16,19:09,11.5,23.9,0.0,2023,1,22,Open-Meteo (ERA5),10.3,0.0
2023-01-23,Valencia,39.47276,-0.3734436,11.7,1.8,7.1,8.5,-1.4,09:16,19:10,10.8,21.9,0.0,2023,1,23,Open-Meteo (ERA5),10.9,0.0
2023-01-24,Valencia,39.47276,-0.3734436,10.4,1.8,6.1,6.4,-2.6,09:15,19:11,11.34,13.8,0.0,2023,1,24,Open-Meteo (ERA5),11.9,0.0
2023-01-25,Valencia,39.47276,-0.3734436,14.1,4.1,8.6,9.2,0.1,09:14,19:12,8.98,23.9,0.0,2023,1,25,Open-Meteo (ERA5),9.4,0.0
2023-01-26,Valencia,39.47276,-0.3734436,13.4,4.2,8.3,10.1,1.0,09:13,19:13,11.52,14.5,0.0,2023,1,26,Open-Meteo (ERA5),9.7,0.0
2023-01-27,Valencia,39.47276,-0.3734436,14.1,2.8,7.2,10.6,-1.2,09:13,19:15,11.62,18.2,0.0,2023,1,27,Open-Meteo (ERA5),10.8,0.0
2023-01-28,Valencia,39.47276,-0.3734436,12.5,2.6,7.7,8.7,-0.7,09:12,19:16,11.85,12.9,0.0,2023,1,28,Open-Meteo (ERA5),10.3,0.0
2023-01-29,Valencia,39.47276,-0.3734436,9.5,3.2,6.9,6.5,-1.0,09:11,19:17,5.53,12.4,1.6,2023,1,29,Open-Meteo (ERA5),11.1,0.0
2023-01-30,Valencia,39.47276,-0.3734436,14.5,2.4,7.3,10.8,-1.5,09:10,19:18,12.22,14.8,0.0,2023,1,30,Open-Meteo (ERA5),10.7,0.0
2023-01-31,Valencia,39.47276,-0.3734436,14.5,2.4,7.5,11.1,-1.8,09:09,19:19,12.37,11.8,0.0,2023,1,31,Open-Meteo (ERA5),10.5,0.0
2023-02-01,Valencia,39.47276,-0.3734436,14.2,3.0,8.0,11.3,-0.7,09:08,19:20,12.26,11.1,0.0,2023,2,1,Open-Meteo (ERA5),10.0,0.0
2023-02-02,Valencia,39.47276,-0.3734436,15.2,4.2,8.8,12.3,0.7,09:07,19:22,12.61,11.8,0.0,2023,2,2,Open-Meteo (ERA5),9.2,0.0
2023-02-03,Valencia,39.47276,-0.3734436,17.0,3.0,8.9,14.1,-1.3,09:07,19:23,12.79,11.5,0.0,2023,2,3,Open-Meteo (ERA5),9.1,0.0
2023-02-04,Valencia,39.47276,-0.3734436,18.6,3.8,9.7,15.4,-0.4,09:06,19:24,13.2,9.7,0.0,2023,2,4,Open-Meteo (ERA5),8.3,0.0
2023-02-05,Valencia,39.47276,-0.3734436,17.0,4.6,10.3,14.9,0.1,09:05,19:25,12.92,14.0,0.0,2023,2,5,Open-Meteo (ERA5),7.699999999999999,0.0
2023-02-06,Valencia,39.47276,-0.3734436,10.9,6.3,8.5,6.7,3.5,09:04,19:26,1.58,34.5,13.1,2023,2,6,Open-Meteo (ERA5),9.5,0.0
2023-02-07,Valencia,39.47276,-0.3734436,12.7,7.8,9.7,8.4,3.7,09:03,19:28,9.26,22.6,1.2,2023,2,7,Open-Meteo (ERA5),8.3,0.0
2023-02-08,Valencia,39.47276,-0.3734436,10.4,7.7,9.5,6.5,4.7,09:02,19:29,3.28,29.6,10.0,2023,2,8,Open-Meteo (ERA5),8.5,0.0
2023-02-09,Valencia,39.47276,-0.3734436,11.8,7.4,9.4,7.6,3.8,09:00,19:30,10.22,20.5,0.6,2023,2,9,Open-Meteo (ERA5),8.6,0.0
2023-02-10,Valencia,39.47276,-0.3734436,12.5,4.3,8.4,10.1,2.0,08:59,19:31,11.73,9.4,0.0,2023,2,10,Open-Meteo (ERA5),9.6,0.0
2023-02-11,Valencia,39.47276,-0.3734436,12.4,4.4,8.1,8.6,1.5,08:58,19:32,10.98,16.1,0.1,2023,2,11,Open-Meteo (ERA5),9.9,0.0
2023-02-12,Valencia,39.47276,-0.3734436,13.1,5.2,9.3,10.5,2.3,08:57,19:33,11.91,9.9,0.0,2023,2,12,Open-Meteo (ERA5),8.7,0.0
2023-02-13,Valencia,39.47276,-0.3734436,13.4,4.0,8.1,11.4,1.0,08:56,19:35,11.99,11.4,0.0,2023,2,13,Open-Meteo (ERA5),9.9,0.0
2023-02-14,Valencia,39.47276,-0.3734436,13.4,6.2,10.2,10.8,3.7,08:55,19:36,10.18,12.0,0.9,2023,2,14,Open-Meteo (ERA5),7.800000000000001,0.0
2023-02-15,Valencia,39.47276,-0.3734436,13.9,7.7,10.7,11.7,5.7,08:53,19:37,11.24,14.5,0.0,2023,2,15,Open-Meteo (ERA5),7.300000000000001,0.0
2023-02-16,Valencia,39.47276,-0.3734436,14.4,6.2,10.1,12.3,4.1,08:52,19:38,12.34,11.2,0.0,2023,2,16,Open-Meteo (ERA5),7.9,0.0
2023-02-17,Valencia,39.47276,-0.3734436,15.6,3.4,8.9,13.9,0.8,08:51,19:39,14.93,9.2,0.0,2023,2,17,Open-Meteo (ERA5),9.1,0.0
2023-02-18,Valencia,39.47276,-0.3734436,15.9,4.0,9.2,13.4,0.3,08:49,19:40,12.98,9.3,0.0,2023,2,18,Open-Meteo (ERA5),8.8,0.0
2023-02-19,Valencia,39.47276,-0.3734436,16.3,5.7,10.1,14.5,3.2,08:48,19:41,14.07,8.4,0.0,2023,2,19,Open-Meteo (ERA5),7.9,0.0
2023-02-20,Valencia,39.47276,-0.3734436,17.2,4.8,10.2,15.6,1.9,08:47,19:43,15.08,8.5,0.0,2023,2,20,Open-Meteo (ERA5),7.800000000000001,0.0
2023-02-21,Valencia,39.47276,-0.3734436,17.4,5.7,10.5,16.6,3.0,08:45,19:44,13.41,13.0,0.1,2023,2,21,Open-Meteo (ERA5),7.5,0.0
2023-02-22,Valencia,39.47276,-0.3734436,15.8,6.3,10.7,15.2,4.3,08:44,19:45,14.83,13.6,0.0,2023,2,22,Open-Meteo (ERA5),7.300000000000001,0.0
2023-02-23,Valencia,39.47276,-0.3734436,14.6,7.2,10.7,14.0,5.3,08:43,19:46,10.99,11.5,0.0,2023,2,23,Open-Meteo (ERA5),7.300000000000001,0.0
2023-02-24,Valencia,39.47276,-0.3734436,12.5,5.0,9.2,10.0,1.3,08:41,19:47,15.14,14.8,0.0,2023,2,24,Open-Meteo (ERA5),8.8,0.0
2023-02-25,Valencia,39.47276,-0.3734436,16.0,5.1,9.9,13.4,0.9,08:40,19:48,15.63,15.1,0.0,2023,2,25,Open-Meteo (ERA5),8.1,0.0
2023-02-26,Valencia,39.47276,-0.3734436,17.1,6.4,10.7,12.3,1.4,08:38,19:49,13.28,22.0,0.0,2023,2,26,Open-Meteo (ERA5),7.300000000000001,0.0
2023-02-27,Valencia,39.47276,-0.3734436,11.0,4.2,7.4,3.8,-0.6,08:37,19:50,14.82,26.3,0.0,2023,2,27,Open-Meteo (ERA5),10.6,0.0
2023-02-28,Valencia,39.47276,-0.3734436,15.9,4.7,9.1,13.5,-0.4,08:36,19:51,16.65,18.3,0.0,2023,2,28,Open-Meteo (ERA5),8.9,0.0
2023-03-01,Valencia,39.47276,-0.3734436,13.8,2.8,7.6,10.3,-1.6,08:34,19:53,15.87,19.3,0.0,2023,3,1,Open-Meteo (ERA5),10.4,0.0
2023-03-02,Valencia,39.47276,-0.3734436,12.9,2.5,7.3,10.0,-1.6,08:33,19:54,16.71,18.0,1.9,2023,3,2,Open-Meteo (ERA5),10.7,0.0
2023-03-03,Valencia,39.47276,-0.3734436,14.1,4.8,8.5,11.3,1.1,08:31,19:55,15.25,13.8,0.2,2023,3,3,Open-Meteo (ERA5),9.5,0.0
2023-03-04,Valencia,39.47276,-0.3734436,14.6,3.4,8.7,11.7,-0.2,08:30,19:56,17.56,16.8,0.0,2023,3,4,Open-Meteo (ERA5),9.3,0.0
2023-03-05,Valencia,39.47276,-0.3734436,17.7,3.8,10.9,15.0,0.4,08:28,19:57,16.82,18.5,0.0,2023,3,5,Open-Meteo (ERA5),7.1,0.0
2023-03-06,Valencia,39.47276,-0.3734436,20.4,9.9,14.3,15.8,5.3,08:27,19:58,14.11,23.9,0.5,2023,3,6,Open-Meteo (ERA5),3.6999999999999993,0.0
2023-03-07,Valencia,39.47276,-0.3734436,22.0,11.8,16.4,16.8,8.6,08:25,19:59,16.65,28.6,0.5,2023,3,7,Open-Meteo (ERA5),1.6000000000000014,0.0
2023-03-08,Valencia,39.47276,-0.3734436,25.2,12.4,18.5,21.1,9.5,08:24,20:00,15.13,29.7,0.0,2023,3,8,Open-Meteo (ERA5),0.0,0.5
2023-03-09,Valencia,39.47276,-0.3734436,25.2,16.8,19.7,20.5,14.6,08:22,20:01,10.9,29.7,0.0,2023,3,9,Open-Meteo (ERA5),0.0,1.6999999999999993
2023-03-10,Valencia,39.47276,-0.3734436,29.5,15.2,20.5,24.7,10.0,08:20,20:02,17.27,35.5,0.0,2023,3,10,Open-Meteo (ERA5),0.0,2.5
2023-03-11,Valencia,39.47276,-0.3734436,27.5,17.3,21.8,22.7,13.2,08:19,20:03,16.84,33.0,0.0,2023,3,11,Open-Meteo (ERA5),0.0,3.8000000000000007
2023-03-12,Valencia,39.47276,-0.3734436,27.5,15.6,21.0,26.6,14.1,08:17,20:04,18.24,23.5,0.0,2023,3,12,Open-Meteo (ERA5),0.0,3.0
2023-03-13,Valencia,39.47276,-0.3734436,28.0,11.9,20.2,26.8,11.0,08:16,20:05,18.21,23.3,0.0,2023,3,13,Open-Meteo (ERA5),0.0,2.1999999999999993
2023-03-14,Valencia,39.47276,-0.3734436,23.0,13.2,18.1,22.0,9.9,08:14,20:06,19.24,21.3,0.0,2023,3,14,Open-Meteo (ERA5),0.0,0.10000000000000142
2023-03-15,Valencia,39.47276,-0.3734436,20.6,9.0,14.5,17.4,6.3,08:13,20:07,19.23,20.0,0.0,2023,3,15,Open-Meteo (ERA5),3.5,0.0
2023-03-16,Valencia,39.47276,-0.3734436,17.8,8.4,13.4,17.0,6.8,08:11,20:08,19.27,15.6,0.0,2023,3,16,Open-Meteo (ERA5),4.6,0.0
2023-03-17,Valencia,39.47276,-0.3734436,16.9,8.4,13.0,15.6,6.3,08:09,20:09,17.81,16.2,0.0,2023,3,17,Open-Meteo (ERA5),5.0,0.0
2023-03-18,Valencia,39.47276,-0.3734436,23.0,8.6,14.6,20.6,7.3,08:08,20:10,14.13,27.0,0.0,2023,3,18,Open-Meteo (ERA5),3.4000000000000004,0.0
2023-03-19,Valencia,39.47276,-0.3734436,18.5,10.4,14.2,16.7,8.0,08:06,20:11,19.36,14.5,0.0,2023,3,19,Open-Meteo (ERA5),3.8000000000000007,0.0
2023-03-20,Valencia,39.47276,-0.3734436,21.6,8.1,14.7,19.6,5.8,08:05,20:12,20.1,21.1,0.0,2023,3,20,Open-Meteo (ERA5),3.3000000000000007,0.0
2023-03-21,Valencia,39.47276,-0.3734436,18.6,8.6,13.7,17.6,7.2,08:03,20:13,17.93,13.9,0.0,2023,3,21,Open-Meteo (ERA5),4.300000000000001,0.0
2023-03-22,Valencia,39.47276,-0.3734436,18.4,8.8,13.3,17.4,7.4,08:02,20:14,20.43,15.2,0.0,2023,3,22,Open-Meteo (ERA5),4.699999999999999,0.0
2023-03-23,Valencia,39.47276,-0.3734436,22.0,8.6,15.1,20.5,7.2,08:00,20:15,20.58,13.7,0.0,2023,3,23,Open-Meteo (ERA5),2.9000000000000004,0.0
2023-03-24,Valencia,39.47276,-0.3734436,28.5,11.5,18.9,24.2,8.3,07:58,20:16,15.95,23.1,0.0,2023,3,24,Open-Meteo (ERA5),0.0,0.8999999999999986
2023-03-25,Valencia,39.47276,-0.3734436,20.7,14.1,17.1,19.5,12.9,07:57,20:17,20.67,17.4,0.0,2023,3,25,Open-Meteo (ERA5),0.8999999999999986,0.0
2023-03-26,Valencia,39.47276,-0.3734436,29.2,11.6,20.8,24.8,10.7,07:55,20:18,20.66,24.1,0.0,2023,3,26,Open-Meteo (ERA5),0.0,2.8000000000000007
2023-03-27,Valencia,39.47276,-0.3734436,22.7,10.9,16.3,20.9,8.1,07:54,20:19,22.05,23.8,0.0,2023,3,27,Open-Meteo (ERA5),1.6999999999999993,0.0
2023-03-28,Valencia,39.47276,-0.3734436,19.1,8.7,14.0,17.2,6.4,07:52,20:20,21.44,17.8,0.0,2023,3,28,Open-Meteo (ERA5),4.0,0.0
2023-03-29,Valencia,39.47276,-0.3734436,19.5,8.7,14.6,18.5,7.2,07:50,20:21,21.78,17.0,0.0,2023,3,29,Open-Meteo (ERA5),3.4000000000000004,0.0
2023-03-30,Valencia,39.47276,-0.3734436,31.5,8.7,19.9,26.6,7.4,07:49,20:22,19.97,25.4,0.0,2023,3,30,Open-Meteo (ERA5),0.0,1.8999999999999986
2023-03-31,Valencia,39.47276,-0.3734436,28.4,20.1,23.7,23.4,14.2,07:47,20:23,12.61,36.7,0.0,2023,3,31,Open-Meteo (ERA5),0.0,5.699999999999999
2023-04-01,Valencia,39.47276,-0.3734436,22.9,15.6,19.9,21.3,11.6,07:45,20:24,18.97,29.2,0.2,2023,4,1,Open-Meteo (ERA5),0.0,1.8999999999999986
2023-04-02,Valencia,39.47276,-0.3734436,23.8,12.5,17.6,19.5,7.4,07:44,20:25,22.35,25.9,0.0,2023,4,2,Open-Meteo (ERA5),0.3999999999999986,0.0
2023-04-03,Valencia,39.47276,-0.3734436,19.8,9.4,15.0,17.4,6.1,07:42,20:26,23.02,19.6,0.0,2023,4,3,Open-Meteo (ERA5),3.0,0.0
2023-04-04,Valencia,39.47276,-0.3734436,18.1,8.0,13.5,16.7,5.7,07:41,20:27,22.33,16.6,0.0,2023,4,4,Open-Meteo (ERA5),4.5,0.0
2023-04-05,Valencia,39.47276,-0.3734436,18.4,8.8,13.6,17.2,7.4,07:39,20:28,22.34,21.9,0.0,2023,4,5,Open-Meteo (ERA5),4.4,0.0
2023-04-06,Valencia,39.47276,-0.3734436,18.6,8.2,13.8,16.7,6.7,07:38,20:29,22.83,20.5,0.0,2023,4,6,Open-Meteo (ERA5),4.199999999999999,0.0
2023-04-07,Valencia,39.47276,-0.3734436,20.7,8.6,14.8,18.6,5.9,07:36,20:30,23.62,23.7,0.0,2023,4,7,Open-Meteo (ERA5),3.1999999999999993,0.0
2023-04-08,Valencia,39.47276,-0.3734436,18.9,8.9,14.4,18.2,6.3,07:35,20:31,23.51,22.6,0.0,2023,4,8,Open-Meteo (ERA5),3.5999999999999996,0.0
2023-04-09,Valencia,39.47276,-0.3734436,19.0,10.3,14.7,18.5,9.6,07:33,20:32,22.92,17.8,0.0,2023,4,9,Open-Meteo (ERA5),3.3000000000000007,0.0
2023-04-10,Valencia,39.47276,-0.3734436,18.9,9.9,14.6,18.7,9.1,07:32,20:33,22.38,17.5,0.0,2023,4,10,Open-Meteo (ERA5),3.4000000000000004,0.0
2023-04-11,Valencia,39.47276,-0.3734436,20.0,11.4,15.3,20.0,11.3,07:30,20:34,23.04,18.0,0.0,2023,4,11,Open-Meteo (ERA5),2.6999999999999993,0.0
2023-04-12,Valencia,39.47276,-0.3734436,31.1,11.2,21.5,26.4,10.3,07:29,20:35,23.88,27.8,0.0,2023,4,12,Open-Meteo (ERA5),0.0,3.5
2023-04-13,Valencia,39.47276,-0.3734436,21.6,13.6,16.9,19.6,12.2,07:27,20:36,23.35,25.0,0.6,2023,4,13,Open-Meteo (ERA5),1.1000000000000014,0.0
2023-04-14,Valencia,39.47276,-0.3734436,26.9,12.0,19.0,26.1,8.3,07:26,20:37,17.61,22.4,0.0,2023,4,14,Open-Meteo (ERA5),0.0,1.0
2023-04-15,Valencia,39.47276,-0.3734436,28.0,13.9,19.8,25.9,11.6,07:24,20:38,24.26,23.6,0.0,2023,4,15,Open-Meteo (ERA5),0.0,1.8000000000000007
2023-04-16,Valencia,39.47276,-0.3734436,20.3,13.0,17.0,17.6,11.8,07:23,20:39,25.01,19.6,0.0,2023,4,16,Open-Meteo (ERA5),1.0,0.0
2023-04-17,Valencia,39.47276,-0.3734436,19.9,9.6,15.3,18.7,6.6,07:21,20:40,24.67,17.8,0.0,2023,4,17,Open-Meteo (ERA5),2.6999999999999993,0.0
2023-04-18,Valencia,39.47276,-0.3734436,19.0,12.0,15.5,17.9,11.2,07:20,20:41,22.56,20.5,0.0,2023,4,18,Open-Meteo (ERA5),2.5,0.0
2023-04-19,Valencia,39.47276,-0.3734436,19.6,11.9,15.6,18.3,11.3,07:18,20:42,24.1,15.0,0.0,2023,4,19,Open-Meteo (ERA5),2.4000000000000004,0.0
2023-04-20,Valencia,39.47276,-0.3734436,23.5,10.1,17.0,22.2,8.1,07:17,20:43,25.03,20.1,0.0,2023,4,20,Open-Meteo (ERA5),1.0,0.0
2023-04-21,Valencia,39.47276,-0.3734436,22.2,12.1,17.7,22.2,11.2,07:15,20:44,24.71,20.3,0.0,2023,4,21,Open-Meteo (ERA5),0.3000000000000007,0.0
2023-04-22,Valencia,39.47276,-0.3734436,22.1,13.1,17.8,22.0,12.6,07:14,20:45,19.94,17.1,0.2,2023,4,22,Open-Meteo (ERA5),0.1999999999999993,0.0
2023-04-23,Valencia,39.47276,-0.3734436,25.9,13.1,18.5,24.2,10.8,07:13,20:46,25.54,19.7,0.0,2023,4,23,Open-Meteo (ERA5),0.0,0.5
2023-04-24,Valencia,39.47276,-0.3734436,23.5,12.7,18.4,22.8,12.7,07:11,20:47,24.62,20.0,0.0,2023,4,24,Open-Meteo (ERA5),0.0,0.3999999999999986
2023-04-25,Valencia,39.47276,-0.3734436,28.5,13.6,19.7,28.3,12.5,07:10,20:48,24.49,21.1,0.0,2023,4,25,Open-Meteo (ERA5),0.0,1.6999999999999993
2023-04-26,Valencia,39.47276,-0.3734436,22.0,14.1,18.5,23.0,14.4,07:09,20:49,25.28,15.1,0.0,2023,4,26,Open-Meteo (ERA5),0.0,0.5
2023-04-27,Valencia,39.47276,-0.3734436,22.2,13.3,17.6,23.1,13.6,07:07,20:50,22.76,15.5,0.0,2023,4,27,Open-Meteo (ERA5),0.3999999999999986,0.0
2023-04-28,Valencia,39.47276,-0.3734436,23.0,13.8,18.5,23.3,13.8,07:06,20:51,23.97,16.5,0.0,2023,4,28,Open-Meteo (ERA5),0.0,0.5
2023-04-29,Valencia,39.47276,-0.3734436,33.0,15.6,20.9,32.8,15.4,07:05,20:52,20.21,29.7,0.8,2023,4,29,Open-Meteo (ERA5),0.0,2.8999999999999986
2023-04-30,Valencia,39.47276,-0.3734436,25.9,15.8,20.1,25.9,16.2,07:04,20:53,21.81,24.1,0.0,2023,4,30,Open-Meteo (ERA5),0.0,2.1000000000000014
2023-05-01,Valencia,39.47276,-0.3734436,23.4,16.3,20.0,22.9,17.5,07:02,20:54,25.57,19.6,0.1,2023,5,1,Open-Meteo (ERA5),0.0,2.0
2023-05-02,Valencia,39.47276,-0.3734436,23.0,13.4,18.7,22.0,11.7,07:01,20:55,26.68,17.5,0.0,2023,5,2,Open-Meteo (ERA5),0.0,0.6999999999999993
2023-05-03,Valencia,39.47276,-0.3734436,24.2,13.1,18.7,23.3,12.7,07:00,20:56,23.85,21.4,0.0,2023,5,3,Open-Meteo (ERA5),0.0,0.6999999999999993
2023-05-04,Valencia,39.47276,-0.3734436,23.9,13.2,19.2,23.1,12.6,06:59,20:57,24.36,18.8,0.0,2023,5,4,Open-Meteo (ERA5),0.0,1.1999999999999993
2023-05-05,Valencia,39.47276,-0.3734436,23.4,14.0,19.2,24.6,14.1,06:58,20:58,25.8,15.0,0.0,2023,5,5,Open-Meteo (ERA5),0.0,1.1999999999999993
2023-05-06,Valencia,39.47276,-0.3734436,23.2,14.4,19.1,23.1,14.0,06:56,20:59,24.54,15.8,0.0,2023,5,6,Open-Meteo (ERA5),0.0,1.1000000000000014
2023-05-07,Valencia,39.47276,-0.3734436,23.0,14.9,19.0,23.8,14.6,06:55,21:00,19.39,14.8,3.4,2023,5,7,Open-Meteo (ERA5),0.0,1.0
2023-05-08,Valencia,39.47276,-0.3734436,24.9,15.4,20.3,24.7,15.9,06:54,21:01,24.84,20.8,0.0,2023,5,8,Open-Meteo (ERA5),0.0,2.3000000000000007
2023-05-09,Valencia,39.47276,-0.3734436,26.0,15.9,21.0,26.0,14.9,06:53,21:02,24.33,23.0,0.0,2023,5,9,Open-Meteo (ERA5),0.0,3.0
2023-05-10,Valencia,39.47276,-0.3734436,23.5,16.4,20.0,22.0,16.0,06:52,21:03,25.66,23.5,0.0,2023,5,10,Open-Meteo (ERA5),0.0,2.0
2023-05-11,Valencia,39.47276,-0.3734436,22.0,16.6,19.1,20.8,16.8,06:51,21:04,18.86,21.4,1.0,2023,5,11,Open-Meteo (ERA5),0.0,1.1000000000000014
2023-05-12,Valencia,39.47276,-0.3734436,21.5,14.6,18.1,20.1,12.4,06:50,21:05,23.62,21.6,2.3,2023,5,12,Open-Meteo (ERA5),0.0,0.10000000000000142
2023-05-13,Valencia,39.47276,-0.3734436,20.5,12.9,17.2,19.1,10.0,06:49,21:06,23.02,15.7,0.7,2023,5,13,Open-Meteo (ERA5),0.8000000000000007,0.0
2023-05-14,Valencia,39.47276,-0.3734436,23.8,13.2,18.6,23.0,10.9,06:48,21:07,26.27,18.7,0.1,2023,5,14,Open-Meteo (ERA5),0.0,0.6000000000000014
2023-05-15,Valencia,39.47276,-0.3734436,23.9,14.1,19.5,22.4,11.6,06:47,21:08,24.63,23.5,0.0,2023,5,15,Open-Meteo (ERA5),0.0,1.5
2023-05-16,Valencia,39.47276,-0.3734436,23.5,14.3,19.5,21.5,11.9,06:46,21:08,25.33,18.9,0.0,2023,5,16,Open-Meteo (ERA5),0.0,1.5
2023-05-17,Valencia,39.47276,-0.3734436,21.8,13.5,18.3,19.8,10.6,06:45,21:09,27.24,20.3,0.0,2023,5,17,Open-Meteo (ERA5),0.0,0.3000000000000007
2023-05-18,Valencia,39.47276,-0.3734436,22.0,13.4,17.7,20.7,12.9,06:45,21:10,23.45,18.0,3.2,2023,5,18,Open-Meteo (ERA5),0.3000000000000007,0.0
2023-05-19,Valencia,39.47276,-0.3734436,21.2,13.2,17.6,20.8,13.2,06:44,21:11,25.1,19.1,0.2,2023,5,19,Open-Meteo (ERA5),0.3999999999999986,0.0
2023-05-20,Valencia,39.47276,-0.3734436,22.6,13.1,17.9,22.4,11.2,06:43,21:12,26.96,18.7,0.1,2023,5,20,Open-Meteo (ERA5),0.10000000000000142,0.0
2023-05-21,Valencia,39.47276,-0.3734436,21.9,13.6,17.9,21.9,12.5,06:42,21:13,25.66,16.8,0.0,2023,5,21,Open-Meteo (ERA5),0.10000000000000142,0.0
2023-05-22,Valencia,39.47276,-0.3734436,20.9,14.9,18.2,19.7,15.2,06:42,21:14,21.14,23.5,0.5,2023,5,22,Open-Meteo (ERA5),0.0,0.1999999999999993
2023-05-23,Valencia,39.47276,-0.3734436,19.0,16.4,17.6,19.6,14.8,06:41,21:15,11.24,29.7,17.4,2023,5,23,Open-Meteo (ERA5),0.3999999999999986,0.0
2023-05-24,Valencia,39.47276,-0.3734436,22.5,15.8,19.1,22.8,16.6,06:40,21:15,24.71,17.2,10.0,2023,5,24,Open-Meteo (ERA5),0.0,1.1000000000000014
2023-05-25,Valencia,39.47276,-0.3734436,21.5,15.9,18.3,21.3,15.5,06:40,21:16,16.38,18.6,10.4,2023,5,25,Open-Meteo (ERA5),0.0,0.3000000000000007
2023-05-26,Valencia,39.47276,-0.3734436,20.7,15.9,18.1,20.7,15.7,06:39,21:17,17.41,19.0,8.7,2023,5,26,Open-Meteo (ERA5),0.0,0.10000000000000142
2023-05-27,Valencia,39.47276,-0.3734436,23.4,14.8,18.9,24.5,14.7,06:38,21:18,22.63,13.4,0.0,2023,5,27,Open-Meteo (ERA5),0.0,0.8999999999999986
2023-05-28,Valencia,39.47276,-0.3734436,21.2,15.6,18.6,22.3,15.8,06:38,21:19,20.94,12.4,3.1,2023,5,28,Open-Meteo (ERA5),0.0,0.6000000000000014
2023-05-29,Valencia,39.47276,-0.3734436,23.2,16.1,19.3,25.1,16.7,06:37,21:20,26.38,13.4,1.2,2023,5,29,Open-Meteo (ERA5),0.0,1.3000000000000007
2023-05-30,Valencia,39.47276,-0.3734436,22.7,15.9,18.7,24.5,16.7,06:37,21:20,20.06,10.3,3.2,2023,5,30,Open-Meteo (ERA5),0.0,0.6999999999999993
2023-05-31,Valencia,39.47276,-0.3734436,25.6,15.0,20.0,27.3,14.5,06:36,21:21,28.12,12.7,0.0,2023,5,31,Open-Meteo (ERA5),0.0,2.0
2023-06-01,Valencia,39.47276,-0.3734436,22.4,15.8,19.6,24.1,16.3,06:36,21:22,24.51,17.9,0.6,2023,6,1,Open-Meteo (ERA5),0.0,1.6000000000000014
2023-06-02,Valencia,39.47276,-0.3734436,23.0,16.9,19.8,25.1,18.2,06:36,21:23,26.63,13.3,2.5,2023,6,2,Open-Meteo (ERA5),0.0,1.8000000000000007
2023-06-03,Valencia,39.47276,-0.3734436,22.8,15.9,19.7,25.2,16.1,06:35,21:23,26.31,15.5,0.2,2023,6,3,Open-Meteo (ERA5),0.0,1.6999999999999993
2023-06-04,Valencia,39.47276,-0.3734436,23.8,16.2,20.1,25.6,17.1,06:35,21:24,25.45,14.8,0.1,2023,6,4,Open-Meteo (ERA5),0.0,2.1000000000000014
2023-06-05,Valencia,39.47276,-0.3734436,24.2,16.8,20.8,26.2,17.8,06:35,21:24,25.93,15.3,0.0,2023,6,5,Open-Meteo (ERA5),0.0,2.8000000000000007
2023-06-06,Valencia,39.47276,-0.3734436,25.1,17.2,21.3,28.0,18.5,06:34,21:25,27.45,16.8,0.0,2023,6,6,Open-Meteo (ERA5),0.0,3.3000000000000007
2023-06-07,Valencia,39.47276,-0.3734436,22.2,19.2,20.6,23.8,21.5,06:34,21:26,8.83,9.0,1.9,2023,6,7,Open-Meteo (ERA5),0.0,2.6000000000000014
2023-06-08,Valencia,39.47276,-0.3734436,24.0,17.6,21.0,25.1,19.6,06:34,21:26,20.11,14.5,0.1,2023,6,8,Open-Meteo (ERA5),0.0,3.0
2023-06-09,Valencia,39.47276,-0.3734436,30.9,19.4,24.9,31.1,21.1,06:34,21:27,28.04,20.1,0.5,2023,6,9,Open-Meteo (ERA5),0.0,6.899999999999999
2023-06-10,Valencia,39.47276,-0.3734436,28.0,21.5,24.5,30.0,20.6,06:33,21:27,26.27,17.5,0.0,2023,6,10,Open-Meteo (ERA5),0.0,6.5
2023-06-11,Valencia,39.47276,-0.3734436,27.5,19.8,22.9,31.4,21.6,06:33,21:28,22.32,15.1,9.0,2023,6,11,Open-Meteo (ERA5),0.0,4.899999999999999
2023-06-12,Valencia,39.47276,-0.3734436,26.1,19.0,22.3,28.9,20.6,06:33,21:28,23.77,12.9,0.0,2023,6,12,Open-Meteo (ERA5),0.0,4.300000000000001
2023-06-13,Valencia,39.47276,-0.3734436,28.5,19.0,23.1,30.5,19.5,06:33,21:29,24.37,20.3,3.5,2023,6,13,Open-Meteo (ERA5),0.0,5.100000000000001
2023-06-14,Valencia,39.47276,-0.3734436,28.2,19.2,23.5,29.7,18.6,06:33,21:29,26.73,17.6,0.0,2023,6,14,Open-Meteo (ERA5),0.0,5.5
2023-06-15,Valencia,39.47276,-0.3734436,28.2,19.7,24.2,29.7,19.3,06:33,21:30,28.59,14.6,0.0,2023,6,15,Open-Meteo (ERA5),0.0,6.199999999999999
2023-06-16,Valencia,39.47276,-0.3734436,28.9,18.9,24.2,31.1,19.1,06:33,21:30,27.86,16.7,0.0,2023,6,16,Open-Meteo (ERA5),0.0,6.199999999999999
2023-06-17,Valencia,39.47276,-0.3734436,30.0,19.7,25.2,31.5,22.0,06:33,21:30,26.91,19.1,0.0,2023,6,17,Open-Meteo (ERA5),0.0,7.199999999999999
2023-06-18,Valencia,39.47276,-0.3734436,25.8,21.5,23.7,26.8,22.7,06:34,21:31,13.6,18.6,1.6,2023,6,18,Open-Meteo (ERA5),0.0,5.699999999999999
2023-06-19,Valencia,39.47276,-0.3734436,28.3,19.0,23.7,28.7,19.1,06:34,21:31,22.21,21.2,0.0,2023,6,19,Open-Meteo (ERA5),0.0,5.699999999999999
2023-06-20,Valencia,39.47276,-0.3734436,29.8,20.2,24.3,32.0,21.5,06:34,21:31,24.42,18.7,0.0,2023,6,20,Open-Meteo (ERA5),0.0,6.300000000000001
2023-06-21,Valencia,39.47276,-0.3734436,27.8,21.3,24.4,32.3,24.6,06:34,21:32,23.26,18.1,1.0,2023,6,21,Open-Meteo (ERA5),0.0,6.399999999999999
2023-06-22,Valencia,39.47276,-0.3734436,30.2,21.6,25.7,31.8,22.6,06:34,21:32,28.43,19.8,0.0,2023,6,22,Open-Meteo (ERA5),0.0,7.699999999999999
2023-06-23,Valencia,39.47276,-0.3734436,29.6,20.7,25.4,31.8,21.9,06:35,21:32,28.53,20.2,0.0,2023,6,23,Open-Meteo (ERA5),0.0,7.399999999999999
2023-06-24,Valencia,39.47276,-0.3734436,31.6,21.0,26.5,32.3,22.3,06:35,21:32,28.62,22.1,0.0,2023,6,24,Open-Meteo (ERA5),0.0,8.5
2023-06-25,Valencia,39.47276,-0.3734436,32.1,21.1,27.0,34.0,22.2,06:35,21:32,28.25,14.9,0.0,2023,6,25,Open-Meteo (ERA5),0.0,9.0
2023-06-26,Valencia,39.47276,-0.3734436,31.0,22.6,26.7,34.3,24.8,06:35,21:32,27.08,14.8,0.0,2023,6,26,Open-Meteo (ERA5),0.0,8.7
2023-06-27,Valencia,39.47276,-0.3734436,29.7,22.8,26.4,32.8,26.2,06:36,21:32,27.87,20.0,0.0,2023,6,27,Open-Meteo (ERA5),0.0,8.399999999999999
2023-06-28,Valencia,39.47276,-0.3734436,28.9,22.4,26.0,32.3,25.0,06:36,21:32,25.18,16.6,0.0,2023,6,28,Open-Meteo (ERA5),0.0,8.0
2023-06-29,Valencia,39.47276,-0.3734436,29.0,22.0,25.8,31.8,25.6,06:37,21:32,26.73,17.1,0.0,2023,6,29,Open-Meteo (ERA5),0.0,7.800000000000001
2023-06-30,Valencia,39.47276,-0.3734436,29.1,22.6,25.8,30.8,23.1,06:37,21:32,26.25,20.5,0.0,2023,6,30,Open-Meteo (ERA5),0.0,7.800000000000001
2023-07-01,Valencia,39.47276,-0.3734436,30.0,20.6,25.3,30.8,20.7,06:37,21:32,27.97,21.9,0.0,2023,7,1,Open-Meteo (ERA5),0.0,7.300000000000001
2023-07-02,Valencia,39.47276,-0.3734436,30.8,21.9,26.5,31.6,23.3,06:38,21:32,26.5,22.2,0.0,2023,7,2,Open-Meteo (ERA5),0.0,8.5
2023-07-03,Valencia,39.47276,-0.3734436,29.9,22.9,26.4,33.8,25.7,06:39,21:32,23.62,22.3,0.8,2023,7,3,Open-Meteo (ERA5),0.0,8.399999999999999
2023-07-04,Valencia,39.47276,-0.3734436,29.9,22.7,26.1,33.3,26.8,06:39,21:32,26.99,19.3,0.0,2023,7,4,Open-Meteo (ERA5),0.0,8.100000000000001
2023-07-05,Valencia,39.47276,-0.3734436,28.8,21.9,25.6,31.7,25.1,06:40,21:31,21.44,17.8,0.5,2023,7,5,Open-Meteo (ERA5),0.0,7.600000000000001
2023-07-06,Valencia,39.47276,-0.3734436,28.9,23.2,26.0,31.6,26.9,06:40,21:31,19.63,18.0,0.6,2023,7,6,Open-Meteo (ERA5),0.0,8.0
2023-07-07,Valencia,39.47276,-0.3734436,30.0,23.0,26.1,32.9,26.2,06:41,21:31,20.63,18.3,3.1,2023,7,7,Open-Meteo (ERA5),0.0,8.100000000000001
2023-07-08,Valencia,39.47276,-0.3734436,30.9,21.8,26.4,34.3,23.8,06:41,21:31,27.98,14.7,0.0,2023,7,8,Open-Meteo (ERA5),0.0,8.399999999999999
2023-07-09,Valencia,39.47276,-0.3734436,30.6,22.9,27.1,34.0,26.5,06:42,21:30,26.9,16.1,0.0,2023,7,9,Open-Meteo (ERA5),0.0,9.100000000000001
2023-07-10,Valencia,39.47276,-0.3734436,30.4,22.6,26.8,34.2,26.4,06:43,21:30,27.19,14.8,0.0,2023,7,10,Open-Meteo (ERA5),0.0,8.8
2023-07-11,Valencia,39.47276,-0.3734436,31.9,22.9,27.6,36.7,27.2,06:43,21:30,26.27,17.3,0.0,2023,7,11,Open-Meteo (ERA5),0.0,9.600000000000001
2023-07-12,Valencia,39.47276,-0.3734436,31.2,24.0,27.6,35.4,26.3,06:44,21:29,26.4,22.9,0.0,2023,7,12,Open-Meteo (ERA5),0.0,9.600000000000001
2023-07-13,Valencia,39.47276,-0.3734436,30.1,24.0,27.3,33.3,28.0,06:45,21:29,24.35,17.7,0.0,2023,7,13,Open-Meteo (ERA5),0.0,9.3
2023-07-14,Valencia,39.47276,-0.3734436,30.9,24.0,27.6,34.4,27.8,06:46,21:28,27.03,20.9,0.0,2023,7,14,Open-Meteo (ERA5),0.0,9.600000000000001
2023-07-15,Valencia,39.47276,-0.3734436,32.0,23.7,28.4,35.8,27.3,06:46,21:28,27.87,18.2,0.0,2023,7,15,Open-Meteo (ERA5),0.0,10.399999999999999
2023-07-16,Valencia,39.47276,-0.3734436,29.9,25.7,27.6,33.3,27.8,06:47,21:27,20.58,25.3,0.1,2023,7,16,Open-Meteo (ERA5),0.0,9.600000000000001
2023-07-17,Valencia,39.47276,-0.3734436,29.5,25.2,27.5,33.3,29.8,06:48,21:27,23.22,18.1,0.5,2023,7,17,Open-Meteo (ERA5),0.0,9.5
2023-07-18,Valencia,39.47276,-0.3734436,32.4,22.0,27.5,36.7,25.7,06:49,21:26,27.95,16.6,0.0,2023,7,18,Open-Meteo (ERA5),0.0,9.5
2023-07-19,Valencia,39.47276,-0.3734436,34.0,24.7,28.8,36.3,28.2,06:49,21:25,25.82,19.4,0.0,2023,7,19,Open-Meteo (ERA5),0.0,10.8
2023-07-20,Valencia,39.47276,-0.3734436,32.0,25.7,28.6,36.4,30.9,06:50,21:25,23.51,16.5,0.0,2023,7,20,Open-Meteo (ERA5),0.0,10.600000000000001
2023-07-21,Valencia,39.47276,-0.3734436,31.7,23.9,27.9,34.5,28.5,06:51,21:24,26.67,27.2,0.0,2023,7,21,Open-Meteo (ERA5),0.0,9.899999999999999
2023-07-22,Valencia,39.47276,-0.3734436,30.2,25.2,27.7,33.5,27.7,06:52,21:23,18.88,21.7,0.7,2023,7,22,Open-Meteo (ERA5),0.0,9.7
2023-07-23,Valencia,39.47276,-0.3734436,31.4,26.2,28.1,36.0,31.8,06:53,21:22,20.26,17.9,2.1,2023,7,23,Open-Meteo (ERA5),0.0,10.100000000000001
2023-07-24,Valencia,39.47276,-0.3734436,35.5,24.2,29.5,39.4,28.9,06:53,21:22,19.99,19.0,0.0,2023,7,24,Open-Meteo (ERA5),0.0,11.5
2023-07-25,Valencia,39.47276,-0.3734436,30.5,24.6,27.8,31.7,25.6,06:54,21:21,26.94,22.3,0.0,2023,7,25,Open-Meteo (ERA5),0.0,9.8
2023-07-26,Valencia,39.47276,-0.3734436,29.7,23.1,27.0,30.5,24.7,06:55,21:20,25.19,22.9,0.0,2023,7,26,Open-Meteo (ERA5),0.0,9.0
2023-07-27,Valencia,39.47276,-0.3734436,31.6,24.5,27.5,34.6,26.9,06:56,21:19,18.5,19.6,1.4,2023,7,27,Open-Meteo (ERA5),0.0,9.5
2023-07-28,Valencia,39.47276,-0.3734436,30.8,23.2,27.6,35.2,25.1,06:57,21:18,26.58,19.1,0.0,2023,7,28,Open-Meteo (ERA5),0.0,9.600000000000001
2023-07-29,Valencia,39.47276,-0.3734436,33.2,23.6,28.3,36.8,27.9,06:58,21:17,27.07,23.3,0.0,2023,7,29,Open-Meteo (ERA5),0.0,10.3
2023-07-30,Valencia,39.47276,-0.3734436,31.1,23.1,27.5,35.2,27.1,06:59,21:16,21.18,19.7,0.3,2023,7,30,Open-Meteo (ERA5),0.0,9.5
2023-07-31,Valencia,39.47276,-0.3734436,31.4,25.1,28.0,34.8,30.2,07:00,21:15,20.5,21.4,0.4,2023,7,31,Open-Meteo (ERA5),0.0,10.0
2023-08-01,Valencia,39.47276,-0.3734436,33.0,23.9,28.5,35.5,28.0,07:01,21:14,25.87,19.7,0.0,2023,8,1,Open-Meteo (ERA5),0.0,10.5
2023-08-02,Valencia,39.47276,-0.3734436,35.1,23.7,29.9,37.2,26.5,07:01,21:13,26.74,25.2,0.0,2023,8,2,Open-Meteo (ERA5),0.0,11.899999999999999
2023-08-03,Valencia,39.47276,-0.3734436,30.6,25.8,28.0,33.2,28.8,07:02,21:12,25.19,26.5,0.0,2023,8,3,Open-Meteo (ERA5),0.0,10.0
2023-08-04,Valencia,39.47276,-0.3734436,30.9,22.6,27.0,30.5,22.8,07:03,21:11,26.1,20.2,0.5,2023,8,4,Open-Meteo (ERA5),0.0,9.0
2023-08-05,Valencia,39.47276,-0.3734436,30.3,19.7,25.5,29.9,18.1,07:04,21:10,26.7,24.8,0.0,2023,8,5,Open-Meteo (ERA5),0.0,7.5
2023-08-06,Valencia,39.47276,-0.3734436,30.6,20.8,26.2,32.5,19.8,07:05,21:09,26.21,24.2,0.0,2023,8,6,Open-Meteo (ERA5),0.0,8.2
2023-08-07,Valencia,39.47276,-0.3734436,29.0,22.8,25.8,31.2,24.2,07:06,21:08,22.07,21.3,0.2,2023,8,7,Open-Meteo (ERA5),0.0,7.800000000000001
2023-08-08,Valencia,39.47276,-0.3734436,29.7,24.0,26.7,32.2,27.7,07:07,21:06,22.42,17.8,0.0,2023,8,8,Open-Meteo (ERA5),0.0,8.7
2023-08-09,Valencia,39.47276,-0.3734436,30.2,22.5,26.4,33.7,24.7,07:08,21:05,24.59,16.8,0.0,2023,8,9,Open-Meteo (ERA5),0.0,8.399999999999999
2023-08-10,Valencia,39.47276,-0.3734436,41.0,23.0,29.6,44.8,26.2,07:09,21:04,25.24,31.9,0.0,2023,8,10,Open-Meteo (ERA5),0.0,11.600000000000001
2023-08-11,Valencia,39.47276,-0.3734436,30.6,24.1,27.3,33.8,29.2,07:10,21:03,25.42,16.7,0.0,2023,8,11,Open-Meteo (ERA5),0.0,9.3
2023-08-12,Valencia,39.47276,-0.3734436,29.6,22.9,26.6,33.5,26.1,07:11,21:02,24.7,18.1,0.0,2023,8,12,Open-Meteo (ERA5),0.0,8.600000000000001
2023-08-13,Valencia,39.47276,-0.3734436,29.7,24.8,27.0,33.2,28.7,07:12,21:00,23.14,17.3,0.6,2023,8,13,Open-Meteo (ERA5),0.0,9.0
2023-08-14,Valencia,39.47276,-0.3734436,29.9,23.5,26.9,33.3,25.9,07:12,20:59,24.57,18.6,0.0,2023,8,14,Open-Meteo (ERA5),0.0,8.899999999999999
2023-08-15,Valencia,39.47276,-0.3734436,30.3,25.0,27.4,34.5,28.1,07:13,20:58,23.55,18.8,0.0,2023,8,15,Open-Meteo (ERA5),0.0,9.399999999999999
2023-08-16,Valencia,39.47276,-0.3734436,30.7,24.4,27.4,34.8,27.7,07:14,20:56,21.97,17.3,0.0,2023,8,16,Open-Meteo (ERA5),0.0,9.399999999999999
2023-08-17,Valencia,39.47276,-0.3734436,31.2,22.8,27.2,34.7,26.2,07:15,20:55,24.35,16.6,0.0,2023,8,17,Open-Meteo (ERA5),0.0,9.2
2023-08-18,Valencia,39.47276,-0.3734436,30.5,23.4,27.2,34.5,27.5,07:16,20:54,24.27,18.7,0.0,2023,8,18,Open-Meteo (ERA5),0.0,9.2
2023-08-19,Valencia,39.47276,-0.3734436,31.0,22.6,27.0,35.4,27.0,07:17,20:52,24.44,18.3,0.0,2023,8,19,Open-Meteo (ERA5),0.0,9.0
2023-08-20,Valencia,39.47276,-0.3734436,31.2,23.2,27.3,35.3,27.4,07:18,20:51,24.11,15.7,0.0,2023,8,20,Open-Meteo (ERA5),0.0,9.3
2023-08-21,Valencia,39.47276,-0.3734436,34.1,22.8,28.4,35.7,24.7,07:19,20:49,24.44,15.0,0.0,2023,8,21,Open-Meteo (ERA5),0.0,10.399999999999999
2023-08-22,Valencia,39.47276,-0.3734436,34.0,22.5,28.2,35.1,22.1,07:20,20:48,24.23,15.5,0.0,2023,8,22,Open-Meteo (ERA5),0.0,10.2
2023-08-23,Valencia,39.47276,-0.3734436,36.1,23.0,29.5,36.1,22.9,07:21,20:46,24.23,15.6,0.0,2023,8,23,Open-Meteo (ERA5),0.0,11.5
2023-08-24,Valencia,39.47276,-0.3734436,36.2,23.9,29.7,36.6,23.6,07:22,20:45,24.17,19.4,0.0,2023,8,24,Open-Meteo (ERA5),0.0,11.7
2023-08-25,Valencia,39.47276,-0.3734436,33.8,23.2,29.0,35.8,24.0,07:23,20:44,23.03,20.5,0.0,2023,8,25,Open-Meteo (ERA5),0.0,11.0
2023-08-26,Valencia,39.47276,-0.3734436,31.5,23.8,27.9,35.8,27.5,07:24,20:42,19.32,20.4,1.0,2023,8,26,Open-Meteo (ERA5),0.0,9.899999999999999
2023-08-27,Valencia,39.47276,-0.3734436,28.5,20.5,24.9,29.9,19.8,07:25,20:41,20.18,36.7,47.7,2023,8,27,Open-Meteo (ERA5),0.0,6.899999999999999
2023-08-28,Valencia,39.47276,-0.3734436,32.8,17.9,25.0,31.8,16.0,07:26,20:39,22.39,15.8,0.0,2023,8,28,Open-Meteo (ERA5),0.0,7.0
2023-08-29,Valencia,39.47276,-0.3734436,29.2,19.8,24.4,30.4,17.7,07:26,20:38,23.11,24.3,0.0,2023,8,29,Open-Meteo (ERA5),0.0,6.399999999999999
2023-08-30,Valencia,39.47276,-0.3734436,28.7,19.1,23.9,28.3,18.0,07:27,20:36,20.55,20.9,0.0,2023,8,30,Open-Meteo (ERA5),0.0,5.899999999999999
2023-08-31,Valencia,39.47276,-0.3734436,28.6,18.9,24.3,30.1,19.1,07:28,20:35,22.5,18.0,0.0,2023,8,31,Open-Meteo (ERA5),0.0,6.300000000000001
2023-09-01,Valencia,39.47276,-0.3734436,29.1,20.6,25.2,30.5,22.4,07:29,20:33,21.41,21.3,0.0,2023,9,1,Open-Meteo (ERA5),0.0,7.199999999999999
2023-09-02,Valencia,39.47276,-0.3734436,25.1,21.5,23.6,27.3,21.4,07:30,20:31,11.31,26.0,9.7,2023,9,2,Open-Meteo (ERA5),0.0,5.600000000000001
2023-09-03,Valencia,39.47276,-0.3734436,26.2,20.9,23.3,26.8,21.4,07:31,20:30,9.31,44.8,40.6,2023,9,3,Open-Meteo (ERA5),0.0,5.300000000000001
2023-09-04,Valencia,39.47276,-0.3734436,27.6,24.4,25.7,29.3,23.3,07:32,20:28,13.95,36.1,0.6,2023,9,4,Open-Meteo (ERA5),0.0,7.699999999999999
2023-09-05,Valencia,39.47276,-0.3734436,28.6,23.0,25.6,31.6,26.7,07:33,20:27,20.69,20.4,0.1,2023,9,5,Open-Meteo (ERA5),0.0,7.600000000000001
2023-09-06,Valencia,39.47276,-0.3734436,27.7,21.1,24.2,30.2,22.4,07:34,20:25,20.35,15.9,0.0,2023,9,6,Open-Meteo (ERA5),0.0,6.199999999999999
2023-09-07,Valencia,39.47276,-0.3734436,27.4,20.3,24.0,30.3,22.2,07:35,20:23,19.98,13.9,0.0,2023,9,7,Open-Meteo (ERA5),0.0,6.0
2023-09-08,Valencia,39.47276,-0.3734436,26.9,20.0,23.5,28.9,21.8,07:36,20:22,18.22,13.2,0.0,2023,9,8,Open-Meteo (ERA5),0.0,5.5
2023-09-09,Valencia,39.47276,-0.3734436,27.3,19.5,23.5,29.5,21.2,07:37,20:20,20.48,15.5,0.0,2023,9,9,Open-Meteo (ERA5),0.0,5.5
2023-09-10,Valencia,39.47276,-0.3734436,27.5,19.6,23.6,30.4,20.8,07:37,20:19,19.72,16.9,0.1,2023,9,10,Open-Meteo (ERA5),0.0,5.600000000000001
2023-09-11,Valencia,39.47276,-0.3734436,28.4,20.5,24.3,31.8,22.5,07:38,20:17,19.02,19.2,0.0,2023,9,11,Open-Meteo (ERA5),0.0,6.300000000000001
2023-09-12,Valencia,39.47276,-0.3734436,28.8,20.1,23.8,31.2,23.1,07:39,20:15,16.68,19.0,6.8,2023,9,12,Open-Meteo (ERA5),0.0,5.800000000000001
2023-09-13,Valencia,39.47276,-0.3734436,27.0,20.0,23.6,27.8,21.7,07:40,20:14,14.55,14.0,1.0,2023,9,13,Open-Meteo (ERA5),0.0,5.600000000000001
2023-09-14,Valencia,39.47276,-0.3734436,27.2,19.8,23.5,28.5,21.7,07:41,20:12,17.13,18.8,19.9,2023,9,14,Open-Meteo (ERA5),0.0,5.5
2023-09-15,Valencia,39.47276,-0.3734436,25.6,20.2,22.2,28.3,22.8,07:42,20:11,10.9,13.0,20.3,2023,9,15,Open-Meteo (ERA5),0.0,4.199999999999999
2023-09-16,Valencia,39.47276,-0.3734436,26.2,19.3,22.8,29.1,21.8,07:43,20:09,16.1,14.0,0.2,2023,9,16,Open-Meteo (ERA5),0.0,4.800000000000001
2023-09-17,Valencia,39.47276,-0.3734436,28.1,20.9,23.6,32.4,23.3,07:44,20:07,16.48,15.2,6.1,2023,9,17,Open-Meteo (ERA5),0.0,5.600000000000001
2023-09-18,Valencia,39.47276,-0.3734436,28.5,20.6,24.2,26.6,19.2,07:45,20:06,17.39,22.7,0.0,2023,9,18,Open-Meteo (ERA5),0.0,6.199999999999999
2023-09-19,Valencia,39.47276,-0.3734436,26.0,19.2,21.9,26.9,19.0,07:46,20:04,10.18,18.3,6.4,2023,9,19,Open-Meteo (ERA5),0.0,3.8999999999999986
2023-09-20,Valencia,39.47276,-0.3734436,30.0,16.5,22.8,29.0,17.6,07:47,20:02,19.21,21.2,4.2,2023,9,20,Open-Meteo (ERA5),0.0,4.800000000000001
2023-09-21,Valencia,39.47276,-0.3734436,29.3,19.2,23.5,26.1,17.0,07:48,20:01,18.01,25.6,0.0,2023,9,21,Open-Meteo (ERA5),0.0,5.5
2023-09-22,Valencia,39.47276,-0.3734436,27.6,19.3,23.4,26.6,18.5,07:48,19:59,20.1,20.0,0.0,2023,9,22,Open-Meteo (ERA5),0.0,5.399999999999999
2023-09-23,Valencia,39.47276,-0.3734436,25.5,14.9,20.5,24.6,12.6,07:49,19:58,19.59,17.7,0.0,2023,9,23,Open-Meteo (ERA5),0.0,2.5
2023-09-24,Valencia,39.47276,-0.3734436,26.4,16.1,21.2,27.6,15.8,07:50,19:56,19.26,16.3,0.0,2023,9,24,Open-Meteo (ERA5),0.0,3.1999999999999993
2023-09-25,Valencia,39.47276,-0.3734436,25.8,15.9,21.2,26.7,16.8,07:51,19:54,19.02,13.4,0.0,2023,9,25,Open-Meteo (ERA5),0.0,3.1999999999999993
2023-09-26,Valencia,39.47276,-0.3734436,26.1,16.4,21.3,27.7,16.2,07:52,19:53,18.86,15.9,0.0,2023,9,26,Open-Meteo (ERA5),0.0,3.3000000000000007
2023-09-27,Valencia,39.47276,-0.3734436,26.4,18.8,22.4,28.3,19.8,07:53,19:51,18.5,17.1,0.0,2023,9,27,Open-Meteo (ERA5),0.0,4.399999999999999
2023-09-28,Valencia,39.47276,-0.3734436,27.0,17.0,22.2,28.2,18.2,07:54,19:49,18.19,14.2,0.0,2023,9,28,Open-Meteo (ERA5),0.0,4.199999999999999
2023-09-29,Valencia,39.47276,-0.3734436,27.1,17.5,22.4,29.7,19.1,07:55,19:48,18.12,13.3,0.0,2023,9,29,Open-Meteo (ERA5),0.0,4.399999999999999
2023-09-30,Valencia,39.47276,-0.3734436,30.6,16.9,23.5,30.8,17.0,07:56,19:46,18.38,14.0,0.0,2023,9,30,Open-Meteo (ERA5),0.0,5.5
2023-10-01,Valencia,39.47276,-0.3734436,31.5,17.1,23.9,31.7,16.4,07:57,19:44,18.3,14.7,0.0,2023,10,1,Open-Meteo (ERA5),0.0,5.899999999999999
2023-10-02,Valencia,39.47276,-0.3734436,28.1,18.5,23.3,31.1,18.8,07:58,19:43,17.76,13.4,0.0,2023,10,2,Open-Meteo (ERA5),0.0,5.300000000000001
2023-10-03,Valencia,39.47276,-0.3734436,26.6,17.8,22.4,28.3,18.8,07:59,19:41,17.24,13.8,0.0,2023,10,3,Open-Meteo (ERA5),0.0,4.399999999999999
2023-10-04,Valencia,39.47276,-0.3734436,27.6,19.6,23.4,29.6,21.4,08:00,19:40,16.48,15.9,0.0,2023,10,4,Open-Meteo (ERA5),0.0,5.399999999999999
2023-10-05,Valencia,39.47276,-0.3734436,27.0,18.0,22.7,29.1,19.8,08:01,19:38,16.93,12.9,0.0,2023,10,5,Open-Meteo (ERA5),0.0,4.699999999999999
2023-10-06,Valencia,39.47276,-0.3734436,28.0,16.8,22.1,29.5,17.8,08:02,19:37,17.08,14.9,0.0,2023,10,6,Open-Meteo (ERA5),0.0,4.100000000000001
2023-10-07,Valencia,39.47276,-0.3734436,26.5,17.5,22.0,28.4,18.7,08:03,19:35,16.87,15.2,0.0,2023,10,7,Open-Meteo (ERA5),0.0,4.0
2023-10-08,Valencia,39.47276,-0.3734436,26.3,17.6,21.8,27.7,19.2,08:04,19:34,16.42,13.7,0.0,2023,10,8,Open-Meteo (ERA5),0.0,3.8000000000000007
2023-10-09,Valencia,39.47276,-0.3734436,26.1,15.9,21.0,26.7,16.3,08:05,19:32,16.68,13.9,0.0,2023,10,9,Open-Meteo (ERA5),0.0,3.0
2023-10-10,Valencia,39.47276,-0.3734436,26.0,15.6,20.6,26.8,15.0,08:06,19:30,16.58,14.3,0.0,2023,10,10,Open-Meteo (ERA5),0.0,2.6000000000000014
2023-10-11,Valencia,39.47276,-0.3734436,25.5,15.5,20.4,26.4,15.3,08:07,19:29,16.49,14.2,0.0,2023,10,11,Open-Meteo (ERA5),0.0,2.3999999999999986
2023-10-12,Valencia,39.47276,-0.3734436,25.5,15.6,20.6,26.9,15.9,08:08,19:27,16.33,14.4,0.0,2023,10,12,Open-Meteo (ERA5),0.0,2.6000000000000014
2023-10-13,Valencia,39.47276,-0.3734436,26.6,15.1,21.2,27.6,14.9,08:09,19:26,16.08,14.8,0.0,2023,10,13,Open-Meteo (ERA5),0.0,3.1999999999999993
2023-10-14,Valencia,39.47276,-0.3734436,28.3,18.1,22.4,26.1,17.9,08:10,19:24,9.82,25.4,0.0,2023,10,14,Open-Meteo (ERA5),0.0,4.399999999999999
2023-10-15,Valencia,39.47276,-0.3734436,25.6,16.6,21.3,26.6,15.7,08:11,19:23,14.01,17.1,0.0,2023,10,15,Open-Meteo (ERA5),0.0,3.3000000000000007
2023-10-16,Valencia,39.47276,-0.3734436,28.7,20.4,23.3,28.1,21.7,08:12,19:21,11.99,18.0,0.7,2023,10,16,Open-Meteo (ERA5),0.0,5.300000000000001
2023-10-17,Valencia,39.47276,-0.3734436,25.8,17.7,21.6,27.2,19.0,08:13,19:20,9.31,14.0,0.0,2023,10,17,Open-Meteo (ERA5),0.0,3.6000000000000014
2023-10-18,Valencia,39.47276,-0.3734436,29.2,18.0,23.7,25.4,18.8,08:14,19:18,12.72,29.8,0.0,2023,10,18,Open-Meteo (ERA5),0.0,5.699999999999999
2023-10-19,Valencia,39.47276,-0.3734436,29.1,19.3,24.0,26.3,17.7,08:15,19:17,8.5,27.8,3.4,2023,10,19,Open-Meteo (ERA5),0.0,6.0
2023-10-20,Valencia,39.47276,-0.3734436,22.5,17.1,19.6,17.6,13.1,08:16,19:16,9.7,39.8,1.9,2023,10,20,Open-Meteo (ERA5),0.0,1.6000000000000014
2023-10-21,Valencia,39.47276,-0.3734436,23.8,15.0,18.7,19.5,11.4,08:17,19:14,13.98,22.5,0.0,2023,10,21,Open-Meteo (ERA5),0.0,0.6999999999999993
2023-10-22,Valencia,39.47276,-0.3734436,21.5,11.8,16.8,19.5,8.7,08:18,19:13,7.61,24.0,2.5,2023,10,22,Open-Meteo (ERA5),1.1999999999999993,0.0
2023-10-23,Valencia,39.47276,-0.3734436,26.1,16.6,20.7,24.1,15.1,08:19,19:12,11.74,20.6,0.3,2023,10,23,Open-Meteo (ERA5),0.0,2.6999999999999993
2023-10-24,Valencia,39.47276,-0.3734436,23.5,16.2,19.8,18.9,13.7,08:20,19:10,14.49,26.2,0.0,2023,10,24,Open-Meteo (ERA5),0.0,1.8000000000000007
2023-10-25,Valencia,39.47276,-0.3734436,26.6,17.4,21.6,22.1,14.3,08:21,19:09,10.61,29.2,0.0,2023,10,25,Open-Meteo (ERA5),0.0,3.6000000000000014
2023-10-26,Valencia,39.47276,-0.3734436,27.1,20.4,23.3,23.2,18.8,08:22,19:08,7.62,31.5,0.0,2023,10,26,Open-Meteo (ERA5),0.0,5.300000000000001
2023-10-27,Valencia,39.47276,-0.3734436,24.6,18.0,21.0,20.7,15.7,08:23,19:06,10.52,28.2,0.0,2023,10,27,Open-Meteo (ERA5),0.0,3.0
2023-10-28,Valencia,39.47276,-0.3734436,25.2,17.5,20.3,21.7,15.3,08:25,19:05,12.89,27.3,0.0,2023,10,28,Open-Meteo (ERA5),0.0,2.3000000000000007
2023-10-29,Valencia,39.47276,-0.3734436,25.6,15.4,19.0,23.2,13.4,08:26,19:04,12.15,18.7,0.0,2023,10,29,Open-Meteo (ERA5),0.0,1.0
2023-10-30,Valencia,39.47276,-0.3734436,24.3,15.8,19.3,20.9,13.5,08:27,19:03,9.69,27.1,0.3,2023,10,30,Open-Meteo (ERA5),0.0,1.3000000000000007
2023-10-31,Valencia,39.47276,-0.3734436,21.8,14.2,17.8,19.5,11.3,08:28,19:01,8.17,21.7,0.0,2023,10,31,Open-Meteo (ERA5),0.1999999999999993,0.0
2023-11-01,Valencia,39.47276,-0.3734436,26.1,13.9,19.2,21.1,11.1,08:29,19:00,9.08,31.3,0.0,2023,11,1,Open-Meteo (ERA5),0.0,1.1999999999999993
2023-11-02,Valencia,39.47276,-0.3734436,27.0,17.1,22.0,21.1,11.0,08:30,18:59,10.36,45.4,0.1,2023,11,2,Open-Meteo (ERA5),0.0,4.0
2023-11-03,Valencia,39.47276,-0.3734436,20.9,13.6,16.7,14.1,5.2,08:31,18:58,10.74,47.2,0.0,2023,11,3,Open-Meteo (ERA5),1.3000000000000007,0.0
2023-11-04,Valencia,39.47276,-0.3734436,23.4,15.7,19.4,18.6,11.8,08:32,18:57,7.29,35.8,1.0,2023,11,4,Open-Meteo (ERA5),0.0,1.3999999999999986
2023-11-05,Valencia,39.47276,-0.3734436,23.0,15.2,18.4,19.1,11.4,08:34,18:56,10.82,27.1,0.0,2023,11,5,Open-Meteo (ERA5),0.0,0.3999999999999986
2023-11-06,Valencia,39.47276,-0.3734436,21.8,13.1,16.8,16.7,9.6,08:35,18:55,12.7,23.5,0.0,2023,11,6,Open-Meteo (ERA5),1.1999999999999993,0.0
2023-11-07,Valencia,39.47276,-0.3734436,20.8,9.3,15.0,16.3,6.2,08:36,18:54,12.51,18.3,0.0,2023,11,7,Open-Meteo (ERA5),3.0,0.0
2023-11-08,Valencia,39.47276,-0.3734436,19.5,10.6,14.2,16.4,7.7,08:37,18:53,5.16,16.1,0.0,2023,11,8,Open-Meteo (ERA5),3.8000000000000007,0.0
2023-11-09,Valencia,39.47276,-0.3734436,24.2,13.4,17.9,20.3,9.9,08:38,18:52,11.29,26.1,0.0,2023,11,9,Open-Meteo (ERA5),0.10000000000000142,0.0
2023-11-10,Valencia,39.47276,-0.3734436,22.9,15.6,18.5,17.8,10.6,08:39,18:51,11.61,30.8,0.0,2023,11,10,Open-Meteo (ERA5),0.0,0.5
2023-11-11,Valencia,39.47276,-0.3734436,25.5,16.8,20.9,21.9,14.4,08:40,18:50,9.8,32.9,0.0,2023,11,11,Open-Meteo (ERA5),0.0,2.8999999999999986
2023-11-12,Valencia,39.47276,-0.3734436,27.5,17.9,22.0,24.4,14.4,08:41,18:49,10.15,29.8,0.0,2023,11,12,Open-Meteo (ERA5),0.0,4.0
2023-11-13,Valencia,39.47276,-0.3734436,28.6,15.8,21.3,26.8,14.0,08:42,18:48,11.35,19.6,0.0,2023,11,13,Open-Meteo (ERA5),0.0,3.3000000000000007
2023-11-14,Valencia,39.47276,-0.3734436,29.6,16.1,22.0,27.1,13.6,08:44,18:47,11.15,21.3,0.0,2023,11,14,Open-Meteo (ERA5),0.0,4.0
2023-11-15,Valencia,39.47276,-0.3734436,24.1,13.5,18.3,22.8,11.9,08:45,18:46,11.03,15.8,0.0,2023,11,15,Open-Meteo (ERA5),0.0,0.3000000000000007
2023-11-16,Valencia,39.47276,-0.3734436,27.9,12.3,18.1,27.2,11.5,08:46,18:46,10.73,11.9,0.0,2023,11,16,Open-Meteo (ERA5),0.0,0.10000000000000142
2023-11-17,Valencia,39.47276,-0.3734436,23.6,13.5,17.5,22.7,12.7,08:47,18:45,10.74,14.4,0.0,2023,11,17,Open-Meteo (ERA5),0.5,0.0
2023-11-18,Valencia,39.47276,-0.3734436,21.6,11.6,15.6,21.2,10.4,08:48,18:44,10.7,15.0,0.0,2023,11,18,Open-Meteo (ERA5),2.4000000000000004,0.0
2023-11-19,Valencia,39.47276,-0.3734436,20.2,9.2,14.1,18.8,7.1,08:49,18:43,10.8,10.9,0.0,2023,11,19,Open-Meteo (ERA5),3.9000000000000004,0.0
2023-11-20,Valencia,39.47276,-0.3734436,18.0,10.8,13.3,17.3,10.4,08:50,18:43,9.88,12.5,0.0,2023,11,20,Open-Meteo (ERA5),4.699999999999999,0.0
2023-11-21,Valencia,39.47276,-0.3734436,21.8,10.5,15.1,17.2,9.4,08:51,18:42,10.62,26.6,0.0,2023,11,21,Open-Meteo (ERA5),2.9000000000000004,0.0
2023-11-22,Valencia,39.47276,-0.3734436,22.2,11.2,15.4,19.4,8.0,08:53,18:42,10.32,14.5,0.0,2023,11,22,Open-Meteo (ERA5),2.5999999999999996,0.0
2023-11-23,Valencia,39.47276,-0.3734436,19.3,6.9,12.4,16.1,3.4,08:54,18:41,10.73,12.8,0.0,2023,11,23,Open-Meteo (ERA5),5.6,0.0
2023-11-24,Valencia,39.47276,-0.3734436,22.8,6.7,13.2,19.3,2.0,08:55,18:41,10.65,14.6,0.0,2023,11,24,Open-Meteo (ERA5),4.800000000000001,0.0
2023-11-25,Valencia,39.47276,-0.3734436,18.5,9.2,13.4,16.6,6.3,08:56,18:40,10.21,14.1,0.0,2023,11,25,Open-Meteo (ERA5),4.6,0.0
2023-11-26,Valencia,39.47276,-0.3734436,18.7,8.6,12.6,16.9,6.6,08:57,18:40,9.99,13.6,0.0,2023,11,26,Open-Meteo (ERA5),5.4,0.0
2023-11-27,Valencia,39.47276,-0.3734436,23.5,7.2,15.0,20.7,4.3,08:58,18:39,9.69,30.0,0.0,2023,11,27,Open-Meteo (ERA5),3.0,0.0
2023-11-28,Valencia,39.47276,-0.3734436,21.1,14.9,17.1,16.8,10.5,08:59,18:39,6.49,27.3,0.0,2023,11,28,Open-Meteo (ERA5),0.8999999999999986,0.0
2023-11-29,Valencia,39.47276,-0.3734436,23.1,15.2,18.7,19.5,13.2,09:00,18:38,8.29,24.5,0.0,2023,11,29,Open-Meteo (ERA5),0.0,0.6999999999999993
2023-11-30,Valencia,39.47276,-0.3734436,25.0,17.9,20.6,20.7,15.0,09:01,18:38,5.56,31.4,0.0,2023,11,30,Open-Meteo (ERA5),0.0,2.6000000000000014
2023-12-01,Valencia,39.47276,-0.3734436,21.1,13.4,18.2,18.5,7.5,09:02,18:38,4.58,28.2,0.0,2023,12,1,Open-Meteo (ERA5),0.0,0.1999999999999993
2023-12-02,Valencia,39.47276,-0.3734436,19.5,10.7,14.1,15.0,5.7,09:03,18:38,9.93,29.4,0.0,2023,12,2,Open-Meteo (ERA5),3.9000000000000004,0.0
2023-12-03,Valencia,39.47276,-0.3734436,16.5,5.4,10.9,13.5,2.4,09:04,18:37,9.93,12.3,0.0,2023,12,3,Open-Meteo (ERA5),7.1,0.0
2023-12-04,Valencia,39.47276,-0.3734436,17.8,8.4,12.5,13.0,5.1,09:05,18:37,6.16,25.2,0.2,2023,12,4,Open-Meteo (ERA5),5.5,0.0
2023-12-05,Valencia,39.47276,-0.3734436,15.8,8.9,12.5,13.2,5.8,09:06,18:37,7.98,23.8,0.0,2023,12,5,Open-Meteo (ERA5),5.5,0.0
2023-12-06,Valencia,39.47276,-0.3734436,16.1,9.6,12.4,14.5,7.3,09:07,18:37,7.68,13.3,0.6,2023,12,6,Open-Meteo (ERA5),5.6,0.0
2023-12-07,Valencia,39.47276,-0.3734436,21.0,6.7,13.0,17.6,4.5,09:07,18:37,8.72,18.8,4.0,2023,12,7,Open-Meteo (ERA5),5.0,0.0
2023-12-08,Valencia,39.47276,-0.3734436,20.4,11.9,16.4,15.3,8.7,09:08,18:37,9.12,24.9,0.4,2023,12,8,Open-Meteo (ERA5),1.6000000000000014,0.0
2023-12-09,Valencia,39.47276,-0.3734436,21.0,11.6,15.5,17.4,7.9,09:09,18:37,8.37,28.5,0.0,2023,12,9,Open-Meteo (ERA5),2.5,0.0
2023-12-10,Valencia,39.47276,-0.3734436,24.8,14.1,18.7,23.9,12.8,09:10,18:37,8.77,23.2,0.0,2023,12,10,Open-Meteo (ERA5),0.0,0.6999999999999993
2023-12-11,Valencia,39.47276,-0.3734436,25.1,14.1,18.6,23.7,10.7,09:11,18:37,9.01,18.9,0.0,2023,12,11,Open-Meteo (ERA5),0.0,0.6000000000000014
2023-12-12,Valencia,39.47276,-0.3734436,25.5,17.0,19.9,21.5,13.7,09:12,18:37,5.72,21.9,0.0,2023,12,12,Open-Meteo (ERA5),0.0,1.8999999999999986
2023-12-13,Valencia,39.47276,-0.3734436,19.5,13.6,17.7,16.2,9.4,09:12,18:38,4.26,22.3,0.0,2023,12,13,Open-Meteo (ERA5),0.3000000000000007,0.0
2023-12-14,Valencia,39.47276,-0.3734436,18.2,9.1,13.9,15.0,5.8,09:13,18:38,8.67,24.3,0.0,2023,12,14,Open-Meteo (ERA5),4.1,0.0
2023-12-15,Valencia,39.47276,-0.3734436,20.4,7.0,12.6,17.2,4.0,09:14,18:38,9.23,11.6,0.0,2023,12,15,Open-Meteo (ERA5),5.4,0.0
2023-12-16,Valencia,39.47276,-0.3734436,15.5,4.8,10.1,13.4,1.8,09:15,18:38,9.05,11.2,0.0,2023,12,16,Open-Meteo (ERA5),7.9,0.0
2023-12-17,Valencia,39.47276,-0.3734436,15.2,4.3,9.3,13.1,2.0,09:15,18:39,9.07,10.1,0.0,2023,12,17,Open-Meteo (ERA5),8.7,0.0
2023-12-18,Valencia,39.47276,-0.3734436,15.8,4.1,9.2,12.7,0.7,09:16,18:39,9.29,11.6,0.0,2023,12,18,Open-Meteo (ERA5),8.8,0.0
2023-12-19,Valencia,39.47276,-0.3734436,20.5,3.4,10.2,16.2,-1.0,09:17,18:39,9.29,11.8,0.0,2023,12,19,Open-Meteo (ERA5),7.800000000000001,0.0
2023-12-20,Valencia,39.47276,-0.3734436,19.2,8.3,12.7,15.4,3.4,09:17,18:40,5.8,24.7,0.0,2023,12,20,Open-Meteo (ERA5),5.300000000000001,0.0
2023-12-21,Valencia,39.47276,-0.3734436,20.5,7.3,12.5,17.9,4.3,09:18,18:40,8.97,12.6,0.0,2023,12,21,Open-Meteo (ERA5),5.5,0.0
2023-12-22,Valencia,39.47276,-0.3734436,21.0,6.7,13.2,17.9,4.3,09:18,18:41,9.16,12.4,0.0,2023,12,22,Open-Meteo (ERA5),4.800000000000001,0.0
2023-12-23,Valencia,39.47276,-0.3734436,17.5,6.8,11.2,14.6,3.2,09:19,18:41,9.23,12.2,0.0,2023,12,23,Open-Meteo (ERA5),6.800000000000001,0.0
2023-12-24,Valencia,39.47276,-0.3734436,16.0,4.7,9.2,13.4,1.7,09:19,18:42,9.2,12.7,0.0,2023,12,24,Open-Meteo (ERA5),8.8,0.0
2023-12-25,Valencia,39.47276,-0.3734436,15.9,4.0,8.7,13.4,0.6,09:19,18:42,9.33,9.1,0.0,2023,12,25,Open-Meteo (ERA5),9.3,0.0
2023-12-26,Valencia,39.47276,-0.3734436,16.0,3.8,8.6,13.2,0.3,09:20,18:43,9.41,10.1,0.0,2023,12,26,Open-Meteo (ERA5),9.4,0.0
2023-12-27,Valencia,39.47276,-0.3734436,15.6,2.3,7.9,13.5,-1.3,09:20,18:44,9.47,8.4,0.0,2023,12,27,Open-Meteo (ERA5),10.1,0.0
2023-12-28,Valencia,39.47276,-0.3734436,14.2,2.5,7.8,12.3,-1.5,09:20,18:44,6.91,9.4,0.0,2023,12,28,Open-Meteo (ERA5),10.2,0.0
2023-12-29,Valencia,39.47276,-0.3734436,14.0,4.3,8.7,11.5,1.3,09:21,18:45,5.77,8.9,0.0,2023,12,29,Open-Meteo (ERA5),9.3,0.0
2023-12-30,Valencia,39.47276,-0.3734436,16.6,6.5,10.5,14.2,4.2,09:21,18:46,9.1,11.7,0.0,2023,12,30,Open-Meteo (ERA5),7.5,0.0
2023-12-31,Valencia,39.47276,-0.3734436,17.6,5.8,12.5,13.7,2.7,09:21,18:47,5.17,25.2,0.0,2023,12,31,Open-Meteo (ERA5),5.5,0.0
2024-01-01,Valencia,39.47276,-0.3734436,16.8,8.5,11.8,14.1,5.7,09:21,18:47,7.88,14.5,0.0,2024,1,1,Open-Meteo (ERA5),6.199999999999999,0.0
2024-01-02,Valencia,39.47276,-0.3734436,18.6,6.7,12.7,14.0,3.4,09:21,18:48,7.97,28.3,0.0,2024,1,2,Open-Meteo (ERA5),5.300000000000001,0.0
2024-01-03,Valencia,39.47276,-0.3734436,23.0,15.1,17.8,19.7,11.8,09:21,18:49,8.15,26.3,0.0,2024,1,3,Open-Meteo (ERA5),0.1999999999999993,0.0
2024-01-04,Valencia,39.47276,-0.3734436,18.4,11.9,15.4,17.7,10.6,09:21,18:50,3.48,22.2,0.0,2024,1,4,Open-Meteo (ERA5),2.5999999999999996,0.0
2024-01-05,Valencia,39.47276,-0.3734436,17.5,12.1,13.7,12.5,6.6,09:21,18:51,8.4,26.1,3.2,2024,1,5,Open-Meteo (ERA5),4.300000000000001,0.0
2024-01-06,Valencia,39.47276,-0.3734436,16.4,9.9,12.4,11.7,4.1,09:21,18:52,9.45,28.0,0.0,2024,1,6,Open-Meteo (ERA5),5.6,0.0
2024-01-07,Valencia,39.47276,-0.3734436,15.5,9.2,11.5,9.6,2.6,09:21,18:53,9.46,31.4,0.0,2024,1,7,Open-Meteo (ERA5),6.5,0.0
2024-01-08,Valencia,39.47276,-0.3734436,16.1,6.9,10.2,10.7,1.0,09:21,18:54,10.03,22.9,0.0,2024,1,8,Open-Meteo (ERA5),7.800000000000001,0.0
2024-01-09,Valencia,39.47276,-0.3734436,14.1,6.0,9.8,11.5,1.8,09:21,18:55,6.28,12.3,0.0,2024,1,9,Open-Meteo (ERA5),8.2,0.0
2024-01-10,Valencia,39.47276,-0.3734436,13.6,8.1,10.8,11.2,5.4,09:21,18:56,3.7,15.9,0.5,2024,1,10,Open-Meteo (ERA5),7.199999999999999,0.0
2024-01-11,Valencia,39.47276,-0.3734436,13.2,8.1,10.5,10.9,5.5,09:21,18:57,8.64,13.3,0.4,2024,1,11,Open-Meteo (ERA5),7.5,0.0
2024-01-12,Valencia,39.47276,-0.3734436,14.2,4.3,8.3,11.4,1.5,09:21,18:58,9.7,14.6,0.0,2024,1,12,Open-Meteo (ERA5),9.7,0.0
2024-01-13,Valencia,39.47276,-0.3734436,16.0,3.0,8.3,13.7,-0.0,09:20,18:59,9.58,12.4,0.0,2024,1,13,Open-Meteo (ERA5),9.7,0.0
2024-01-14,Valencia,39.47276,-0.3734436,22.2,7.2,15.8,17.4,5.2,09:20,19:00,6.29,28.1,0.0,2024,1,14,Open-Meteo (ERA5),2.1999999999999993,0.0
2024-01-15,Valencia,39.47276,-0.3734436,22.0,15.5,17.8,19.2,12.1,09:20,19:01,4.76,27.5,2.8,2024,1,15,Open-Meteo (ERA5),0.1999999999999993,0.0
2024-01-16,Valencia,39.47276,-0.3734436,23.5,17.1,19.3,19.9,13.7,09:19,19:02,5.79,24.9,0.0,2024,1,16,Open-Meteo (ERA5),0.0,1.3000000000000007
2024-01-17,Valencia,39.47276,-0.3734436,22.7,13.6,17.6,18.6,11.4,09:19,19:03,7.68,42.2,0.0,2024,1,17,Open-Meteo (ERA5),0.3999999999999986,0.0
2024-01-18,Valencia,39.47276,-0.3734436,22.1,16.0,18.4,17.6,11.7,09:18,19:04,7.28,36.7,0.0,2024,1,18,Open-Meteo (ERA5),0.0,0.3999999999999986
2024-01-19,Valencia,39.47276,-0.3734436,16.9,9.7,13.1,15.1,4.1,09:18,19:05,2.83,36.4,12.9,2024,1,19,Open-Meteo (ERA5),4.9,0.0
2024-01-20,Valencia,39.47276,-0.3734436,13.5,9.1,11.1,11.9,4.2,09:17,19:06,7.02,28.0,1.7,2024,1,20,Open-Meteo (ERA5),6.9,0.0
2024-01-21,Valencia,39.47276,-0.3734436,15.9,6.1,10.8,13.9,3.9,09:17,19:07,10.77,14.7,0.0,2024,1,21,Open-Meteo (ERA5),7.199999999999999,0.0
2024-01-22,Valencia,39.47276,-0.3734436,16.5,4.8,9.5,14.6,2.2,09:16,19:08,10.67,13.0,0.0,2024,1,22,Open-Meteo (ERA5),8.5,0.0
2024-01-23,Valencia,39.47276,-0.3734436,21.4,8.1,13.1,19.9,6.2,09:16,19:10,10.68,11.7,0.0,2024,1,23,Open-Meteo (ERA5),4.9,0.0
2024-01-24,Valencia,39.47276,-0.3734436,22.1,7.8,12.9,21.0,5.8,09:15,19:11,11.03,12.1,0.0,2024,1,24,Open-Meteo (ERA5),5.1,0.0
2024-01-25,Valencia,39.47276,-0.3734436,21.5,6.6,12.3,19.8,3.7,09:14,19:12,11.33,13.9,0.0,2024,1,25,Open-Meteo (ERA5),5.699999999999999,0.0
2024-01-26,Valencia,39.47276,-0.3734436,20.1,8.1,13.0,18.5,5.7,09:14,19:13,11.16,8.1,0.0,2024,1,26,Open-Meteo (ERA5),5.0,0.0
2024-01-27,Valencia,39.47276,-0.3734436,18.5,6.9,11.5,16.8,4.6,09:13,19:14,10.8,9.0,0.0,2024,1,27,Open-Meteo (ERA5),6.5,0.0
2024-01-28,Valencia,39.47276,-0.3734436,15.1,6.7,10.7,14.1,4.7,09:12,19:16,8.8,11.6,0.0,2024,1,28,Open-Meteo (ERA5),7.300000000000001,0.0
2024-01-29,Valencia,39.47276,-0.3734436,15.2,10.6,12.4,13.6,9.6,09:11,19:17,7.81,11.5,0.0,2024,1,29,Open-Meteo (ERA5),5.6,0.0
2024-01-30,Valencia,39.47276,-0.3734436,15.7,9.8,12.0,14.3,8.8,09:10,19:18,7.43,10.9,0.1,2024,1,30,Open-Meteo (ERA5),6.0,0.0
2024-01-31,Valencia,39.47276,-0.3734436,15.4,7.8,11.1,13.9,5.9,09:10,19:19,9.55,10.7,0.0,2024,1,31,Open-Meteo (ERA5),6.9,0.0
2024-02-01,Valencia,39.47276,-0.3734436,17.8,5.1,10.7,15.7,2.6,09:09,19:20,12.15,11.1,0.0,2024,2,1,Open-Meteo (ERA5),7.300000000000001,0.0
2024-02-02,Valencia,39.47276,-0.3734436,16.4,5.6,10.6,15.0,2.5,09:08,19:21,11.44,10.8,0.0,2024,2,2,Open-Meteo (ERA5),7.4,0.0
2024-02-03,Valencia,39.47276,-0.3734436,18.1,4.9,10.5,15.9,2.5,09:07,19:23,12.37,12.0,0.0,2024,2,3,Open-Meteo (ERA5),7.5,0.0
2024-02-04,Valencia,39.47276,-0.3734436,18.6,4.8,10.6,16.4,1.5,09:06,19:24,12.61,10.5,0.0,2024,2,4,Open-Meteo (ERA5),7.4,0.0
2024-02-05,Valencia,39.47276,-0.3734436,19.1,4.4,10.4,16.6,1.4,09:05,19:25,12.87,10.2,0.0,2024,2,5,Open-Meteo (ERA5),7.6,0.0
2024-02-06,Valencia,39.47276,-0.3734436,17.0,7.2,11.3,14.6,4.1,09:04,19:26,8.6,9.2,0.0,2024,2,6,Open-Meteo (ERA5),6.699999999999999,0.0
2024-02-07,Valencia,39.47276,-0.3734436,21.9,7.2,15.0,17.4,5.1,09:03,19:27,13.14,27.4,0.0,2024,2,7,Open-Meteo (ERA5),3.0,0.0
2024-02-08,Valencia,39.47276,-0.3734436,22.0,13.4,17.0,17.7,9.9,09:02,19:28,11.04,25.3,0.0,2024,2,8,Open-Meteo (ERA5),1.0,0.0
2024-02-09,Valencia,39.47276,-0.3734436,19.0,12.7,15.4,17.0,10.7,09:01,19:30,5.43,24.2,6.9,2024,2,9,Open-Meteo (ERA5),2.5999999999999996,0.0
2024-02-10,Valencia,39.47276,-0.3734436,19.0,12.4,15.0,12.1,6.3,09:00,19:31,12.95,32.8,0.0,2024,2,10,Open-Meteo (ERA5),3.0,0.0
2024-02-11,Valencia,39.47276,-0.3734436,17.0,9.4,12.6,12.2,3.6,08:58,19:32,8.03,27.3,0.0,2024,2,11,Open-Meteo (ERA5),5.4,0.0
2024-02-12,Valencia,39.47276,-0.3734436,23.1,11.7,16.7,17.1,7.9,08:57,19:33,13.31,36.0,0.0,2024,2,12,Open-Meteo (ERA5),1.3000000000000007,0.0
2024-02-13,Valencia,39.47276,-0.3734436,25.5,12.4,17.6,23.6,10.9,08:56,19:34,13.46,21.3,0.0,2024,2,13,Open-Meteo (ERA5),0.3999999999999986,0.0
2024-02-14,Valencia,39.47276,-0.3734436,18.9,9.0,13.6,17.9,7.7,08:55,19:35,10.01,9.9,0.0,2024,2,14,Open-Meteo (ERA5),4.4,0.0
2024-02-15,Valencia,39.47276,-0.3734436,18.3,8.8,13.0,17.2,7.7,08:53,19:37,11.84,12.4,0.2,2024,2,15,Open-Meteo (ERA5),5.0,0.0
2024-02-16,Valencia,39.47276,-0.3734436,15.3,9.9,13.0,14.8,8.8,08:52,19:38,5.7,11.7,4.6,2024,2,16,Open-Meteo (ERA5),5.0,0.0
2024-02-17,Valencia,39.47276,-0.3734436,19.5,8.1,13.3,17.5,4.9,08:51,19:39,13.34,12.3,0.0,2024,2,17,Open-Meteo (ERA5),4.699999999999999,0.0
2024-02-18,Valencia,39.47276,-0.3734436,19.6,6.8,12.6,17.6,4.3,08:50,19:40,14.22,16.6,0.0,2024,2,18,Open-Meteo (ERA5),5.4,0.0
2024-02-19,Valencia,39.47276,-0.3734436,18.2,8.9,13.0,16.5,6.4,08:48,19:41,14.17,12.5,0.0,2024,2,19,Open-Meteo (ERA5),5.0,0.0
2024-02-20,Valencia,39.47276,-0.3734436,17.9,8.7,12.4,15.2,5.4,08:47,19:42,15.34,16.3,0.0,2024,2,20,Open-Meteo (ERA5),5.6,0.0
2024-02-21,Valencia,39.47276,-0.3734436,17.9,5.2,11.5,16.0,2.6,08:46,19:43,12.56,11.3,0.0,2024,2,21,Open-Meteo (ERA5),6.5,0.0
2024-02-22,Valencia,39.47276,-0.3734436,24.3,11.6,18.2,19.6,9.1,08:44,19:45,10.99,29.7,0.0,2024,2,22,Open-Meteo (ERA5),0.0,0.1999999999999993
2024-02-23,Valencia,39.47276,-0.3734436,19.3,10.6,15.3,14.6,5.2,08:43,19:46,15.15,29.0,0.0,2024,2,23,Open-Meteo (ERA5),2.6999999999999993,0.0
2024-02-24,Valencia,39.47276,-0.3734436,18.4,10.0,13.4,12.5,4.0,08:42,19:47,15.17,28.5,0.0,2024,2,24,Open-Meteo (ERA5),4.6,0.0
2024-02-25,Valencia,39.47276,-0.3734436,19.5,11.8,15.2,14.9,7.2,08:40,19:48,4.26,31.8,0.0,2024,2,25,Open-Meteo (ERA5),2.8000000000000007,0.0
2024-02-26,Valencia,39.47276,-0.3734436,19.4,13.4,16.4,15.7,9.5,08:39,19:49,12.44,20.6,0.6,2024,2,26,Open-Meteo (ERA5),1.6000000000000014,0.0
2024-02-27,Valencia,39.47276,-0.3734436,18.3,11.1,14.2,12.6,7.4,08:37,19:50,12.79,29.7,0.1,2024,2,27,Open-Meteo (ERA5),3.8000000000000007,0.0
2024-02-28,Valencia,39.47276,-0.3734436,19.3,8.9,13.2,16.7,4.9,08:36,19:51,16.01,20.1,0.0,2024,2,28,Open-Meteo (ERA5),4.800000000000001,0.0
2024-02-29,Valencia,39.47276,-0.3734436,19.0,7.8,12.6,16.7,4.4,08:35,19:52,16.92,24.9,0.0,2024,2,29,Open-Meteo (ERA5),5.4,0.0
2024-03-01,Valencia,39.47276,-0.3734436,20.9,9.7,14.9,16.8,3.6,08:33,19:53,17.3,28.2,0.0,2024,3,1,Open-Meteo (ERA5),3.0999999999999996,0.0
2024-03-02,Valencia,39.47276,-0.3734436,19.5,9.9,14.6,12.7,6.2,08:32,19:54,13.44,36.5,0.1,2024,3,2,Open-Meteo (ERA5),3.4000000000000004,0.0
2024-03-03,Valencia,39.47276,-0.3734436,16.9,8.8,12.6,9.8,1.7,08:30,19:56,17.66,36.3,1.3,2024,3,3,Open-Meteo (ERA5),5.4,0.0
2024-03-04,Valencia,39.47276,-0.3734436,20.2,9.1,14.3,15.7,4.9,08:28,19:57,10.43,27.5,0.0,2024,3,4,Open-Meteo (ERA5),3.6999999999999993,0.0
2024-03-05,Valencia,39.47276,-0.3734436,19.8,9.4,14.2,17.1,6.0,08:27,19:58,17.66,25.5,0.0,2024,3,5,Open-Meteo (ERA5),3.8000000000000007,0.0
2024-03-06,Valencia,39.47276,-0.3734436,18.5,6.0,11.9,16.0,2.2,08:25,19:59,17.93,15.7,0.0,2024,3,6,Open-Meteo (ERA5),6.1,0.0
2024-03-07,Valencia,39.47276,-0.3734436,16.1,11.6,13.5,13.8,9.7,08:24,20:00,15.86,16.3,0.4,2024,3,7,Open-Meteo (ERA5),4.5,0.0
2024-03-08,Valencia,39.47276,-0.3734436,18.5,9.0,13.8,12.2,5.2,08:22,20:01,14.47,31.8,1.5,2024,3,8,Open-Meteo (ERA5),4.199999999999999,0.0
2024-03-09,Valencia,39.47276,-0.3734436,14.4,9.9,11.5,10.6,6.3,08:21,20:02,4.95,20.8,5.0,2024,3,9,Open-Meteo (ERA5),6.5,0.0
2024-03-10,Valencia,39.47276,-0.3734436,19.5,9.1,13.5,13.7,5.1,08:19,20:03,13.45,31.7,0.5,2024,3,10,Open-Meteo (ERA5),4.5,0.0
2024-03-11,Valencia,39.47276,-0.3734436,21.9,11.1,15.5,16.8,6.5,08:18,20:04,17.23,23.2,0.0,2024,3,11,Open-Meteo (ERA5),2.5,0.0
2024-03-12,Valencia,39.47276,-0.3734436,18.1,8.1,13.3,15.5,5.2,08:16,20:05,18.97,19.7,0.0,2024,3,12,Open-Meteo (ERA5),4.699999999999999,0.0
2024-03-13,Valencia,39.47276,-0.3734436,18.2,5.8,12.1,17.2,3.4,08:15,20:06,18.53,16.7,0.0,2024,3,13,Open-Meteo (ERA5),5.9,0.0
2024-03-14,Valencia,39.47276,-0.3734436,18.9,5.8,12.9,17.1,3.8,08:13,20:07,18.78,14.3,0.0,2024,3,14,Open-Meteo (ERA5),5.1,0.0
2024-03-15,Valencia,39.47276,-0.3734436,23.5,11.7,17.3,22.4,10.3,08:12,20:08,19.1,20.6,0.0,2024,3,15,Open-Meteo (ERA5),0.6999999999999993,0.0
2024-03-16,Valencia,39.47276,-0.3734436,23.4,12.6,16.7,22.1,10.7,08:10,20:09,19.17,17.2,0.0,2024,3,16,Open-Meteo (ERA5),1.3000000000000007,0.0
2024-03-17,Valencia,39.47276,-0.3734436,25.9,11.6,17.0,24.7,10.0,08:08,20:10,18.77,15.3,0.0,2024,3,17,Open-Meteo (ERA5),1.0,0.0
2024-03-18,Valencia,39.47276,-0.3734436,22.4,10.4,16.1,22.1,9.6,08:07,20:11,19.27,15.1,0.0,2024,3,18,Open-Meteo (ERA5),1.8999999999999986,0.0
2024-03-19,Valencia,39.47276,-0.3734436,20.4,11.6,15.3,19.8,10.9,08:05,20:12,18.41,16.4,0.0,2024,3,19,Open-Meteo (ERA5),2.6999999999999993,0.0
2024-03-20,Valencia,39.47276,-0.3734436,18.2,10.1,14.5,17.4,9.2,08:04,20:13,18.5,18.8,0.0,2024,3,20,Open-Meteo (ERA5),3.5,0.0
2024-03-21,Valencia,39.47276,-0.3734436,18.0,13.0,15.3,15.8,11.1,08:02,20:14,15.12,22.8,1.5,2024,3,21,Open-Meteo (ERA5),2.6999999999999993,0.0
2024-03-22,Valencia,39.47276,-0.3734436,23.0,9.4,15.3,21.8,7.5,08:00,20:15,20.52,12.8,0.0,2024,3,22,Open-Meteo (ERA5),2.6999999999999993,0.0
2024-03-23,Valencia,39.47276,-0.3734436,20.8,9.6,15.2,19.1,7.1,07:59,20:16,17.9,14.3,0.0,2024,3,23,Open-Meteo (ERA5),2.8000000000000007,0.0
2024-03-24,Valencia,39.47276,-0.3734436,18.7,9.7,14.5,17.8,8.2,07:57,20:17,18.31,16.3,0.0,2024,3,24,Open-Meteo (ERA5),3.5,0.0
2024-03-25,Valencia,39.47276,-0.3734436,15.5,13.1,14.0,14.9,12.4,07:55,20:18,6.94,13.9,7.6,2024,3,25,Open-Meteo (ERA5),4.0,0.0
2024-03-26,Valencia,39.47276,-0.3734436,18.7,11.2,13.8,14.4,6.5,07:54,20:19,16.01,30.2,0.2,2024,3,26,Open-Meteo (ERA5),4.199999999999999,0.0
2024-03-27,Valencia,39.47276,-0.3734436,20.9,9.9,15.2,16.5,5.1,07:52,20:20,14.89,36.2,1.2,2024,3,27,Open-Meteo (ERA5),2.8000000000000007,0.0
2024-03-28,Valencia,39.47276,-0.3734436,22.0,14.9,18.2,20.0,11.8,07:51,20:21,11.55,29.1,0.1,2024,3,28,Open-Meteo (ERA5),0.0,0.1999999999999993
2024-03-29,Valencia,39.47276,-0.3734436,24.9,13.0,17.3,21.8,9.7,07:49,20:22,18.28,34.1,8.7,2024,3,29,Open-Meteo (ERA5),0.6999999999999993,0.0
2024-03-30,Valencia,39.47276,-0.3734436,17.5,9.2,12.9,15.8,6.3,07:47,20:23,14.69,20.6,0.8,2024,3,30,Open-Meteo (ERA5),5.1,0.0
2024-03-31,Valencia,39.47276,-0.3734436,18.1,9.9,12.7,15.2,7.3,07:46,20:24,9.17,26.3,4.9,2024,3,31,Open-Meteo (ERA5),5.300000000000001,0.0
2024-04-01,Valencia,39.47276,-0.3734436,20.5,10.2,14.9,16.1,5.3,07:44,20:25,18.72,32.8,0.0,2024,4,1,Open-Meteo (ERA5),3.0999999999999996,0.0
2024-04-02,Valencia,39.47276,-0.3734436,21.1,10.1,15.0,20.0,7.3,07:43,20:26,19.72,23.9,0.0,2024,4,2,Open-Meteo (ERA5),3.0,0.0
2024-04-03,Valencia,39.47276,-0.3734436,26.2,11.4,18.3,24.6,9.6,07:41,20:27,22.67,21.9,0.0,2024,4,3,Open-Meteo (ERA5),0.0,0.3000000000000007
2024-04-04,Valencia,39.47276,-0.3734436,24.8,12.1,17.3,23.9,9.7,07:40,20:28,22.78,21.2,0.0,2024,4,4,Open-Meteo (ERA5),0.6999999999999993,0.0
2024-04-05,Valencia,39.47276,-0.3734436,21.7,10.6,16.0,21.5,9.6,07:38,20:29,22.9,14.3,0.0,2024,4,5,Open-Meteo (ERA5),2.0,0.0
2024-04-06,Valencia,39.47276,-0.3734436,20.5,10.1,15.0,19.9,8.9,07:37,20:30,22.53,17.1,0.0,2024,4,6,Open-Meteo (ERA5),3.0,0.0
2024-04-07,Valencia,39.47276,-0.3734436,22.6,13.1,16.8,22.1,12.3,07:35,20:31,16.03,14.4,0.1,2024,4,7,Open-Meteo (ERA5),1.1999999999999993,0.0
2024-04-08,Valencia,39.47276,-0.3734436,29.0,12.3,19.6,27.1,11.6,07:34,20:32,20.24,26.4,0.3,2024,4,8,Open-Meteo (ERA5),0.0,1.6000000000000014
2024-04-09,Valencia,39.47276,-0.3734436,22.8,12.6,17.7,21.1,8.8,07:32,20:33,24.29,21.7,0.0,2024,4,9,Open-Meteo (ERA5),0.3000000000000007,0.0
2024-04-10,Valencia,39.47276,-0.3734436,22.6,9.8,15.4,20.9,6.2,07:30,20:34,23.95,25.1,0.0,2024,4,10,Open-Meteo (ERA5),2.5999999999999996,0.0
2024-04-11,Valencia,39.47276,-0.3734436,19.9,11.2,15.5,18.3,9.2,07:29,20:35,24.02,15.1,0.0,2024,4,11,Open-Meteo (ERA5),2.5,0.0
2024-04-12,Valencia,39.47276,-0.3734436,24.3,9.8,17.0,22.8,6.6,07:27,20:36,24.32,16.6,0.0,2024,4,12,Open-Meteo (ERA5),1.0,0.0
2024-04-13,Valencia,39.47276,-0.3734436,25.5,10.6,18.2,24.0,7.6,07:26,20:37,24.59,13.0,0.0,2024,4,13,Open-Meteo (ERA5),0.0,0.1999999999999993
2024-04-14,Valencia,39.47276,-0.3734436,26.5,11.9,18.9,25.0,9.6,07:24,20:38,24.88,18.6,0.0,2024,4,14,Open-Meteo (ERA5),0.0,0.8999999999999986
2024-04-15,Valencia,39.47276,-0.3734436,24.9,12.4,18.6,23.1,10.1,07:23,20:39,22.89,15.0,0.0,2024,4,15,Open-Meteo (ERA5),0.0,0.6000000000000014
2024-04-16,Valencia,39.47276,-0.3734436,21.8,13.4,17.3,20.3,11.4,07:21,20:40,24.49,22.9,0.0,2024,4,16,Open-Meteo (ERA5),0.6999999999999993,0.0
2024-04-17,Valencia,39.47276,-0.3734436,18.8,12.4,15.9,16.5,10.9,07:20,20:41,18.92,26.9,0.0,2024,4,17,Open-Meteo (ERA5),2.0999999999999996,0.0
2024-04-18,Valencia,39.47276,-0.3734436,19.8,10.4,15.4,18.2,9.1,07:19,20:42,24.53,20.6,0.0,2024,4,18,Open-Meteo (ERA5),2.5999999999999996,0.0
2024-04-19,Valencia,39.47276,-0.3734436,19.2,11.8,15.6,16.5,10.2,07:17,20:43,21.19,24.0,2.1,2024,4,19,Open-Meteo (ERA5),2.4000000000000004,0.0
2024-04-20,Valencia,39.47276,-0.3734436,20.2,8.7,14.8,19.7,7.3,07:16,20:44,25.02,18.7,0.0,2024,4,20,Open-Meteo (ERA5),3.1999999999999993,0.0
2024-04-21,Valencia,39.47276,-0.3734436,20.4,9.9,15.1,19.3,7.6,07:14,20:45,25.32,23.3,0.0,2024,4,21,Open-Meteo (ERA5),2.9000000000000004,0.0
2024-04-22,Valencia,39.47276,-0.3734436,17.6,12.9,15.0,15.4,10.9,07:13,20:46,21.02,29.0,0.2,2024,4,22,Open-Meteo (ERA5),3.0,0.0
2024-04-23,Valencia,39.47276,-0.3734436,18.1,7.9,13.3,14.9,4.6,07:12,20:47,23.93,21.7,0.1,2024,4,23,Open-Meteo (ERA5),4.699999999999999,0.0
2024-04-24,Valencia,39.47276,-0.3734436,19.3,7.1,13.6,16.5,3.6,07:10,20:48,26.41,25.0,0.0,2024,4,24,Open-Meteo (ERA5),4.4,0.0
2024-04-25,Valencia,39.47276,-0.3734436,18.8,8.4,14.2,16.5,5.3,07:09,20:49,21.73,22.4,1.1,2024,4,25,Open-Meteo (ERA5),3.8000000000000007,0.0
2024-04-26,Valencia,39.47276,-0.3734436,20.0,9.8,15.3,18.8,8.8,07:08,20:50,20.84,23.1,0.0,2024,4,26,Open-Meteo (ERA5),2.6999999999999993,0.0
2024-04-27,Valencia,39.47276,-0.3734436,21.9,12.9,17.2,20.2,12.2,07:06,20:51,19.28,24.7,0.1,2024,4,27,Open-Meteo (ERA5),0.8000000000000007,0.0
2024-04-28,Valencia,39.47276,-0.3734436,21.6,12.1,16.1,19.4,8.9,07:05,20:52,18.28,29.5,0.2,2024,4,28,Open-Meteo (ERA5),1.8999999999999986,0.0
2024-04-29,Valencia,39.47276,-0.3734436,17.0,12.6,14.9,15.9,11.5,07:04,20:53,12.15,11.1,1.4,2024,4,29,Open-Meteo (ERA5),3.0999999999999996,0.0
2024-04-30,Valencia,39.47276,-0.3734436,23.6,10.7,17.2,23.5,8.7,07:03,20:54,21.29,19.2,0.4,2024,4,30,Open-Meteo (ERA5),0.8000000000000007,0.0
2024-05-01,Valencia,39.47276,-0.3734436,22.6,15.2,18.2,17.2,11.4,07:01,20:55,17.11,34.2,0.1,2024,5,1,Open-Meteo (ERA5),0.0,0.1999999999999993
2024-05-02,Valencia,39.47276,-0.3734436,23.8,11.6,17.5,21.2,7.6,07:00,20:56,26.95,24.9,0.0,2024,5,2,Open-Meteo (ERA5),0.5,0.0
2024-05-03,Valencia,39.47276,-0.3734436,26.5,12.3,18.8,23.0,8.1,06:59,20:57,26.72,26.9,0.0,2024,5,3,Open-Meteo (ERA5),0.0,0.8000000000000007
2024-05-04,Valencia,39.47276,-0.3734436,29.4,14.8,21.0,28.5,11.5,06:58,20:58,26.41,25.5,0.0,2024,5,4,Open-Meteo (ERA5),0.0,3.0
2024-05-05,Valencia,39.47276,-0.3734436,30.6,15.8,22.0,29.0,13.2,06:57,20:59,24.95,26.0,0.0,2024,5,5,Open-Meteo (ERA5),0.0,4.0
2024-05-06,Valencia,39.47276,-0.3734436,29.0,17.5,22.7,25.5,16.1,06:55,21:00,19.73,27.8,0.0,2024,5,6,Open-Meteo (ERA5),0.0,4.699999999999999
2024-05-07,Valencia,39.47276,-0.3734436,21.9,15.2,18.7,20.4,15.0,06:54,21:01,25.1,25.3,0.0,2024,5,7,Open-Meteo (ERA5),0.0,0.6999999999999993
2024-05-08,Valencia,39.47276,-0.3734436,24.2,12.4,18.6,22.4,10.3,06:53,21:02,27.29,20.1,0.0,2024,5,8,Open-Meteo (ERA5),0.0,0.6000000000000014
2024-05-09,Valencia,39.47276,-0.3734436,25.5,12.1,19.1,23.5,10.2,06:52,21:03,27.11,28.3,0.0,2024,5,9,Open-Meteo (ERA5),0.0,1.1000000000000014
2024-05-10,Valencia,39.47276,-0.3734436,23.7,13.1,18.9,22.1,12.0,06:51,21:04,26.53,22.9,0.0,2024,5,10,Open-Meteo (ERA5),0.0,0.8999999999999986
2024-05-11,Valencia,39.47276,-0.3734436,23.0,12.7,18.3,22.0,11.1,06:50,21:04,25.15,17.3,0.0,2024,5,11,Open-Meteo (ERA5),0.0,0.3000000000000007
2024-05-12,Valencia,39.47276,-0.3734436,22.5,15.0,18.9,22.9,14.8,06:49,21:05,25.9,18.2,0.3,2024,5,12,Open-Meteo (ERA5),0.0,0.8999999999999986
2024-05-13,Valencia,39.47276,-0.3734436,23.2,15.2,19.4,22.7,14.8,06:48,21:06,25.04,19.0,0.0,2024,5,13,Open-Meteo (ERA5),0.0,1.3999999999999986
2024-05-14,Valencia,39.47276,-0.3734436,25.4,15.1,19.7,24.4,15.1,06:47,21:07,25.17,24.2,0.0,2024,5,14,Open-Meteo (ERA5),0.0,1.6999999999999993
2024-05-15,Valencia,39.47276,-0.3734436,21.2,13.9,18.0,20.0,13.3,06:47,21:08,24.29,22.0,0.6,2024,5,15,Open-Meteo (ERA5),0.0,0.0
2024-05-16,Valencia,39.47276,-0.3734436,27.5,13.9,20.7,22.6,11.4,06:46,21:09,26.88,25.6,0.0,2024,5,16,Open-Meteo (ERA5),0.0,2.6999999999999993
2024-05-17,Valencia,39.47276,-0.3734436,27.0,14.2,20.4,24.7,12.0,06:45,21:10,20.98,30.8,0.0,2024,5,17,Open-Meteo (ERA5),0.0,2.3999999999999986
2024-05-18,Valencia,39.47276,-0.3734436,21.9,16.2,19.3,21.8,15.9,06:44,21:11,24.17,20.8,0.1,2024,5,18,Open-Meteo (ERA5),0.0,1.3000000000000007
2024-05-19,Valencia,39.47276,-0.3734436,22.5,16.9,19.2,22.5,17.8,06:43,21:12,21.05,17.2,1.1,2024,5,19,Open-Meteo (ERA5),0.0,1.1999999999999993
2024-05-20,Valencia,39.47276,-0.3734436,23.4,14.7,19.1,23.7,14.5,06:42,21:13,24.05,24.0,0.1,2024,5,20,Open-Meteo (ERA5),0.0,1.1000000000000014
2024-05-21,Valencia,39.47276,-0.3734436,28.1,14.6,20.2,26.8,13.9,06:42,21:14,24.67,21.1,0.4,2024,5,21,Open-Meteo (ERA5),0.0,2.1999999999999993
2024-05-22,Valencia,39.47276,-0.3734436,23.8,13.6,19.2,22.9,12.7,06:41,21:14,26.99,22.7,0.2,2024,5,22,Open-Meteo (ERA5),0.0,1.1999999999999993
2024-05-23,Valencia,39.47276,-0.3734436,22.8,14.2,19.3,21.7,14.0,06:40,21:15,25.56,21.7,0.0,2024,5,23,Open-Meteo (ERA5),0.0,1.3000000000000007
2024-05-24,Valencia,39.47276,-0.3734436,23.2,15.1,19.8,23.8,15.5,06:40,21:16,24.99,18.2,0.2,2024,5,24,Open-Meteo (ERA5),0.0,1.8000000000000007
2024-05-25,Valencia,39.47276,-0.3734436,23.6,16.6,20.1,24.4,17.7,06:39,21:17,27.64,21.6,0.0,2024,5,25,Open-Meteo (ERA5),0.0,2.1000000000000014
2024-05-26,Valencia,39.47276,-0.3734436,24.0,15.1,20.3,25.2,16.1,06:38,21:18,27.51,17.9,0.0,2024,5,26,Open-Meteo (ERA5),0.0,2.3000000000000007
2024-05-27,Valencia,39.47276,-0.3734436,24.5,18.0,21.1,25.2,18.8,06:38,21:19,23.15,18.8,0.1,2024,5,27,Open-Meteo (ERA5),0.0,3.1000000000000014
2024-05-28,Valencia,39.47276,-0.3734436,24.2,18.5,21.1,24.5,18.8,06:37,21:19,27.48,18.8,0.0,2024,5,28,Open-Meteo (ERA5),0.0,3.1000000000000014
2024-05-29,Valencia,39.47276,-0.3734436,27.0,16.3,21.9,27.0,16.7,06:37,21:20,27.32,19.0,0.0,2024,5,29,Open-Meteo (ERA5),0.0,3.8999999999999986
2024-05-30,Valencia,39.47276,-0.3734436,28.2,17.5,22.9,28.4,18.3,06:36,21:21,27.78,18.4,0.0,2024,5,30,Open-Meteo (ERA5),0.0,4.899999999999999
2024-05-31,Valencia,39.47276,-0.3734436,23.0,18.9,20.8,22.9,17.3,06:36,21:22,20.1,20.3,6.6,2024,5,31,Open-Meteo (ERA5),0.0,2.8000000000000007
2024-06-01,Valencia,39.47276,-0.3734436,23.5,19.5,21.3,22.2,20.0,06:36,21:22,19.23,17.9,0.1,2024,6,1,Open-Meteo (ERA5),0.0,3.3000000000000007
2024-06-02,Valencia,39.47276,-0.3734436,24.4,16.4,20.5,23.6,17.1,06:35,21:23,24.82,24.0,1.4,2024,6,2,Open-Meteo (ERA5),0.0,2.5
2024-06-03,Valencia,39.47276,-0.3734436,24.8,16.5,20.9,24.6,16.8,06:35,21:24,27.51,21.5,0.0,2024,6,3,Open-Meteo (ERA5),0.0,2.8999999999999986
2024-06-04,Valencia,39.47276,-0.3734436,26.0,17.0,22.2,25.5,16.8,06:35,21:24,26.59,21.4,0.0,2024,6,4,Open-Meteo (ERA5),0.0,4.199999999999999
2024-06-05,Valencia,39.47276,-0.3734436,26.4,17.6,22.5,27.4,18.6,06:34,21:25,27.08,18.8,0.0,2024,6,5,Open-Meteo (ERA5),0.0,4.5
2024-06-06,Valencia,39.47276,-0.3734436,27.9,17.7,23.3,29.4,17.6,06:34,21:25,26.31,18.5,0.0,2024,6,6,Open-Meteo (ERA5),0.0,5.300000000000001
2024-06-07,Valencia,39.47276,-0.3734436,28.0,19.5,23.9,28.0,18.2,06:34,21:26,25.92,22.4,0.0,2024,6,7,Open-Meteo (ERA5),0.0,5.899999999999999
2024-06-08,Valencia,39.47276,-0.3734436,27.4,19.3,23.6,28.4,18.7,06:34,21:27,26.81,18.1,0.2,2024,6,8,Open-Meteo (ERA5),0.0,5.600000000000001
2024-06-09,Valencia,39.47276,-0.3734436,32.0,20.2,25.2,31.9,18.7,06:34,21:27,24.62,23.9,0.2,2024,6,9,Open-Meteo (ERA5),0.0,7.199999999999999
2024-06-10,Valencia,39.47276,-0.3734436,25.2,19.2,22.6,25.3,20.1,06:33,21:28,23.27,16.6,0.1,2024,6,10,Open-Meteo (ERA5),0.0,4.600000000000001
2024-06-11,Valencia,39.47276,-0.3734436,22.5,18.1,20.4,22.9,19.2,06:33,21:28,19.5,19.0,5.8,2024,6,11,Open-Meteo (ERA5),0.0,2.3999999999999986
2024-06-12,Valencia,39.47276,-0.3734436,22.9,15.6,18.8,23.4,16.4,06:33,21:29,17.35,15.9,9.9,2024,6,12,Open-Meteo (ERA5),0.0,0.8000000000000007
2024-06-13,Valencia,39.47276,-0.3734436,23.5,14.7,19.8,24.6,14.6,06:33,21:29,25.38,20.9,0.0,2024,6,13,Open-Meteo (ERA5),0.0,1.8000000000000007
2024-06-14,Valencia,39.47276,-0.3734436,29.5,16.5,23.3,31.9,17.7,06:33,21:30,27.89,25.1,0.0,2024,6,14,Open-Meteo (ERA5),0.0,5.300000000000001
2024-06-15,Valencia,39.47276,-0.3734436,26.5,18.7,22.9,26.8,18.9,06:33,21:30,26.86,23.0,0.0,2024,6,15,Open-Meteo (ERA5),0.0,4.899999999999999
2024-06-16,Valencia,39.47276,-0.3734436,26.0,18.6,22.2,27.3,21.0,06:33,21:30,25.72,18.4,0.2,2024,6,16,Open-Meteo (ERA5),0.0,4.199999999999999
2024-06-17,Valencia,39.47276,-0.3734436,26.4,18.2,22.3,29.2,20.1,06:34,21:31,28.07,18.9,0.0,2024,6,17,Open-Meteo (ERA5),0.0,4.300000000000001
2024-06-18,Valencia,39.47276,-0.3734436,27.4,18.5,22.8,29.3,19.5,06:34,21:31,27.17,17.6,0.0,2024,6,18,Open-Meteo (ERA5),0.0,4.800000000000001
2024-06-19,Valencia,39.47276,-0.3734436,30.6,20.2,24.6,32.5,20.2,06:34,21:31,25.18,22.2,0.0,2024,6,19,Open-Meteo (ERA5),0.0,6.600000000000001
2024-06-20,Valencia,39.47276,-0.3734436,31.0,20.6,25.8,30.0,20.3,06:34,21:31,26.81,24.5,0.0,2024,6,20,Open-Meteo (ERA5),0.0,7.800000000000001
2024-06-21,Valencia,39.47276,-0.3734436,27.9,17.8,23.1,28.2,16.6,06:34,21:32,27.36,26.5,0.0,2024,6,21,Open-Meteo (ERA5),0.0,5.100000000000001
2024-06-22,Valencia,39.47276,-0.3734436,30.9,18.4,24.4,31.1,17.9,06:34,21:32,26.83,25.0,0.0,2024,6,22,Open-Meteo (ERA5),0.0,6.399999999999999
2024-06-23,Valencia,39.47276,-0.3734436,27.5,20.2,24.0,27.0,21.9,06:35,21:32,27.48,24.8,0.0,2024,6,23,Open-Meteo (ERA5),0.0,6.0
2024-06-24,Valencia,39.47276,-0.3734436,26.0,20.1,23.4,27.5,22.3,06:35,21:32,24.59,22.4,0.8,2024,6,24,Open-Meteo (ERA5),0.0,5.399999999999999
2024-06-25,Valencia,39.47276,-0.3734436,27.8,20.2,23.9,29.0,21.1,06:35,21:32,27.35,24.6,0.0,2024,6,25,Open-Meteo (ERA5),0.0,5.899999999999999
2024-06-26,Valencia,39.47276,-0.3734436,27.1,21.7,24.2,28.8,23.8,06:36,21:32,26.3,18.8,0.0,2024,6,26,Open-Meteo (ERA5),0.0,6.199999999999999
2024-06-27,Valencia,39.47276,-0.3734436,28.0,19.5,24.2,29.0,20.2,06:36,21:32,28.1,25.4,0.0,2024,6,27,Open-Meteo (ERA5),0.0,6.199999999999999
2024-06-28,Valencia,39.47276,-0.3734436,28.0,20.1,24.3,30.2,21.7,06:36,21:32,26.15,20.2,0.2,2024,6,28,Open-Meteo (ERA5),0.0,6.300000000000001
2024-06-29,Valencia,39.47276,-0.3734436,34.3,21.3,27.1,31.7,20.0,06:37,21:32,24.37,30.0,1.5,2024,6,29,Open-Meteo (ERA5),0.0,9.100000000000001
2024-06-30,Valencia,39.47276,-0.3734436,29.5,21.8,26.1,31.0,22.6,06:37,21:32,26.74,22.0,0.0,2024,6,30,Open-Meteo (ERA5),0.0,8.100000000000001
2024-07-01,Valencia,39.47276,-0.3734436,26.1,20.8,23.4,29.7,21.9,06:38,21:32,23.66,16.2,14.9,2024,7,1,Open-Meteo (ERA5),0.0,5.399999999999999
2024-07-02,Valencia,39.47276,-0.3734436,25.9,18.3,22.5,28.4,18.9,06:38,21:32,28.43,19.8,0.0,2024,7,2,Open-Meteo (ERA5),0.0,4.5
2024-07-03,Valencia,39.47276,-0.3734436,29.2,19.0,24.0,30.7,19.9,06:39,21:32,28.76,20.5,0.0,2024,7,3,Open-Meteo (ERA5),0.0,6.0
2024-07-04,Valencia,39.47276,-0.3734436,28.4,18.7,23.6,30.3,19.0,06:40,21:32,28.35,19.5,0.0,2024,7,4,Open-Meteo (ERA5),0.0,5.600000000000001
2024-07-05,Valencia,39.47276,-0.3734436,27.5,18.8,23.6,29.8,20.3,06:40,21:31,28.39,14.5,0.0,2024,7,5,Open-Meteo (ERA5),0.0,5.600000000000001
2024-07-06,Valencia,39.47276,-0.3734436,28.2,19.7,24.2,31.2,19.9,06:41,21:31,27.37,22.0,0.0,2024,7,6,Open-Meteo (ERA5),0.0,6.199999999999999
2024-07-07,Valencia,39.47276,-0.3734436,27.0,21.2,24.1,29.8,22.4,06:41,21:31,20.89,16.9,0.0,2024,7,7,Open-Meteo (ERA5),0.0,6.100000000000001
2024-07-08,Valencia,39.47276,-0.3734436,28.0,22.2,24.7,30.0,25.4,06:42,21:30,25.64,20.3,0.3,2024,7,8,Open-Meteo (ERA5),0.0,6.699999999999999
2024-07-09,Valencia,39.47276,-0.3734436,28.0,20.5,24.5,31.2,23.2,06:43,21:30,26.66,17.4,0.0,2024,7,9,Open-Meteo (ERA5),0.0,6.5
2024-07-10,Valencia,39.47276,-0.3734436,29.4,20.5,25.6,32.6,23.0,06:43,21:30,28.02,18.6,0.0,2024,7,10,Open-Meteo (ERA5),0.0,7.600000000000001
2024-07-11,Valencia,39.47276,-0.3734436,30.0,21.3,25.9,33.6,24.1,06:44,21:29,27.96,17.2,0.0,2024,7,11,Open-Meteo (ERA5),0.0,7.899999999999999
2024-07-12,Valencia,39.47276,-0.3734436,29.3,21.5,26.0,32.4,25.0,06:45,21:29,27.69,20.5,0.0,2024,7,12,Open-Meteo (ERA5),0.0,8.0
2024-07-13,Valencia,39.47276,-0.3734436,27.2,23.8,25.4,29.0,26.3,06:45,21:28,15.54,18.5,3.5,2024,7,13,Open-Meteo (ERA5),0.0,7.399999999999999
2024-07-14,Valencia,39.47276,-0.3734436,30.8,22.2,26.5,34.1,26.1,06:46,21:28,27.93,21.7,0.0,2024,7,14,Open-Meteo (ERA5),0.0,8.5
2024-07-15,Valencia,39.47276,-0.3734436,33.5,20.5,27.3,36.9,23.9,06:47,21:27,28.28,22.7,0.0,2024,7,15,Open-Meteo (ERA5),0.0,9.3
2024-07-16,Valencia,39.47276,-0.3734436,29.7,22.5,26.3,32.2,24.6,06:48,21:27,26.55,19.8,0.0,2024,7,16,Open-Meteo (ERA5),0.0,8.3
2024-07-17,Valencia,39.47276,-0.3734436,29.2,23.6,26.3,31.6,26.4,06:48,21:26,22.02,20.0,0.2,2024,7,17,Open-Meteo (ERA5),0.0,8.3
2024-07-18,Valencia,39.47276,-0.3734436,30.2,21.9,26.3,32.5,25.2,06:49,21:25,27.19,18.3,0.0,2024,7,18,Open-Meteo (ERA5),0.0,8.3
2024-07-19,Valencia,39.47276,-0.3734436,32.4,22.4,27.5,34.4,25.0,06:50,21:25,27.16,18.0,0.0,2024,7,19,Open-Meteo (ERA5),0.0,9.5
2024-07-20,Valencia,39.47276,-0.3734436,34.4,21.8,28.3,36.7,22.0,06:51,21:24,27.98,18.7,0.0,2024,7,20,Open-Meteo (ERA5),0.0,10.3
2024-07-21,Valencia,39.47276,-0.3734436,32.2,24.3,27.9,33.8,22.6,06:52,21:23,27.43,25.7,0.0,2024,7,21,Open-Meteo (ERA5),0.0,9.899999999999999
2024-07-22,Valencia,39.47276,-0.3734436,29.0,21.5,25.9,31.0,22.8,06:52,21:22,27.03,20.9,0.0,2024,7,22,Open-Meteo (ERA5),0.0,7.899999999999999
2024-07-23,Valencia,39.47276,-0.3734436,32.5,21.3,27.6,33.3,23.4,06:53,21:22,27.52,19.9,0.0,2024,7,23,Open-Meteo (ERA5),0.0,9.600000000000001
2024-07-24,Valencia,39.47276,-0.3734436,32.8,22.6,27.9,36.2,24.4,06:54,21:21,26.76,18.2,0.0,2024,7,24,Open-Meteo (ERA5),0.0,9.899999999999999
2024-07-25,Valencia,39.47276,-0.3734436,29.9,23.5,27.1,33.4,24.9,06:55,21:20,26.16,19.9,0.0,2024,7,25,Open-Meteo (ERA5),0.0,9.100000000000001
2024-07-26,Valencia,39.47276,-0.3734436,30.4,23.5,26.8,32.9,27.1,06:56,21:19,26.4,17.9,0.0,2024,7,26,Open-Meteo (ERA5),0.0,8.8
2024-07-27,Valencia,39.47276,-0.3734436,30.3,21.3,26.2,32.4,24.3,06:57,21:18,27.36,17.1,0.0,2024,7,27,Open-Meteo (ERA5),0.0,8.2
2024-07-28,Valencia,39.47276,-0.3734436,30.6,21.3,26.7,33.2,22.5,06:58,21:17,25.91,23.7,0.0,2024,7,28,Open-Meteo (ERA5),0.0,8.7
2024-07-29,Valencia,39.47276,-0.3734436,31.9,22.0,27.3,34.8,24.8,06:59,21:16,26.34,16.8,0.0,2024,7,29,Open-Meteo (ERA5),0.0,9.3
2024-07-30,Valencia,39.47276,-0.3734436,34.8,22.0,28.5,35.5,21.6,06:59,21:15,24.17,16.3,0.0,2024,7,30,Open-Meteo (ERA5),0.0,10.5
2024-07-31,Valencia,39.47276,-0.3734436,33.6,22.0,28.4,35.7,21.5,07:00,21:14,26.96,18.9,0.0,2024,7,31,Open-Meteo (ERA5),0.0,10.399999999999999
2024-08-01,Valencia,39.47276,-0.3734436,32.7,22.5,27.9,36.2,25.1,07:01,21:13,26.48,19.1,0.0,2024,8,1,Open-Meteo (ERA5),0.0,9.899999999999999
2024-08-02,Valencia,39.47276,-0.3734436,32.3,23.8,27.9,35.7,27.1,07:02,21:12,25.42,23.7,0.0,2024,8,2,Open-Meteo (ERA5),0.0,9.899999999999999
2024-08-03,Valencia,39.47276,-0.3734436,31.9,23.0,27.8,33.6,26.4,07:03,21:11,25.79,23.8,0.0,2024,8,3,Open-Meteo (ERA5),0.0,9.8
2024-08-04,Valencia,39.47276,-0.3734436,31.8,24.1,28.3,36.7,27.1,07:04,21:10,24.67,17.4,0.0,2024,8,4,Open-Meteo (ERA5),0.0,10.3
2024-08-05,Valencia,39.47276,-0.3734436,31.6,24.0,28.2,35.5,28.0,07:05,21:09,25.34,18.0,0.0,2024,8,5,Open-Meteo (ERA5),0.0,10.2
2024-08-06,Valencia,39.47276,-0.3734436,32.2,23.5,28.2,36.5,27.2,07:06,21:08,25.07,17.8,0.0,2024,8,6,Open-Meteo (ERA5),0.0,10.2
2024-08-07,Valencia,39.47276,-0.3734436,31.4,23.4,27.9,34.6,25.6,07:07,21:07,24.63,18.7,0.0,2024,8,7,Open-Meteo (ERA5),0.0,9.899999999999999
2024-08-08,Valencia,39.47276,-0.3734436,31.9,22.1,27.6,35.3,23.9,07:08,21:06,25.83,16.6,0.0,2024,8,8,Open-Meteo (ERA5),0.0,9.600000000000001
2024-08-09,Valencia,39.47276,-0.3734436,32.3,22.3,27.7,35.6,24.2,07:09,21:04,25.78,16.4,0.0,2024,8,9,Open-Meteo (ERA5),0.0,9.7
2024-08-10,Valencia,39.47276,-0.3734436,33.7,22.0,27.9,35.7,23.1,07:09,21:03,25.99,16.6,0.0,2024,8,10,Open-Meteo (ERA5),0.0,9.899999999999999
2024-08-11,Valencia,39.47276,-0.3734436,32.7,22.6,27.8,35.7,23.6,07:10,21:02,25.67,15.5,0.0,2024,8,11,Open-Meteo (ERA5),0.0,9.8
2024-08-12,Valencia,39.47276,-0.3734436,32.3,22.9,27.8,35.5,25.2,07:11,21:00,24.97,20.2,0.0,2024,8,12,Open-Meteo (ERA5),0.0,9.8
2024-08-13,Valencia,39.47276,-0.3734436,32.2,24.8,27.8,36.2,27.7,07:12,20:59,18.01,23.1,0.2,2024,8,13,Open-Meteo (ERA5),0.0,9.8
2024-08-14,Valencia,39.47276,-0.3734436,30.4,21.7,26.4,31.7,22.0,07:13,20:58,18.93,20.3,1.0,2024,8,14,Open-Meteo (ERA5),0.0,8.399999999999999
2024-08-15,Valencia,39.47276,-0.3734436,29.1,20.5,25.3,29.2,19.7,07:14,20:57,24.44,16.6,0.0,2024,8,15,Open-Meteo (ERA5),0.0,7.300000000000001
2024-08-16,Valencia,39.47276,-0.3734436,31.0,21.0,26.2,32.9,22.5,07:15,20:55,24.62,17.6,0.0,2024,8,16,Open-Meteo (ERA5),0.0,8.2
2024-08-17,Valencia,39.47276,-0.3734436,33.2,21.5,27.3,34.5,22.5,07:16,20:54,24.49,22.9,0.0,2024,8,17,Open-Meteo (ERA5),0.0,9.3
2024-08-18,Valencia,39.47276,-0.3734436,31.5,22.5,27.7,34.1,24.0,07:17,20:52,23.52,18.7,0.0,2024,8,18,Open-Meteo (ERA5),0.0,9.7
2024-08-19,Valencia,39.47276,-0.3734436,30.1,23.2,27.1,31.7,25.6,07:18,20:51,24.29,21.5,0.0,2024,8,19,Open-Meteo (ERA5),0.0,9.100000000000001
2024-08-20,Valencia,39.47276,-0.3734436,31.2,22.4,27.1,35.1,24.3,07:19,20:50,23.45,18.6,0.0,2024,8,20,Open-Meteo (ERA5),0.0,9.100000000000001
2024-08-21,Valencia,39.47276,-0.3734436,30.5,23.6,27.3,33.7,28.1,07:20,20:48,21.92,18.1,0.0,2024,8,21,Open-Meteo (ERA5),0.0,9.3
2024-08-22,Valencia,39.47276,-0.3734436,32.5,24.2,28.0,35.1,27.6,07:21,20:47,18.59,16.6,0.5,2024,8,22,Open-Meteo (ERA5),0.0,10.0
2024-08-23,Valencia,39.47276,-0.3734436,30.8,24.0,27.5,35.7,28.7,07:22,20:45,22.86,18.4,0.0,2024,8,23,Open-Meteo (ERA5),0.0,9.5
2024-08-24,Valencia,39.47276,-0.3734436,30.4,24.3,27.0,33.8,28.4,07:22,20:44,22.81,18.1,0.0,2024,8,24,Open-Meteo (ERA5),0.0,9.0
2024-08-25,Valencia,39.47276,-0.3734436,29.5,24.3,26.6,29.8,27.2,07:23,20:43,15.32,26.9,0.3,2024,8,25,Open-Meteo (ERA5),0.0,8.600000000000001
2024-08-26,Valencia,39.47276,-0.3734436,29.9,24.0,26.4,31.6,26.1,07:24,20:41,19.45,15.9,0.1,2024,8,26,Open-Meteo (ERA5),0.0,8.399999999999999
2024-08-27,Valencia,39.47276,-0.3734436,30.8,22.5,26.7,33.2,24.8,07:25,20:39,21.49,21.6,0.0,2024,8,27,Open-Meteo (ERA5),0.0,8.7
2024-08-28,Valencia,39.47276,-0.3734436,29.4,24.5,26.8,32.3,28.0,07:26,20:38,15.9,17.7,0.2,2024,8,28,Open-Meteo (ERA5),0.0,8.8
2024-08-29,Valencia,39.47276,-0.3734436,29.1,23.6,26.4,31.3,26.3,07:27,20:36,19.48,15.6,0.0,2024,8,29,Open-Meteo (ERA5),0.0,8.399999999999999
2024-08-30,Valencia,39.47276,-0.3734436,29.2,23.6,26.3,31.3,27.2,07:28,20:35,17.96,16.9,0.2,2024,8,30,Open-Meteo (ERA5),0.0,8.3
2024-08-31,Valencia,39.47276,-0.3734436,29.8,23.9,26.7,32.3,26.5,07:29,20:33,18.84,19.1,0.0,2024,8,31,Open-Meteo (ERA5),0.0,8.7
2024-09-01,Valencia,39.47276,-0.3734436,30.2,22.9,26.2,32.6,26.0,07:30,20:32,18.57,18.4,0.0,2024,9,1,Open-Meteo (ERA5),0.0,8.2
2024-09-02,Valencia,39.47276,-0.3734436,27.7,23.4,25.4,30.7,26.7,07:31,20:30,15.38,11.2,6.4,2024,9,2,Open-Meteo (ERA5),0.0,7.399999999999999
2024-09-03,Valencia,39.47276,-0.3734436,29.0,21.5,24.2,31.1,20.8,07:32,20:29,11.98,27.8,27.0,2024,9,3,Open-Meteo (ERA5),0.0,6.199999999999999
2024-09-04,Valencia,39.47276,-0.3734436,25.2,20.1,23.0,27.7,22.6,07:33,20:27,15.59,14.2,20.6,2024,9,4,Open-Meteo (ERA5),0.0,5.0
2024-09-05,Valencia,39.47276,-0.3734436,25.1,18.5,22.2,25.9,18.2,07:34,20:25,17.8,17.4,0.6,2024,9,5,Open-Meteo (ERA5),0.0,4.199999999999999
2024-09-06,Valencia,39.47276,-0.3734436,28.4,19.8,24.2,31.4,21.5,07:34,20:24,20.3,20.5,0.0,2024,9,6,Open-Meteo (ERA5),0.0,6.199999999999999
2024-09-07,Valencia,39.47276,-0.3734436,32.3,19.6,25.3,31.4,21.0,07:35,20:22,20.89,21.5,0.0,2024,9,7,Open-Meteo (ERA5),0.0,7.300000000000001
2024-09-08,Valencia,39.47276,-0.3734436,32.5,20.4,26.2,32.4,21.5,07:36,20:21,21.4,26.2,0.6,2024,9,8,Open-Meteo (ERA5),0.0,8.2
2024-09-09,Valencia,39.47276,-0.3734436,28.6,18.9,23.9,29.5,18.6,07:37,20:19,21.86,22.9,0.0,2024,9,9,Open-Meteo (ERA5),0.0,5.899999999999999
2024-09-10,Valencia,39.47276,-0.3734436,27.7,19.0,23.3,29.7,18.3,07:38,20:18,21.15,21.7,0.0,2024,9,10,Open-Meteo (ERA5),0.0,5.300000000000001
2024-09-11,Valencia,39.47276,-0.3734436,26.8,19.1,23.2,28.5,20.4,07:39,20:16,18.36,19.1,0.0,2024,9,11,Open-Meteo (ERA5),0.0,5.199999999999999
2024-09-12,Valencia,39.47276,-0.3734436,30.2,19.6,24.3,31.1,20.9,07:40,20:14,18.37,23.5,0.1,2024,9,12,Open-Meteo (ERA5),0.0,6.300000000000001
2024-09-13,Valencia,39.47276,-0.3734436,23.9,19.0,21.5,25.1,18.4,07:41,20:13,16.84,16.2,1.3,2024,9,13,Open-Meteo (ERA5),0.0,3.5
2024-09-14,Valencia,39.47276,-0.3734436,25.2,17.0,21.1,24.6,15.7,07:42,20:11,17.66,20.4,0.0,2024,9,14,Open-Meteo (ERA5),0.0,3.1000000000000014
2024-09-15,Valencia,39.47276,-0.3734436,26.4,15.6,21.6,26.8,15.3,07:43,20:09,20.78,16.6,0.0,2024,9,15,Open-Meteo (ERA5),0.0,3.6000000000000014
2024-09-16,Valencia,39.47276,-0.3734436,27.1,16.3,21.8,27.7,16.0,07:44,20:08,20.51,16.9,0.0,2024,9,16,Open-Meteo (ERA5),0.0,3.8000000000000007
2024-09-17,Valencia,39.47276,-0.3734436,26.0,16.2,21.7,25.7,15.0,07:45,20:06,17.26,17.4,0.3,2024,9,17,Open-Meteo (ERA5),0.0,3.6999999999999993
2024-09-18,Valencia,39.47276,-0.3734436,22.8,18.5,20.9,23.2,18.2,07:45,20:04,15.15,20.6,1.7,2024,9,18,Open-Meteo (ERA5),0.0,2.8999999999999986
2024-09-19,Valencia,39.47276,-0.3734436,24.1,18.2,20.6,24.6,19.8,07:46,20:03,11.42,14.9,5.5,2024,9,19,Open-Meteo (ERA5),0.0,2.6000000000000014
2024-09-20,Valencia,39.47276,-0.3734436,23.8,17.4,20.7,24.5,18.9,07:47,20:01,15.18,15.4,1.7,2024,9,20,Open-Meteo (ERA5),0.0,2.6999999999999993
2024-09-21,Valencia,39.47276,-0.3734436,22.5,19.2,20.2,24.6,19.7,07:48,19:59,7.24,15.3,27.1,2024,9,21,Open-Meteo (ERA5),0.0,2.1999999999999993
2024-09-22,Valencia,39.47276,-0.3734436,28.0,17.0,21.6,29.0,18.3,07:49,19:58,18.1,18.0,1.3,2024,9,22,Open-Meteo (ERA5),0.0,3.6000000000000014
2024-09-23,Valencia,39.47276,-0.3734436,25.8,17.1,21.2,27.0,16.8,07:50,19:56,15.83,20.0,1.2,2024,9,23,Open-Meteo (ERA5),0.0,3.1999999999999993
2024-09-24,Valencia,39.47276,-0.3734436,28.5,17.1,22.4,26.9,16.6,07:51,19:55,17.15,23.1,0.0,2024,9,24,Open-Meteo (ERA5),0.0,4.399999999999999
2024-09-25,Valencia,39.47276,-0.3734436,29.2,20.2,24.2,28.1,17.0,07:52,19:53,17.47,22.9,0.0,2024,9,25,Open-Meteo (ERA5),0.0,6.199999999999999
2024-09-26,Valencia,39.47276,-0.3734436,32.1,22.4,26.8,29.8,21.9,07:53,19:51,18.21,27.3,0.0,2024,9,26,Open-Meteo (ERA5),0.0,8.8
2024-09-27,Valencia,39.47276,-0.3734436,28.9,20.7,24.4,26.6,18.1,07:54,19:50,17.46,22.3,0.0,2024,9,27,Open-Meteo (ERA5),0.0,6.399999999999999
2024-09-28,Valencia,39.47276,-0.3734436,22.5,13.6,19.3,21.1,11.8,07:55,19:48,19.05,14.9,0.0,2024,9,28,Open-Meteo (ERA5),0.0,1.3000000000000007
2024-09-29,Valencia,39.47276,-0.3734436,24.4,14.4,19.3,24.3,13.2,07:56,19:47,18.02,19.4,0.0,2024,9,29,Open-Meteo (ERA5),0.0,1.3000000000000007
2024-09-30,Valencia,39.47276,-0.3734436,25.5,14.8,20.2,26.5,14.6,07:57,19:45,18.23,16.8,0.0,2024,9,30,Open-Meteo (ERA5),0.0,2.1999999999999993
2024-10-01,Valencia,39.47276,-0.3734436,25.5,15.0,20.4,26.6,14.6,07:58,19:43,16.23,14.3,0.0,2024,10,1,Open-Meteo (ERA5),0.0,2.3999999999999986
2024-10-02,Valencia,39.47276,-0.3734436,32.5,17.2,24.6,31.4,16.8,07:59,19:42,14.38,21.2,0.0,2024,10,2,Open-Meteo (ERA5),0.0,6.600000000000001
2024-10-03,Valencia,39.47276,-0.3734436,25.5,19.7,22.7,25.7,18.7,08:00,19:40,18.18,24.6,1.1,2024,10,3,Open-Meteo (ERA5),0.0,4.699999999999999
2024-10-04,Valencia,39.47276,-0.3734436,24.7,13.7,19.3,23.5,11.4,08:01,19:39,17.98,19.1,0.0,2024,10,4,Open-Meteo (ERA5),0.0,1.3000000000000007
2024-10-05,Valencia,39.47276,-0.3734436,25.9,14.6,20.1,25.4,13.2,08:02,19:37,16.79,21.2,0.0,2024,10,5,Open-Meteo (ERA5),0.0,2.1000000000000014
2024-10-06,Valencia,39.47276,-0.3734436,33.8,18.1,25.7,31.1,18.8,08:03,19:35,16.42,21.6,0.0,2024,10,6,Open-Meteo (ERA5),0.0,7.699999999999999
2024-10-07,Valencia,39.47276,-0.3734436,29.4,19.6,24.2,29.6,18.9,08:04,19:34,11.78,24.4,0.0,2024,10,7,Open-Meteo (ERA5),0.0,6.199999999999999
2024-10-08,Valencia,39.47276,-0.3734436,26.4,18.9,22.3,22.6,16.0,08:04,19:32,10.58,32.3,0.0,2024,10,8,Open-Meteo (ERA5),0.0,4.300000000000001
2024-10-09,Valencia,39.47276,-0.3734436,29.2,20.0,24.0,25.7,17.9,08:05,19:31,11.04,30.7,0.0,2024,10,9,Open-Meteo (ERA5),0.0,6.0
2024-10-10,Valencia,39.47276,-0.3734436,26.5,19.7,22.8,23.8,16.2,08:06,19:29,15.37,24.7,0.0,2024,10,10,Open-Meteo (ERA5),0.0,4.800000000000001
2024-10-11,Valencia,39.47276,-0.3734436,24.9,15.2,20.1,24.5,11.9,08:07,19:28,15.25,17.4,0.0,2024,10,11,Open-Meteo (ERA5),0.0,2.1000000000000014
2024-10-12,Valencia,39.47276,-0.3734436,25.1,16.5,20.3,24.9,16.1,08:09,19:26,13.21,13.9,0.0,2024,10,12,Open-Meteo (ERA5),0.0,2.3000000000000007
2024-10-13,Valencia,39.47276,-0.3734436,25.2,17.2,21.0,26.2,16.5,08:10,19:25,15.08,12.6,0.0,2024,10,13,Open-Meteo (ERA5),0.0,3.0
2024-10-14,Valencia,39.47276,-0.3734436,24.7,18.2,21.4,26.0,19.6,08:11,19:23,10.57,15.5,0.0,2024,10,14,Open-Meteo (ERA5),0.0,3.3999999999999986
2024-10-15,Valencia,39.47276,-0.3734436,24.5,18.0,21.3,26.2,19.8,08:12,19:22,11.23,19.4,9.2,2024,10,15,Open-Meteo (ERA5),0.0,3.3000000000000007
2024-10-16,Valencia,39.47276,-0.3734436,25.7,16.2,20.3,28.5,17.3,08:13,19:20,13.52,11.9,0.1,2024,10,16,Open-Meteo (ERA5),0.0,2.3000000000000007
2024-10-17,Valencia,39.47276,-0.3734436,22.9,17.6,20.0,20.0,14.9,08:14,19:19,13.52,35.5,2.6,2024,10,17,Open-Meteo (ERA5),0.0,2.0
2024-10-18,Valencia,39.47276,-0.3734436,24.0,14.1,18.3,21.4,11.5,08:15,19:17,14.67,17.7,0.0,2024,10,18,Open-Meteo (ERA5),0.0,0.3000000000000007
2024-10-19,Valencia,39.47276,-0.3734436,25.5,13.1,18.2,25.5,10.2,08:16,19:16,13.3,19.4,0.4,2024,10,19,Open-Meteo (ERA5),0.0,0.1999999999999993
2024-10-20,Valencia,39.47276,-0.3734436,24.4,15.0,19.3,24.5,14.0,08:17,19:15,12.08,15.8,0.0,2024,10,20,Open-Meteo (ERA5),0.0,1.3000000000000007
2024-10-21,Valencia,39.47276,-0.3734436,23.0,14.8,19.0,23.4,15.1,08:18,19:13,13.38,12.8,0.0,2024,10,21,Open-Meteo (ERA5),0.0,1.0
2024-10-22,Valencia,39.47276,-0.3734436,22.5,15.6,18.8,21.2,15.9,08:19,19:12,11.3,27.5,1.7,2024,10,22,Open-Meteo (ERA5),0.0,0.8000000000000007
2024-10-23,Valencia,39.47276,-0.3734436,20.1,16.2,17.8,20.1,16.4,08:20,19:11,5.24,20.6,12.8,2024,10,23,Open-Meteo (ERA5),0.1999999999999993,0.0
2024-10-24,Valencia,39.47276,-0.3734436,21.9,14.4,17.7,22.9,14.3,08:21,19:09,12.09,10.9,0.1,2024,10,24,Open-Meteo (ERA5),0.3000000000000007,0.0
2024-10-25,Valencia,39.47276,-0.3734436,21.4,14.4,17.5,22.9,14.8,08:22,19:08,8.89,12.9,0.0,2024,10,25,Open-Meteo (ERA5),0.5,0.0
2024-10-26,Valencia,39.47276,-0.3734436,20.6,14.3,16.9,17.3,11.5,08:23,19:07,13.72,23.1,3.3,2024,10,26,Open-Meteo (ERA5),1.1000000000000014,0.0
2024-10-27,Valencia,39.47276,-0.3734436,15.9,11.6,13.4,15.2,9.7,08:24,19:05,3.63,15.4,23.9,2024,10,27,Open-Meteo (ERA5),4.6,0.0
2024-10-28,Valencia,39.47276,-0.3734436,20.5,13.7,17.0,19.3,13.0,08:25,19:04,9.93,23.5,9.4,2024,10,28,Open-Meteo (ERA5),1.0,0.0
2024-10-29,Valencia,39.47276,-0.3734436,20.5,17.4,18.9,18.3,13.6,08:27,19:03,2.04,45.2,87.0,2024,10,29,Open-Meteo (ERA5),0.0,0.8999999999999986
2024-10-30,Valencia,39.47276,-0.3734436,23.8,17.3,19.5,23.8,17.8,08:28,19:02,10.67,32.5,24.7,2024,10,30,Open-Meteo (ERA5),0.0,1.5
2024-10-31,Valencia,39.47276,-0.3734436,21.5,16.8,18.4,23.0,17.1,08:29,19:00,9.33,22.8,8.4,2024,10,31,Open-Meteo (ERA5),0.0,0.3999999999999986
2024-11-01,Valencia,39.47276,-0.3734436,20.0,15.9,17.6,18.9,16.6,08:30,18:59,7.7,20.2,0.7,2024,11,1,Open-Meteo (ERA5),0.3999999999999986,0.0
2024-11-02,Valencia,39.47276,-0.3734436,20.9,13.1,16.6,21.2,12.9,08:31,18:58,10.01,14.5,0.0,2024,11,2,Open-Meteo (ERA5),1.3999999999999986,0.0
2024-11-03,Valencia,39.47276,-0.3734436,19.9,15.6,17.2,19.3,14.7,08:32,18:57,6.98,23.7,47.8,2024,11,3,Open-Meteo (ERA5),0.8000000000000007,0.0
2024-11-04,Valencia,39.47276,-0.3734436,21.1,15.9,18.0,21.6,16.0,08:33,18:56,8.27,18.0,8.7,2024,11,4,Open-Meteo (ERA5),0.0,0.0
2024-11-05,Valencia,39.47276,-0.3734436,22.0,15.1,18.0,23.8,15.6,08:34,18:55,11.73,9.8,0.1,2024,11,5,Open-Meteo (ERA5),0.0,0.0
2024-11-06,Valencia,39.47276,-0.3734436,21.1,14.5,17.6,21.7,15.0,08:35,18:54,10.2,14.5,1.1,2024,11,6,Open-Meteo (ERA5),0.3999999999999986,0.0
2024-11-07,Valencia,39.47276,-0.3734436,19.9,15.1,17.2,19.5,15.8,08:37,18:53,9.37,15.3,0.3,2024,11,7,Open-Meteo (ERA5),0.8000000000000007,0.0
2024-11-08,Valencia,39.47276,-0.3734436,20.1,11.9,16.0,21.2,11.1,08:38,18:52,9.5,10.7,0.0,2024,11,8,Open-Meteo (ERA5),2.0,0.0
2024-11-09,Valencia,39.47276,-0.3734436,22.5,13.0,16.8,22.9,12.6,08:39,18:51,9.92,14.5,0.1,2024,11,9,Open-Meteo (ERA5),1.1999999999999993,0.0
2024-11-10,Valencia,39.47276,-0.3734436,21.8,10.8,16.0,20.4,8.8,08:40,18:50,11.41,10.0,0.0,2024,11,10,Open-Meteo (ERA5),2.0,0.0
2024-11-11,Valencia,39.47276,-0.3734436,20.0,10.9,14.6,19.1,9.2,08:41,18:49,11.35,10.6,0.0,2024,11,11,Open-Meteo (ERA5),3.4000000000000004,0.0
2024-11-12,Valencia,39.47276,-0.3734436,18.4,10.9,14.1,17.0,8.5,08:42,18:48,9.71,23.5,0.6,2024,11,12,Open-Meteo (ERA5),3.9000000000000004,0.0
2024-11-13,Valencia,39.47276,-0.3734436,15.1,10.0,12.7,13.0,5.6,08:43,18:47,5.41,27.2,21.5,2024,11,13,Open-Meteo (ERA5),5.300000000000001,0.0
2024-11-14,Valencia,39.47276,-0.3734436,18.2,13.6,16.1,17.1,12.5,08:44,18:47,6.11,22.8,35.1,2024,11,14,Open-Meteo (ERA5),1.8999999999999986,0.0
2024-11-15,Valencia,39.47276,-0.3734436,18.6,14.2,16.5,17.6,14.3,08:46,18:46,7.47,12.2,1.1,2024,11,15,Open-Meteo (ERA5),1.5,0.0
2024-11-16,Valencia,39.47276,-0.3734436,18.6,12.9,15.3,18.8,12.1,08:47,18:45,7.44,8.9,0.2,2024,11,16,Open-Meteo (ERA5),2.6999999999999993,0.0
2024-11-17,Valencia,39.47276,-0.3734436,19.7,10.9,14.4,19.9,9.7,08:48,18:44,10.21,8.3,0.0,2024,11,17,Open-Meteo (ERA5),3.5999999999999996,0.0
2024-11-18,Valencia,39.47276,-0.3734436,20.1,10.9,14.5,19.8,9.8,08:49,18:44,9.59,9.9,0.0,2024,11,18,Open-Meteo (ERA5),3.5,0.0
2024-11-19,Valencia,39.47276,-0.3734436,23.0,11.9,16.5,23.1,10.4,08:50,18:43,10.32,20.3,0.0,2024,11,19,Open-Meteo (ERA5),1.5,0.0
2024-11-20,Valencia,39.47276,-0.3734436,22.5,15.9,18.1,20.6,13.3,08:51,18:42,10.45,20.1,0.0,2024,11,20,Open-Meteo (ERA5),0.0,0.10000000000000142
2024-11-21,Valencia,39.47276,-0.3734436,18.7,14.9,16.5,15.6,10.6,08:52,18:42,3.86,29.0,0.0,2024,11,21,Open-Meteo (ERA5),1.5,0.0
2024-11-22,Valencia,39.47276,-0.3734436,20.4,15.9,17.7,19.7,11.0,08:53,18:41,8.49,34.3,0.2,2024,11,22,Open-Meteo (ERA5),0.3000000000000007,0.0
2024-11-23,Valencia,39.47276,-0.3734436,18.0,13.1,15.6,18.2,13.0,08:54,18:41,7.25,14.3,0.2,2024,11,23,Open-Meteo (ERA5),2.4000000000000004,0.0
2024-11-24,Valencia,39.47276,-0.3734436,19.6,11.1,15.0,19.9,10.3,08:56,18:40,8.28,8.9,0.0,2024,11,24,Open-Meteo (ERA5),3.0,0.0
2024-11-25,Valencia,39.47276,-0.3734436,19.1,13.6,15.7,20.4,13.6,08:57,18:40,8.15,11.3,0.0,2024,11,25,Open-Meteo (ERA5),2.3000000000000007,0.0
2024-11-26,Valencia,39.47276,-0.3734436,17.8,10.5,14.9,16.8,8.8,08:58,18:39,9.42,12.7,0.0,2024,11,26,Open-Meteo (ERA5),3.0999999999999996,0.0
2024-11-27,Valencia,39.47276,-0.3734436,18.2,10.1,13.5,17.5,8.4,08:59,18:39,9.82,7.8,0.0,2024,11,27,Open-Meteo (ERA5),4.5,0.0
2024-11-28,Valencia,39.47276,-0.3734436,18.5,9.4,13.1,18.2,7.7,09:00,18:39,9.87,8.2,0.0,2024,11,28,Open-Meteo (ERA5),4.9,0.0
2024-11-29,Valencia,39.47276,-0.3734436,22.0,7.6,13.5,22.7,5.6,09:01,18:38,9.79,12.7,0.0,2024,11,29,Open-Meteo (ERA5),4.5,0.0
2024-11-30,Valencia,39.47276,-0.3734436,18.4,10.4,14.1,18.3,9.1,09:02,18:38,9.46,8.4,0.0,2024,11,30,Open-Meteo (ERA5),3.9000000000000004,0.0
2024-12-01,Valencia,39.47276,-0.3734436,18.0,11.1,13.9,17.9,10.1,09:03,18:38,9.14,6.8,0.0,2024,12,1,Open-Meteo (ERA5),4.1,0.0
2024-12-02,Valencia,39.47276,-0.3734436,19.6,10.4,13.9,19.8,9.5,09:04,18:38,9.03,7.6,0.0,2024,12,2,Open-Meteo (ERA5),4.1,0.0
2024-12-03,Valencia,39.47276,-0.3734436,19.6,11.2,14.7,19.2,9.8,09:05,18:37,9.09,11.7,0.0,2024,12,3,Open-Meteo (ERA5),3.3000000000000007,0.0
2024-12-04,Valencia,39.47276,-0.3734436,16.7,11.1,14.3,15.9,9.6,09:05,18:37,7.78,10.5,6.5,2024,12,4,Open-Meteo (ERA5),3.6999999999999993,0.0
2024-12-05,Valencia,39.47276,-0.3734436,18.2,7.3,11.9,16.8,4.5,09:06,18:37,9.5,10.9,0.0,2024,12,5,Open-Meteo (ERA5),6.1,0.0
2024-12-06,Valencia,39.47276,-0.3734436,22.4,10.4,16.3,20.5,8.2,09:07,18:37,7.51,18.2,0.0,2024,12,6,Open-Meteo (ERA5),1.6999999999999993,0.0
2024-12-07,Valencia,39.47276,-0.3734436,21.7,13.3,16.5,21.6,11.3,09:08,18:37,8.97,19.0,0.0,2024,12,7,Open-Meteo (ERA5),1.5,0.0
2024-12-08,Valencia,39.47276,-0.3734436,16.2,11.4,13.2,10.6,6.5,09:09,18:37,8.45,21.3,0.0,2024,12,8,Open-Meteo (ERA5),4.800000000000001,0.0
2024-12-09,Valencia,39.47276,-0.3734436,15.6,9.9,11.9,11.3,4.8,09:10,18:37,8.46,20.8,0.0,2024,12,9,Open-Meteo (ERA5),6.1,0.0
2024-12-10,Valencia,39.47276,-0.3734436,14.1,5.9,10.3,11.1,2.8,09:11,18:37,8.46,10.1,0.0,2024,12,10,Open-Meteo (ERA5),7.699999999999999,0.0
2024-12-11,Valencia,39.47276,-0.3734436,11.9,7.1,9.5,9.0,4.1,09:12,18:37,3.63,14.4,11.2,2024,12,11,Open-Meteo (ERA5),8.5,0.0
2024-12-12,Valencia,39.47276,-0.3734436,13.1,7.3,10.0,10.8,4.2,09:12,18:38,6.39,14.6,6.4,2024,12,12,Open-Meteo (ERA5),8.0,0.0
2024-12-13,Valencia,39.47276,-0.3734436,15.2,7.3,10.6,14.1,4.7,09:13,18:38,8.69,9.2,0.0,2024,12,13,Open-Meteo (ERA5),7.4,0.0
2024-12-14,Valencia,39.47276,-0.3734436,15.4,6.6,10.2,13.4,3.5,09:14,18:38,7.83,12.0,0.0,2024,12,14,Open-Meteo (ERA5),7.800000000000001,0.0
2024-12-15,Valencia,39.47276,-0.3734436,16.2,5.4,9.9,13.8,2.1,09:14,18:38,9.17,12.3,0.0,2024,12,15,Open-Meteo (ERA5),8.1,0.0
2024-12-16,Valencia,39.47276,-0.3734436,15.3,5.2,9.4,13.2,1.8,09:15,18:39,9.25,10.8,0.0,2024,12,16,Open-Meteo (ERA5),8.6,0.0
2024-12-17,Valencia,39.47276,-0.3734436,13.7,4.4,8.1,11.5,1.2,09:16,18:39,8.77,10.3,0.0,2024,12,17,Open-Meteo (ERA5),9.9,0.0
2024-12-18,Valencia,39.47276,-0.3734436,20.4,5.8,11.8,19.3,3.1,09:16,18:39,8.79,16.8,0.0,2024,12,18,Open-Meteo (ERA5),6.199999999999999,0.0
2024-12-19,Valencia,39.47276,-0.3734436,19.9,13.6,16.2,16.4,9.5,09:17,18:40,6.39,23.7,0.0,2024,12,19,Open-Meteo (ERA5),1.8000000000000007,0.0
2024-12-20,Valencia,39.47276,-0.3734436,15.9,7.2,11.2,12.7,3.4,09:17,18:40,9.24,14.8,0.0,2024,12,20,Open-Meteo (ERA5),6.800000000000001,0.0
2024-12-21,Valencia,39.47276,-0.3734436,15.4,4.0,9.0,12.8,0.6,09:18,18:41,9.21,12.2,0.0,2024,12,21,Open-Meteo (ERA5),9.0,0.0
2024-12-22,Valencia,39.47276,-0.3734436,19.5,6.7,11.9,17.1,3.1,09:18,18:41,9.04,20.5,0.0,2024,12,22,Open-Meteo (ERA5),6.1,0.0
2024-12-23,Valencia,39.47276,-0.3734436,16.3,9.8,13.4,11.4,7.3,09:19,18:42,7.96,26.3,0.0,2024,12,23,Open-Meteo (ERA5),4.6,0.0
2024-12-24,Valencia,39.47276,-0.3734436,19.6,5.4,11.6,17.7,2.1,09:19,18:42,8.96,10.9,0.0,2024,12,24,Open-Meteo (ERA5),6.4,0.0
2024-12-25,Valencia,39.47276,-0.3734436,17.5,6.8,12.2,15.7,4.5,09:20,18:43,7.58,12.9,0.4,2024,12,25,Open-Meteo (ERA5),5.800000000000001,0.0
2024-12-26,Valencia,39.47276,-0.3734436,16.4,8.4,12.2,15.7,6.6,09:20,18:44,8.44,7.0,0.0,2024,12,26,Open-Meteo (ERA5),5.800000000000001,0.0
2024-12-27,Valencia,39.47276,-0.3734436,15.0,7.4,10.9,13.2,5.1,09:20,18:44,6.69,13.0,0.0,2024,12,27,Open-Meteo (ERA5),7.1,0.0
2024-12-28,Valencia,39.47276,-0.3734436,16.2,6.4,10.7,14.6,3.3,09:21,18:45,9.09,10.4,0.0,2024,12,28,Open-Meteo (ERA5),7.300000000000001,0.0
2024-12-29,Valencia,39.47276,-0.3734436,15.4,5.5,9.6,13.7,2.7,09:21,18:46,9.25,8.5,0.0,2024,12,29,Open-Meteo (ERA5),8.4,0.0
2024-12-30,Valencia,39.47276,-0.3734436,15.0,5.9,9.6,13.8,2.9,09:21,18:46,8.94,9.2,0.0,2024,12,30,Open-Meteo (ERA5),8.4,0.0
2024-12-31,Valencia,39.47276,-0.3734436,13.4,6.8,9.9,11.2,4.1,09:21,18:47,6.49,12.4,1.9,2024,12,31,Open-Meteo (ERA5),8.1,0.0
2025-01-01,Valencia,39.47276,-0.3734436,13.6,6.9,9.9,11.8,4.5,09:21,18:48,6.22,12.3,5.0,2025,1,1,Open-Meteo (ERA5),8.1,0.0
2025-01-02,Valencia,39.47276,-0.3734436,16.1,5.9,10.1,12.8,3.0,09:21,18:49,9.25,14.9,0.0,2025,1,2,Open-Meteo (ERA5),7.9,0.0
2025-01-03,Valencia,39.47276,-0.3734436,18.4,8.4,13.0,15.3,4.9,09:22,18:50,8.92,18.4,0.0,2025,1,3,Open-Meteo (ERA5),5.0,0.0
2025-01-04,Valencia,39.47276,-0.3734436,18.5,10.8,14.0,15.7,7.1,09:22,18:51,9.06,16.2,0.0,2025,1,4,Open-Meteo (ERA5),4.0,0.0
2025-01-05,Valencia,39.47276,-0.3734436,18.2,10.8,13.6,15.1,6.3,09:22,18:52,8.52,18.8,0.0,2025,1,5,Open-Meteo (ERA5),4.4,0.0
2025-01-06,Valencia,39.47276,-0.3734436,18.2,11.9,13.9,15.2,8.1,09:21,18:52,5.41,18.1,0.0,2025,1,6,Open-Meteo (ERA5),4.1,0.0
2025-01-07,Valencia,39.47276,-0.3734436,16.3,8.9,12.4,11.8,5.2,09:21,18:53,9.64,21.1,0.0,2025,1,7,Open-Meteo (ERA5),5.6,0.0
2025-01-08,Valencia,39.47276,-0.3734436,19.6,12.3,15.2,15.9,8.4,09:21,18:54,8.65,24.1,0.0,2025,1,8,Open-Meteo (ERA5),2.8000000000000007,0.0
2025-01-09,Valencia,39.47276,-0.3734436,21.5,14.4,17.0,17.0,10.6,09:21,18:55,9.17,23.4,0.0,2025,1,9,Open-Meteo (ERA5),1.0,0.0
2025-01-10,Valencia,39.47276,-0.3734436,21.1,12.6,16.1,18.3,9.5,09:21,18:56,9.62,21.7,0.0,2025,1,10,Open-Meteo (ERA5),1.8999999999999986,0.0
2025-01-11,Valencia,39.47276,-0.3734436,24.2,14.6,18.5,21.2,11.2,09:21,18:57,8.22,23.6,0.0,2025,1,11,Open-Meteo (ERA5),0.0,0.5
2025-01-12,Valencia,39.47276,-0.3734436,18.6,11.9,14.6,15.2,7.5,09:20,18:58,9.89,18.8,0.0,2025,1,12,Open-Meteo (ERA5),3.4000000000000004,0.0
2025-01-13,Valencia,39.47276,-0.3734436,14.3,5.8,10.0,11.2,2.2,09:20,18:59,10.44,10.4,0.0,2025,1,13,Open-Meteo (ERA5),8.0,0.0
2025-01-14,Valencia,39.47276,-0.3734436,13.0,3.2,7.8,9.6,-0.8,09:20,19:00,10.71,10.2,0.0,2025,1,14,Open-Meteo (ERA5),10.2,0.0
2025-01-15,Valencia,39.47276,-0.3734436,14.2,1.8,7.4,10.6,-2.5,09:19,19:01,10.74,9.4,0.0,2025,1,15,Open-Meteo (ERA5),10.6,0.0
2025-01-16,Valencia,39.47276,-0.3734436,12.9,3.2,7.9,8.5,-1.1,09:19,19:03,8.95,27.4,3.9,2025,1,16,Open-Meteo (ERA5),10.1,0.0
2025-01-17,Valencia,39.47276,-0.3734436,12.6,8.8,10.3,8.2,3.9,09:18,19:04,4.3,27.1,3.6,2025,1,17,Open-Meteo (ERA5),7.699999999999999,0.0
2025-01-18,Valencia,39.47276,-0.3734436,15.9,5.7,9.7,13.6,1.6,09:18,19:05,10.53,13.8,0.0,2025,1,18,Open-Meteo (ERA5),8.3,0.0
2025-01-19,Valencia,39.47276,-0.3734436,14.9,4.1,8.9,12.5,0.6,09:17,19:06,10.83,10.3,0.0,2025,1,19,Open-Meteo (ERA5),9.1,0.0
2025-01-20,Valencia,39.47276,-0.3734436,15.4,5.3,10.1,13.1,2.2,09:17,19:07,6.91,12.9,0.0,2025,1,20,Open-Meteo (ERA5),7.9,0.0
2025-01-21,Valencia,39.47276,-0.3734436,16.5,9.9,12.4,16.0,8.6,09:16,19:08,5.96,8.0,1.9,2025,1,21,Open-Meteo (ERA5),5.6,0.0
2025-01-22,Valencia,39.47276,-0.3734436,20.0,9.1,13.4,19.0,7.1,09:16,19:09,10.0,10.9,0.0,2025,1,22,Open-Meteo (ERA5),4.6,0.0
2025-01-23,Valencia,39.47276,-0.3734436,22.1,11.5,15.8,20.1,9.2,09:15,19:11,10.1,15.1,0.0,2025,1,23,Open-Meteo (ERA5),2.1999999999999993,0.0
2025-01-24,Valencia,39.47276,-0.3734436,21.6,12.8,16.0,19.1,10.6,09:14,19:12,10.84,15.3,0.0,2025,1,24,Open-Meteo (ERA5),2.0,0.0
2025-01-25,Valencia,39.47276,-0.3734436,19.0,12.1,15.1,15.4,9.4,09:14,19:13,6.79,21.4,0.0,2025,1,25,Open-Meteo (ERA5),2.9000000000000004,0.0
2025-01-26,Valencia,39.47276,-0.3734436,19.8,9.9,14.5,17.0,7.2,09:13,19:14,9.91,19.4,0.0,2025,1,26,Open-Meteo (ERA5),3.5,0.0
2025-01-27,Valencia,39.47276,-0.3734436,24.5,15.7,19.9,21.7,12.2,09:12,19:15,9.06,29.7,0.7,2025,1,27,Open-Meteo (ERA5),0.0,1.8999999999999986
2025-01-28,Valencia,39.47276,-0.3734436,17.7,12.8,14.8,11.8,6.4,09:12,19:16,10.52,44.6,0.0,2025,1,28,Open-Meteo (ERA5),3.1999999999999993,0.0
2025-01-29,Valencia,39.47276,-0.3734436,16.2,10.3,12.8,12.7,5.3,09:11,19:17,3.81,23.4,1.5,2025,1,29,Open-Meteo (ERA5),5.199999999999999,0.0
2025-01-30,Valencia,39.47276,-0.3734436,18.5,9.9,13.2,13.9,6.0,09:10,19:19,9.68,23.0,0.5,2025,1,30,Open-Meteo (ERA5),4.800000000000001,0.0
2025-01-31,Valencia,39.47276,-0.3734436,16.9,10.1,13.1,14.0,6.5,09:09,19:20,11.78,16.7,0.0,2025,1,31,Open-Meteo (ERA5),4.9,0.0
2025-02-01,Valencia,39.47276,-0.3734436,15.6,5.8,9.3,12.8,1.6,09:08,19:21,7.97,15.8,12.2,2025,2,1,Open-Meteo (ERA5),8.7,0.0
2025-02-02,Valencia,39.47276,-0.3734436,14.2,5.8,9.6,11.5,2.5,09:07,19:22,12.41,10.6,0.0,2025,2,2,Open-Meteo (ERA5),8.4,0.0
2025-02-03,Valencia,39.47276,-0.3734436,15.8,5.2,9.8,13.1,1.5,09:06,19:23,12.39,10.0,0.0,2025,2,3,Open-Meteo (ERA5),8.2,0.0
2025-02-04,Valencia,39.47276,-0.3734436,18.4,5.7,11.1,14.9,2.2,09:05,19:25,12.98,11.1,0.0,2025,2,4,Open-Meteo (ERA5),6.9,0.0
2025-02-05,Valencia,39.47276,-0.3734436,17.0,5.0,10.5,14.2,1.4,09:04,19:26,13.13,10.5,0.0,2025,2,5,Open-Meteo (ERA5),7.5,0.0
2025-02-06,Valencia,39.47276,-0.3734436,15.6,5.1,10.0,13.2,1.7,09:03,19:27,13.08,9.8,0.0,2025,2,6,Open-Meteo (ERA5),8.0,0.0
2025-02-07,Valencia,39.47276,-0.3734436,17.4,4.3,10.3,13.6,1.1,09:02,19:28,13.17,14.0,0.7,2025,2,7,Open-Meteo (ERA5),7.699999999999999,0.0
2025-02-08,Valencia,39.47276,-0.3734436,18.2,11.3,13.7,15.6,8.7,09:01,19:29,13.43,14.6,0.0,2025,2,8,Open-Meteo (ERA5),4.300000000000001,0.0
2025-02-09,Valencia,39.47276,-0.3734436,16.4,6.6,11.1,13.7,3.8,09:00,19:31,13.27,9.7,0.0,2025,2,9,Open-Meteo (ERA5),6.9,0.0
2025-02-10,Valencia,39.47276,-0.3734436,15.3,7.3,11.5,13.9,5.0,08:59,19:32,9.07,11.8,0.0,2025,2,10,Open-Meteo (ERA5),6.5,0.0
2025-02-11,Valencia,39.47276,-0.3734436,16.8,8.2,12.4,15.5,7.1,08:57,19:33,13.47,12.0,0.0,2025,2,11,Open-Meteo (ERA5),5.6,0.0
2025-02-12,Valencia,39.47276,-0.3734436,17.8,10.2,13.2,17.0,8.1,08:56,19:34,10.71,10.1,8.6,2025,2,12,Open-Meteo (ERA5),4.800000000000001,0.0
2025-02-13,Valencia,39.47276,-0.3734436,18.4,8.4,13.3,16.2,6.0,08:55,19:35,13.69,12.5,0.0,2025,2,13,Open-Meteo (ERA5),4.699999999999999,0.0
2025-02-14,Valencia,39.47276,-0.3734436,22.4,9.2,14.5,20.8,6.8,08:54,19:36,13.9,11.8,0.0,2025,2,14,Open-Meteo (ERA5),3.5,0.0
2025-02-15,Valencia,39.47276,-0.3734436,17.4,9.3,13.2,15.5,7.8,08:53,19:37,12.66,13.5,0.0,2025,2,15,Open-Meteo (ERA5),4.800000000000001,0.0
2025-02-16,Valencia,39.47276,-0.3734436,18.4,8.7,13.1,17.6,7.3,08:51,19:39,14.48,10.0,0.0,2025,2,16,Open-Meteo (ERA5),4.9,0.0
2025-02-17,Valencia,39.47276,-0.3734436,18.2,9.9,13.3,16.9,8.3,08:50,19:40,14.45,11.7,0.0,2025,2,17,Open-Meteo (ERA5),4.699999999999999,0.0
2025-02-18,Valencia,39.47276,-0.3734436,15.9,9.3,12.6,15.0,7.7,08:49,19:41,9.66,10.2,0.0,2025,2,18,Open-Meteo (ERA5),5.4,0.0
2025-02-19,Valencia,39.47276,-0.3734436,16.5,8.9,12.7,16.1,8.3,08:48,19:42,13.17,10.1,0.0,2025,2,19,Open-Meteo (ERA5),5.300000000000001,0.0
2025-02-20,Valencia,39.47276,-0.3734436,17.4,10.4,13.2,16.3,9.9,08:46,19:43,12.45,13.8,0.0,2025,2,20,Open-Meteo (ERA5),4.800000000000001,0.0
2025-02-21,Valencia,39.47276,-0.3734436,16.3,13.0,14.2,15.2,12.6,08:45,19:44,8.73,10.7,0.0,2025,2,21,Open-Meteo (ERA5),3.8000000000000007,0.0
2025-02-22,Valencia,39.47276,-0.3734436,19.6,9.4,13.1,18.7,7.9,08:43,19:45,7.65,12.5,6.0,2025,2,22,Open-Meteo (ERA5),4.9,0.0
2025-02-23,Valencia,39.47276,-0.3734436,16.9,11.1,13.5,15.9,9.8,08:42,19:47,11.31,11.6,1.2,2025,2,23,Open-Meteo (ERA5),4.5,0.0
2025-02-24,Valencia,39.47276,-0.3734436,20.9,7.2,13.6,17.3,4.8,08:41,19:48,14.14,15.5,0.0,2025,2,24,Open-Meteo (ERA5),4.4,0.0
2025-02-25,Valencia,39.47276,-0.3734436,19.6,13.9,16.0,17.5,10.8,08:39,19:49,5.82,19.4,0.0,2025,2,25,Open-Meteo (ERA5),2.0,0.0
2025-02-26,Valencia,39.47276,-0.3734436,18.0,6.7,12.2,14.7,3.6,08:38,19:50,16.62,14.3,0.0,2025,2,26,Open-Meteo (ERA5),5.800000000000001,0.0
2025-02-27,Valencia,39.47276,-0.3734436,16.2,7.7,11.5,13.3,4.6,08:36,19:51,10.78,11.2,0.0,2025,2,27,Open-Meteo (ERA5),6.5,0.0
2025-02-28,Valencia,39.47276,-0.3734436,15.1,7.9,11.7,12.5,5.4,08:35,19:52,10.05,14.4,1.1,2025,2,28,Open-Meteo (ERA5),6.300000000000001,0.0
2025-03-01,Valencia,39.47276,-0.3734436,14.1,11.1,12.4,9.9,8.2,08:33,19:53,8.55,25.2,1.2,2025,3,1,Open-Meteo (ERA5),5.6,0.0
2025-03-02,Valencia,39.47276,-0.3734436,12.9,10.7,11.8,9.1,6.8,08:32,19:54,3.91,29.9,3.0,2025,3,2,Open-Meteo (ERA5),6.199999999999999,0.0
2025-03-03,Valencia,39.47276,-0.3734436,14.6,11.9,12.9,13.2,8.8,08:30,19:55,4.67,22.5,27.2,2025,3,3,Open-Meteo (ERA5),5.1,0.0
2025-03-04,Valencia,39.47276,-0.3734436,15.4,12.9,13.7,12.4,10.7,08:29,19:56,9.24,25.6,10.9,2025,3,4,Open-Meteo (ERA5),4.300000000000001,0.0
2025-03-05,Valencia,39.47276,-0.3734436,13.9,12.9,13.4,11.8,9.3,08:27,19:57,3.32,31.9,22.4,2025,3,5,Open-Meteo (ERA5),4.6,0.0
2025-03-06,Valencia,39.47276,-0.3734436,15.2,12.9,13.9,13.0,11.1,08:26,19:58,7.48,22.9,16.5,2025,3,6,Open-Meteo (ERA5),4.1,0.0
2025-03-07,Valencia,39.47276,-0.3734436,15.9,12.1,13.6,14.6,11.2,08:24,20:00,9.63,14.7,0.9,2025,3,7,Open-Meteo (ERA5),4.4,0.0
2025-03-08,Valencia,39.47276,-0.3734436,16.1,12.0,13.8,15.3,11.9,08:23,20:01,9.31,18.4,7.3,2025,3,8,Open-Meteo (ERA5),4.199999999999999,0.0
2025-03-09,Valencia,39.47276,-0.3734436,17.2,10.1,13.5,14.3,6.7,08:21,20:02,16.98,18.7,0.5,2025,3,9,Open-Meteo (ERA5),4.5,0.0
2025-03-10,Valencia,39.47276,-0.3734436,18.5,9.6,13.1,15.9,8.1,08:20,20:03,16.18,14.2,0.2,2025,3,10,Open-Meteo (ERA5),4.9,0.0
2025-03-11,Valencia,39.47276,-0.3734436,19.7,11.5,14.3,18.5,9.7,08:18,20:04,14.67,17.6,0.7,2025,3,11,Open-Meteo (ERA5),3.6999999999999993,0.0
2025-03-12,Valencia,39.47276,-0.3734436,20.8,11.1,14.9,17.0,8.7,08:17,20:05,17.59,20.7,0.0,2025,3,12,Open-Meteo (ERA5),3.0999999999999996,0.0
2025-03-13,Valencia,39.47276,-0.3734436,14.8,9.8,12.5,13.8,7.2,08:15,20:06,6.92,18.6,9.2,2025,3,13,Open-Meteo (ERA5),5.5,0.0
2025-03-14,Valencia,39.47276,-0.3734436,11.4,9.4,10.4,9.9,7.3,08:13,20:07,4.52,14.9,5.4,2025,3,14,Open-Meteo (ERA5),7.6,0.0
2025-03-15,Valencia,39.47276,-0.3734436,16.2,5.0,10.5,13.7,1.2,08:12,20:08,18.3,13.0,0.0,2025,3,15,Open-Meteo (ERA5),7.5,0.0
2025-03-16,Valencia,39.47276,-0.3734436,14.9,7.0,10.6,13.9,3.8,08:10,20:09,13.62,11.2,4.1,2025,3,16,Open-Meteo (ERA5),7.4,0.0
2025-03-17,Valencia,39.47276,-0.3734436,11.4,7.8,9.8,8.8,6.5,08:09,20:10,6.24,14.4,3.6,2025,3,17,Open-Meteo (ERA5),8.2,0.0
2025-03-18,Valencia,39.47276,-0.3734436,13.1,9.9,11.6,10.8,7.9,08:07,20:11,3.05,22.2,19.0,2025,3,18,Open-Meteo (ERA5),6.4,0.0
2025-03-19,Valencia,39.47276,-0.3734436,16.6,11.8,13.7,16.0,10.0,08:05,20:12,12.61,15.2,16.5,2025,3,19,Open-Meteo (ERA5),4.300000000000001,0.0
2025-03-20,Valencia,39.47276,-0.3734436,17.0,13.8,14.9,15.3,11.8,08:04,20:13,9.73,24.7,0.6,2025,3,20,Open-Meteo (ERA5),3.0999999999999996,0.0
2025-03-21,Valencia,39.47276,-0.3734436,20.7,12.8,16.1,17.3,12.0,08:02,20:14,15.48,24.7,1.0,2025,3,21,Open-Meteo (ERA5),1.8999999999999986,0.0
2025-03-22,Valencia,39.47276,-0.3734436,17.7,11.6,14.5,13.4,9.0,08:01,20:15,14.69,26.5,0.0,2025,3,22,Open-Meteo (ERA5),3.5,0.0
2025-03-23,Valencia,39.47276,-0.3734436,17.5,9.9,13.2,14.3,5.9,07:59,20:16,18.91,19.5,0.0,2025,3,23,Open-Meteo (ERA5),4.800000000000001,0.0
2025-03-24,Valencia,39.47276,-0.3734436,18.1,8.6,12.5,17.6,6.0,07:57,20:17,18.68,15.0,0.0,2025,3,24,Open-Meteo (ERA5),5.5,0.0
2025-03-25,Valencia,39.47276,-0.3734436,17.1,8.6,12.7,17.2,6.7,07:56,20:18,18.6,8.1,0.0,2025,3,25,Open-Meteo (ERA5),5.300000000000001,0.0
2025-03-26,Valencia,39.47276,-0.3734436,17.5,8.2,12.7,16.7,5.9,07:54,20:19,20.63,14.9,0.0,2025,3,26,Open-Meteo (ERA5),5.300000000000001,0.0
2025-03-27,Valencia,39.47276,-0.3734436,16.6,7.8,12.4,16.2,5.4,07:53,20:20,21.41,11.7,0.0,2025,3,27,Open-Meteo (ERA5),5.6,0.0
2025-03-28,Valencia,39.47276,-0.3734436,18.0,9.4,13.3,17.4,7.4,07:51,20:21,21.65,10.2,0.0,2025,3,28,Open-Meteo (ERA5),4.699999999999999,0.0
2025-03-29,Valencia,39.47276,-0.3734436,21.5,10.2,15.0,18.1,7.4,07:50,20:22,21.48,25.3,0.0,2025,3,29,Open-Meteo (ERA5),3.0,0.0
2025-03-30,Valencia,39.47276,-0.3734436,20.9,6.7,13.6,19.0,2.9,07:48,20:23,22.69,11.0,0.0,2025,3,30,Open-Meteo (ERA5),4.4,0.0
2025-03-31,Valencia,39.47276,-0.3734436,24.6,9.0,15.9,24.7,6.0,07:46,20:24,22.67,10.6,0.0,2025,3,31,Open-Meteo (ERA5),2.0999999999999996,0.0
2025-04-01,Valencia,39.47276,-0.3734436,20.9,10.2,15.5,20.8,8.2,07:45,20:25,22.4,16.1,0.0,2025,4,1,Open-Meteo (ERA5),2.5,0.0
2025-04-02,Valencia,39.47276,-0.3734436,17.7,13.4,15.2,16.6,11.6,07:43,20:26,14.24,17.0,0.0,2025,4,2,Open-Meteo (ERA5),2.8000000000000007,0.0
2025-04-03,Valencia,39.47276,-0.3734436,17.1,13.7,15.2,14.2,12.2,07:42,20:27,11.7,24.8,1.3,2025,4,3,Open-Meteo (ERA5),2.8000000000000007,0.0
2025-04-04,Valencia,39.47276,-0.3734436,18.8,14.4,16.0,18.8,11.7,07:40,20:28,15.88,23.4,0.4,2025,4,4,Open-Meteo (ERA5),2.0,0.0
2025-04-05,Valencia,39.47276,-0.3734436,24.1,12.9,17.4,22.3,11.0,07:38,20:29,22.13,16.2,0.0,2025,4,5,Open-Meteo (ERA5),0.6000000000000014,0.0
2025-04-06,Valencia,39.47276,-0.3734436,24.0,12.4,17.8,23.3,10.1,07:37,20:30,22.19,10.8,0.0,2025,4,6,Open-Meteo (ERA5),0.1999999999999993,0.0
2025-04-07,Valencia,39.47276,-0.3734436,22.6,12.6,17.6,21.8,10.7,07:35,20:31,23.11,13.2,0.0,2025,4,7,Open-Meteo (ERA5),0.3999999999999986,0.0
2025-04-08,Valencia,39.47276,-0.3734436,20.6,11.6,16.6,20.8,10.9,07:34,20:32,23.22,11.8,0.0,2025,4,8,Open-Meteo (ERA5),1.3999999999999986,0.0
2025-04-09,Valencia,39.47276,-0.3734436,20.5,12.0,16.4,20.8,11.3,07:32,20:33,23.68,11.6,0.0,2025,4,9,Open-Meteo (ERA5),1.6000000000000014,0.0
2025-04-10,Valencia,39.47276,-0.3734436,19.8,12.4,16.2,19.1,10.7,07:31,20:34,18.71,17.5,0.4,2025,4,10,Open-Meteo (ERA5),1.8000000000000007,0.0
2025-04-11,Valencia,39.47276,-0.3734436,18.2,13.9,15.9,16.6,12.6,07:29,20:35,12.74,19.3,1.9,2025,4,11,Open-Meteo (ERA5),2.0999999999999996,0.0
2025-04-12,Valencia,39.47276,-0.3734436,19.6,12.2,15.7,19.3,11.5,07:28,20:36,13.84,9.6,0.8,2025,4,12,Open-Meteo (ERA5),2.3000000000000007,0.0
2025-04-13,Valencia,39.47276,-0.3734436,20.6,13.8,16.6,22.2,13.2,07:26,20:37,17.93,10.8,0.0,2025,4,13,Open-Meteo (ERA5),1.3999999999999986,0.0
2025-04-14,Valencia,39.47276,-0.3734436,19.7,13.2,16.9,20.6,13.9,07:25,20:38,17.36,14.8,1.0,2025,4,14,Open-Meteo (ERA5),1.1000000000000014,0.0
2025-04-15,Valencia,39.47276,-0.3734436,21.0,14.1,17.0,17.5,10.6,07:23,20:39,22.75,21.9,0.0,2025,4,15,Open-Meteo (ERA5),1.0,0.0
2025-04-16,Valencia,39.47276,-0.3734436,21.8,10.8,15.8,18.2,6.8,07:22,20:40,24.43,26.0,0.1,2025,4,16,Open-Meteo (ERA5),2.1999999999999993,0.0
2025-04-17,Valencia,39.47276,-0.3734436,24.5,12.7,18.3,22.3,9.9,07:20,20:41,24.63,24.1,0.0,2025,4,17,Open-Meteo (ERA5),0.0,0.3000000000000007
2025-04-18,Valencia,39.47276,-0.3734436,24.4,12.2,18.2,23.4,10.4,07:19,20:42,22.2,19.0,0.0,2025,4,18,Open-Meteo (ERA5),0.0,0.1999999999999993
2025-04-19,Valencia,39.47276,-0.3734436,21.5,15.4,18.3,16.7,12.3,07:18,20:43,24.42,29.3,0.1,2025,4,19,Open-Meteo (ERA5),0.0,0.3000000000000007
2025-04-20,Valencia,39.47276,-0.3734436,21.4,11.9,16.1,20.2,8.8,07:16,20:44,22.53,17.4,0.6,2025,4,20,Open-Meteo (ERA5),1.8999999999999986,0.0
2025-04-21,Valencia,39.47276,-0.3734436,22.4,11.4,16.6,21.9,8.9,07:15,20:45,24.74,19.3,0.0,2025,4,21,Open-Meteo (ERA5),1.3999999999999986,0.0
2025-04-22,Valencia,39.47276,-0.3734436,21.5,13.6,16.4,20.3,12.8,07:13,20:46,16.35,11.9,11.9,2025,4,22,Open-Meteo (ERA5),1.6000000000000014,0.0
2025-04-23,Valencia,39.47276,-0.3734436,20.2,11.0,15.8,20.7,9.3,07:12,20:47,25.64,13.6,0.0,2025,4,23,Open-Meteo (ERA5),2.1999999999999993,0.0
2025-04-24,Valencia,39.47276,-0.3734436,22.0,11.7,16.8,22.4,10.7,07:11,20:48,25.54,13.7,0.0,2025,4,24,Open-Meteo (ERA5),1.1999999999999993,0.0
2025-04-25,Valencia,39.47276,-0.3734436,20.6,12.8,17.0,22.5,12.8,07:09,20:49,23.34,10.9,0.0,2025,4,25,Open-Meteo (ERA5),1.0,0.0
2025-04-26,Valencia,39.47276,-0.3734436,21.2,13.8,17.6,22.6,14.3,07:08,20:50,22.36,12.7,0.0,2025,4,26,Open-Meteo (ERA5),0.3999999999999986,0.0
2025-04-27,Valencia,39.47276,-0.3734436,21.9,13.0,17.7,21.2,10.4,07:07,20:51,24.45,14.5,0.0,2025,4,27,Open-Meteo (ERA5),0.3000000000000007,0.0
2025-04-28,Valencia,39.47276,-0.3734436,21.6,11.9,17.4,21.4,10.2,07:05,20:52,25.91,11.3,0.0,2025,4,28,Open-Meteo (ERA5),0.6000000000000014,0.0
2025-04-29,Valencia,39.47276,-0.3734436,20.0,13.4,17.0,19.8,12.1,07:04,20:53,22.74,17.8,0.6,2025,4,29,Open-Meteo (ERA5),1.0,0.0
2025-04-30,Valencia,39.47276,-0.3734436,19.9,15.6,17.5,18.0,14.0,07:03,20:54,19.66,24.5,1.6,2025,4,30,Open-Meteo (ERA5),0.5,0.0
2025-05-01,Valencia,39.47276,-0.3734436,20.8,16.2,18.4,20.6,14.4,07:02,20:55,20.26,21.3,0.0,2025,5,1,Open-Meteo (ERA5),0.0,0.3999999999999986
2025-05-02,Valencia,39.47276,-0.3734436,21.6,17.0,18.6,21.8,16.1,07:00,20:56,19.14,22.2,0.8,2025,5,2,Open-Meteo (ERA5),0.0,0.6000000000000014
2025-05-03,Valencia,39.47276,-0.3734436,24.5,16.0,19.9,26.5,16.4,06:59,20:57,23.38,15.0,0.0,2025,5,3,Open-Meteo (ERA5),0.0,1.8999999999999986
2025-05-04,Valencia,39.47276,-0.3734436,26.5,18.4,22.1,23.9,15.8,06:58,20:57,25.13,24.4,0.0,2025,5,4,Open-Meteo (ERA5),0.0,4.100000000000001
2025-05-05,Valencia,39.47276,-0.3734436,25.7,17.0,20.8,24.5,14.3,06:57,20:58,21.05,18.4,0.8,2025,5,5,Open-Meteo (ERA5),0.0,2.8000000000000007
2025-05-06,Valencia,39.47276,-0.3734436,21.8,13.9,17.4,22.4,12.9,06:56,20:59,23.78,20.6,0.0,2025,5,6,Open-Meteo (ERA5),0.6000000000000014,0.0
2025-05-07,Valencia,39.47276,-0.3734436,19.9,15.8,17.5,18.3,13.7,06:55,21:00,15.18,12.2,1.6,2025,5,7,Open-Meteo (ERA5),0.5,0.0
2025-05-08,Valencia,39.47276,-0.3734436,19.6,13.8,16.6,19.3,13.9,06:54,21:01,15.97,9.5,9.8,2025,5,8,Open-Meteo (ERA5),1.3999999999999986,0.0
2025-05-09,Valencia,39.47276,-0.3734436,20.1,12.9,16.9,21.7,12.0,06:53,21:02,23.48,13.2,0.2,2025,5,9,Open-Meteo (ERA5),1.1000000000000014,0.0
2025-05-10,Valencia,39.47276,-0.3734436,20.5,15.6,17.8,20.9,16.1,06:52,21:03,17.41,15.3,6.0,2025,5,10,Open-Meteo (ERA5),0.1999999999999993,0.0
2025-05-11,Valencia,39.47276,-0.3734436,25.0,12.8,18.7,24.4,12.3,06:51,21:04,25.38,16.2,0.2,2025,5,11,Open-Meteo (ERA5),0.0,0.6999999999999993
2025-05-12,Valencia,39.47276,-0.3734436,24.0,12.9,18.2,22.8,10.6,06:50,21:05,25.77,20.6,0.1,2025,5,12,Open-Meteo (ERA5),0.0,0.1999999999999993
2025-05-13,Valencia,39.47276,-0.3734436,23.2,13.2,18.2,24.3,12.3,06:49,21:06,21.18,12.3,0.4,2025,5,13,Open-Meteo (ERA5),0.0,0.1999999999999993
2025-05-14,Valencia,39.47276,-0.3734436,21.2,14.1,18.0,20.5,14.0,06:48,21:07,16.29,13.3,6.6,2025,5,14,Open-Meteo (ERA5),0.0,0.0
2025-05-15,Valencia,39.47276,-0.3734436,23.5,13.8,19.2,22.4,12.7,06:47,21:08,21.75,11.0,0.0,2025,5,15,Open-Meteo (ERA5),0.0,1.1999999999999993
2025-05-16,Valencia,39.47276,-0.3734436,26.5,14.9,20.6,26.4,13.2,06:46,21:09,26.41,15.2,0.0,2025,5,16,Open-Meteo (ERA5),0.0,2.6000000000000014
2025-05-17,Valencia,39.47276,-0.3734436,23.9,15.8,20.4,25.1,14.6,06:45,21:10,26.33,13.5,0.0,2025,5,17,Open-Meteo (ERA5),0.0,2.3999999999999986
2025-05-18,Valencia,39.47276,-0.3734436,25.5,15.4,20.8,26.3,15.6,06:44,21:11,27.4,14.0,0.0,2025,5,18,Open-Meteo (ERA5),0.0,2.8000000000000007
2025-05-19,Valencia,39.47276,-0.3734436,29.7,15.8,23.1,28.0,14.4,06:43,21:12,27.09,26.3,0.0,2025,5,19,Open-Meteo (ERA5),0.0,5.100000000000001
2025-05-20,Valencia,39.47276,-0.3734436,27.6,17.1,22.4,27.5,14.8,06:43,21:13,27.43,18.9,0.0,2025,5,20,Open-Meteo (ERA5),0.0,4.399999999999999
2025-05-21,Valencia,39.47276,-0.3734436,26.1,16.8,22.0,25.5,15.0,06:42,21:13,27.42,16.4,0.0,2025,5,21,Open-Meteo (ERA5),0.0,4.0
2025-05-22,Valencia,39.47276,-0.3734436,24.6,18.2,21.5,25.8,18.1,06:41,21:14,24.17,14.1,0.1,2025,5,22,Open-Meteo (ERA5),0.0,3.5
2025-05-23,Valencia,39.47276,-0.3734436,21.1,16.5,19.6,21.1,15.4,06:40,21:15,23.96,15.7,2.1,2025,5,23,Open-Meteo (ERA5),0.0,1.6000000000000014
2025-05-24,Valencia,39.47276,-0.3734436,24.0,15.1,20.2,24.2,13.9,06:40,21:16,28.41,14.7,0.0,2025,5,24,Open-Meteo (ERA5),0.0,2.1999999999999993
2025-05-25,Valencia,39.47276,-0.3734436,26.0,16.2,21.8,26.4,14.6,06:39,21:17,28.07,15.1,0.0,2025,5,25,Open-Meteo (ERA5),0.0,3.8000000000000007
2025-05-26,Valencia,39.47276,-0.3734436,24.6,17.5,21.7,25.9,17.9,06:39,21:18,27.23,16.2,0.0,2025,5,26,Open-Meteo (ERA5),0.0,3.6999999999999993
2025-05-27,Valencia,39.47276,-0.3734436,24.9,18.2,21.8,25.7,19.2,06:38,21:18,28.0,13.4,0.0,2025,5,27,Open-Meteo (ERA5),0.0,3.8000000000000007
2025-05-28,Valencia,39.47276,-0.3734436,27.6,17.5,22.7,29.3,17.7,06:37,21:19,27.9,14.0,0.0,2025,5,28,Open-Meteo (ERA5),0.0,4.699999999999999
2025-05-29,Valencia,39.47276,-0.3734436,27.0,19.0,23.4,29.7,19.9,06:37,21:20,28.25,12.4,0.0,2025,5,29,Open-Meteo (ERA5),0.0,5.399999999999999
2025-05-30,Valencia,39.47276,-0.3734436,28.4,19.1,23.9,30.1,20.1,06:37,21:21,27.84,12.6,0.0,2025,5,30,Open-Meteo (ERA5),0.0,5.899999999999999
2025-05-31,Valencia,39.47276,-0.3734436,29.0,19.8,24.6,30.7,21.3,06:36,21:21,27.3,12.6,0.0,2025,5,31,Open-Meteo (ERA5),0.0,6.600000000000001
2025-06-01,Valencia,39.47276,-0.3734436,29.0,19.9,24.8,31.0,22.0,06:36,21:22,27.26,14.5,0.0,2025,6,1,Open-Meteo (ERA5),0.0,6.800000000000001
2025-06-02,Valencia,39.47276,-0.3734436,28.0,21.5,24.5,28.6,22.3,06:35,21:23,26.08,19.6,0.0,2025,6,2,Open-Meteo (ERA5),0.0,6.5
2025-06-03,Valencia,39.47276,-0.3734436,27.0,19.9,23.1,28.9,20.2,06:35,21:23,25.03,15.1,3.1,2025,6,3,Open-Meteo (ERA5),0.0,5.100000000000001
2025-06-04,Valencia,39.47276,-0.3734436,27.8,18.2,22.9,30.2,17.4,06:35,21:24,27.64,15.8,0.0,2025,6,4,Open-Meteo (ERA5),0.0,4.899999999999999
2025-06-05,Valencia,39.47276,-0.3734436,26.4,18.4,22.7,28.4,19.3,06:34,21:25,27.84,13.9,0.0,2025,6,5,Open-Meteo (ERA5),0.0,4.699999999999999
2025-06-06,Valencia,39.47276,-0.3734436,26.1,19.0,23.1,29.1,21.1,06:34,21:25,27.7,12.1,0.0,2025,6,6,Open-Meteo (ERA5),0.0,5.100000000000001
2025-06-07,Valencia,39.47276,-0.3734436,27.0,19.2,23.7,29.5,21.1,06:34,21:26,28.72,14.3,0.0,2025,6,7,Open-Meteo (ERA5),0.0,5.699999999999999
2025-06-08,Valencia,39.47276,-0.3734436,26.6,20.6,23.6,28.9,22.7,06:34,21:27,22.99,15.8,0.6,2025,6,8,Open-Meteo (ERA5),0.0,5.600000000000001
2025-06-09,Valencia,39.47276,-0.3734436,26.2,20.7,23.4,28.3,23.9,06:34,21:27,20.51,11.9,0.3,2025,6,9,Open-Meteo (ERA5),0.0,5.399999999999999
2025-06-10,Valencia,39.47276,-0.3734436,28.4,20.7,24.7,31.2,23.3,06:33,21:28,26.8,11.9,0.0,2025,6,10,Open-Meteo (ERA5),0.0,6.699999999999999
2025-06-11,Valencia,39.47276,-0.3734436,31.0,20.6,25.4,33.6,22.2,06:33,21:28,23.31,13.0,0.0,2025,6,11,Open-Meteo (ERA5),0.0,7.399999999999999
2025-06-12,Valencia,39.47276,-0.3734436,29.0,20.9,25.2,31.4,20.7,06:33,21:29,28.24,14.0,0.0,2025,6,12,Open-Meteo (ERA5),0.0,7.199999999999999
2025-06-13,Valencia,39.47276,-0.3734436,27.9,22.3,25.1,31.5,25.9,06:33,21:29,26.97,15.3,0.0,2025,6,13,Open-Meteo (ERA5),0.0,7.100000000000001
2025-06-14,Valencia,39.47276,-0.3734436,29.5,22.0,25.8,32.1,25.3,06:33,21:29,26.41,11.4,0.0,2025,6,14,Open-Meteo (ERA5),0.0,7.800000000000001
2025-06-15,Valencia,39.47276,-0.3734436,29.6,22.2,26.1,32.1,24.9,06:33,21:30,25.56,17.8,0.0,2025,6,15,Open-Meteo (ERA5),0.0,8.100000000000001
2025-06-16,Valencia,39.47276,-0.3734436,28.1,22.5,25.7,31.4,24.8,06:33,21:30,27.46,15.7,0.0,2025,6,16,Open-Meteo (ERA5),0.0,7.699999999999999
2025-06-17,Valencia,39.47276,-0.3734436,29.9,22.5,26.3,34.2,25.7,06:33,21:30,27.24,13.0,0.0,2025,6,17,Open-Meteo (ERA5),0.0,8.3
2025-06-18,Valencia,39.47276,-0.3734436,28.8,22.8,25.8,32.0,26.5,06:34,21:31,25.97,13.7,0.0,2025,6,18,Open-Meteo (ERA5),0.0,7.800000000000001
2025-06-19,Valencia,39.47276,-0.3734436,29.2,22.5,26.1,32.2,26.4,06:34,21:31,25.89,13.1,0.0,2025,6,19,Open-Meteo (ERA5),0.0,8.100000000000001
2025-06-20,Valencia,39.47276,-0.3734436,31.9,23.6,27.7,35.6,27.3,06:34,21:31,26.27,12.9,0.0,2025,6,20,Open-Meteo (ERA5),0.0,9.7
2025-06-21,Valencia,39.47276,-0.3734436,31.9,23.7,27.7,35.6,27.6,06:34,21:32,27.48,13.7,0.0,2025,6,21,Open-Meteo (ERA5),0.0,9.7
2025-06-22,Valencia,39.47276,-0.3734436,32.2,23.8,27.9,36.3,27.3,06:34,21:32,27.75,14.4,0.0,2025,6,22,Open-Meteo (ERA5),0.0,9.899999999999999
2025-06-23,Valencia,39.47276,-0.3734436,31.7,23.5,28.0,34.7,25.5,06:35,21:32,27.89,13.1,0.0,2025,6,23,Open-Meteo (ERA5),0.0,10.0
2025-06-24,Valencia,39.47276,-0.3734436,32.0,23.5,28.2,34.1,23.4,06:35,21:32,28.81,12.1,0.0,2025,6,24,Open-Meteo (ERA5),0.0,10.2
2025-06-25,Valencia,39.47276,-0.3734436,32.0,22.6,27.7,33.6,22.3,06:35,21:32,27.55,13.2,0.0,2025,6,25,Open-Meteo (ERA5),0.0,9.7
2025-06-26,Valencia,39.47276,-0.3734436,30.5,23.5,27.5,34.1,22.6,06:36,21:32,28.89,15.8,0.0,2025,6,26,Open-Meteo (ERA5),0.0,9.5
2025-06-27,Valencia,39.47276,-0.3734436,31.9,23.1,27.7,34.6,24.9,06:36,21:32,28.64,16.0,0.0,2025,6,27,Open-Meteo (ERA5),0.0,9.7
2025-06-28,Valencia,39.47276,-0.3734436,33.2,24.5,29.3,36.1,26.4,06:36,21:32,28.43,12.6,0.0,2025,6,28,Open-Meteo (ERA5),0.0,11.3
2025-06-29,Valencia,39.47276,-0.3734436,33.8,24.9,29.7,36.6,25.4,06:37,21:32,28.66,12.1,0.0,2025,6,29,Open-Meteo (ERA5),0.0,11.7
2025-06-30,Valencia,39.47276,-0.3734436,34.3,24.1,29.7,36.5,24.4,06:37,21:32,28.79,14.1,0.0,2025,6,30,Open-Meteo (ERA5),0.0,11.7
2025-07-01,Valencia,39.47276,-0.3734436,34.2,24.0,29.4,36.5,25.1,06:38,21:32,28.36,12.2,0.0,2025,7,1,Open-Meteo (ERA5),0.0,11.399999999999999
2025-07-02,Valencia,39.47276,-0.3734436,35.0,24.8,29.6,36.5,26.6,06:38,21:32,26.83,14.6,0.0,2025,7,2,Open-Meteo (ERA5),0.0,11.600000000000001
2025-07-03,Valencia,39.47276,-0.3734436,31.5,26.1,28.8,36.2,30.6,06:39,21:32,26.59,13.9,0.0,2025,7,3,Open-Meteo (ERA5),0.0,10.8
2025-07-04,Valencia,39.47276,-0.3734436,32.2,25.0,28.6,35.4,28.1,06:39,21:32,27.55,14.0,0.0,2025,7,4,Open-Meteo (ERA5),0.0,10.600000000000001
2025-07-05,Valencia,39.47276,-0.3734436,33.8,25.4,29.4,36.5,29.2,06:40,21:31,27.13,13.2,0.0,2025,7,5,Open-Meteo (ERA5),0.0,11.399999999999999
2025-07-06,Valencia,39.47276,-0.3734436,33.8,24.2,29.1,35.3,24.8,06:41,21:31,27.49,17.1,0.0,2025,7,6,Open-Meteo (ERA5),0.0,11.100000000000001
2025-07-07,Valencia,39.47276,-0.3734436,30.0,26.4,28.3,33.5,26.9,06:41,21:31,22.87,17.9,0.1,2025,7,7,Open-Meteo (ERA5),0.0,10.3
2025-07-08,Valencia,39.47276,-0.3734436,29.0,25.7,27.4,31.4,26.1,06:42,21:31,21.34,15.4,0.3,2025,7,8,Open-Meteo (ERA5),0.0,9.399999999999999
2025-07-09,Valencia,39.47276,-0.3734436,29.2,24.1,27.2,32.6,27.8,06:42,21:30,20.83,18.7,4.0,2025,7,9,Open-Meteo (ERA5),0.0,9.2
2025-07-10,Valencia,39.47276,-0.3734436,30.9,24.3,27.4,36.1,27.9,06:43,21:30,24.97,15.2,0.0,2025,7,10,Open-Meteo (ERA5),0.0,9.399999999999999
2025-07-11,Valencia,39.47276,-0.3734436,30.9,24.7,27.5,35.3,28.5,06:44,21:29,26.02,17.3,0.4,2025,7,11,Open-Meteo (ERA5),0.0,9.5
2025-07-12,Valencia,39.47276,-0.3734436,29.5,23.0,25.8,33.2,25.1,06:44,21:29,23.09,19.0,5.4,2025,7,12,Open-Meteo (ERA5),0.0,7.800000000000001
2025-07-13,Valencia,39.47276,-0.3734436,31.5,21.0,26.3,33.6,22.0,06:45,21:28,28.16,17.3,0.0,2025,7,13,Open-Meteo (ERA5),0.0,8.3
2025-07-14,Valencia,39.47276,-0.3734436,29.8,24.0,27.0,33.7,26.2,06:46,21:28,27.06,15.1,0.0,2025,7,14,Open-Meteo (ERA5),0.0,9.0
2025-07-15,Valencia,39.47276,-0.3734436,30.1,23.0,27.0,34.0,26.4,06:47,21:27,27.84,14.7,0.0,2025,7,15,Open-Meteo (ERA5),0.0,9.0
2025-07-16,Valencia,39.47276,-0.3734436,31.8,24.1,28.2,34.9,28.0,06:47,21:27,27.69,13.8,0.0,2025,7,16,Open-Meteo (ERA5),0.0,10.2
2025-07-17,Valencia,39.47276,-0.3734436,32.1,25.1,29.1,37.1,27.8,06:48,21:26,26.87,16.4,0.0,2025,7,17,Open-Meteo (ERA5),0.0,11.100000000000001
2025-07-18,Valencia,39.47276,-0.3734436,32.0,25.0,28.4,36.6,30.0,06:49,21:26,25.39,13.8,0.0,2025,7,18,Open-Meteo (ERA5),0.0,10.399999999999999
2025-07-19,Valencia,39.47276,-0.3734436,31.2,25.0,28.1,35.0,31.0,06:50,21:25,27.55,18.8,0.0,2025,7,19,Open-Meteo (ERA5),0.0,10.100000000000001
2025-07-20,Valencia,39.47276,-0.3734436,38.8,23.8,30.6,37.3,24.3,06:51,21:24,28.09,15.5,0.0,2025,7,20,Open-Meteo (ERA5),0.0,12.600000000000001
2025-07-21,Valencia,39.47276,-0.3734436,31.5,27.0,29.3,32.9,25.7,06:51,21:23,27.75,20.5,0.0,2025,7,21,Open-Meteo (ERA5),0.0,11.3
2025-07-22,Valencia,39.47276,-0.3734436,30.3,25.0,27.7,34.0,26.9,06:52,21:23,23.5,18.4,0.0,2025,7,22,Open-Meteo (ERA5),0.0,9.7
2025-07-23,Valencia,39.47276,-0.3734436,31.1,25.5,27.8,35.5,28.8,06:53,21:22,20.51,16.7,0.1,2025,7,23,Open-Meteo (ERA5),0.0,9.8
2025-07-24,Valencia,39.47276,-0.3734436,27.4,21.6,24.1,29.9,21.4,06:54,21:21,8.88,23.6,9.0,2025,7,24,Open-Meteo (ERA5),0.0,6.100000000000001
2025-07-25,Valencia,39.47276,-0.3734436,26.9,20.5,23.7,28.2,21.3,06:55,21:20,24.0,14.9,1.0,2025,7,25,Open-Meteo (ERA5),0.0,5.699999999999999
2025-07-26,Valencia,39.47276,-0.3734436,28.5,20.4,25.1,31.0,21.6,06:56,21:19,26.85,17.6,0.0,2025,7,26,Open-Meteo (ERA5),0.0,7.100000000000001
2025-07-27,Valencia,39.47276,-0.3734436,30.5,21.7,26.6,32.9,22.4,06:57,21:19,26.25,14.8,0.0,2025,7,27,Open-Meteo (ERA5),0.0,8.600000000000001
2025-07-28,Valencia,39.47276,-0.3734436,30.1,23.0,27.1,33.6,24.7,06:57,21:18,26.04,17.0,0.0,2025,7,28,Open-Meteo (ERA5),0.0,9.100000000000001
2025-07-29,Valencia,39.47276,-0.3734436,27.5,23.4,25.8,29.6,22.6,06:58,21:17,20.93,13.7,0.1,2025,7,29,Open-Meteo (ERA5),0.0,7.800000000000001
2025-07-30,Valencia,39.47276,-0.3734436,28.9,23.8,26.3,30.7,26.7,06:59,21:16,24.33,17.7,0.0,2025,7,30,Open-Meteo (ERA5),0.0,8.3
2025-07-31,Valencia,39.47276,-0.3734436,28.5,22.6,26.0,30.7,25.7,07:00,21:15,26.6,16.0,0.0,2025,7,31,Open-Meteo (ERA5),0.0,8.0
2025-08-01,Valencia,39.47276,-0.3734436,29.3,22.8,26.2,32.3,24.6,07:01,21:14,24.13,15.7,0.0,2025,8,1,Open-Meteo (ERA5),0.0,8.2
2025-08-02,Valencia,39.47276,-0.3734436,29.9,23.0,26.6,33.6,25.3,07:02,21:13,25.1,13.2,0.0,2025,8,2,Open-Meteo (ERA5),0.0,8.600000000000001
2025-08-03,Valencia,39.47276,-0.3734436,29.1,24.3,26.7,31.9,28.3,07:03,21:12,22.3,14.7,0.0,2025,8,3,Open-Meteo (ERA5),0.0,8.7
2025-08-04,Valencia,39.47276,-0.3734436,29.8,24.5,27.1,32.9,28.8,07:04,21:10,25.64,17.6,0.2,2025,8,4,Open-Meteo (ERA5),0.0,9.100000000000001
2025-08-05,Valencia,39.47276,-0.3734436,31.0,23.5,27.4,34.9,26.8,07:05,21:09,25.53,12.5,0.0,2025,8,5,Open-Meteo (ERA5),0.0,9.399999999999999
2025-08-06,Valencia,39.47276,-0.3734436,31.0,24.6,27.6,34.5,28.3,07:06,21:08,25.64,17.1,0.0,2025,8,6,Open-Meteo (ERA5),0.0,9.600000000000001
2025-08-07,Valencia,39.47276,-0.3734436,30.9,23.5,27.2,35.3,26.4,07:06,21:07,26.01,13.2,0.0,2025,8,7,Open-Meteo (ERA5),0.0,9.2
2025-08-08,Valencia,39.47276,-0.3734436,30.6,23.9,27.3,34.2,26.2,07:07,21:06,25.83,13.3,0.0,2025,8,8,Open-Meteo (ERA5),0.0,9.3
2025-08-09,Valencia,39.47276,-0.3734436,30.9,24.1,27.7,34.2,26.8,07:08,21:05,25.64,13.5,0.0,2025,8,9,Open-Meteo (ERA5),0.0,9.7
2025-08-10,Valencia,39.47276,-0.3734436,33.0,23.1,28.5,35.4,25.6,07:09,21:03,25.59,11.7,0.0,2025,8,10,Open-Meteo (ERA5),0.0,10.5
2025-08-11,Valencia,39.47276,-0.3734436,37.7,26.4,31.8,39.3,26.8,07:10,21:02,23.85,14.6,0.0,2025,8,11,Open-Meteo (ERA5),0.0,13.8
2025-08-12,Valencia,39.47276,-0.3734436,32.8,26.8,29.8,38.0,29.0,07:11,21:01,24.6,14.8,0.0,2025,8,12,Open-Meteo (ERA5),0.0,11.8
2025-08-13,Valencia,39.47276,-0.3734436,33.2,24.5,28.7,36.0,27.3,07:12,21:00,23.65,12.7,0.0,2025,8,13,Open-Meteo (ERA5),0.0,10.7
2025-08-14,Valencia,39.47276,-0.3734436,31.5,24.3,28.2,35.8,25.9,07:13,20:58,24.87,12.4,0.0,2025,8,14,Open-Meteo (ERA5),0.0,10.2
2025-08-15,Valencia,39.47276,-0.3734436,35.5,23.4,29.4,36.7,24.1,07:14,20:57,25.59,12.2,0.0,2025,8,15,Open-Meteo (ERA5),0.0,11.399999999999999
2025-08-16,Valencia,39.47276,-0.3734436,38.2,24.8,31.1,39.2,23.4,07:15,20:56,25.14,15.4,0.0,2025,8,16,Open-Meteo (ERA5),0.0,13.100000000000001
2025-08-17,Valencia,39.47276,-0.3734436,37.8,27.5,32.5,38.6,26.0,07:16,20:54,24.67,11.0,0.0,2025,8,17,Open-Meteo (ERA5),0.0,14.5
2025-08-18,Valencia,39.47276,-0.3734436,33.5,27.6,30.7,37.2,25.5,07:17,20:53,23.44,17.8,0.1,2025,8,18,Open-Meteo (ERA5),0.0,12.7
2025-08-19,Valencia,39.47276,-0.3734436,30.9,26.1,28.3,35.3,29.6,07:18,20:52,21.29,13.0,0.4,2025,8,19,Open-Meteo (ERA5),0.0,10.3
2025-08-20,Valencia,39.47276,-0.3734436,29.6,24.3,26.8,31.4,27.0,07:19,20:50,22.14,16.0,0.3,2025,8,20,Open-Meteo (ERA5),0.0,8.8
2025-08-21,Valencia,39.47276,-0.3734436,30.1,21.9,25.9,31.6,23.0,07:19,20:49,22.91,20.6,0.7,2025,8,21,Open-Meteo (ERA5),0.0,7.899999999999999
2025-08-22,Valencia,39.47276,-0.3734436,29.0,22.4,25.9,31.3,23.1,07:20,20:47,19.65,11.3,0.5,2025,8,22,Open-Meteo (ERA5),0.0,7.899999999999999
2025-08-23,Valencia,39.47276,-0.3734436,29.3,23.5,26.5,32.7,26.6,07:21,20:46,21.8,11.7,0.2,2025,8,23,Open-Meteo (ERA5),0.0,8.5
2025-08-24,Valencia,39.47276,-0.3734436,31.0,23.6,27.1,34.3,26.9,07:22,20:44,22.93,13.8,0.0,2025,8,24,Open-Meteo (ERA5),0.0,9.100000000000001
2025-08-25,Valencia,39.47276,-0.3734436,30.3,24.4,27.2,34.6,27.4,07:23,20:43,22.0,14.8,0.0,2025,8,25,Open-Meteo (ERA5),0.0,9.2
2025-08-26,Valencia,39.47276,-0.3734436,30.8,24.0,27.5,34.1,26.3,07:24,20:41,23.11,13.4,0.0,2025,8,26,Open-Meteo (ERA5),0.0,9.5
2025-08-27,Valencia,39.47276,-0.3734436,30.8,24.1,27.4,34.9,27.2,07:25,20:40,21.3,14.3,0.0,2025,8,27,Open-Meteo (ERA5),0.0,9.399999999999999
2025-08-28,Valencia,39.47276,-0.3734436,30.5,23.6,27.2,33.9,26.1,07:26,20:38,21.94,21.3,0.9,2025,8,28,Open-Meteo (ERA5),0.0,9.2
2025-08-29,Valencia,39.47276,-0.3734436,34.3,22.0,27.4,32.0,23.7,07:27,20:37,22.15,19.6,0.0,2025,8,29,Open-Meteo (ERA5),0.0,9.399999999999999
2025-08-30,Valencia,39.47276,-0.3734436,30.2,22.5,26.9,31.3,21.0,07:28,20:35,22.85,16.6,0.0,2025,8,30,Open-Meteo (ERA5),0.0,8.899999999999999
2025-08-31,Valencia,39.47276,-0.3734436,32.2,22.9,27.6,33.8,24.7,07:29,20:34,21.68,15.5,0.0,2025,8,31,Open-Meteo (ERA5),0.0,9.600000000000001
2025-09-01,Valencia,39.47276,-0.3734436,31.2,23.4,27.8,31.2,21.8,07:30,20:32,23.37,23.2,0.0,2025,9,1,Open-Meteo (ERA5),0.0,9.8
2025-09-02,Valencia,39.47276,-0.3734436,30.8,20.0,25.4,29.6,17.4,07:31,20:31,21.37,22.2,0.0,2025,9,2,Open-Meteo (ERA5),0.0,7.399999999999999
2025-09-03,Valencia,39.47276,-0.3734436,30.5,20.5,25.7,30.7,18.9,07:32,20:29,22.84,17.5,0.0,2025,9,3,Open-Meteo (ERA5),0.0,7.699999999999999
2025-09-04,Valencia,39.47276,-0.3734436,33.0,20.5,26.7,33.6,20.7,07:32,20:27,22.52,17.5,0.0,2025,9,4,Open-Meteo (ERA5),0.0,8.7
2025-09-05,Valencia,39.47276,-0.3734436,27.0,23.2,25.2,28.9,24.1,07:33,20:26,11.33,22.0,3.3,2025,9,5,Open-Meteo (ERA5),0.0,7.199999999999999
2025-09-06,Valencia,39.47276,-0.3734436,26.8,22.4,24.4,29.6,25.1,07:34,20:24,12.68,13.1,0.8,2025,9,6,Open-Meteo (ERA5),0.0,6.399999999999999
2025-09-07,Valencia,39.47276,-0.3734436,30.6,21.5,26.3,34.7,23.7,07:35,20:23,21.06,15.3,0.0,2025,9,7,Open-Meteo (ERA5),0.0,8.3
2025-09-08,Valencia,39.47276,-0.3734436,29.0,23.6,26.5,33.1,25.4,07:36,20:21,15.2,12.2,0.0,2025,9,8,Open-Meteo (ERA5),0.0,8.5
2025-09-09,Valencia,39.47276,-0.3734436,25.4,22.3,23.8,29.5,24.7,07:37,20:20,12.05,13.8,0.0,2025,9,9,Open-Meteo (ERA5),0.0,5.800000000000001
2025-09-10,Valencia,39.47276,-0.3734436,30.0,20.4,24.8,31.9,22.8,07:38,20:18,21.08,14.3,0.0,2025,9,10,Open-Meteo (ERA5),0.0,6.800000000000001
2025-09-11,Valencia,39.47276,-0.3734436,29.4,22.3,25.5,30.0,21.8,07:39,20:16,21.18,18.0,0.0,2025,9,11,Open-Meteo (ERA5),0.0,7.5
2025-09-12,Valencia,39.47276,-0.3734436,28.5,21.2,25.3,31.5,22.0,07:40,20:15,19.99,13.7,0.0,2025,9,12,Open-Meteo (ERA5),0.0,7.300000000000001
2025-09-13,Valencia,39.47276,-0.3734436,30.0,22.1,25.9,32.1,24.6,07:41,20:13,16.46,17.1,0.0,2025,9,13,Open-Meteo (ERA5),0.0,7.899999999999999
2025-09-14,Valencia,39.47276,-0.3734436,29.1,22.0,25.6,31.5,24.6,07:42,20:11,18.25,14.1,0.0,2025,9,14,Open-Meteo (ERA5),0.0,7.600000000000001
2025-09-15,Valencia,39.47276,-0.3734436,28.9,21.9,25.6,31.9,24.8,07:43,20:10,19.63,14.1,0.0,2025,9,15,Open-Meteo (ERA5),0.0,7.600000000000001
2025-09-16,Valencia,39.47276,-0.3734436,28.8,23.1,25.8,31.4,26.1,07:43,20:08,18.64,12.5,0.0,2025,9,16,Open-Meteo (ERA5),0.0,7.800000000000001
2025-09-17,Valencia,39.47276,-0.3734436,29.0,21.5,25.5,32.1,24.6,07:44,20:06,20.04,13.2,0.0,2025,9,17,Open-Meteo (ERA5),0.0,7.5
2025-09-18,Valencia,39.47276,-0.3734436,28.6,20.9,25.1,32.3,23.5,07:45,20:05,19.87,13.0,0.0,2025,9,18,Open-Meteo (ERA5),0.0,7.100000000000001
2025-09-19,Valencia,39.47276,-0.3734436,28.3,21.7,25.2,31.4,24.4,07:46,20:03,16.97,12.9,0.2,2025,9,19,Open-Meteo (ERA5),0.0,7.199999999999999
2025-09-20,Valencia,39.47276,-0.3734436,28.2,20.7,24.9,30.3,22.8,07:47,20:01,17.36,13.6,0.0,2025,9,20,Open-Meteo (ERA5),0.0,6.899999999999999
2025-09-21,Valencia,39.47276,-0.3734436,29.9,21.9,25.6,32.5,22.7,07:48,20:00,13.02,25.7,0.0,2025,9,21,Open-Meteo (ERA5),0.0,7.600000000000001
2025-09-22,Valencia,39.47276,-0.3734436,24.9,17.7,22.1,24.0,17.1,07:49,19:58,20.16,21.0,0.0,2025,9,22,Open-Meteo (ERA5),0.0,4.100000000000001
2025-09-23,Valencia,39.47276,-0.3734436,25.2,16.5,21.0,23.9,14.9,07:50,19:57,18.54,15.9,0.4,2025,9,23,Open-Meteo (ERA5),0.0,3.0
2025-09-24,Valencia,39.47276,-0.3734436,24.4,15.7,20.3,23.3,12.8,07:51,19:55,18.24,19.6,0.0,2025,9,24,Open-Meteo (ERA5),0.0,2.3000000000000007
2025-09-25,Valencia,39.47276,-0.3734436,24.6,19.1,21.8,24.8,18.1,07:52,19:53,14.65,15.8,0.0,2025,9,25,Open-Meteo (ERA5),0.0,3.8000000000000007
2025-09-26,Valencia,39.47276,-0.3734436,25.8,16.9,22.0,26.5,16.8,07:53,19:52,18.06,18.3,0.0,2025,9,26,Open-Meteo (ERA5),0.0,4.0
2025-09-27,Valencia,39.47276,-0.3734436,27.6,17.2,22.7,28.5,17.2,07:54,19:50,18.71,14.7,0.0,2025,9,27,Open-Meteo (ERA5),0.0,4.699999999999999
2025-09-28,Valencia,39.47276,-0.3734436,27.0,20.7,23.5,28.7,21.6,07:55,19:49,16.13,19.2,0.0,2025,9,28,Open-Meteo (ERA5),0.0,5.5
2025-09-29,Valencia,39.47276,-0.3734436,20.8,17.5,19.0,20.6,16.0,07:56,19:47,3.64,33.7,82.4,2025,9,29,Open-Meteo (ERA5),0.0,1.0
2025-09-30,Valencia,39.47276,-0.3734436,22.6,17.5,19.8,22.6,16.8,07:57,19:45,8.19,22.7,17.4,2025,9,30,Open-Meteo (ERA5),0.0,1.8000000000000007
2025-10-01,Valencia,39.47276,-0.3734436,25.1,16.2,20.5,27.1,15.8,07:57,19:44,17.74,13.7,0.0,2025,10,1,Open-Meteo (ERA5),0.0,2.5
2025-10-02,Valencia,39.47276,-0.3734436,25.2,17.2,21.0,27.8,17.9,07:58,19:42,16.93,11.4,0.0,2025,10,2,Open-Meteo (ERA5),0.0,3.0
2025-10-03,Valencia,39.47276,-0.3734436,24.9,17.2,20.9,27.5,18.4,07:59,19:41,16.42,10.1,0.0,2025,10,3,Open-Meteo (ERA5),0.0,2.8999999999999986
2025-10-04,Valencia,39.47276,-0.3734436,27.6,17.4,21.9,30.0,17.8,08:00,19:39,17.23,10.9,0.0,2025,10,4,Open-Meteo (ERA5),0.0,3.8999999999999986
2025-10-05,Valencia,39.47276,-0.3734436,22.8,17.5,20.6,24.2,17.7,08:01,19:37,14.1,18.1,0.2,2025,10,5,Open-Meteo (ERA5),0.0,2.6000000000000014
2025-10-06,Valencia,39.47276,-0.3734436,22.4,18.7,20.2,24.0,20.2,08:02,19:36,6.9,9.3,1.7,2025,10,6,Open-Meteo (ERA5),0.0,2.1999999999999993
2025-10-07,Valencia,39.47276,-0.3734436,23.9,15.6,19.7,26.0,16.4,08:03,19:34,16.57,10.7,0.0,2025,10,7,Open-Meteo (ERA5),0.0,1.6999999999999993
2025-10-08,Valencia,39.47276,-0.3734436,24.3,17.0,20.7,26.0,18.1,08:04,19:33,14.19,8.9,0.0,2025,10,8,Open-Meteo (ERA5),0.0,2.6999999999999993
2025-10-09,Valencia,39.47276,-0.3734436,21.1,17.5,18.7,23.2,17.7,08:05,19:31,4.97,15.7,40.8,2025,10,9,Open-Meteo (ERA5),0.0,0.6999999999999993
2025-10-10,Valencia,39.47276,-0.3734436,20.0,16.8,18.2,20.4,17.0,08:06,19:30,5.16,15.4,32.5,2025,10,10,Open-Meteo (ERA5),0.0,0.1999999999999993
2025-10-11,Valencia,39.47276,-0.3734436,19.8,17.1,18.1,19.4,15.6,08:07,19:28,5.46,24.4,39.2,2025,10,11,Open-Meteo (ERA5),0.0,0.10000000000000142
2025-10-12,Valencia,39.47276,-0.3734436,21.7,16.8,19.2,22.3,17.2,08:08,19:27,11.25,18.0,6.4,2025,10,12,Open-Meteo (ERA5),0.0,1.1999999999999993
2025-10-13,Valencia,39.47276,-0.3734436,20.9,18.0,19.0,21.6,18.4,08:09,19:25,5.27,15.7,12.6,2025,10,13,Open-Meteo (ERA5),0.0,1.0
2025-10-14,Valencia,39.47276,-0.3734436,22.8,16.5,19.5,24.9,17.5,08:10,19:24,15.03,11.8,0.2,2025,10,14,Open-Meteo (ERA5),0.0,1.5
2025-10-15,Valencia,39.47276,-0.3734436,22.5,17.2,19.6,23.5,18.5,08:11,19:22,13.62,10.2,0.1,2025,10,15,Open-Meteo (ERA5),0.0,1.6000000000000014
2025-10-16,Valencia,39.47276,-0.3734436,22.8,15.3,18.9,24.4,15.6,08:12,19:21,14.48,9.8,0.0,2025,10,16,Open-Meteo (ERA5),0.0,0.8999999999999986
2025-10-17,Valencia,39.47276,-0.3734436,23.2,16.2,19.2,25.1,17.2,08:13,19:19,13.9,10.4,3.8,2025,10,17,Open-Meteo (ERA5),0.0,1.1999999999999993
2025-10-18,Valencia,39.47276,-0.3734436,22.7,13.9,18.4,24.0,13.4,08:14,19:18,15.05,10.2,0.0,2025,10,18,Open-Meteo (ERA5),0.0,0.3999999999999986
2025-10-19,Valencia,39.47276,-0.3734436,23.2,14.9,18.9,23.8,14.9,08:15,19:16,13.5,11.1,0.0,2025,10,19,Open-Meteo (ERA5),0.0,0.8999999999999986
2025-10-20,Valencia,39.47276,-0.3734436,26.0,16.1,21.1,24.8,15.9,08:17,19:15,11.48,19.9,0.0,2025,10,20,Open-Meteo (ERA5),0.0,3.1000000000000014
2025-10-21,Valencia,39.47276,-0.3734436,25.2,19.4,22.3,23.0,18.0,08:18,19:14,12.45,28.8,0.0,2025,10,21,Open-Meteo (ERA5),0.0,4.300000000000001
2025-10-22,Valencia,39.47276,-0.3734436,26.9,20.9,23.7,24.8,19.7,08:19,19:12,12.95,26.0,0.0,2025,10,22,Open-Meteo (ERA5),0.0,5.699999999999999
2025-10-23,Valencia,39.47276,-0.3734436,30.1,21.6,25.2,27.2,20.3,08:20,19:11,12.63,31.0,0.0,2025,10,23,Open-Meteo (ERA5),0.0,7.199999999999999
2025-10-24,Valencia,39.47276,-0.3734436,28.0,18.2,22.2,27.0,17.7,08:21,19:10,12.46,14.8,0.0,2025,10,24,Open-Meteo (ERA5),0.0,4.199999999999999
2025-10-25,Valencia,39.47276,-0.3734436,29.1,19.6,23.1,28.3,19.4,08:22,19:08,13.21,22.3,0.0,2025,10,25,Open-Meteo (ERA5),0.0,5.100000000000001
2025-10-26,Valencia,39.47276,-0.3734436,21.1,14.6,18.1,21.6,14.7,08:23,19:07,4.02,13.7,3.1,2025,10,26,Open-Meteo (ERA5),0.0,0.10000000000000142
2025-10-27,Valencia,39.47276,-0.3734436,21.5,9.8,15.1,20.4,7.0,08:24,19:06,14.27,12.1,0.0,2025,10,27,Open-Meteo (ERA5),2.9000000000000004,0.0
2025-10-28,Valencia,39.47276,-0.3734436,21.5,11.0,15.8,20.7,9.2,08:25,19:04,13.73,8.4,0.0,2025,10,28,Open-Meteo (ERA5),2.1999999999999993,0.0
2025-10-29,Valencia,39.47276,-0.3734436,22.7,14.1,17.8,22.8,13.0,08:26,19:03,10.58,9.3,5.9,2025,10,29,Open-Meteo (ERA5),0.1999999999999993,0.0
2025-10-30,Valencia,39.47276,-0.3734436,23.0,14.4,18.6,23.4,13.6,08:27,19:02,13.0,13.2,0.3,2025,10,30,Open-Meteo (ERA5),0.0,0.6000000000000014
2025-10-31,Valencia,39.47276,-0.3734436,23.5,16.0,19.2,21.8,14.5,08:28,19:01,10.98,16.0,0.0,2025,10,31,Open-Meteo (ERA5),0.0,1.1999999999999993
2025-11-01,Valencia,39.47276,-0.3734436,24.8,15.9,19.4,22.4,13.6,08:30,19:00,11.99,19.3,0.0,2025,11,1,Open-Meteo (ERA5),0.0,1.3999999999999986
2025-11-02,Valencia,39.47276,-0.3734436,26.0,17.5,20.8,25.4,15.4,08:31,18:58,11.85,16.2,0.0,2025,11,2,Open-Meteo (ERA5),0.0,2.8000000000000007
2025-11-03,Valencia,39.47276,-0.3734436,21.6,12.7,17.2,19.6,10.4,08:32,18:57,12.46,10.2,0.0,2025,11,3,Open-Meteo (ERA5),0.8000000000000007,0.0
2025-11-04,Valencia,39.47276,-0.3734436,21.1,11.4,16.1,20.7,9.8,08:33,18:56,12.23,8.9,0.0,2025,11,4,Open-Meteo (ERA5),1.8999999999999986,0.0
2025-11-05,Valencia,39.47276,-0.3734436,21.0,13.1,17.3,21.6,13.0,08:34,18:55,9.79,9.7,1.5,2025,11,5,Open-Meteo (ERA5),0.6999999999999993,0.0
2025-11-06,Valencia,39.47276,-0.3734436,21.5,16.4,18.2,19.5,12.8,08:35,18:54,12.14,23.0,0.0,2025,11,6,Open-Meteo (ERA5),0.0,0.1999999999999993
2025-11-07,Valencia,39.47276,-0.3734436,21.9,13.2,17.1,19.0,9.9,08:36,18:53,10.07,20.9,2.2,2025,11,7,Open-Meteo (ERA5),0.8999999999999986,0.0
2025-11-08,Valencia,39.47276,-0.3734436,21.0,15.2,17.3,17.2,12.5,08:37,18:52,10.41,18.8,1.6,2025,11,8,Open-Meteo (ERA5),0.6999999999999993,0.0
2025-11-09,Valencia,39.47276,-0.3734436,20.4,9.6,14.5,18.3,7.2,08:39,18:51,12.17,9.9,0.0,2025,11,9,Open-Meteo (ERA5),3.5,0.0
2025-11-10,Valencia,39.47276,-0.3734436,20.6,9.4,14.0,19.1,6.7,08:40,18:50,11.03,11.0,0.0,2025,11,10,Open-Meteo (ERA5),4.0,0.0
2025-11-11,Valencia,39.47276,-0.3734436,19.8,9.6,14.1,18.7,8.1,08:41,18:49,11.37,8.9,0.0,2025,11,11,Open-Meteo (ERA5),3.9000000000000004,0.0
2025-11-12,Valencia,39.47276,-0.3734436,19.8,9.6,14.9,19.5,8.2,08:42,18:48,11.26,10.3,0.0,2025,11,12,Open-Meteo (ERA5),3.0999999999999996,0.0
2025-11-13,Valencia,39.47276,-0.3734436,20.9,12.9,17.0,20.9,12.4,08:43,18:48,9.5,14.4,0.0,2025,11,13,Open-Meteo (ERA5),1.0,0.0
2025-11-14,Valencia,39.47276,-0.3734436,22.6,16.0,18.4,21.3,15.6,08:44,18:47,7.28,13.1,0.5,2025,11,14,Open-Meteo (ERA5),0.0,0.3999999999999986
2025-11-15,Valencia,39.47276,-0.3734436,21.7,14.1,17.6,20.8,12.1,08:45,18:46,9.05,14.0,1.9,2025,11,15,Open-Meteo (ERA5),0.3999999999999986,0.0
2025-11-16,Valencia,39.47276,-0.3734436,20.8,14.7,17.0,17.3,13.0,08:47,18:45,9.02,19.3,1.7,2025,11,16,Open-Meteo (ERA5),1.0,0.0
2025-11-17,Valencia,39.47276,-0.3734436,19.8,12.6,15.2,18.5,11.3,08:48,18:44,9.45,12.2,2.5,2025,11,17,Open-Meteo (ERA5),2.8000000000000007,0.0
2025-11-18,Valencia,39.47276,-0.3734436,19.1,10.4,14.0,17.7,8.4,08:49,18:44,10.83,12.4,0.0,2025,11,18,Open-Meteo (ERA5),4.0,0.0
2025-11-19,Valencia,39.47276,-0.3734436,19.2,8.9,13.5,15.7,6.6,08:50,18:43,10.66,19.1,0.1,2025,11,19,Open-Meteo (ERA5),4.5,0.0
2025-11-20,Valencia,39.47276,-0.3734436,17.2,7.6,11.8,13.5,4.1,08:51,18:42,10.22,14.2,0.0,2025,11,20,Open-Meteo (ERA5),6.199999999999999,0.0
2025-11-21,Valencia,39.47276,-0.3734436,14.2,8.3,11.0,8.4,2.5,08:52,18:42,10.94,20.6,0.0,2025,11,21,Open-Meteo (ERA5),7.0,0.0
2025-11-22,Valencia,39.47276,-0.3734436,14.9,6.8,10.1,11.5,1.3,08:53,18:41,10.82,23.4,0.0,2025,11,22,Open-Meteo (ERA5),7.9,0.0
2025-11-23,Valencia,39.47276,-0.3734436,19.7,7.9,13.4,17.0,3.8,08:54,18:41,10.04,21.3,0.0,2025,11,23,Open-Meteo (ERA5),4.6,0.0
2025-11-24,Valencia,39.47276,-0.3734436,17.6,14.1,15.9,13.8,8.8,08:55,18:40,6.85,32.9,0.0,2025,11,24,Open-Meteo (ERA5),2.0999999999999996,0.0
2025-11-25,Valencia,39.47276,-0.3734436,19.0,12.2,15.7,15.6,8.5,08:56,18:40,10.31,23.0,0.8,2025,11,25,Open-Meteo (ERA5),2.3000000000000007,0.0
2025-11-26,Valencia,39.47276,-0.3734436,16.2,10.2,12.8,10.2,4.7,08:57,18:39,10.49,26.6,0.0,2025,11,26,Open-Meteo (ERA5),5.199999999999999,0.0
2025-11-27,Valencia,39.47276,-0.3734436,16.6,4.7,10.2,12.9,0.8,08:58,18:39,10.44,9.6,0.0,2025,11,27,Open-Meteo (ERA5),7.800000000000001,0.0
2025-11-28,Valencia,39.47276,-0.3734436,16.9,4.6,9.9,14.3,0.9,08:59,18:39,10.1,10.7,0.0,2025,11,28,Open-Meteo (ERA5),8.1,0.0
2025-11-29,Valencia,39.47276,-0.3734436,19.1,6.1,11.5,16.3,3.0,09:00,18:38,9.23,15.1,0.0,2025,11,29,Open-Meteo (ERA5),6.5,0.0
2025-11-30,Valencia,39.47276,-0.3734436,16.0,9.8,13.1,13.0,7.3,09:01,18:38,7.3,17.1,0.0,2025,11,30,Open-Meteo (ERA5),4.9,0.0
2025-12-01,Valencia,39.47276,-0.3734436,15.1,8.8,12.2,14.1,6.4,09:02,18:38,5.13,10.7,0.1,2025,12,1,Open-Meteo (ERA5),5.800000000000001,0.0
2025-12-02,Valencia,39.47276,-0.3734436,17.8,8.8,12.5,14.0,6.6,09:03,18:38,7.69,17.9,1.2,2025,12,2,Open-Meteo (ERA5),5.5,0.0
2025-12-03,Valencia,39.47276,-0.3734436,17.0,6.8,11.6,14.2,3.5,09:04,18:37,9.44,17.2,0.0,2025,12,3,Open-Meteo (ERA5),6.4,0.0
2025-12-04,Valencia,39.47276,-0.3734436,17.0,10.6,13.0,13.1,5.5,09:05,18:37,4.16,25.8,0.0,2025,12,4,Open-Meteo (ERA5),5.0,0.0
2025-12-05,Valencia,39.47276,-0.3734436,18.6,13.9,15.6,14.8,8.7,09:06,18:37,5.68,22.9,0.0,2025,12,5,Open-Meteo (ERA5),2.4000000000000004,0.0
2025-12-06,Valencia,39.47276,-0.3734436,23.3,15.2,18.7,20.5,13.0,09:07,18:37,8.88,22.0,0.0,2025,12,6,Open-Meteo (ERA5),0.0,0.6999999999999993
2025-12-07,Valencia,39.47276,-0.3734436,23.5,14.1,17.7,21.5,11.7,09:08,18:37,9.24,18.2,0.0,2025,12,7,Open-Meteo (ERA5),0.3000000000000007,0.0
2025-12-08,Valencia,39.47276,-0.3734436,19.0,8.9,13.5,18.2,6.2,09:09,18:37,9.37,9.7,0.0,2025,12,8,Open-Meteo (ERA5),4.5,0.0
2025-12-09,Valencia,39.47276,-0.3734436,19.4,10.1,13.4,18.0,7.3,09:10,18:37,8.53,16.1,0.0,2025,12,9,Open-Meteo (ERA5),4.6,0.0
2025-12-10,Valencia,39.47276,-0.3734436,16.8,9.3,12.7,15.8,6.6,09:11,18:37,8.59,11.0,0.0,2025,12,10,Open-Meteo (ERA5),5.300000000000001,0.0
2025-12-11,Valencia,39.47276,-0.3734436,17.0,10.1,13.2,16.4,8.3,09:11,18:37,8.06,9.5,0.0,2025,12,11,Open-Meteo (ERA5),4.800000000000001,0.0
2025-12-12,Valencia,39.47276,-0.3734436,16.2,8.6,12.3,15.4,7.3,09:12,18:37,7.52,15.1,1.4,2025,12,12,Open-Meteo (ERA5),5.699999999999999,0.0
2025-12-13,Valencia,39.47276,-0.3734436,15.7,13.7,14.3,12.9,11.6,09:13,18:38,4.88,21.6,2.4,2025,12,13,Open-Meteo (ERA5),3.6999999999999993,0.0
2025-12-14,Valencia,39.47276,-0.3734436,14.1,12.6,13.1,11.6,10.2,09:14,18:38,3.25,19.0,9.0,2025,12,14,Open-Meteo (ERA5),4.9,0.0
2025-12-15,Valencia,39.47276,-0.3734436,15.6,9.8,12.8,16.0,9.2,09:14,18:38,3.67,19.0,10.6,2025,12,15,Open-Meteo (ERA5),5.199999999999999,0.0
2025-12-16,Valencia,39.47276,-0.3734436,13.2,8.1,10.7,11.5,7.0,09:15,18:38,2.06,17.9,21.8,2025,12,16,Open-Meteo (ERA5),7.300000000000001,0.0
2025-12-17,Valencia,39.47276,-0.3734436,14.4,12.3,13.1,12.4,10.3,09:15,18:39,4.73,21.5,7.5,2025,12,17,Open-Meteo (ERA5),4.9,0.0
2025-12-18,Valencia,39.47276,-0.3734436,16.1,8.6,11.9,16.2,6.7,09:16,18:39,8.53,8.9,0.8,2025,12,18,Open-Meteo (ERA5),6.1,0.0
2025-12-19,Valencia,39.47276,-0.3734436,15.1,7.5,11.2,14.7,5.7,09:17,18:40,7.88,8.2,0.0,2025,12,19,Open-Meteo (ERA5),6.800000000000001,0.0
2025-12-20,Valencia,39.47276,-0.3734436,16.0,8.7,12.1,15.2,6.9,09:17,18:40,7.55,8.6,0.0,2025,12,20,Open-Meteo (ERA5),5.9,0.0
2025-12-21,Valencia,39.47276,-0.3734436,13.9,8.6,10.9,11.4,5.5,09:18,18:41,4.21,18.9,0.2,2025,12,21,Open-Meteo (ERA5),7.1,0.0
2025-12-22,Valencia,39.47276,-0.3734436,12.7,6.2,9.2,7.6,2.0,09:18,18:41,9.02,20.6,0.1,2025,12,22,Open-Meteo (ERA5),8.8,0.0
2025-12-23,Valencia,39.47276,-0.3734436,14.3,7.9,10.4,10.5,3.5,09:19,18:42,8.23,21.8,0.0,2025,12,23,Open-Meteo (ERA5),7.6,0.0
2025-12-24,Valencia,39.47276,-0.3734436,14.6,7.2,10.2,12.7,4.3,09:19,18:42,8.95,12.1,0.0,2025,12,24,Open-Meteo (ERA5),7.800000000000001,0.0
2025-12-25,Valencia,39.47276,-0.3734436,10.7,6.6,9.2,7.2,4.7,09:20,18:43,2.73,22.8,6.5,2025,12,25,Open-Meteo (ERA5),8.8,0.0
2025-12-26,Valencia,39.47276,-0.3734436,12.8,8.8,10.6,11.9,6.1,09:20,18:43,2.55,15.2,5.9,2025,12,26,Open-Meteo (ERA5),7.4,0.0
2025-12-27,Valencia,39.47276,-0.3734436,13.2,8.9,11.0,11.5,7.1,09:20,18:44,4.59,15.5,6.4,2025,12,27,Open-Meteo (ERA5),7.0,0.0
2025-12-28,Valencia,39.47276,-0.3734436,12.8,10.1,11.3,10.1,7.8,09:21,18:45,5.05,22.0,22.3,2025,12,28,Open-Meteo (ERA5),6.699999999999999,0.0
2025-12-29,Valencia,39.47276,-0.3734436,13.6,8.9,10.9,12.5,7.2,09:21,18:46,5.57,17.7,8.2,2025,12,29,Open-Meteo (ERA5),7.1,0.0
2025-12-30,Valencia,39.47276,-0.3734436,16.2,6.8,10.4,15.2,4.2,09:21,18:46,9.12,9.8,0.0,2025,12,30,Open-Meteo (ERA5),7.6,0.0
2025-12-31,Valencia,39.47276,-0.3734436,12.9,4.6,8.5,11.3,1.7,09:21,18:47,9.27,10.0,0.0,2025,12,31,Open-Meteo (ERA5),9.5,0.0
2026-01-01,Valencia,39.47276,-0.3734436,13.6,5.9,9.1,11.8,3.0,09:21,18:48,8.39,11.8,0.0,2026,1,1,Open-Meteo (ERA5),8.9,0.0
2026-01-02,Valencia,39.47276,-0.3734436,15.6,8.9,11.3,15.5,7.3,09:21,18:49,6.73,12.2,0.0,2026,1,2,Open-Meteo (ERA5),6.699999999999999,0.0
2026-01-03,Valencia,39.47276,-0.3734436,14.9,8.9,11.5,13.5,7.6,09:21,18:49,7.05,17.0,0.1,2026,1,3,Open-Meteo (ERA5),6.5,0.0
2026-01-04,Valencia,39.47276,-0.3734436,12.1,10.4,11.3,9.9,7.7,09:21,18:50,2.12,22.8,5.2,2026,1,4,Open-Meteo (ERA5),6.699999999999999,0.0
2026-01-05,Valencia,39.47276,-0.3734436,10.1,6.5,8.1,8.5,4.2,09:21,18:51,1.29,19.3,6.6,2026,1,5,Open-Meteo (ERA5),9.9,0.0
2026-01-06,Valencia,39.47276,-0.3734436,11.3,2.0,6.5,8.6,-2.3,09:21,18:52,8.52,11.7,0.0,2026,1,6,Open-Meteo (ERA5),11.5,0.0
2026-01-07,Valencia,39.47276,-0.3734436,12.4,0.6,6.3,7.7,-3.7,09:21,18:53,9.9,18.6,0.0,2026,1,7,Open-Meteo (ERA5),11.7,0.0
2026-01-08,Valencia,39.47276,-0.3734436,12.8,7.8,10.2,8.8,2.9,09:21,18:54,9.57,27.0,0.0,2026,1,8,Open-Meteo (ERA5),7.800000000000001,0.0
2026-01-09,Valencia,39.47276,-0.3734436,17.3,10.1,13.1,13.9,4.0,09:21,18:55,7.5,32.9,0.0,2026,1,9,Open-Meteo (ERA5),4.9,0.0
2026-01-10,Valencia,39.47276,-0.3734436,15.7,8.2,11.3,12.1,4.0,09:21,18:56,10.03,15.8,0.0,2026,1,10,Open-Meteo (ERA5),6.699999999999999,0.0
2026-01-11,Valencia,39.47276,-0.3734436,15.8,5.2,9.9,13.6,1.8,09:21,18:57,10.01,14.0,0.0,2026,1,11,Open-Meteo (ERA5),8.1,0.0
2026-01-12,Valencia,39.47276,-0.3734436,17.2,6.7,10.4,15.5,3.8,09:20,18:58,9.94,10.0,0.0,2026,1,12,Open-Meteo (ERA5),7.6,0.0
2026-01-13,Valencia,39.47276,-0.3734436,14.1,4.8,9.2,12.8,2.6,09:20,18:59,9.57,6.9,0.0,2026,1,13,Open-Meteo (ERA5),8.8,0.0
2026-01-14,Valencia,39.47276,-0.3734436,16.0,5.7,10.0,15.7,3.1,09:20,19:00,7.96,9.0,0.0,2026,1,14,Open-Meteo (ERA5),8.0,0.0
2026-01-15,Valencia,39.47276,-0.3734436,16.9,6.1,10.7,13.7,2.9,09:19,19:01,10.18,15.4,0.0,2026,1,15,Open-Meteo (ERA5),7.300000000000001,0.0
2026-01-16,Valencia,39.47276,-0.3734436,14.6,8.7,11.0,13.3,6.8,09:19,19:02,5.66,11.8,1.6,2026,1,16,Open-Meteo (ERA5),7.0,0.0
2026-01-17,Valencia,39.47276,-0.3734436,12.8,8.9,10.6,11.3,6.5,09:19,19:04,3.39,12.0,4.1,2026,1,17,Open-Meteo (ERA5),7.4,0.0
2026-01-18,Valencia,39.47276,-0.3734436,13.1,4.8,9.1,11.2,2.0,09:18,19:05,9.97,11.5,0.2,2026,1,18,Open-Meteo (ERA5),8.9,0.0
2026-01-19,Valencia,39.47276,-0.3734436,14.9,6.8,10.1,13.6,3.8,09:18,19:06,8.86,11.4,0.5,2026,1,19,Open-Meteo (ERA5),7.9,0.0
2026-01-20,Valencia,39.47276,-0.3734436,15.1,9.6,11.6,13.5,6.8,09:17,19:07,6.4,18.9,6.7,2026,1,20,Open-Meteo (ERA5),6.4,0.0
2026-01-21,Valencia,39.47276,-0.3734436,13.4,9.4,11.1,10.2,6.4,09:17,19:08,6.98,17.6,5.9,2026,1,21,Open-Meteo (ERA5),6.9,0.0
2026-01-22,Valencia,39.47276,-0.3734436,16.4,10.8,12.7,12.3,6.6,09:16,19:09,10.47,25.5,1.5,2026,1,22,Open-Meteo (ERA5),5.300000000000001,0.0
2026-01-23,Valencia,39.47276,-0.3734436,16.0,9.6,12.2,12.0,6.2,09:15,19:10,10.43,20.2,1.4,2026,1,23,Open-Meteo (ERA5),5.800000000000001,0.0
2026-01-24,Valencia,39.47276,-0.3734436,11.5,7.9,9.6,6.8,1.4,09:15,19:11,10.67,32.4,0.6,2026,1,24,Open-Meteo (ERA5),8.4,0.0
2026-01-25,Valencia,39.47276,-0.3734436,16.5,8.9,12.1,12.5,4.1,09:14,19:12,8.18,31.1,0.4,2026,1,25,Open-Meteo (ERA5),5.9,0.0
2026-01-26,Valencia,39.47276,-0.3734436,16.5,11.4,13.9,14.0,7.1,09:13,19:14,7.02,25.0,0.0,2026,1,26,Open-Meteo (ERA5),4.1,0.0
2026-01-27,Valencia,39.47276,-0.3734436,18.6,13.1,16.1,17.0,7.8,09:13,19:15,5.08,25.8,0.8,2026,1,27,Open-Meteo (ERA5),1.8999999999999986,0.0
2026-01-28,Valencia,39.47276,-0.3734436,13.5,9.0,11.1,11.3,4.1,09:12,19:16,4.69,29.7,3.7,2026,1,28,Open-Meteo (ERA5),6.9,0.0
2026-01-29,Valencia,39.47276,-0.3734436,20.9,10.5,14.1,19.9,7.4,09:11,19:17,6.78,26.2,4.8,2026,1,29,Open-Meteo (ERA5),3.9000000000000004,0.0
2026-01-30,Valencia,39.47276,-0.3734436,17.4,11.6,14.4,13.5,7.8,09:10,19:18,11.24,32.0,0.3,2026,1,30,Open-Meteo (ERA5),3.5999999999999996,0.0
2026-01-31,Valencia,39.47276,-0.3734436,17.1,10.9,13.4,10.4,5.3,09:09,19:20,12.03,32.3,0.0,2026,1,31,Open-Meteo (ERA5),4.6,0.0
2026-02-01,Valencia,39.47276,-0.3734436,17.8,10.6,13.5,14.2,6.3,09:08,19:21,9.96,26.9,0.0,2026,2,1,Open-Meteo (ERA5),4.5,0.0
2026-02-02,Valencia,39.47276,-0.3734436,15.7,11.4,13.2,15.5,6.1,09:07,19:22,6.0,24.7,0.2,2026,2,2,Open-Meteo (ERA5),4.800000000000001,0.0
2026-02-03,Valencia,39.47276,-0.3734436,15.2,8.5,11.3,12.2,4.8,09:06,19:23,9.79,24.6,0.6,2026,2,3,Open-Meteo (ERA5),6.699999999999999,0.0
2026-02-04,Valencia,39.47276,-0.3734436,16.5,8.4,11.9,12.5,5.7,09:05,19:24,7.51,26.1,3.5,2026,2,4,Open-Meteo (ERA5),6.1,0.0
2026-02-05,Valencia,39.47276,-0.3734436,21.9,11.8,15.8,20.5,10.2,09:04,19:26,9.85,36.0,4.9,2026,2,5,Open-Meteo (ERA5),2.1999999999999993,0.0
2026-02-06,Valencia,39.47276,-0.3734436,18.8,12.9,15.2,14.3,8.0,09:03,19:27,10.71,32.0,0.0,2026,2,6,Open-Meteo (ERA5),2.8000000000000007,0.0
2026-02-07,Valencia,39.47276,-0.3734436,16.1,10.4,12.8,11.7,6.3,09:02,19:28,9.44,21.6,0.1,2026,2,7,Open-Meteo (ERA5),5.199999999999999,0.0
2026-02-08,Valencia,39.47276,-0.3734436,18.5,11.0,13.8,13.5,6.7,09:01,19:29,12.29,26.7,0.0,2026,2,8,Open-Meteo (ERA5),4.199999999999999,0.0
2026-02-09,Valencia,39.47276,-0.3734436,20.6,9.1,14.5,17.1,4.8,09:00,19:30,12.02,26.0,2.8,2026,2,9,Open-Meteo (ERA5),3.5,0.0
2026-02-10,Valencia,39.47276,-0.3734436,24.1,16.0,19.7,21.2,13.6,08:59,19:31,8.17,26.3,0.0,2026,2,10,Open-Meteo (ERA5),0.0,1.6999999999999993
2026-02-11,Valencia,39.47276,-0.3734436,23.3,18.2,20.6,22.0,13.1,08:58,19:33,8.92,46.3,1.1,2026,2,11,Open-Meteo (ERA5),0.0,2.6000000000000014
2026-02-12,Valencia,39.47276,-0.3734436,20.9,15.4,18.3,15.7,10.4,08:57,19:34,13.94,46.4,0.0,2026,2,12,Open-Meteo (ERA5),0.0,0.3000000000000007
2026-02-13,Valencia,39.47276,-0.3734436,18.5,12.4,15.6,15.2,9.2,08:55,19:35,10.7,34.8,0.9,2026,2,13,Open-Meteo (ERA5),2.4000000000000004,0.0
2026-02-14,Valencia,39.47276,-0.3734436,18.8,13.1,14.9,14.7,7.5,08:54,19:36,13.51,28.8,0.0,2026,2,14,Open-Meteo (ERA5),3.0999999999999996,0.0
2026-02-15,Valencia,39.47276,-0.3734436,18.9,10.6,14.4,14.7,3.7,08:53,19:37,5.82,32.9,0.0,2026,2,15,Open-Meteo (ERA5),3.5999999999999996,0.0
2026-02-16,Valencia,39.47276,-0.3734436,22.8,13.6,17.5,19.0,8.7,08:52,19:38,13.24,29.2,0.0,2026,2,16,Open-Meteo (ERA5),0.5,0.0
2026-02-17,Valencia,39.47276,-0.3734436,24.5,16.5,19.6,21.5,12.8,08:50,19:39,14.32,24.3,0.0,2026,2,17,Open-Meteo (ERA5),0.0,1.6000000000000014
2026-02-18,Valencia,39.47276,-0.3734436,22.1,12.3,16.9,18.3,10.0,08:49,19:41,14.43,27.7,0.0,2026,2,18,Open-Meteo (ERA5),1.1000000000000014,0.0
2026-02-19,Valencia,39.47276,-0.3734436,19.6,12.7,16.1,14.3,7.5,08:48,19:42,15.46,26.9,0.0,2026,2,19,Open-Meteo (ERA5),1.8999999999999986,0.0
2026-02-20,Valencia,39.47276,-0.3734436,18.8,10.5,14.0,15.8,6.1,08:46,19:43,15.48,19.3,0.0,2026,2,20,Open-Meteo (ERA5),4.0,0.0
2026-02-21,Valencia,39.47276,-0.3734436,17.9,6.4,12.2,15.8,3.3,08:45,19:44,15.73,11.0,0.0,2026,2,21,Open-Meteo (ERA5),5.800000000000001,0.0
2026-02-22,Valencia,39.47276,-0.3734436,19.7,6.4,12.7,18.0,4.1,08:44,19:45,15.89,8.4,0.0,2026,2,22,Open-Meteo (ERA5),5.300000000000001,0.0
2026-02-23,Valencia,39.47276,-0.3734436,20.2,7.6,13.5,18.0,5.0,08:42,19:46,16.1,9.2,0.0,2026,2,23,Open-Meteo (ERA5),4.5,0.0
2026-02-24,Valencia,39.47276,-0.3734436,19.4,7.3,13.4,17.7,4.8,08:41,19:47,16.26,8.0,0.0,2026,2,24,Open-Meteo (ERA5),4.6,0.0
2026-02-25,Valencia,39.47276,-0.3734436,16.5,8.1,12.6,15.5,5.8,08:39,19:48,16.08,13.6,0.0,2026,2,25,Open-Meteo (ERA5),5.4,0.0
2026-02-26,Valencia,39.47276,-0.3734436,17.8,8.1,12.6,16.7,6.6,08:38,19:50,16.4,8.6,0.0,2026,2,26,Open-Meteo (ERA5),5.4,0.0
2026-02-27,Valencia,39.47276,-0.3734436,16.3,7.2,11.7,14.6,4.6,08:37,19:51,14.66,10.9,0.0,2026,2,27,Open-Meteo (ERA5),6.300000000000001,0.0
2026-02-28,Valencia,39.47276,-0.3734436,15.6,10.9,13.1,13.1,10.2,08:35,19:52,12.05,16.1,0.1,2026,2,28,Open-Meteo (ERA5),4.9,0.0
2026-03-01,Valencia,39.47276,-0.3734436,15.6,9.5,12.7,13.8,8.1,08:34,19:53,13.29,9.9,0.0,2026,3,1,Open-Meteo (ERA5),5.300000000000001,0.0
2026-03-02,Valencia,39.47276,-0.3734436,15.4,8.6,12.1,13.8,7.0,08:32,19:54,8.19,15.2,0.8,2026,3,2,Open-Meteo (ERA5),5.9,0.0
2026-03-03,Valencia,39.47276,-0.3734436,15.1,12.4,13.8,11.3,9.0,08:31,19:55,5.71,30.8,2.4,2026,3,3,Open-Meteo (ERA5),4.199999999999999,0.0
2026-03-04,Valencia,39.47276,-0.3734436,15.3,13.9,14.4,12.0,10.5,08:29,19:56,5.9,33.4,4.3,2026,3,4,Open-Meteo (ERA5),3.5999999999999996,0.0
2026-03-05,Valencia,39.47276,-0.3734436,14.4,12.3,13.7,13.4,10.4,08:28,19:57,3.71,24.6,18.2,2026,3,5,Open-Meteo (ERA5),4.300000000000001,0.0
2026-03-06,Valencia,39.47276,-0.3734436,14.8,9.2,12.0,12.6,7.9,08:26,19:58,9.83,20.4,13.0,2026,3,6,Open-Meteo (ERA5),6.0,0.0
2026-03-07,Valencia,39.47276,-0.3734436,13.8,9.9,11.6,12.3,8.0,08:25,19:59,10.51,16.1,5.0,2026,3,7,Open-Meteo (ERA5),6.4,0.0
2026-03-08,Valencia,39.47276,-0.3734436,14.8,8.1,11.5,13.6,6.3,08:23,20:00,14.36,10.6,0.3,2026,3,8,Open-Meteo (ERA5),6.5,0.0
2026-03-09,Valencia,39.47276,-0.3734436,15.9,8.6,12.2,15.7,6.9,08:22,20:01,16.03,13.6,3.2,2026,3,9,Open-Meteo (ERA5),5.800000000000001,0.0
2026-03-10,Valencia,39.47276,-0.3734436,14.1,10.2,12.1,12.5,8.0,08:20,20:02,9.27,18.0,5.8,2026,3,10,Open-Meteo (ERA5),5.9,0.0
2026-03-11,Valencia,39.47276,-0.3734436,16.2,10.6,13.3,16.0,9.2,08:19,20:03,16.18,10.9,0.0,2026,3,11,Open-Meteo (ERA5),4.699999999999999,0.0
2026-03-12,Valencia,39.47276,-0.3734436,18.7,8.8,13.2,19.0,6.8,08:17,20:04,17.58,11.5,0.0,2026,3,12,Open-Meteo (ERA5),4.800000000000001,0.0
2026-03-13,Valencia,39.47276,-0.3734436,20.0,9.8,14.4,21.1,7.8,08:15,20:05,18.56,12.2,0.0,2026,3,13,Open-Meteo (ERA5),3.5999999999999996,0.0
2026-03-14,Valencia,39.47276,-0.3734436,19.5,13.0,15.7,16.7,11.6,08:14,20:07,11.34,18.2,2.1,2026,3,14,Open-Meteo (ERA5),2.3000000000000007,0.0
2026-03-15,Valencia,39.47276,-0.3734436,18.4,10.4,13.8,13.7,4.9,08:12,20:08,18.94,28.4,0.0,2026,3,15,Open-Meteo (ERA5),4.199999999999999,0.0
2026-03-16,Valencia,39.47276,-0.3734436,18.6,5.8,12.1,16.6,2.3,08:11,20:09,20.14,11.1,0.0,2026,3,16,Open-Meteo (ERA5),5.9,0.0
2026-03-17,Valencia,39.47276,-0.3734436,19.0,7.8,13.3,17.5,5.4,08:09,20:10,20.04,9.2,0.0,2026,3,17,Open-Meteo (ERA5),4.699999999999999,0.0
2026-03-18,Valencia,39.47276,-0.3734436,17.5,7.2,12.7,16.6,5.3,08:07,20:11,19.11,13.2,0.0,2026,3,18,Open-Meteo (ERA5),5.300000000000001,0.0
2026-03-19,Valencia,39.47276,-0.3734436,15.9,12.1,13.8,12.2,9.5,08:06,20:12,14.18,20.2,0.4,2026,3,19,Open-Meteo (ERA5),4.199999999999999,0.0
2026-03-20,Valencia,39.47276,-0.3734436,15.6,10.9,13.3,12.1,7.9,08:04,20:13,14.24,19.6,0.6,2026,3,20,Open-Meteo (ERA5),4.699999999999999,0.0
2026-03-21,Valencia,39.47276,-0.3734436,15.1,11.1,12.9,13.2,10.0,08:03,20:14,8.7,11.9,1.2,2026,3,21,Open-Meteo (ERA5),5.1,0.0
2026-03-22,Valencia,39.47276,-0.3734436,18.2,6.3,12.3,16.9,4.1,08:01,20:15,21.02,15.2,0.0,2026,3,22,Open-Meteo (ERA5),5.699999999999999,0.0
2026-03-23,Valencia,39.47276,-0.3734436,16.6,8.6,12.5,13.3,6.6,07:59,20:16,15.57,24.2,0.7,2026,3,23,Open-Meteo (ERA5),5.5,0.0
2026-03-24,Valencia,39.47276,-0.3734436,19.1,7.3,13.2,17.1,4.6,07:58,20:17,21.02,16.1,0.0,2026,3,24,Open-Meteo (ERA5),4.800000000000001,0.0
2026-03-25,Valencia,39.47276,-0.3734436,22.8,8.7,15.2,21.3,6.2,07:56,20:18,21.11,11.1,0.0,2026,3,25,Open-Meteo (ERA5),2.8000000000000007,0.0
2026-03-26,Valencia,39.47276,-0.3734436,18.8,9.1,13.8,15.7,6.4,07:55,20:19,21.61,18.4,0.0,2026,3,26,Open-Meteo (ERA5),4.199999999999999,0.0
2026-03-27,Valencia,39.47276,-0.3734436,17.8,8.1,12.7,16.1,4.4,07:53,20:20,21.73,18.1,0.0,2026,3,27,Open-Meteo (ERA5),5.300000000000001,0.0
2026-03-28,Valencia,39.47276,-0.3734436,18.0,8.3,13.8,16.3,5.5,07:52,20:21,21.42,16.9,0.0,2026,3,28,Open-Meteo (ERA5),4.199999999999999,0.0
2026-03-29,Valencia,39.47276,-0.3734436,17.0,10.1,13.7,10.8,5.9,07:50,20:22,22.38,30.2,0.0,2026,3,29,Open-Meteo (ERA5),4.300000000000001,0.0
2026-03-30,Valencia,39.47276,-0.3734436,20.6,7.1,14.1,17.3,3.3,07:48,20:23,22.06,19.7,0.0,2026,3,30,Open-Meteo (ERA5),3.9000000000000004,0.0
2026-03-31,Valencia,39.47276,-0.3734436,21.8,12.6,17.0,20.1,10.6,07:47,20:24,22.17,19.6,0.0,2026,3,31,Open-Meteo (ERA5),1.0,0.0
2026-04-01,Valencia,39.47276,-0.3734436,22.2,12.4,17.0,19.9,9.1,07:45,20:25,21.18,16.5,0.0,2026,4,1,Open-Meteo (ERA5),1.0,0.0
2026-04-02,Valencia,39.47276,-0.3734436,21.6,13.9,16.7,19.3,9.7,07:44,20:26,16.75,21.3,0.0,2026,4,2,Open-Meteo (ERA5),1.3000000000000007,0.0
2026-04-03,Valencia,39.47276,-0.3734436,20.1,10.6,15.3,17.7,7.0,07:42,20:27,23.19,17.4,0.0,2026,4,3,Open-Meteo (ERA5),2.6999999999999993,0.0
2026-04-04,Valencia,39.47276,-0.3734436,22.2,9.9,16.1,20.7,7.0,07:40,20:28,22.65,13.9,0.0,2026,4,4,Open-Meteo (ERA5),1.8999999999999986,0.0
2026-04-05,Valencia,39.47276,-0.3734436,21.5,10.9,16.8,21.0,9.4,07:39,20:29,22.89,11.8,0.0,2026,4,5,Open-Meteo (ERA5),1.1999999999999993,0.0
2026-04-06,Valencia,39.47276,-0.3734436,19.5,12.3,16.0,18.6,11.2,07:37,20:29,23.13,12.2,0.0,2026,4,6,Open-Meteo (ERA5),2.0,0.0
2026-04-07,Valencia,39.47276,-0.3734436,19.8,9.8,15.3,19.2,7.6,07:36,20:30,21.17,10.1,0.0,2026,4,7,Open-Meteo (ERA5),2.6999999999999993,0.0
2026-04-08,Valencia,39.47276,-0.3734436,20.4,11.4,16.1,19.8,9.4,07:34,20:31,21.24,13.9,0.0,2026,4,8,Open-Meteo (ERA5),1.8999999999999986,0.0
2026-04-09,Valencia,39.47276,-0.3734436,23.6,12.6,18.0,23.0,11.9,07:33,20:32,23.36,10.0,0.0,2026,4,9,Open-Meteo (ERA5),0.0,0.0
2026-04-10,Valencia,39.47276,-0.3734436,25.7,13.4,19.1,24.0,10.5,07:31,20:33,21.95,9.9,0.0,2026,4,10,Open-Meteo (ERA5),0.0,1.1000000000000014
2026-04-11,Valencia,39.47276,-0.3734436,21.8,15.1,18.4,19.6,12.0,07:30,20:34,13.64,11.6,0.0,2026,4,11,Open-Meteo (ERA5),0.0,0.3999999999999986
2026-04-12,Valencia,39.47276,-0.3734436,19.0,13.8,17.2,18.0,13.6,07:28,20:35,6.97,23.5,8.1,2026,4,12,Open-Meteo (ERA5),0.8000000000000007,0.0
2026-04-13,Valencia,39.47276,-0.3734436,19.0,9.7,13.5,17.6,6.7,07:27,20:36,13.82,17.9,11.3,2026,4,13,Open-Meteo (ERA5),4.5,0.0
2026-04-14,Valencia,39.47276,-0.3734436,19.6,9.8,14.6,18.8,7.2,07:25,20:37,23.03,15.4,0.0,2026,4,14,Open-Meteo (ERA5),3.4000000000000004,0.0
2026-04-15,Valencia,39.47276,-0.3734436,21.7,10.4,15.8,22.0,8.6,07:24,20:38,23.99,14.7,0.0,2026,4,15,Open-Meteo (ERA5),2.1999999999999993,0.0
2026-04-16,Valencia,39.47276,-0.3734436,21.4,11.6,16.8,22.0,10.6,07:22,20:39,24.35,13.7,0.0,2026,4,16,Open-Meteo (ERA5),1.1999999999999993,0.0
2026-04-17,Valencia,39.47276,-0.3734436,21.9,11.6,17.0,22.5,11.3,07:21,20:40,24.31,10.7,0.0,2026,4,17,Open-Meteo (ERA5),1.0,0.0
2026-04-18,Valencia,39.47276,-0.3734436,22.7,13.1,17.8,23.8,13.3,07:19,20:41,24.11,13.5,0.0,2026,4,18,Open-Meteo (ERA5),0.1999999999999993,0.0
2026-04-19,Valencia,39.47276,-0.3734436,23.4,13.6,18.7,23.7,13.2,07:18,20:42,24.29,11.8,0.0,2026,4,19,Open-Meteo (ERA5),0.0,0.6999999999999993
2026-04-20,Valencia,39.47276,-0.3734436,25.0,13.9,19.5,25.4,13.7,07:16,20:43,24.11,11.2,0.0,2026,4,20,Open-Meteo (ERA5),0.0,1.5
2026-04-21,Valencia,39.47276,-0.3734436,22.5,13.9,18.5,23.6,13.1,07:15,20:44,24.81,11.7,0.0,2026,4,21,Open-Meteo (ERA5),0.0,0.5
2026-04-22,Valencia,39.47276,-0.3734436,26.6,14.6,19.8,27.7,13.7,07:14,20:45,23.19,16.2,0.0,2026,4,22,Open-Meteo (ERA5),0.0,1.8000000000000007
2026-04-23,Valencia,39.47276,-0.3734436,20.1,16.4,18.0,18.2,14.8,07:12,20:46,19.05,23.3,0.4,2026,4,23,Open-Meteo (ERA5),0.0,0.0
2026-04-24,Valencia,39.47276,-0.3734436,20.8,15.8,17.9,20.7,14.6,07:11,20:47,20.01,14.7,0.0,2026,4,24,Open-Meteo (ERA5),0.10000000000000142,0.0
2026-04-25,Valencia,39.47276,-0.3734436,20.5,14.6,17.5,21.0,15.1,07:10,20:48,22.68,13.2,0.0,2026,4,25,Open-Meteo (ERA5),0.5,0.0
2026-04-26,Valencia,39.47276,-0.3734436,21.3,11.9,17.1,21.4,11.3,07:08,20:49,26.03,12.2,0.0,2026,4,26,Open-Meteo (ERA5),0.8999999999999986,0.0
2026-04-27,Valencia,39.47276,-0.3734436,22.0,12.1,17.3,20.8,11.1,07:07,20:50,25.28,13.0,0.0,2026,4,27,Open-Meteo (ERA5),0.6999999999999993,0.0
2026-04-28,Valencia,39.47276,-0.3734436,21.8,12.8,17.6,20.8,11.3,07:06,20:51,22.04,13.7,0.1,2026,4,28,Open-Meteo (ERA5),0.3999999999999986,0.0
2026-04-29,Valencia,39.47276,-0.3734436,21.9,15.4,18.8,21.9,14.0,07:04,20:52,21.24,12.7,0.0,2026,4,29,Open-Meteo (ERA5),0.0,0.8000000000000007
2026-04-30,Valencia,39.47276,-0.3734436,22.5,16.0,19.3,23.2,17.0,07:03,20:53,24.15,13.4,0.1,2026,4,30,Open-Meteo (ERA5),0.0,1.3000000000000007
2026-05-01,Valencia,39.47276,-0.3734436,20.7,17.6,18.9,21.1,18.5,07:02,20:54,15.84,17.3,2.9,2026,5,1,Open-Meteo (ERA5),0.0,0.8999999999999986
2026-05-02,Valencia,39.47276,-0.3734436,21.0,15.4,18.3,21.2,16.3,07:01,20:55,16.46,12.9,0.0,2026,5,2,Open-Meteo (ERA5),0.0,0.3000000000000007
2026-05-03,Valencia,39.47276,-0.3734436,19.9,17.0,18.3,19.8,17.5,06:59,20:56,15.95,12.2,2.2,2026,5,3,Open-Meteo (ERA5),0.0,0.3000000000000007
2026-05-04,Valencia,39.47276,-0.3734436,21.8,16.2,18.9,23.2,17.0,06:58,20:57,18.9,11.9,0.5,2026,5,4,Open-Meteo (ERA5),0.0,0.8999999999999986
2026-05-05,Valencia,39.47276,-0.3734436,25.5,14.4,19.2,23.4,14.6,06:57,20:58,24.33,19.8,0.0,2026,5,5,Open-Meteo (ERA5),0.0,1.1999999999999993
2026-05-06,Valencia,39.47276,-0.3734436,21.1,13.4,17.7,20.8,11.8,06:56,20:59,23.17,13.8,1.3,2026,5,6,Open-Meteo (ERA5),0.3000000000000007,0.0
2026-05-07,Valencia,39.47276,-0.3734436,21.2,13.1,17.1,21.3,12.2,06:55,21:00,19.01,13.8,1.5,2026,5,7,Open-Meteo (ERA5),0.8999999999999986,0.0
2026-05-08,Valencia,39.47276,-0.3734436,19.6,12.6,16.8,20.5,11.8,06:54,21:01,19.75,12.3,0.2,2026,5,8,Open-Meteo (ERA5),1.1999999999999993,0.0
2026-05-09,Valencia,39.47276,-0.3734436,18.5,15.9,16.8,19.3,15.0,06:53,21:02,7.8,17.5,15.5,2026,5,9,Open-Meteo (ERA5),1.1999999999999993,0.0
2026-05-10,Valencia,39.47276,-0.3734436,22.5,13.6,18.2,23.1,13.0,06:52,21:03,22.37,15.4,0.6,2026,5,10,Open-Meteo (ERA5),0.0,0.1999999999999993
2026-05-11,Valencia,39.47276,-0.3734436,25.1,15.0,20.0,23.6,12.9,06:51,21:04,27.39,19.8,0.0,2026,5,11,Open-Meteo (ERA5),0.0,2.0
2026-05-12,Valencia,39.47276,-0.3734436,26.2,14.2,20.5,24.8,12.3,06:50,21:05,27.16,25.6,0.0,2026,5,12,Open-Meteo (ERA5),0.0,2.5
2026-05-13,Valencia,39.47276,-0.3734436,25.4,16.1,20.6,25.1,13.4,06:49,21:06,24.93,18.9,0.1,2026,5,13,Open-Meteo (ERA5),0.0,2.6000000000000014
2026-05-14,Valencia,39.47276,-0.3734436,25.0,14.5,19.8,25.6,13.6,06:48,21:07,26.31,22.2,0.0,2026,5,14,Open-Meteo (ERA5),0.0,1.8000000000000007
2026-05-15,Valencia,39.47276,-0.3734436,19.7,15.5,17.5,18.7,13.3,06:47,21:08,12.37,13.2,3.1,2026,5,15,Open-Meteo (ERA5),0.5,0.0
2026-05-16,Valencia,39.47276,-0.3734436,20.1,10.4,16.2,19.1,7.6,06:46,21:09,29.31,15.1,0.0,2026,5,16,Open-Meteo (ERA5),1.8000000000000007,0.0
2026-05-17,Valencia,39.47276,-0.3734436,21.5,12.1,18.0,21.9,11.0,06:45,21:10,26.29,13.8,0.2,2026,5,17,Open-Meteo (ERA5),0.0,0.0
2026-05-18,Valencia,39.47276,-0.3734436,22.4,14.6,19.2,23.6,14.4,06:44,21:11,25.37,13.3,0.0,2026,5,18,Open-Meteo (ERA5),0.0,1.1999999999999993
2026-05-19,Valencia,39.47276,-0.3734436,27.2,16.6,21.8,27.8,16.4,06:44,21:11,28.94,15.8,0.0,2026,5,19,Open-Meteo (ERA5),0.0,3.8000000000000007
2026-05-20,Valencia,39.47276,-0.3734436,24.6,16.5,21.1,26.4,16.1,06:43,21:12,28.34,14.1,0.0,2026,5,20,Open-Meteo (ERA5),0.0,3.1000000000000014
2026-05-21,Valencia,39.47276,-0.3734436,26.9,16.3,22.1,26.9,16.2,06:42,21:13,29.21,12.8,0.0,2026,5,21,Open-Meteo (ERA5),0.0,4.100000000000001
2026-05-22,Valencia,39.47276,-0.3734436,28.3,17.0,23.1,29.1,16.0,06:41,21:14,29.31,13.2,0.0,2026,5,22,Open-Meteo (ERA5),0.0,5.100000000000001
2026-05-23,Valencia,39.47276,-0.3734436,27.5,17.9,23.2,28.0,16.9,06:41,21:15,29.52,12.7,0.0,2026,5,23,Open-Meteo (ERA5),0.0,5.199999999999999
2026-05-24,Valencia,39.47276,-0.3734436,27.0,17.5,22.5,28.0,16.7,06:40,21:16,29.45,13.5,0.0,2026,5,24,Open-Meteo (ERA5),0.0,4.5
2026-05-25,Valencia,39.47276,-0.3734436,25.8,16.8,21.9,27.3,15.3,06:39,21:17,29.38,11.8,0.0,2026,5,25,Open-Meteo (ERA5),0.0,3.8999999999999986
2026-05-26,Valencia,39.47276,-0.3734436,26.7,17.4,22.6,27.1,16.1,06:39,21:17,29.82,12.5,0.0,2026,5,26,Open-Meteo (ERA5),0.0,4.600000000000001
2026-05-27,Valencia,39.47276,-0.3734436,27.9,16.9,23.2,28.5,15.4,06:38,21:18,29.54,14.2,0.0,2026,5,27,Open-Meteo (ERA5),0.0,5.199999999999999
2026-05-28,Valencia,39.47276,-0.3734436,29.0,18.1,24.1,29.6,17.2,06:38,21:19,29.96,12.0,0.0,2026,5,28,Open-Meteo (ERA5),0.0,6.100000000000001
