fecha,t_nac_media,t_nac_max,t_nac_min,sensacion_nac,ciudades_usadas,HDD,CDD,año,mes,fuente
2021-01-01,3.819409233880104,5.8512051941981715,2.272445457774068,2.606283200376865,3,14.180590766119895,0.0,2021,1,Open-Meteo (ERA5) + INE Padrón
2021-01-02,2.5605558172673293,5.121059464358644,0.47523191910259494,2.1989056889482104,3,15.439444182732672,0.0,2021,1,Open-Meteo (ERA5) + INE Padrón
2021-01-03,2.662795915092436,6.345269083322371,0.06060022791881514,3.2396172166861,3,15.337204084907563,0.0,2021,1,Open-Meteo (ERA5) + INE Padrón
2021-01-04,2.296372192710776,5.6049787508405196,0.46741934054601797,2.3895463765890095,3,15.703627807289223,0.0,2021,1,Open-Meteo (ERA5) + INE Padrón
2021-01-05,1.2125776210721138,4.828885639301028,-1.43448675910602,2.508146714472684,3,16.787422378927886,0.0,2021,1,Open-Meteo (ERA5) + INE Padrón
2021-01-06,1.0928183017798467,5.169419162857498,-1.61161748321888,2.948888603072083,3,16.907181698220153,0.0,2021,1,Open-Meteo (ERA5) + INE Padrón
2021-01-07,1.7549730861580413,3.4094134683306945,0.629867058453784,0.9470864535001312,3,16.245026913841958,0.0,2021,1,Open-Meteo (ERA5) + INE Padrón
2021-01-08,1.4185170894344892,2.7224451363736435,0.12597291925939247,-0.16791511791837194,3,16.581482910565512,0.0,2021,1,Open-Meteo (ERA5) + INE Padrón
2021-01-09,1.6384044810565443,2.4719091437731997,0.8060587997484813,0.22701388931933586,3,16.361595518943457,0.0,2021,1,Open-Meteo (ERA5) + INE Padrón
2021-01-10,2.307867652814997,4.267717617357643,0.4438502726279099,2.050664001798006,3,15.692132347185003,0.0,2021,1,Open-Meteo (ERA5) + INE Padrón
2021-01-11,1.7150406100914684,5.004791150560718,-0.6360466244116937,2.277067322139875,3,16.284959389908533,0.0,2021,1,Open-Meteo (ERA5) + INE Padrón
2021-01-12,0.3411300312653742,4.904294518033663,-2.2406961579104565,2.6482072628690454,3,17.658869968734624,0.0,2021,1,Open-Meteo (ERA5) + INE Padrón
2021-01-13,1.0039114833387168,6.17008776182943,-1.9944837758213674,4.025893039775369,3,16.996088516661285,0.0,2021,1,Open-Meteo (ERA5) + INE Padrón
2021-01-14,0.6712045996073864,6.094965113131801,-3.586072198702598,4.021557405444569,3,17.328795400392615,0.0,2021,1,Open-Meteo (ERA5) + INE Padrón
2021-01-15,2.2083381256432313,7.003400548492781,-1.2433960879140358,5.156968621217433,3,15.79166187435677,0.0,2021,1,Open-Meteo (ERA5) + INE Padrón
2021-01-16,2.1183004483306345,7.316816622921774,-1.0708872281669821,5.169691331623942,3,15.881699551669366,0.0,2021,1,Open-Meteo (ERA5) + INE Padrón
2021-01-17,2.3079459080790197,8.129377290121505,-2.342872061740103,6.074593577684893,3,15.69205409192098,0.0,2021,1,Open-Meteo (ERA5) + INE Padrón
2021-01-18,2.6584180969559474,7.2498329291723005,-0.9406850523779384,5.605291065963534,3,15.341581903044052,0.0,2021,1,Open-Meteo (ERA5) + INE Padrón
2021-01-19,1.7919609317122813,6.323904357432166,-1.467767675473727,4.489442828259453,3,16.208039068287718,0.0,2021,1,Open-Meteo (ERA5) + INE Padrón
2021-01-20,3.333650090669355,6.158131424995357,-0.02188501578420421,4.107411178123099,3,14.666349909330645,0.0,2021,1,Open-Meteo (ERA5) + INE Padrón
2021-01-21,6.635124945562803,9.285898292376588,4.474311875952292,6.567174146458041,3,11.364875054437196,0.0,2021,1,Open-Meteo (ERA5) + INE Padrón
2021-01-22,6.8984759651023415,8.781323277861915,4.082800399776213,5.3514720426397355,3,11.101524034897658,0.0,2021,1,Open-Meteo (ERA5) + INE Padrón
2021-01-23,5.570867266904917,8.301467456944396,3.2716568214829556,5.183653316152185,3,12.429132733095084,0.0,2021,1,Open-Meteo (ERA5) + INE Padrón
2021-01-24,7.637361232497164,9.522240278038915,5.729428203392289,6.693981708183567,3,10.362638767502837,0.0,2021,1,Open-Meteo (ERA5) + INE Padrón
2021-01-25,7.817982962104365,10.198737630962064,5.711090438176677,8.073126757802052,3,10.182017037895635,0.0,2021,1,Open-Meteo (ERA5) + INE Padrón
2021-01-26,7.69849784902766,10.347021501917958,5.387030775468056,9.235671521420075,3,10.30150215097234,0.0,2021,1,Open-Meteo (ERA5) + INE Padrón
2021-01-27,9.183288503713438,13.18386584218275,6.958682454544223,12.538875780343012,3,8.816711496286562,0.0,2021,1,Open-Meteo (ERA5) + INE Padrón
2021-01-28,8.955411849390842,12.187708654877241,6.693844039755396,11.521396050952987,3,9.044588150609158,0.0,2021,1,Open-Meteo (ERA5) + INE Padrón
2021-01-29,8.962637906608842,12.35366143954791,6.539699030311962,11.018678122525648,3,9.037362093391158,0.0,2021,1,Open-Meteo (ERA5) + INE Padrón
2021-01-30,8.367999129693565,10.339044263036861,6.547253501370658,7.482523323914005,3,9.632000870306435,0.0,2021,1,Open-Meteo (ERA5) + INE Padrón
2021-01-31,7.901831087088725,11.073253458440744,5.409209970208476,8.068150394507542,3,10.098168912911275,0.0,2021,1,Open-Meteo (ERA5) + INE Padrón
2021-02-01,9.008052974595362,12.205639750988135,6.775946661992586,9.354081113891226,3,8.991947025404638,0.0,2021,2,Open-Meteo (ERA5) + INE Padrón
2021-02-02,8.352265557330146,10.94363576654116,6.310665432029895,9.167910560919498,3,9.647734442669854,0.0,2021,2,Open-Meteo (ERA5) + INE Padrón
2021-02-03,8.199553735510866,10.876557718809984,6.123856187543575,9.635469607342806,3,9.800446264489134,0.0,2021,2,Open-Meteo (ERA5) + INE Padrón
2021-02-04,7.6655312852320865,10.161042824999534,5.643141676521033,9.10581091393195,3,10.334468714767914,0.0,2021,2,Open-Meteo (ERA5) + INE Padrón
2021-02-05,7.943130519334876,11.126170827309945,5.834492492660018,9.619439818574053,3,10.056869480665124,0.0,2021,2,Open-Meteo (ERA5) + INE Padrón
2021-02-06,7.240987013815856,9.879105919116828,4.863669142827364,8.645844447474792,3,10.759012986184144,0.0,2021,2,Open-Meteo (ERA5) + INE Padrón
2021-02-07,6.4425468791215295,9.11267930413135,4.464931609433286,6.199551296311219,3,11.55745312087847,0.0,2021,2,Open-Meteo (ERA5) + INE Padrón
2021-02-08,6.601966505713926,8.969591795060396,4.905275684657514,5.647189043367707,3,11.398033494286075,0.0,2021,2,Open-Meteo (ERA5) + INE Padrón
2021-02-09,6.663101084795304,8.461745773641812,5.089074067186923,5.557477742446689,3,11.336898915204696,0.0,2021,2,Open-Meteo (ERA5) + INE Padrón
2021-02-10,7.290380049114575,10.423641532235202,5.2504712189363625,7.781499307726444,3,10.709619950885426,0.0,2021,2,Open-Meteo (ERA5) + INE Padrón
2021-02-11,7.684315865908988,11.042793565425763,4.7637157171924205,9.18788224554212,3,10.315684134091011,0.0,2021,2,Open-Meteo (ERA5) + INE Padrón
2021-02-12,8.531236138171877,11.228583534380778,6.460240747283535,8.986936369832712,3,9.468763861828123,0.0,2021,2,Open-Meteo (ERA5) + INE Padrón
2021-02-13,7.347465223900162,11.54123527268645,4.142529913770562,9.835218392736166,3,10.652534776099838,0.0,2021,2,Open-Meteo (ERA5) + INE Padrón
2021-02-14,6.461771456979291,9.905366715588402,3.2372048998872116,8.446941197726229,3,11.53822854302071,0.0,2021,2,Open-Meteo (ERA5) + INE Padrón
2021-02-15,6.634266255457781,9.817687147449561,4.222316610639686,8.396317744035326,3,11.365733744542219,0.0,2021,2,Open-Meteo (ERA5) + INE Padrón
2021-02-16,6.430510249574317,10.800618563813021,3.0871113321886887,8.582786550861503,3,11.569489750425683,0.0,2021,2,Open-Meteo (ERA5) + INE Padrón
2021-02-17,6.9406882950786475,10.934791888633834,3.738371239069803,9.653251011206084,3,11.059311704921353,0.0,2021,2,Open-Meteo (ERA5) + INE Padrón
2021-02-18,6.691611575190366,10.425008488414777,3.8776533900742827,8.502226662139513,3,11.308388424809634,0.0,2021,2,Open-Meteo (ERA5) + INE Padrón
2021-02-19,6.767661182886712,11.216629234995823,3.6658126368677966,9.166807824585158,3,11.232338817113288,0.0,2021,2,Open-Meteo (ERA5) + INE Padrón
2021-02-20,7.24342745315187,11.345634320468823,4.51222668050525,9.071521615211607,3,10.75657254684813,0.0,2021,2,Open-Meteo (ERA5) + INE Padrón
2021-02-21,7.559173514217492,9.231977746693765,5.629465922027798,6.793851673015473,3,10.440826485782509,0.0,2021,2,Open-Meteo (ERA5) + INE Padrón
2021-02-22,6.901286095276401,9.17786328750852,5.398237968088152,7.572847231261609,3,11.0987139047236,0.0,2021,2,Open-Meteo (ERA5) + INE Padrón
2021-02-23,6.737857210744783,10.376880812325798,3.735098194716774,8.872413558781957,3,11.262142789255217,0.0,2021,2,Open-Meteo (ERA5) + INE Padrón
2021-02-24,6.9513912965224245,10.973539298203807,3.7616030374176668,9.53898630765321,3,11.048608703477576,0.0,2021,2,Open-Meteo (ERA5) + INE Padrón
2021-02-25,6.886493543180261,10.045346971271623,4.361246300164581,8.810706519630564,3,11.113506456819739,0.0,2021,2,Open-Meteo (ERA5) + INE Padrón
2021-02-26,7.3493905788811915,10.737591957826755,4.488205591586839,9.509619164602244,3,10.650609421118808,0.0,2021,2,Open-Meteo (ERA5) + INE Padrón
2021-02-27,7.513992506089965,11.989165109596396,3.7493885930857123,10.784532529970015,3,10.486007493910035,0.0,2021,2,Open-Meteo (ERA5) + INE Padrón
2021-02-28,6.982612357570828,10.18722129130885,3.4700157336986277,7.902025000591147,3,11.017387642429172,0.0,2021,2,Open-Meteo (ERA5) + INE Padrón
2021-03-01,6.9426919053236995,8.934214951915052,5.243082538842963,7.003554315638633,3,11.057308094676301,0.0,2021,3,Open-Meteo (ERA5) + INE Padrón
2021-03-02,7.639272526209631,10.200336609551515,5.420799784294401,8.3599998806227,3,10.36072747379037,0.0,2021,3,Open-Meteo (ERA5) + INE Padrón
2021-03-03,7.750306369215165,10.806633469446412,5.021996019455745,9.797443294060496,3,10.249693630784835,0.0,2021,3,Open-Meteo (ERA5) + INE Padrón
2021-03-04,7.29610872471296,10.56831395862704,4.411663816533618,9.350566060757995,3,10.70389127528704,0.0,2021,3,Open-Meteo (ERA5) + INE Padrón
2021-03-05,7.281794278705132,10.388278750358419,4.709034003476175,9.095353996166612,3,10.718205721294868,0.0,2021,3,Open-Meteo (ERA5) + INE Padrón
2021-03-06,7.699276246419542,10.44942739070836,5.088094938012189,8.573273821453341,3,10.300723753580458,0.0,2021,3,Open-Meteo (ERA5) + INE Padrón
2021-03-07,7.315319241302158,9.372626853877822,5.367546052663296,7.914241482372219,3,10.68468075869784,0.0,2021,3,Open-Meteo (ERA5) + INE Padrón
2021-03-08,6.471901998353053,8.706967002736725,4.803759776599156,7.355757945994168,3,11.528098001646947,0.0,2021,3,Open-Meteo (ERA5) + INE Padrón
2021-03-09,6.598082892383429,9.591515849517567,3.9064621343237977,8.196050706197083,3,11.40191710761657,0.0,2021,3,Open-Meteo (ERA5) + INE Padrón
2021-03-10,6.064072465924093,10.550848944785013,1.9866249385608654,8.945913181251242,3,11.935927534075907,0.0,2021,3,Open-Meteo (ERA5) + INE Padrón
2021-03-11,8.247681411599846,13.398790931778857,3.629137106436571,11.779294638558822,3,9.752318588400154,0.0,2021,3,Open-Meteo (ERA5) + INE Padrón
2021-03-12,8.319367262428267,11.394218798389417,5.775415731448825,9.095280521733901,3,9.680632737571733,0.0,2021,3,Open-Meteo (ERA5) + INE Padrón
2021-03-13,7.246916421197092,11.738641140815396,2.9448512225957355,9.575235902172139,3,10.753083578802908,0.0,2021,3,Open-Meteo (ERA5) + INE Padrón
2021-03-14,7.403691708580726,11.752177189431343,3.526322511092332,10.413264907183,3,10.596308291419273,0.0,2021,3,Open-Meteo (ERA5) + INE Padrón
2021-03-15,7.544612984531227,12.003153179212648,3.323233319260586,9.883171422130301,3,10.455387015468773,0.0,2021,3,Open-Meteo (ERA5) + INE Padrón
2021-03-16,8.067293741851639,12.422747172422374,4.127630983873274,10.114522983229556,3,9.932706258148361,0.0,2021,3,Open-Meteo (ERA5) + INE Padrón
2021-03-17,8.545950435003995,13.740935457744225,4.982377895961305,11.001321523933886,3,9.454049564996005,0.0,2021,3,Open-Meteo (ERA5) + INE Padrón
2021-03-18,6.618998765363227,8.833147896767102,3.8616075025878476,5.666333328512327,3,11.381001234636773,0.0,2021,3,Open-Meteo (ERA5) + INE Padrón
2021-03-19,5.47849960295569,8.046597867462271,3.612857159091144,5.220683345512113,3,12.52150039704431,0.0,2021,3,Open-Meteo (ERA5) + INE Padrón
2021-03-20,5.3870026529309305,8.780984877650893,2.45852165676409,5.603126870292201,3,12.612997347069069,0.0,2021,3,Open-Meteo (ERA5) + INE Padrón
2021-03-21,6.082178208729832,10.97800943287288,1.9636131388034306,8.563781971594171,3,11.917821791270168,0.0,2021,3,Open-Meteo (ERA5) + INE Padrón
2021-03-22,6.854167708348399,11.93934613838538,2.0110719633915735,9.775354378403545,3,11.145832291651601,0.0,2021,3,Open-Meteo (ERA5) + INE Padrón
2021-03-23,7.640745860190355,12.281092850975577,2.7979222839999753,11.072070429393262,3,10.359254139809645,0.0,2021,3,Open-Meteo (ERA5) + INE Padrón
2021-03-24,8.321592908712867,13.327545078131294,3.36870259487224,11.867454350235093,3,9.678407091287133,0.0,2021,3,Open-Meteo (ERA5) + INE Padrón
2021-03-25,8.66944684346904,13.144006840548887,3.731377204261678,11.650090858752089,3,9.33055315653096,0.0,2021,3,Open-Meteo (ERA5) + INE Padrón
2021-03-26,9.104393825025475,12.68341370639658,5.265772037107057,10.877200485222811,3,8.895606174974525,0.0,2021,3,Open-Meteo (ERA5) + INE Padrón
2021-03-27,9.085755768506294,12.463159792026378,5.638723712027975,10.838320612763685,3,8.914244231493706,0.0,2021,3,Open-Meteo (ERA5) + INE Padrón
2021-03-28,9.090119525374218,13.790742405135797,4.6336110634749765,12.167714960064849,3,8.909880474625782,0.0,2021,3,Open-Meteo (ERA5) + INE Padrón
2021-03-29,9.58538254226358,14.14728166982213,4.895857309231056,11.571602849168848,3,8.41461745773642,0.0,2021,3,Open-Meteo (ERA5) + INE Padrón
2021-03-30,10.397032349182277,14.575028679248573,6.318631777732322,12.69417091546549,3,7.602967650817723,0.0,2021,3,Open-Meteo (ERA5) + INE Padrón
2021-03-31,10.061981417545754,14.716330539215788,5.074066722039368,12.994566025633521,3,7.938018582454246,0.0,2021,3,Open-Meteo (ERA5) + INE Padrón
2021-04-01,10.16775266722177,14.77803757836718,5.795841474520866,13.267489187745369,3,7.8322473327782305,0.0,2021,4,Open-Meteo (ERA5) + INE Padrón
2021-04-02,9.57045345238005,11.966355172262592,7.14279835773566,11.092984264923942,3,8.42954654761995,0.0,2021,4,Open-Meteo (ERA5) + INE Padrón
2021-04-03,9.717316159531233,14.091053147692449,6.009851628937701,13.13121586124868,3,8.282683840468767,0.0,2021,4,Open-Meteo (ERA5) + INE Padrón
2021-04-04,9.194077003409369,12.862782100613485,5.599349634762853,12.088148261786156,3,8.805922996590631,0.0,2021,4,Open-Meteo (ERA5) + INE Padrón
2021-04-05,9.268967629697123,14.004274453464317,4.486474150108231,13.12279067626552,3,8.731032370302877,0.0,2021,4,Open-Meteo (ERA5) + INE Padrón
2021-04-06,9.794332872582867,14.78791683052349,4.716666729798893,13.599930720990685,3,8.205667127417133,0.0,2021,4,Open-Meteo (ERA5) + INE Padrón
2021-04-07,8.508948528181191,11.821088275610965,4.9765809514692245,10.583803484761143,3,9.491051471818809,0.0,2021,4,Open-Meteo (ERA5) + INE Padrón
2021-04-08,8.268024824509629,11.229051654098761,5.461701403165381,9.73835450902986,3,9.731975175490371,0.0,2021,4,Open-Meteo (ERA5) + INE Padrón
2021-04-09,7.657924643997376,9.749043449205073,5.596541542037913,8.544138700812248,3,10.342075356002624,0.0,2021,4,Open-Meteo (ERA5) + INE Padrón
2021-04-10,8.36790681316098,11.335109133809786,5.988623440834887,10.892009136036632,3,9.63209318683902,0.0,2021,4,Open-Meteo (ERA5) + INE Padrón
2021-04-11,9.075597104595406,12.183346935458435,6.661317473140681,11.298592151355724,3,8.924402895404594,0.0,2021,4,Open-Meteo (ERA5) + INE Padrón
2021-04-12,7.787308276037969,10.8873591491337,4.995737260433289,9.877050138695763,3,10.212691723962031,0.0,2021,4,Open-Meteo (ERA5) + INE Padrón
2021-04-13,7.825769455572934,10.235100846270274,5.016761548663354,8.669539160001625,3,10.174230544427065,0.0,2021,4,Open-Meteo (ERA5) + INE Padrón
2021-04-14,9.051398200892255,12.249353537482293,6.256936762400374,12.088256677036423,3,8.948601799107745,0.0,2021,4,Open-Meteo (ERA5) + INE Padrón
2021-04-15,8.891446260586413,11.250033758523138,7.010942995732033,9.886622281268071,3,9.108553739413587,0.0,2021,4,Open-Meteo (ERA5) + INE Padrón
2021-04-16,8.095229734727567,11.380017973170869,6.1653876421996,9.504817448002576,3,9.904770265272433,0.0,2021,4,Open-Meteo (ERA5) + INE Padrón
2021-04-17,6.7533728219668925,11.231409763272516,3.1061962041691604,9.68878162149728,3,11.246627178033108,0.0,2021,4,Open-Meteo (ERA5) + INE Padrón
2021-04-18,7.669880980831449,12.113260063219464,2.8576658592628865,10.844808418946371,3,10.330119019168551,0.0,2021,4,Open-Meteo (ERA5) + INE Padrón
2021-04-19,9.061623096247718,14.20057034227079,4.208262309578858,13.154444491506649,3,8.938376903752282,0.0,2021,4,Open-Meteo (ERA5) + INE Padrón
2021-04-20,9.302546799919282,12.34926161122165,6.328364505730915,11.134158052561366,3,8.697453200080718,0.0,2021,4,Open-Meteo (ERA5) + INE Padrón
2021-04-21,8.971285127631552,11.712178481920194,6.848318593680304,10.39337555272264,3,9.028714872368448,0.0,2021,4,Open-Meteo (ERA5) + INE Padrón
2021-04-22,8.880961220283949,11.354918195557005,7.201815705782705,10.512141681571611,3,9.119038779716051,0.0,2021,4,Open-Meteo (ERA5) + INE Padrón
2021-04-23,9.24454872740354,11.880148938104478,6.17723239569351,10.498085343061664,3,8.75545127259646,0.0,2021,4,Open-Meteo (ERA5) + INE Padrón
2021-04-24,9.258496650663222,12.253594817831388,6.426881575651805,10.851081432077645,3,8.741503349336778,0.0,2021,4,Open-Meteo (ERA5) + INE Padrón
2021-04-25,9.306541996589942,11.440497762019975,7.173458982533494,10.342755267121632,3,8.693458003410058,0.0,2021,4,Open-Meteo (ERA5) + INE Padrón
2021-04-26,9.936098777369828,12.918734379078483,7.622666202472624,11.885778054182143,3,8.063901222630172,0.0,2021,4,Open-Meteo (ERA5) + INE Padrón
2021-04-27,9.77474177197696,12.685471524266765,6.663621374689304,12.243024279276765,3,8.22525822802304,0.0,2021,4,Open-Meteo (ERA5) + INE Padrón
2021-04-28,9.84817312555255,12.695982649657237,7.613654496150886,12.26396623734457,3,8.15182687444745,0.0,2021,4,Open-Meteo (ERA5) + INE Padrón
2021-04-29,9.850230943422735,12.467353683030769,7.792490576654346,11.366612349994961,3,8.149769056577265,0.0,2021,4,Open-Meteo (ERA5) + INE Padrón
2021-04-30,9.241616120710653,11.940531204881982,6.759165691560736,10.819800957865093,3,8.758383879289347,0.0,2021,4,Open-Meteo (ERA5) + INE Padrón
2021-05-01,9.18424471589006,12.26365188477244,6.450931917748122,11.63702567323632,3,8.81575528410994,0.0,2021,5,Open-Meteo (ERA5) + INE Padrón
2021-05-02,8.962545590076257,11.479980254535361,6.578531938134091,10.079552809188929,3,9.037454409923743,0.0,2021,5,Open-Meteo (ERA5) + INE Padrón
2021-05-03,8.969253394849375,11.775004356123606,6.3759176843007594,10.70053584337882,3,9.030746605150625,0.0,2021,5,Open-Meteo (ERA5) + INE Padrón
2021-05-04,10.002876533797435,14.189025880080452,5.763991708328197,13.848546564149114,3,7.997123466202565,0.0,2021,5,Open-Meteo (ERA5) + INE Padrón
2021-05-05,11.179859350582893,15.562390083924539,6.870187510746827,15.189776809214642,3,6.820140649417107,0.0,2021,5,Open-Meteo (ERA5) + INE Padrón
2021-05-06,12.211736986783784,16.592536278646822,7.4171787551105535,15.85955229609611,3,5.788263013216216,0.0,2021,5,Open-Meteo (ERA5) + INE Padrón
2021-05-07,13.301993279517127,17.466081832680317,8.63133812541366,17.203575441977236,3,4.698006720482873,0.0,2021,5,Open-Meteo (ERA5) + INE Padrón
2021-05-08,13.760174096870548,18.107980739850003,9.14432630109205,17.120111069099483,3,4.239825903129452,0.0,2021,5,Open-Meteo (ERA5) + INE Padrón
2021-05-09,11.750531246204892,14.481758103939521,8.503045205887963,12.943571974296232,3,6.249468753795108,0.0,2021,5,Open-Meteo (ERA5) + INE Padrón
2021-05-10,10.106860096920594,13.350582962976738,7.6214790985269065,11.319998154243278,3,7.8931399030794065,0.0,2021,5,Open-Meteo (ERA5) + INE Padrón
2021-05-11,9.796935027985942,13.544019719523034,6.3187100329963455,10.966242934642993,3,8.203064972014058,0.0,2021,5,Open-Meteo (ERA5) + INE Padrón
2021-05-12,10.94742706333907,15.30459787411985,7.424401644238657,12.531678976302917,3,7.05257293666093,0.0,2021,5,Open-Meteo (ERA5) + INE Padrón
2021-05-13,11.180197750793916,15.249504285759873,7.513171924892394,13.336334748413487,3,6.819802249206084,0.0,2021,5,Open-Meteo (ERA5) + INE Padrón
2021-05-14,11.88610443057372,15.868878354989983,8.813717381587475,14.395958538886122,3,6.11389556942628,0.0,2021,5,Open-Meteo (ERA5) + INE Padrón
2021-05-15,13.411840018576944,18.704277483811175,8.196350997500652,17.58061666755052,3,4.588159981423056,0.0,2021,5,Open-Meteo (ERA5) + INE Padrón
2021-05-16,14.828639727801388,19.55806931436336,10.31382087826339,18.515720699128572,3,3.171360272198612,0.0,2021,5,Open-Meteo (ERA5) + INE Padrón
2021-05-17,13.167659369270034,16.60861028867038,9.810911073782748,15.255409645502219,3,4.832340630729966,0.0,2021,5,Open-Meteo (ERA5) + INE Padrón
2021-05-18,13.493658448228246,17.797549442289913,8.850979433357278,16.339816823567467,3,4.506341551771754,0.0,2021,5,Open-Meteo (ERA5) + INE Padrón
2021-05-19,12.845723755876175,15.97665525236017,9.620937200193667,14.78779639145378,3,5.154276244123825,0.0,2021,5,Open-Meteo (ERA5) + INE Padrón
2021-05-20,13.282416240179781,17.609280925091433,8.62309075521524,17.310399295260698,3,4.717583759820219,0.0,2021,5,Open-Meteo (ERA5) + INE Padrón
2021-05-21,14.389484793971997,18.085919946730176,9.705414030322293,16.79678445188716,3,3.610515206028003,0.0,2021,5,Open-Meteo (ERA5) + INE Padrón
2021-05-22,12.378396731862743,14.966277973028536,10.085007278571751,13.52365225897436,3,5.621603268137257,0.0,2021,5,Open-Meteo (ERA5) + INE Padrón
2021-05-23,10.780128626745519,13.038793989674323,9.075556958238836,12.414826178615531,3,7.219871373254481,0.0,2021,5,Open-Meteo (ERA5) + INE Padrón
2021-05-24,12.032300323673184,15.948729245854565,7.805878063663455,14.516534364477723,3,5.967699676326816,0.0,2021,5,Open-Meteo (ERA5) + INE Padrón
2021-05-25,12.509213551527491,16.047742558030567,8.44039714646929,15.583700602189609,3,5.490786448472509,0.0,2021,5,Open-Meteo (ERA5) + INE Padrón
2021-05-26,12.981176501175291,16.618128223617557,9.538001972939462,16.304998379223573,3,5.018823498824709,0.0,2021,5,Open-Meteo (ERA5) + INE Padrón
2021-05-27,13.97601208419681,17.60426441544035,9.638636273894686,17.531145376987777,3,4.02398791580319,0.0,2021,5,Open-Meteo (ERA5) + INE Padrón
2021-05-28,13.921230810959845,16.876502879862585,10.94038085835493,17.114235869343382,3,4.078769189040155,0.0,2021,5,Open-Meteo (ERA5) + INE Padrón
2021-05-29,15.185838988259013,19.648754963627802,10.029000792481618,20.050257275300353,3,2.814161011740987,0.0,2021,5,Open-Meteo (ERA5) + INE Padrón
2021-05-30,15.805837687735153,19.787206547064386,11.791802555913918,19.58592908942439,3,2.1941623122648473,0.0,2021,5,Open-Meteo (ERA5) + INE Padrón
2021-05-31,15.786927462449526,19.54074808129686,12.446198969360667,18.949964795174953,3,2.213072537550474,0.0,2021,5,Open-Meteo (ERA5) + INE Padrón
2021-06-01,13.765654651341375,16.311883998781433,11.18651294773088,16.560114052384137,3,4.234345348658625,0.0,2021,6,Open-Meteo (ERA5) + INE Padrón
2021-06-02,13.77761098817545,17.63372591247302,10.205843249110352,17.42452746102618,3,4.22238901182455,0.0,2021,6,Open-Meteo (ERA5) + INE Padrón
2021-06-03,14.919909860955288,18.130694285752984,11.400305141006399,17.993195746403128,3,3.080090139044712,0.0,2021,6,Open-Meteo (ERA5) + INE Padrón
2021-06-04,14.950790484343553,18.255948220784646,11.410489890005296,18.167421986360225,3,3.0492095156564467,0.0,2021,6,Open-Meteo (ERA5) + INE Padrón
2021-06-05,13.47110865584144,15.137751458526605,11.585056567622535,15.663308577465651,3,4.528891344158559,0.0,2021,6,Open-Meteo (ERA5) + INE Padrón
2021-06-06,14.340143928849294,18.71917163287715,10.506470381688256,18.635049301677228,3,3.659856071150706,0.0,2021,6,Open-Meteo (ERA5) + INE Padrón
2021-06-07,15.465604455482254,19.740060037599257,10.826116154802055,19.698147998926522,3,2.5343955445177464,0.0,2021,6,Open-Meteo (ERA5) + INE Padrón
2021-06-08,16.520796220193265,20.896879293708793,11.849348607429354,20.873917626678256,3,1.4792037798067348,0.0,2021,6,Open-Meteo (ERA5) + INE Padrón
2021-06-09,17.224903189600766,21.384235378059874,12.290090496028753,20.76930535841083,3,0.7750968103992335,0.0,2021,6,Open-Meteo (ERA5) + INE Padrón
2021-06-10,17.406956069383007,21.64899146268644,12.559250483879817,21.052999790860152,3,0.593043930616993,0.0,2021,6,Open-Meteo (ERA5) + INE Padrón
2021-06-11,16.92422184939773,21.62252676634212,12.950487753840333,21.50781004178894,3,1.0757781506022717,0.0,2021,6,Open-Meteo (ERA5) + INE Padrón
2021-06-12,16.86128755994405,21.088542424970793,12.415836598417286,20.472387192468577,3,1.1387124400559507,0.0,2021,6,Open-Meteo (ERA5) + INE Padrón
2021-06-13,17.61904290626793,21.64619335633183,13.458811881347229,21.11186857730036,3,0.38095709373207143,0.0,2021,6,Open-Meteo (ERA5) + INE Padrón
2021-06-14,17.936588677705853,22.02601862699116,13.336448369202769,22.271332172618656,3,0.06341132229414725,0.0,2021,6,Open-Meteo (ERA5) + INE Padrón
2021-06-15,18.311846291624512,22.607556146932335,13.783079518826835,21.645278421152554,3,0.0,0.31184629162451216,2021,6,Open-Meteo (ERA5) + INE Padrón
2021-06-16,17.473991933308493,21.223122418896324,14.327601070676643,21.20477059241215,3,0.5260080666915066,0.0,2021,6,Open-Meteo (ERA5) + INE Padrón
2021-06-17,14.708365324154137,17.373209070746434,12.925099708742346,17.93753968434346,3,3.291634675845863,0.0,2021,6,Open-Meteo (ERA5) + INE Padrón
2021-06-18,14.48988299761911,17.88912781566859,11.380207811775055,18.04673367062012,3,3.5101170023808894,0.0,2021,6,Open-Meteo (ERA5) + INE Padrón
2021-06-19,14.42401813892166,17.952866587602163,11.775234341084364,17.871620618020877,3,3.57598186107834,0.0,2021,6,Open-Meteo (ERA5) + INE Padrón
2021-06-20,13.707108166394509,16.446268041755424,11.962563875464681,14.825258268198095,3,4.292891833605491,0.0,2021,6,Open-Meteo (ERA5) + INE Padrón
2021-06-21,13.950636062918266,17.363648951993564,10.426383393515565,15.664858129261281,3,4.0493639370817345,0.0,2021,6,Open-Meteo (ERA5) + INE Padrón
2021-06-22,13.485981500650722,16.120517083924767,10.621007254007576,16.024970729604217,3,4.5140184993492785,0.0,2021,6,Open-Meteo (ERA5) + INE Padrón
2021-06-23,13.617931216636052,16.685682339987927,10.773638783113714,16.629687877717238,3,4.382068783363948,0.0,2021,6,Open-Meteo (ERA5) + INE Padrón
2021-06-24,14.422354966336748,18.561904178136643,9.905570615461151,18.736376501772178,3,3.577645033663252,0.0,2021,6,Open-Meteo (ERA5) + INE Padrón
2021-06-25,15.94570636007821,20.2224799050124,11.313798615544714,20.138849741169352,3,2.0542936399217897,0.0,2021,6,Open-Meteo (ERA5) + INE Padrón
2021-06-26,17.168716851276773,20.88410237567715,12.90710441863599,20.304036152267585,3,0.8312831487232266,0.0,2021,6,Open-Meteo (ERA5) + INE Padrón
2021-06-27,16.82991476919891,20.227168000822786,12.932095780999589,19.213872176066825,3,1.1700852308010887,0.0,2021,6,Open-Meteo (ERA5) + INE Padrón
2021-06-28,15.661371198665178,19.12851260819429,11.766522926066195,19.12877071569217,3,2.3386288013348224,0.0,2021,6,Open-Meteo (ERA5) + INE Padrón
2021-06-29,15.903754175048906,19.53409244669976,11.595759569066312,19.339222502529307,3,2.096245824951094,0.0,2021,6,Open-Meteo (ERA5) + INE Padrón
2021-06-30,16.791753880967516,20.648741556638672,12.622468965919388,20.041065716744754,3,1.2082461190324842,0.0,2021,6,Open-Meteo (ERA5) + INE Padrón
2021-07-01,17.5765865300623,21.330979608979654,13.327789124360613,21.03707230499431,3,0.42341346993769946,0.0,2021,7,Open-Meteo (ERA5) + INE Padrón
2021-07-02,17.897323015691,21.916812616895058,13.172813547349286,21.329818590121942,3,0.10267698430899941,0.0,2021,7,Open-Meteo (ERA5) + INE Padrón
2021-07-03,17.672991574487877,21.464672790263037,13.182657858688039,21.532853574328556,3,0.3270084255121226,0.0,2021,7,Open-Meteo (ERA5) + INE Padrón
2021-07-04,18.14302916915465,22.631463615061463,13.925878760413662,22.094414204108094,3,0.0,0.14302916915465147,2021,7,Open-Meteo (ERA5) + INE Padrón
2021-07-05,17.99380835282971,21.970787370203013,13.788734719992508,22.082391635829445,3,0.006191647170290082,0.0,2021,7,Open-Meteo (ERA5) + INE Padrón
2021-07-06,16.718426867743954,19.959391773802054,14.030110444664373,18.91714068063886,3,1.281573132256046,0.0,2021,7,Open-Meteo (ERA5) + INE Padrón
2021-07-07,15.592627940899973,19.106397607449328,12.119337125399198,18.85440234213672,3,2.4073720591000267,0.0,2021,7,Open-Meteo (ERA5) + INE Padrón
2021-07-08,15.935247404863752,19.68236021893797,11.675406560058146,19.362728507092733,3,2.064752595136248,0.0,2021,7,Open-Meteo (ERA5) + INE Padrón
2021-07-09,17.23369489733208,21.332138590388244,12.640274417421557,21.688512064109283,3,0.7663051026679213,0.0,2021,7,Open-Meteo (ERA5) + INE Padrón
2021-07-10,18.791157775009143,23.41515858700436,13.67740262313252,23.026265364949033,3,0.0,0.7911577750091432,2021,7,Open-Meteo (ERA5) + INE Padrón
2021-07-11,19.4932872192596,24.026732101497338,14.52753969467419,24.173280456076384,3,0.0,1.4932872192595994,2021,7,Open-Meteo (ERA5) + INE Padrón
2021-07-12,17.878505106937958,22.010686518193445,14.50535846248465,20.60422125021551,3,0.12149489306204231,0.0,2021,7,Open-Meteo (ERA5) + INE Padrón
2021-07-13,15.373286924259924,19.101761681814956,11.252389830247775,18.372568996062157,3,2.626713075740076,0.0,2021,7,Open-Meteo (ERA5) + INE Padrón
2021-07-14,15.703935990121069,19.366259658943644,11.480198215676673,18.91436591599006,3,2.296064009878931,0.0,2021,7,Open-Meteo (ERA5) + INE Padrón
2021-07-15,16.44274096480275,20.12461558787466,12.332326873643948,20.33527127458455,3,1.5572590351972515,0.0,2021,7,Open-Meteo (ERA5) + INE Padrón
2021-07-16,17.87841279040537,22.273746526866667,12.995056155541278,22.60999658626835,3,0.12158720959462954,0.0,2021,7,Open-Meteo (ERA5) + INE Padrón
2021-07-17,19.026832946619752,23.35249850376624,14.212311886053447,23.728640892877927,3,0.0,1.026832946619752,2021,7,Open-Meteo (ERA5) + INE Padrón
2021-07-18,19.32165111088613,23.051284849849758,14.972971716533092,23.18238586210039,3,0.0,1.3216511108861297,2021,7,Open-Meteo (ERA5) + INE Padrón
2021-07-19,19.433148998711413,23.774287983274323,14.801527484212926,23.51417984810157,3,0.0,1.4331489987114132,2021,7,Open-Meteo (ERA5) + INE Padrón
2021-07-20,19.527290287944936,23.134260223460533,14.958643209256701,22.715931589460546,3,0.0,1.5272902879449362,2021,7,Open-Meteo (ERA5) + INE Padrón
2021-07-21,19.593441376677394,23.53630891011509,14.891359224203654,24.11263600690276,3,0.0,1.5934413766773936,2021,7,Open-Meteo (ERA5) + INE Padrón
2021-07-22,20.084028321575815,24.545499085501007,15.092936973147225,24.084645806401703,3,0.0,2.084028321575815,2021,7,Open-Meteo (ERA5) + INE Padrón
2021-07-23,19.101108929031803,22.43046556917605,14.764333701336817,21.7979360353467,3,0.0,1.1011089290318026,2021,7,Open-Meteo (ERA5) + INE Padrón
2021-07-24,17.796826383163946,21.30362809999318,13.461141867983857,21.19032846434648,3,0.20317361683605384,0.0,2021,7,Open-Meteo (ERA5) + INE Padrón
2021-07-25,17.301277136239573,20.343370083176133,13.527373249429457,20.63179275779241,3,0.6987228637604268,0.0,2021,7,Open-Meteo (ERA5) + INE Padrón
2021-07-26,16.827216222365013,19.757662719869455,13.545398699522053,20.218293962929216,3,1.1727837776349865,0.0,2021,7,Open-Meteo (ERA5) + INE Padrón
2021-07-27,17.708181747118932,21.65513883120899,13.322174069551512,21.785761737371317,3,0.2918182528810682,0.0,2021,7,Open-Meteo (ERA5) + INE Padrón
2021-07-28,18.28595609279932,22.110563726013485,14.021384968377642,22.442450028547245,3,0.0,0.28595609279932077,2021,7,Open-Meteo (ERA5) + INE Padrón
2021-07-29,18.78006012828009,22.26293511017262,14.835160862060217,22.886162632746988,3,0.0,0.7800601282800912,2021,7,Open-Meteo (ERA5) + INE Padrón
2021-07-30,18.771320590724798,22.051718987212162,14.981957337766822,22.29412601123478,3,0.0,0.7713205907247982,2021,7,Open-Meteo (ERA5) + INE Padrón
2021-07-31,16.210228384845784,19.32342066127219,13.431228349950883,20.117998062185013,3,1.7897716151542156,0.0,2021,7,Open-Meteo (ERA5) + INE Padrón
2021-08-01,14.603289011066964,18.243225510378135,11.004091507751376,17.8228249972394,3,3.3967109889330356,0.0,2021,8,Open-Meteo (ERA5) + INE Padrón
2021-08-02,15.974295105737296,19.25731175634542,12.254872200860573,19.68462397413002,3,2.025704894262704,0.0,2021,8,Open-Meteo (ERA5) + INE Padrón
2021-08-03,17.017816763649243,20.823500110309215,12.577614334183437,20.769317382230277,3,0.9821832363507568,0.0,2021,8,Open-Meteo (ERA5) + INE Padrón
2021-08-04,17.710374065327393,21.103644124100054,14.638192953663012,21.570016066577637,3,0.2896259346726069,0.0,2021,8,Open-Meteo (ERA5) + INE Padrón
2021-08-05,17.924766841210054,22.109184746014463,13.18885943483572,22.593974746420805,3,0.07523315878994552,0.0,2021,8,Open-Meteo (ERA5) + INE Padrón
2021-08-06,17.73422050755096,21.028961472583283,13.783351687593278,20.41711375187474,3,0.26577949244904175,0.0,2021,8,Open-Meteo (ERA5) + INE Padrón
2021-08-07,17.469176155440266,21.46698351009209,13.495853934526602,21.058052371969566,3,0.530823844559734,0.0,2021,8,Open-Meteo (ERA5) + INE Padrón
2021-08-08,16.483259962207903,19.677125748145578,12.771403552209318,19.590330955199764,3,1.516740037792097,0.0,2021,8,Open-Meteo (ERA5) + INE Padrón
2021-08-09,17.48953362961861,21.247990174100316,13.511762153584865,21.752004752364417,3,0.5104663703813905,0.0,2021,8,Open-Meteo (ERA5) + INE Padrón
2021-08-10,18.5202261993229,22.047969874219945,14.547350793870525,23.12565518624351,3,0.0,0.5202261993228987,2021,8,Open-Meteo (ERA5) + INE Padrón
2021-08-11,19.69690872480479,24.04648695561942,15.692566174625576,24.73922207208231,3,0.0,1.6969087248047892,2021,8,Open-Meteo (ERA5) + INE Padrón
2021-08-12,19.816367752793486,24.276759828023224,15.540140582841305,24.697390326122715,3,0.0,1.8163677527934858,2021,8,Open-Meteo (ERA5) + INE Padrón
2021-08-13,20.12370269014451,25.4611365304411,14.72355455898467,25.31371134959023,3,0.0,2.1237026901445084,2021,8,Open-Meteo (ERA5) + INE Padrón
2021-08-14,21.046632423747177,25.54067510618267,16.18750281512336,25.622898167489566,3,0.0,3.0466324237471767,2021,8,Open-Meteo (ERA5) + INE Padrón
2021-08-15,20.651045458187298,24.93887650349397,15.996722421605272,24.827008018022298,3,0.0,2.6510454581872978,2021,8,Open-Meteo (ERA5) + INE Padrón
2021-08-16,19.065019919939154,22.89865332074362,15.069102554743102,22.936786086437888,3,0.0,1.0650199199391537,2021,8,Open-Meteo (ERA5) + INE Padrón
2021-08-17,17.349636834738426,21.00001822799549,13.440852662699209,21.073761896694098,3,0.6503631652615738,0.0,2021,8,Open-Meteo (ERA5) + INE Padrón
2021-08-18,17.515724119747368,21.35023027192542,13.48805337978947,21.66316620281698,3,0.4842758802526319,0.0,2021,8,Open-Meteo (ERA5) + INE Padrón
2021-08-19,17.692909051485362,21.174052591899283,13.977575697261003,21.236112092530263,3,0.30709094851463803,0.0,2021,8,Open-Meteo (ERA5) + INE Padrón
2021-08-20,17.911351231663822,21.531750837994213,13.940779727760066,21.869377839945802,3,0.08864876833617785,0.0,2021,8,Open-Meteo (ERA5) + INE Padrón
2021-08-21,18.371343783208985,22.24984587701796,13.888616708643859,22.913171666624194,3,0.0,0.3713437832089852,2021,8,Open-Meteo (ERA5) + INE Padrón
2021-08-22,18.611408796775528,22.6775668013564,13.730696501120194,23.5969774069276,3,0.0,0.6114087967755282,2021,8,Open-Meteo (ERA5) + INE Padrón
2021-08-23,18.973551092451522,22.503666937790882,14.923126660234066,22.99542488791734,3,0.0,0.9735510924515225,2021,8,Open-Meteo (ERA5) + INE Padrón
2021-08-24,17.511674715451576,20.208257775537156,14.22749908343486,21.178986771388107,3,0.4883252845484236,0.0,2021,8,Open-Meteo (ERA5) + INE Padrón
2021-08-25,16.93070965558042,20.29067475034648,13.92124283477929,20.673825235534856,3,1.0692903444195814,0.0,2021,8,Open-Meteo (ERA5) + INE Padrón
2021-08-26,17.948066908451615,21.61795707215233,14.389783047826448,22.07854816885552,3,0.05193309154838488,0.0,2021,8,Open-Meteo (ERA5) + INE Padrón
2021-08-27,18.951422030437996,23.09049109870046,14.866273507858354,23.562657948221013,3,0.0,0.9514220304379961,2021,8,Open-Meteo (ERA5) + INE Padrón
2021-08-28,17.952742980442554,21.125392602096863,14.478553328480189,21.406861388261586,3,0.047257019557445545,0.0,2021,8,Open-Meteo (ERA5) + INE Padrón
2021-08-29,17.15975731513105,20.313742795178165,14.112401774864972,20.54194378844322,3,0.8402426848689508,0.0,2021,8,Open-Meteo (ERA5) + INE Padrón
2021-08-30,16.892889205009162,19.202312521967144,14.138906617565866,19.445852442310347,3,1.107110794990838,0.0,2021,8,Open-Meteo (ERA5) + INE Padrón
2021-08-31,16.950546839864764,20.35125093062641,13.290240842555804,20.691590540680455,3,1.0494531601352364,0.0,2021,8,Open-Meteo (ERA5) + INE Padrón
2021-09-01,15.299515133024192,17.675908082463085,13.400633956597627,17.87869698299126,3,2.700484866975808,0.0,2021,9,Open-Meteo (ERA5) + INE Padrón
2021-09-02,14.635274408238688,17.565500907152696,12.009478362519936,18.049160048687572,3,3.364725591761312,0.0,2021,9,Open-Meteo (ERA5) + INE Padrón
2021-09-03,15.335412266063535,18.84535048945841,12.185870835597484,19.497973277620865,3,2.6645877339364645,0.0,2021,9,Open-Meteo (ERA5) + INE Padrón
2021-09-04,15.976026547215904,19.504070513416515,12.279291103154154,20.26039267211624,3,2.0239734527840962,0.0,2021,9,Open-Meteo (ERA5) + INE Padrón
2021-09-05,16.672306876798267,21.044286338392865,12.765868790113357,22.133887840893934,3,1.3276931232017333,0.0,2021,9,Open-Meteo (ERA5) + INE Padrón
2021-09-06,17.211539750230546,21.500269631998812,13.874888783974608,21.556153641570113,3,0.7884602497694537,0.0,2021,9,Open-Meteo (ERA5) + INE Padrón
2021-09-07,17.5422149011797,20.846800177550776,14.333462209164182,20.906773737774444,3,0.45778509882029894,0.0,2021,9,Open-Meteo (ERA5) + INE Padrón
2021-09-08,16.48320575458277,19.412559502123194,13.602824311967781,19.586171098204588,3,1.5167942454172305,0.0,2021,9,Open-Meteo (ERA5) + INE Padrón
2021-09-09,16.191850473273604,19.373511801249652,13.278802758166611,19.13930792617065,3,1.808149526726396,0.0,2021,9,Open-Meteo (ERA5) + INE Padrón
2021-09-10,16.29332623497539,19.470637867352075,13.337101121985924,19.3840891580847,3,1.706673765024611,0.0,2021,9,Open-Meteo (ERA5) + INE Padrón
2021-09-11,15.81610069199807,19.04579534208139,12.512714543392157,18.9464978373195,3,2.18389930800193,0.0,2021,9,Open-Meteo (ERA5) + INE Padrón
2021-09-12,16.22457095339074,20.674125526838427,12.007486776094328,20.570698325067603,3,1.7754290466092613,0.0,2021,9,Open-Meteo (ERA5) + INE Padrón
2021-09-13,16.13128835426224,19.21675057513458,13.54805709999938,19.01312703214027,3,1.8687116457377613,0.0,2021,9,Open-Meteo (ERA5) + INE Padrón
2021-09-14,14.870088852295154,16.721549313041027,13.449225677506353,17.299747557184595,3,3.1299111477048456,0.0,2021,9,Open-Meteo (ERA5) + INE Padrón
2021-09-15,14.697007532478088,17.55117036242719,12.11029933398945,18.028407929223953,3,3.3029924675219124,0.0,2021,9,Open-Meteo (ERA5) + INE Padrón
2021-09-16,14.545889483709246,17.863083849697553,11.867890272517714,19.049610686518193,3,3.454110516290754,0.0,2021,9,Open-Meteo (ERA5) + INE Padrón
2021-09-17,14.801647923282637,18.570641678242822,11.619986595306589,18.718363075499028,3,3.198352076717363,0.0,2021,9,Open-Meteo (ERA5) + INE Padrón
2021-09-18,14.73880798781066,18.0708631747888,11.6261480250977,17.857520965064463,3,3.2611920121893405,0.0,2021,9,Open-Meteo (ERA5) + INE Padrón
2021-09-19,13.39396629818108,16.93947527822372,9.82308537175813,16.624860076029567,3,4.6060337018189195,0.0,2021,9,Open-Meteo (ERA5) + INE Padrón
2021-09-20,13.174911511576038,16.72219207945386,10.079756709061677,16.504854673058862,3,4.825088488423962,0.0,2021,9,Open-Meteo (ERA5) + INE Padrón
2021-09-21,12.062268049331292,15.50785489436601,9.123874472932,13.878105583253385,3,5.937731950668708,0.0,2021,9,Open-Meteo (ERA5) + INE Padrón
2021-09-22,12.39636593688109,15.564911946614473,9.554772050192646,14.439765772553644,3,5.6036340631189105,0.0,2021,9,Open-Meteo (ERA5) + INE Padrón
2021-09-23,13.591766811595301,16.886413422645923,10.753063347794056,16.15689436050154,3,4.408233188404699,0.0,2021,9,Open-Meteo (ERA5) + INE Padrón
2021-09-24,13.805326982460949,16.964726785534317,12.150940807913429,17.569850602752062,3,4.194673017539051,0.0,2021,9,Open-Meteo (ERA5) + INE Padrón
2021-09-25,13.5396298775671,16.16541186201729,11.577215866528832,16.250731283533256,3,4.4603701224329,0.0,2021,9,Open-Meteo (ERA5) + INE Padrón
2021-09-26,13.65380022713827,17.757464329718267,10.364962584399176,17.82563308996434,3,4.3461997728617305,0.0,2021,9,Open-Meteo (ERA5) + INE Padrón
2021-09-27,13.946600719891036,18.5575383838196,9.897649621654308,19.238371371073548,3,4.053399280108964,0.0,2021,9,Open-Meteo (ERA5) + INE Padrón
2021-09-28,13.508136647752252,17.54016910712896,9.838532714086544,17.438527554461878,3,4.491863352247748,0.0,2021,9,Open-Meteo (ERA5) + INE Padrón
2021-09-29,13.399474975189035,16.772569449466324,9.99869059171425,16.90746175851487,3,4.600525024810965,0.0,2021,9,Open-Meteo (ERA5) + INE Padrón
2021-09-30,13.265195272567073,16.423816678248564,10.478028160186891,16.581410509380646,3,4.734804727432927,0.0,2021,9,Open-Meteo (ERA5) + INE Padrón
2021-10-01,13.470316197180997,17.424321523704315,10.066095015837005,17.470375283205428,3,4.529683802819003,0.0,2021,10,Open-Meteo (ERA5) + INE Padrón
2021-10-02,13.644216060746517,17.387551639291384,9.707143434351783,16.82151363185464,3,4.355783939253483,0.0,2021,10,Open-Meteo (ERA5) + INE Padrón
2021-10-03,13.052179439234314,15.532990743438209,9.969827639839604,14.761193119872946,3,4.947820560765686,0.0,2021,10,Open-Meteo (ERA5) + INE Padrón
2021-10-04,10.506590820757967,13.936564532498977,7.583850524008956,12.684610796712626,3,7.4934091792420325,0.0,2021,10,Open-Meteo (ERA5) + INE Padrón
2021-10-05,12.14303387537515,17.04941637126524,8.401457860846012,15.700511216071307,3,5.856966124624851,0.0,2021,10,Open-Meteo (ERA5) + INE Padrón
2021-10-06,12.650799604080593,15.824362123465054,9.804721521454512,15.510865756322922,3,5.349200395919407,0.0,2021,10,Open-Meteo (ERA5) + INE Padrón
2021-10-07,12.358585632666404,16.9520462589335,8.165141960271693,16.245853349118683,3,5.641414367333596,0.0,2021,10,Open-Meteo (ERA5) + INE Padrón
2021-10-08,12.834652194235133,16.989062227024863,9.011203542429563,16.362109639097167,3,5.165347805764867,0.0,2021,10,Open-Meteo (ERA5) + INE Padrón
2021-10-09,12.357140421222804,15.986565795143502,8.691325746905889,15.305132225282414,3,5.6428595787771965,0.0,2021,10,Open-Meteo (ERA5) + INE Padrón
2021-10-10,12.297697137263462,15.210718767282446,9.750867207216267,14.868986115960814,3,5.702302862736538,0.0,2021,10,Open-Meteo (ERA5) + INE Padrón
2021-10-11,12.135141004105432,16.082344171873928,8.791862525789515,15.39304381583113,3,5.8648589958945685,0.0,2021,10,Open-Meteo (ERA5) + INE Padrón
2021-10-12,12.039308419749872,16.48533184134665,8.108957659396818,15.90615243057923,3,5.960691580250128,0.0,2021,10,Open-Meteo (ERA5) + INE Padrón
2021-10-13,12.30759565622735,16.536596024001263,8.502785060940965,14.7408537818614,3,5.692404343772649,0.0,2021,10,Open-Meteo (ERA5) + INE Padrón
2021-10-14,11.569703579275824,15.784715877433488,7.683580782963574,14.730723240487638,3,6.430296420724176,0.0,2021,10,Open-Meteo (ERA5) + INE Padrón
2021-10-15,12.16195816192934,17.002489860390543,7.988311527462404,16.25287346901482,3,5.8380418380706605,0.0,2021,10,Open-Meteo (ERA5) + INE Padrón
2021-10-16,11.815549438616767,15.205522405397508,8.539746821407196,14.635941222290406,3,6.184450561383233,0.0,2021,10,Open-Meteo (ERA5) + INE Padrón
2021-10-17,12.245588325772388,15.250625158261013,9.172955193107704,14.89315893457596,3,5.754411674227612,0.0,2021,10,Open-Meteo (ERA5) + INE Padrón
2021-10-18,12.387694668219488,15.824568060786921,8.941795508061757,15.908430247039844,3,5.612305331780512,0.0,2021,10,Open-Meteo (ERA5) + INE Padrón
2021-10-19,12.845369256947471,16.455856283045414,9.672433405258158,16.222212844216983,3,5.154630743052529,0.0,2021,10,Open-Meteo (ERA5) + INE Padrón
2021-10-20,12.691784683754609,16.445099073976507,9.485023578164697,15.305418455317419,3,5.308215316245391,0.0,2021,10,Open-Meteo (ERA5) + INE Padrón
2021-10-21,12.2843216740738,15.419122722619726,9.285626123610145,14.8722290003276,3,5.7156783259262,0.0,2021,10,Open-Meteo (ERA5) + INE Padrón
2021-10-22,11.170192854028882,14.014691224873086,8.958401831798762,12.02578439495337,3,6.8298071459711185,0.0,2021,10,Open-Meteo (ERA5) + INE Padrón
2021-10-23,9.80097240846229,13.621256431165097,6.35420049693097,12.534597521727243,3,8.19902759153771,0.0,2021,10,Open-Meteo (ERA5) + INE Padrón
2021-10-24,9.601400307212892,14.297046823679956,5.2626194318237385,12.937124314470111,3,8.398599692787108,0.0,2021,10,Open-Meteo (ERA5) + INE Padrón
2021-10-25,9.821628136495088,14.161608139649402,5.825112226141012,13.075521690281562,3,8.178371863504912,0.0,2021,10,Open-Meteo (ERA5) + INE Padrón
2021-10-26,10.413636635470164,14.331690621329004,6.968976749434162,13.257002109993785,3,7.586363364529836,0.0,2021,10,Open-Meteo (ERA5) + INE Padrón
2021-10-27,10.008697525928405,14.183789371838941,6.020961299486196,13.158605479142604,3,7.991302474071595,0.0,2021,10,Open-Meteo (ERA5) + INE Padrón
2021-10-28,10.02534399602198,14.074801322884145,6.160011428080802,12.469605414403377,3,7.974656003978019,0.0,2021,10,Open-Meteo (ERA5) + INE Padrón
2021-10-29,10.469889205238735,12.815739931500385,8.578276269835857,11.542870322734236,3,7.530110794761265,0.0,2021,10,Open-Meteo (ERA5) + INE Padrón
2021-10-30,12.204754975795105,14.5913587593209,10.179993196641732,14.44977066931868,3,5.795245024204895,0.0,2021,10,Open-Meteo (ERA5) + INE Padrón
2021-10-31,12.641799921578297,15.476998318616637,10.253464696573895,14.085542433235375,3,5.358200078421703,0.0,2021,10,Open-Meteo (ERA5) + INE Padrón
2021-11-01,12.125294655317559,14.161345957253285,8.768900858758975,13.202819381914844,3,5.874705344682441,0.0,2021,11,Open-Meteo (ERA5) + INE Padrón
2021-11-02,8.922651222917136,11.328671460353997,6.7231569751812295,9.53987108284624,3,9.077348777082864,0.0,2021,11,Open-Meteo (ERA5) + INE Padrón
2021-11-03,8.099657685590953,10.246742830532213,6.071665045890242,7.627328213195003,3,9.900342314409047,0.0,2021,11,Open-Meteo (ERA5) + INE Padrón
2021-11-04,5.995629499462457,8.89380233231105,3.5831073945743475,7.492748219269471,3,12.004370500537544,0.0,2021,11,Open-Meteo (ERA5) + INE Padrón
2021-11-05,6.078919225645366,9.645682478878827,3.244279227408477,7.162359298355325,3,11.921080774354634,0.0,2021,11,Open-Meteo (ERA5) + INE Padrón
2021-11-06,6.282008417477112,10.808663164779473,3.4418738035008314,7.930273308590092,3,11.717991582522888,0.0,2021,11,Open-Meteo (ERA5) + INE Padrón
2021-11-07,6.106609134842859,11.027717951384513,2.1960814975055882,8.979656104989582,3,11.89339086515714,0.0,2021,11,Open-Meteo (ERA5) + INE Padrón
2021-11-08,8.007275960373164,13.303736744815179,4.634495838668006,10.976316100301727,3,9.992724039626836,0.0,2021,11,Open-Meteo (ERA5) + INE Padrón
2021-11-09,7.488958959920678,11.65498489188434,4.179765880452358,9.933520669605644,3,10.511041040079322,0.0,2021,11,Open-Meteo (ERA5) + INE Padrón
2021-11-10,7.687630187259366,11.618661822932701,4.752387178694274,10.281727065841404,3,10.312369812740634,0.0,2021,11,Open-Meteo (ERA5) + INE Padrón
2021-11-11,7.566711886558506,11.537976289601984,4.472103459026153,10.069706460401058,3,10.433288113441494,0.0,2021,11,Open-Meteo (ERA5) + INE Padrón
2021-11-12,8.43550107588792,12.705320732370556,5.4697580279512765,12.185830689240914,3,9.56449892411208,0.0,2021,11,Open-Meteo (ERA5) + INE Padrón
2021-11-13,8.265038010191608,12.206160040882132,4.922878366927713,11.644745935260312,3,9.734961989808392,0.0,2021,11,Open-Meteo (ERA5) + INE Padrón
2021-11-14,7.746474926060685,11.574926026248772,4.27378469316705,10.67207956060889,3,10.253525073939315,0.0,2021,11,Open-Meteo (ERA5) + INE Padrón
2021-11-15,8.121746601247906,11.485747039041199,5.884051318924034,9.370361061236652,3,9.878253398752094,0.0,2021,11,Open-Meteo (ERA5) + INE Padrón
2021-11-16,6.392661676465936,10.275865927353863,3.198157199013668,8.547653753945477,3,11.607338323534064,0.0,2021,11,Open-Meteo (ERA5) + INE Padrón
2021-11-17,7.018495429341609,10.723982434778097,4.399993709734552,8.877496299877615,3,10.981504570658391,0.0,2021,11,Open-Meteo (ERA5) + INE Padrón
2021-11-18,6.674158585167784,10.23882387417449,4.211299256623776,8.906525042717561,3,11.325841414832215,0.0,2021,11,Open-Meteo (ERA5) + INE Padrón
2021-11-19,7.066022522823448,10.897243606829022,4.876999254121444,8.96974556220625,3,10.933977477176551,0.0,2021,11,Open-Meteo (ERA5) + INE Padrón
2021-11-20,7.204119607331328,9.408782094415049,5.278255482115559,8.287439240971576,3,10.795880392668671,0.0,2021,11,Open-Meteo (ERA5) + INE Padrón
2021-11-21,8.026486476962361,10.884752918832389,5.651266570200625,9.94812134564848,3,9.973513523037639,0.0,2021,11,Open-Meteo (ERA5) + INE Padrón
2021-11-22,6.258367912575411,8.101895355694996,4.427383327628476,6.887950778443306,3,11.74163208742459,0.0,2021,11,Open-Meteo (ERA5) + INE Padrón
2021-11-23,5.224690566002217,6.7064562974625215,3.4885855213241146,4.893729185018056,3,12.775309433997784,0.0,2021,11,Open-Meteo (ERA5) + INE Padrón
2021-11-24,4.647803032963975,7.285489184072222,2.6076340578387613,5.299174523185253,3,13.352196967036026,0.0,2021,11,Open-Meteo (ERA5) + INE Padrón
2021-11-25,5.712441295638573,8.182374951703846,3.7153694256826952,6.79357746679991,3,12.287558704361427,0.0,2021,11,Open-Meteo (ERA5) + INE Padrón
2021-11-26,5.18426592257877,8.832041085534524,3.0120950612922086,6.572190656109122,3,12.81573407742123,0.0,2021,11,Open-Meteo (ERA5) + INE Padrón
2021-11-27,4.827972741570872,7.76286125120726,3.1819997281870696,4.143308311162444,3,13.172027258429129,0.0,2021,11,Open-Meteo (ERA5) + INE Padrón
2021-11-28,4.621460813138482,7.177288388238857,2.660245929865377,3.4584399808812663,3,13.378539186861518,0.0,2021,11,Open-Meteo (ERA5) + INE Padrón
2021-11-29,6.782382297999259,10.400055234958632,4.22742747427247,8.05716116302876,3,11.21761770200074,0.0,2021,11,Open-Meteo (ERA5) + INE Padrón
2021-11-30,5.587553883355063,9.212615500407832,2.520389281341764,7.987287046392085,3,12.412446116644936,0.0,2021,11,Open-Meteo (ERA5) + INE Padrón
2021-12-01,5.151980234103478,9.043283293582988,1.7990633817706727,6.651416916727675,3,12.848019765896522,0.0,2021,12,Open-Meteo (ERA5) + INE Padrón
2021-12-02,5.428134256762667,7.861584258450019,3.0421169945754496,5.439956093258465,3,12.571865743237332,0.0,2021,12,Open-Meteo (ERA5) + INE Padrón
2021-12-03,5.527251909290699,9.43280318333346,2.0091345845910995,7.551687312052493,3,12.4727480907093,0.0,2021,12,Open-Meteo (ERA5) + INE Padrón
2021-12-04,6.073164464958975,9.397830971843716,3.777811547779502,7.059000365478196,3,11.926835535041025,0.0,2021,12,Open-Meteo (ERA5) + INE Padrón
2021-12-05,5.999200797669939,8.32197145528046,3.9764707512987445,4.854517730628335,3,12.000799202330061,0.0,2021,12,Open-Meteo (ERA5) + INE Padrón
2021-12-06,6.622390211336849,9.722685130661898,4.349192441258907,7.092553450612348,3,11.37760978866315,0.0,2021,12,Open-Meteo (ERA5) + INE Padrón
2021-12-07,6.523352851521958,9.108888007333439,3.6286971092557123,6.844933965987111,3,11.476647148478042,0.0,2021,12,Open-Meteo (ERA5) + INE Padrón
2021-12-08,6.772961885123683,8.484241358403485,4.920382589325786,5.915570633826889,3,11.227038114876317,0.0,2021,12,Open-Meteo (ERA5) + INE Padrón
2021-12-09,5.8640483436743915,8.25614674293958,3.6636552594768936,5.371103289602214,3,12.13595165632561,0.0,2021,12,Open-Meteo (ERA5) + INE Padrón
2021-12-10,8.048421625473463,11.131511675903486,5.691633837909042,8.58355088698482,3,9.951578374526537,0.0,2021,12,Open-Meteo (ERA5) + INE Padrón
2021-12-11,8.005965249267838,11.413689459925614,5.721315333532143,10.715091167526069,3,9.994034750732162,0.0,2021,12,Open-Meteo (ERA5) + INE Padrón
2021-12-12,6.4248357816010655,10.340517597017588,3.533697129917168,9.464788580505182,3,11.575164218398935,0.0,2021,12,Open-Meteo (ERA5) + INE Padrón
2021-12-13,5.3089614588089775,9.803030226332474,2.13053099138027,8.751615697150807,3,12.691038541191023,0.0,2021,12,Open-Meteo (ERA5) + INE Padrón
2021-12-14,5.50473023944102,10.728265898932882,2.11654292176402,9.614203310332542,3,12.49526976055898,0.0,2021,12,Open-Meteo (ERA5) + INE Padrón
2021-12-15,5.78734598319489,10.729178796663037,2.1095488869558947,9.336317846194746,3,12.21265401680511,0.0,2021,12,Open-Meteo (ERA5) + INE Padrón
2021-12-16,4.905221477032382,9.143153258414895,2.06478657175253,7.1976177398800765,3,13.09477852296762,0.0,2021,12,Open-Meteo (ERA5) + INE Padrón
2021-12-17,4.5399025284341805,8.499908699322328,1.419456072252652,6.751000651524574,3,13.46009747156582,0.0,2021,12,Open-Meteo (ERA5) + INE Padrón
2021-12-18,4.79249633890481,8.1362669845776,2.1260415899036187,6.741634446274132,3,13.20750366109519,0.0,2021,12,Open-Meteo (ERA5) + INE Padrón
2021-12-19,5.475675411513068,8.845104233601175,3.420659676666582,7.3613870620718345,3,12.524324588486932,0.0,2021,12,Open-Meteo (ERA5) + INE Padrón
2021-12-20,4.354332558069595,8.31992566122972,1.7463018174964422,7.059380949494908,3,13.645667441930405,0.0,2021,12,Open-Meteo (ERA5) + INE Padrón
2021-12-21,6.31332383250722,10.247217768530628,3.0556269581033884,9.37032977060963,3,11.68667616749278,0.0,2021,12,Open-Meteo (ERA5) + INE Padrón
2021-12-22,6.4061455549058675,9.56798375986613,3.7363937139127588,8.510474032337932,3,11.593854445094133,0.0,2021,12,Open-Meteo (ERA5) + INE Padrón
2021-12-23,6.91768648169154,9.542896006071715,4.876032148766155,8.427688497331344,3,11.08231351830846,0.0,2021,12,Open-Meteo (ERA5) + INE Padrón
2021-12-24,7.703692173463482,9.738664786703755,6.042531962698267,8.781051109095472,3,10.296307826536518,0.0,2021,12,Open-Meteo (ERA5) + INE Padrón
2021-12-25,7.43394566427384,9.303649536253623,5.767903444195818,8.481488603944456,3,10.566054335726161,0.0,2021,12,Open-Meteo (ERA5) + INE Padrón
2021-12-26,7.455840666428371,9.735159719940853,5.508627914040079,8.311964521066304,3,10.544159333571628,0.0,2021,12,Open-Meteo (ERA5) + INE Padrón
2021-12-27,9.611991725316505,11.859571465335701,7.291553091791732,9.587410200147524,3,8.388008274683495,0.0,2021,12,Open-Meteo (ERA5) + INE Padrón
2021-12-28,8.81398955035392,11.116923023680094,7.2425526643291676,9.15532755639028,3,9.18601044964608,0.0,2021,12,Open-Meteo (ERA5) + INE Padrón
2021-12-29,7.656503480192665,10.993126323911481,5.68449124149408,10.309634936180206,3,10.343496519807335,0.0,2021,12,Open-Meteo (ERA5) + INE Padrón
2021-12-30,6.51563779503698,11.309747173799806,3.30169077858564,10.83513988494324,3,11.48436220496302,0.0,2021,12,Open-Meteo (ERA5) + INE Padrón
2021-12-31,6.035209514049446,10.66503131817563,2.574163302866869,9.904371487695988,3,11.964790485950555,0.0,2021,12,Open-Meteo (ERA5) + INE Padrón
2022-01-01,6.231564816020066,11.461548135338045,2.6871887322980106,10.519081508754603,3,11.768435183979934,0.0,2022,1,Open-Meteo (ERA5) + INE Padrón
2022-01-02,5.440610883490739,9.900676582328899,2.1094685942427542,9.13649966126691,3,12.559389116509262,0.0,2022,1,Open-Meteo (ERA5) + INE Padrón
2022-01-03,5.615669728464852,10.29826715813383,2.32799106713435,8.998348369133897,3,12.384330271535148,0.0,2022,1,Open-Meteo (ERA5) + INE Padrón
2022-01-04,6.897929590120334,11.38441780149713,3.795442352586826,9.704851556622605,3,11.102070409879666,0.0,2022,1,Open-Meteo (ERA5) + INE Padrón
2022-01-05,5.891643898890181,8.132830186708393,4.041136482231033,5.40673142196501,3,12.10835610110982,0.0,2022,1,Open-Meteo (ERA5) + INE Padrón
2022-01-06,3.880311790551608,6.94273205168027,1.61053675707431,4.6729971645595425,3,14.119688209448391,0.0,2022,1,Open-Meteo (ERA5) + INE Padrón
2022-01-07,3.8284892090955402,8.52597354484236,0.43824407354835476,6.1982666702939,3,14.17151079090446,0.0,2022,1,Open-Meteo (ERA5) + INE Padrón
2022-01-08,3.978188131508789,8.453060443711651,0.5865238696060114,6.205712726102329,3,14.021811868491211,0.0,2022,1,Open-Meteo (ERA5) + INE Padrón
2022-01-09,6.682351747741071,10.232849114897668,3.9115047290628864,7.438948112656358,3,11.317648252258929,0.0,2022,1,Open-Meteo (ERA5) + INE Padrón
2022-01-10,8.428163435329758,10.971582652595755,6.286220444648304,9.967941300574365,3,9.571836564670242,0.0,2022,1,Open-Meteo (ERA5) + INE Padrón
2022-01-11,7.277238645783903,10.737878187861762,4.553386406874112,9.15682901290813,3,10.722761354216097,0.0,2022,1,Open-Meteo (ERA5) + INE Padrón
2022-01-12,5.68037560575371,8.664250481584101,2.9319699642120627,6.401169191611357,3,12.31962439424629,0.0,2022,1,Open-Meteo (ERA5) + INE Padrón
2022-01-13,3.6096925299883815,7.663485491181346,0.3983898527458043,5.586560692911766,3,14.390307470011619,0.0,2022,1,Open-Meteo (ERA5) + INE Padrón
2022-01-14,2.9366721212910103,7.026021777863178,-0.19886717829022782,4.801974127495416,3,15.06332787870899,0.0,2022,1,Open-Meteo (ERA5) + INE Padrón
2022-01-15,2.6631222914840134,7.364003278743471,-0.3180941838690503,5.292054843768401,3,15.336877708515987,0.0,2022,1,Open-Meteo (ERA5) + INE Padrón
2022-01-16,2.6351461522515134,7.567638845557225,-0.5141351332675381,5.750602183869969,3,15.364853847748487,0.0,2022,1,Open-Meteo (ERA5) + INE Padrón
2022-01-17,3.1210570251589957,8.397300041299955,-0.12728770526295485,6.3807454859884345,3,14.878942974841005,0.0,2022,1,Open-Meteo (ERA5) + INE Padrón
2022-01-18,3.024898064411859,8.463805628961117,-0.544263444351927,6.517411420321276,3,14.97510193558814,0.0,2022,1,Open-Meteo (ERA5) + INE Padrón
2022-01-19,3.057264045600292,8.174782371737699,-0.5980515271455945,6.2691933905380175,3,14.942735954399708,0.0,2022,1,Open-Meteo (ERA5) + INE Padrón
2022-01-20,3.8875117626815996,8.884398018153155,0.3338638276908045,6.530446445850801,3,14.1124882373184,0.0,2022,1,Open-Meteo (ERA5) + INE Padrón
2022-01-21,3.627663772455846,7.56736667679078,0.7530370905272505,5.154258050564092,3,14.372336227544153,0.0,2022,1,Open-Meteo (ERA5) + INE Padrón
2022-01-22,3.2583215046498606,7.1483993512762005,0.4394552251329622,5.351812480299876,3,14.74167849535014,0.0,2022,1,Open-Meteo (ERA5) + INE Padrón
2022-01-23,3.4028000175392803,7.231949222406109,0.5437411170088089,5.54721473818377,3,14.597199982460719,0.0,2022,1,Open-Meteo (ERA5) + INE Padrón
2022-01-24,4.009669337504192,8.032541528952324,1.1252786369499834,5.820163985383626,3,13.990330662495808,0.0,2022,1,Open-Meteo (ERA5) + INE Padrón
2022-01-25,4.776204367739937,8.404608428680213,2.260935936401284,6.192817406450093,3,13.223795632260064,0.0,2022,1,Open-Meteo (ERA5) + INE Padrón
2022-01-26,4.110464223885699,8.80341219351887,0.8298197437198931,6.901926824240112,3,13.8895357761143,0.0,2022,1,Open-Meteo (ERA5) + INE Padrón
2022-01-27,4.340550425775212,9.72145991780873,0.27413431369645613,7.648052210121497,3,13.659449574224787,0.0,2022,1,Open-Meteo (ERA5) + INE Padrón
2022-01-28,4.427357242540468,10.943829680043581,0.3542333256885947,8.43253036028758,3,13.572642757459532,0.0,2022,1,Open-Meteo (ERA5) + INE Padrón
2022-01-29,4.498144256907297,10.877406422544679,0.2554962571772733,8.422946193895825,3,13.501855743092703,0.0,2022,1,Open-Meteo (ERA5) + INE Padrón
2022-01-30,5.057526629746941,12.01254343210198,0.3635453233139047,9.672840074362876,3,12.942473370253058,0.0,2022,1,Open-Meteo (ERA5) + INE Padrón
2022-01-31,5.008634617534643,10.981266378508229,0.17599579034315715,8.82390213058637,3,12.991365382465357,0.0,2022,1,Open-Meteo (ERA5) + INE Padrón
2022-02-01,6.928185583262568,11.674822076168686,3.7777051699783537,8.810160144648558,3,11.071814416737432,0.0,2022,2,Open-Meteo (ERA5) + INE Padrón
2022-02-02,7.245445124665485,12.990895167905322,3.3983700292267773,11.195126840677448,3,10.754554875334515,0.0,2022,2,Open-Meteo (ERA5) + INE Padrón
2022-02-03,6.617333555329198,13.016499136695503,1.7585443843655222,11.164844762447206,3,11.382666444670802,0.0,2022,2,Open-Meteo (ERA5) + INE Padrón
2022-02-04,7.0639245585966925,10.663926544392172,3.4503010259331117,9.041239536981365,3,10.936075441403307,0.0,2022,2,Open-Meteo (ERA5) + INE Padrón
2022-02-05,7.23054415731908,10.193110552333517,4.886777334015621,8.371123612439758,3,10.76945584268092,0.0,2022,2,Open-Meteo (ERA5) + INE Padrón
2022-02-06,6.081291396087685,10.35801073339674,2.661336642380273,8.379356921369615,3,11.918708603912314,0.0,2022,2,Open-Meteo (ERA5) + INE Padrón
2022-02-07,5.99590370567802,12.082079148527631,1.5813333675395214,9.562040291216334,3,12.004096294321979,0.0,2022,2,Open-Meteo (ERA5) + INE Padrón
2022-02-08,6.535136579110304,11.335967823914807,2.3242419541421286,9.560609141041297,3,11.464863420889696,0.0,2022,2,Open-Meteo (ERA5) + INE Padrón
2022-02-09,6.044589780568451,10.350117862127023,2.1460184800652535,8.633916233177844,3,11.955410219431549,0.0,2022,2,Open-Meteo (ERA5) + INE Padrón
2022-02-10,5.983701285165511,11.010309182616737,1.093731199510002,9.076157540845976,3,12.01629871483449,0.0,2022,2,Open-Meteo (ERA5) + INE Padrón
2022-02-11,6.726269434107977,11.585384981463232,2.5328799693383997,9.84877370815969,3,11.273730565892023,0.0,2022,2,Open-Meteo (ERA5) + INE Padrón
2022-02-12,6.467866655325823,10.035310783879565,3.0624463462166696,8.284124919621197,3,11.532133344674177,0.0,2022,2,Open-Meteo (ERA5) + INE Padrón
2022-02-13,7.15797149384851,10.674151439747638,4.1551462463759234,7.647545981496059,3,10.84202850615149,0.0,2022,2,Open-Meteo (ERA5) + INE Padrón
2022-02-14,7.43364537297027,10.40728129217663,4.534013267409515,7.002993879388063,3,10.56635462702973,0.0,2022,2,Open-Meteo (ERA5) + INE Padrón
2022-02-15,6.11307085593754,10.920309614211591,2.0793069550822247,7.9635521875086805,3,11.88692914406246,0.0,2022,2,Open-Meteo (ERA5) + INE Padrón
2022-02-16,7.479481171330072,12.017846171788067,3.967485130065012,9.849438484762292,3,10.520518828669928,0.0,2022,2,Open-Meteo (ERA5) + INE Padrón
2022-02-17,7.760557349658638,13.353733530810937,3.1819856669185067,11.854242640561605,3,10.239442650341362,0.0,2022,2,Open-Meteo (ERA5) + INE Padrón
2022-02-18,8.039329626438583,13.90625636918073,2.929637940126315,12.247686289999145,3,9.960670373561417,0.0,2022,2,Open-Meteo (ERA5) + INE Padrón
2022-02-19,7.232355891510828,9.536216323835722,5.660592629094498,7.233460665294286,3,10.767644108489172,0.0,2022,2,Open-Meteo (ERA5) + INE Padrón
2022-02-20,5.934168543989502,10.754756680365212,1.2839230342403942,8.788565433797595,3,12.065831456010498,0.0,2022,2,Open-Meteo (ERA5) + INE Padrón
2022-02-21,7.510868023343772,13.713638156382885,2.743495509691715,11.631777141175366,3,10.489131976656228,0.0,2022,2,Open-Meteo (ERA5) + INE Padrón
2022-02-22,7.756481860274839,13.12168590248206,2.7740758417764075,10.434987300091805,3,10.243518139725161,0.0,2022,2,Open-Meteo (ERA5) + INE Padrón
2022-02-23,7.337188158368682,12.30232103907839,2.777566847270748,10.385674557506226,3,10.662811841631317,0.0,2022,2,Open-Meteo (ERA5) + INE Padrón
2022-02-24,7.443191430454572,12.099844453673228,2.987841949963923,10.043655676149587,3,10.556808569545428,0.0,2022,2,Open-Meteo (ERA5) + INE Padrón
2022-02-25,6.839879347428578,8.916423561681448,5.134789426477013,6.722123638381364,3,11.160120652571422,0.0,2022,2,Open-Meteo (ERA5) + INE Padrón
2022-02-26,6.634798569171225,7.883713320463542,5.422012973328127,6.189912922294331,3,11.365201430828776,0.0,2022,2,Open-Meteo (ERA5) + INE Padrón
2022-02-27,6.993423774264872,9.697246952837013,4.8999609211519815,7.979027652374219,3,11.006576225735127,0.0,2022,2,Open-Meteo (ERA5) + INE Padrón
2022-02-28,7.359028952898079,11.215716337265667,4.284856254808092,9.609635653591868,3,10.640971047101921,0.0,2022,2,Open-Meteo (ERA5) + INE Padrón
2022-03-01,7.04877750757185,12.133996083965402,2.2779139884254525,10.325438814886441,3,10.951222492428151,0.0,2022,3,Open-Meteo (ERA5) + INE Padrón
2022-03-02,8.146273918791755,12.333714709372519,4.809024407377793,9.816294106181976,3,9.853726081208245,0.0,2022,3,Open-Meteo (ERA5) + INE Padrón
2022-03-03,6.637688992058425,9.122429261488401,3.3876529665144375,7.58245952019049,3,11.362311007941575,0.0,2022,3,Open-Meteo (ERA5) + INE Padrón
2022-03-04,6.998085784987248,10.038379021551505,4.5742741573167836,7.790771158995183,3,11.001914215012752,0.0,2022,3,Open-Meteo (ERA5) + INE Padrón
2022-03-05,5.8050028730902214,8.772517508862041,2.9132234924426132,6.924067910073079,3,12.19499712690978,0.0,2022,3,Open-Meteo (ERA5) + INE Padrón
2022-03-06,5.738033240609311,7.9174723429195595,3.435930334851032,5.916010631007749,3,12.261966759390688,0.0,2022,3,Open-Meteo (ERA5) + INE Padrón
2022-03-07,5.792800452577712,8.071549083469298,4.693939122627347,6.260387621538144,3,12.207199547422288,0.0,2022,3,Open-Meteo (ERA5) + INE Padrón
2022-03-08,5.999707026295376,9.221560975284996,3.435139913639706,7.4200378873707304,3,12.000292973704624,0.0,2022,3,Open-Meteo (ERA5) + INE Padrón
2022-03-09,6.334105205148743,9.718283264886523,2.9336612593341,8.56055111104683,3,11.665894794851257,0.0,2022,3,Open-Meteo (ERA5) + INE Padrón
2022-03-10,6.923795741306635,10.219627418853854,3.4945029048859064,8.25959760207735,3,11.076204258693366,0.0,2022,3,Open-Meteo (ERA5) + INE Padrón
2022-03-11,7.353480129533554,9.910520893667655,5.349428286038113,7.736344384686923,3,10.646519870466445,0.0,2022,3,Open-Meteo (ERA5) + INE Padrón
2022-03-12,7.237017902233205,10.122496147212413,4.0876824090890205,7.494327931051345,3,10.762982097766795,0.0,2022,3,Open-Meteo (ERA5) + INE Padrón
2022-03-13,7.348884350255755,10.561412240351501,4.234000778707314,9.335497264997175,3,10.651115649744245,0.0,2022,3,Open-Meteo (ERA5) + INE Padrón
2022-03-14,7.060705721868796,9.387553906312236,5.483473928801082,6.992851314194856,3,10.939294278131204,0.0,2022,3,Open-Meteo (ERA5) + INE Padrón
2022-03-15,9.300460859511972,12.525819875264496,7.212750729636356,10.237707076571585,3,8.699539140488028,0.0,2022,3,Open-Meteo (ERA5) + INE Padrón
2022-03-16,9.259069110733236,11.115113326937465,7.769789054570808,9.396581711351656,3,8.740930889266764,0.0,2022,3,Open-Meteo (ERA5) + INE Padrón
2022-03-17,8.49865536393203,10.100932726988475,7.27828921194223,7.020106431750506,3,9.50134463606797,0.0,2022,3,Open-Meteo (ERA5) + INE Padrón
2022-03-18,8.033400219057347,10.287715886386787,6.251906191480732,7.914828003710798,3,9.966599780942653,0.0,2022,3,Open-Meteo (ERA5) + INE Padrón
2022-03-19,7.41813179919728,9.420139886091098,5.555379778219933,7.594091518082103,3,10.58186820080272,0.0,2022,3,Open-Meteo (ERA5) + INE Padrón
2022-03-20,7.724634131531287,9.817552647111288,5.650680048862047,7.654679722181473,3,10.275365868468713,0.0,2022,3,Open-Meteo (ERA5) + INE Padrón
2022-03-21,7.948379051395831,10.144424477443085,6.96021112679086,8.347551376431753,3,10.05162094860417,0.0,2022,3,Open-Meteo (ERA5) + INE Padrón
2022-03-22,7.533555484158747,9.176325759532334,6.444878903207277,6.439590224789752,3,10.466444515841253,0.0,2022,3,Open-Meteo (ERA5) + INE Padrón
2022-03-23,6.979421643380058,8.847382050061789,5.77773369426601,6.4176952226352215,3,11.020578356619943,0.0,2022,3,Open-Meteo (ERA5) + INE Padrón
2022-03-24,7.027481050575341,9.429165653681402,5.598817321049409,7.384048437798802,3,10.972518949424659,0.0,2022,3,Open-Meteo (ERA5) + INE Padrón
2022-03-25,7.879909999846187,10.396337412593432,6.29543808829191,8.003626406901661,3,10.120090000153812,0.0,2022,3,Open-Meteo (ERA5) + INE Padrón
2022-03-26,7.518067995473764,9.657846790483884,6.159318528941075,8.008602770196172,3,10.481932004526236,0.0,2022,3,Open-Meteo (ERA5) + INE Padrón
2022-03-27,8.417683600566308,11.552310002417391,6.1121318731193774,9.61815836064663,3,9.582316399433692,0.0,2022,3,Open-Meteo (ERA5) + INE Padrón
2022-03-28,7.739168576129544,11.633350034676809,4.437868367930942,10.49305680959114,3,10.260831423870457,0.0,2022,3,Open-Meteo (ERA5) + INE Padrón
2022-03-29,8.189276669979387,10.912390657853866,5.791329156046104,9.83948779562239,3,9.810723330020613,0.0,2022,3,Open-Meteo (ERA5) + INE Padrón
2022-03-30,7.848743146422917,9.678649042674401,6.436605447920849,8.400024673221857,3,10.151256853577083,0.0,2022,3,Open-Meteo (ERA5) + INE Padrón
2022-03-31,7.497152122493966,10.671287101948444,4.961885921444686,8.56169603118686,3,10.502847877506035,0.0,2022,3,Open-Meteo (ERA5) + INE Padrón
2022-04-01,5.864826741066273,8.450375958146319,3.590401720686043,5.9793234670290225,3,12.135173258933726,0.0,2022,4,Open-Meteo (ERA5) + INE Padrón
2022-04-02,4.599551749715388,8.795571492425164,1.0974401661456537,6.145356544412833,3,13.400448250284612,0.0,2022,4,Open-Meteo (ERA5) + INE Padrón
2022-04-03,3.868641683752543,6.98044295636048,0.48615491913680126,4.394293156673294,3,14.131358316247457,0.0,2022,4,Open-Meteo (ERA5) + INE Padrón
2022-04-04,4.543639617606958,8.159228651608137,0.9574458491938705,5.009606928428946,3,13.456360382393042,0.0,2022,4,Open-Meteo (ERA5) + INE Padrón
2022-04-05,4.884485456286443,7.30473984701799,2.5018194937162774,5.143286048443768,3,13.115514543713557,0.0,2022,4,Open-Meteo (ERA5) + INE Padrón
2022-04-06,6.9622428595730375,11.4059884647092,3.5475246141071373,9.68569728510766,3,11.037757140426962,0.0,2022,4,Open-Meteo (ERA5) + INE Padrón
2022-04-07,9.344250863821033,14.386564211098554,4.94199136144531,12.497581553635875,3,8.655749136178967,0.0,2022,4,Open-Meteo (ERA5) + INE Padrón
2022-04-08,9.37829407886294,13.077265155579614,5.540693603924943,10.58198563822204,3,8.62170592113706,0.0,2022,4,Open-Meteo (ERA5) + INE Padrón
2022-04-09,9.660597507493794,12.877229009510469,7.056630232484997,11.960228683289039,3,8.339402492506206,0.0,2022,4,Open-Meteo (ERA5) + INE Padrón
2022-04-10,9.872087836669813,13.419302173103054,6.54365611807517,12.204785135781348,3,8.127912163330187,0.0,2022,4,Open-Meteo (ERA5) + INE Padrón
2022-04-11,9.56062320230986,13.389906907514959,5.701371771446649,11.487454432880916,3,8.43937679769014,0.0,2022,4,Open-Meteo (ERA5) + INE Padrón
2022-04-12,8.599750541617109,11.441684865965692,6.07009939537693,10.094413630178765,3,9.400249458382891,0.0,2022,4,Open-Meteo (ERA5) + INE Padrón
2022-04-13,9.007047760332622,12.251657439030915,5.559048598499015,10.201343861263375,3,8.992952239667378,0.0,2022,4,Open-Meteo (ERA5) + INE Padrón
2022-04-14,10.700561928466826,14.729389612384201,7.054924876094397,13.093014826660717,3,7.299438071533174,0.0,2022,4,Open-Meteo (ERA5) + INE Padrón
2022-04-15,11.254695769245515,16.13367458597312,6.450061203823655,16.27789295391554,3,6.745304230754485,0.0,2022,4,Open-Meteo (ERA5) + INE Padrón
2022-04-16,12.215213931009561,17.80468114552621,7.53611953065437,17.715582451031775,3,5.784786068990439,0.0,2022,4,Open-Meteo (ERA5) + INE Padrón
2022-04-17,11.898254680910215,16.656875633187532,7.470540901991925,16.601521899880552,3,6.101745319089785,0.0,2022,4,Open-Meteo (ERA5) + INE Padrón
2022-04-18,11.900340621317525,15.66814930978111,7.788781610018694,15.226520608539563,3,6.099659378682475,0.0,2022,4,Open-Meteo (ERA5) + INE Padrón
2022-04-19,9.958294070827929,12.752168987981232,6.885907021841684,11.761929184237513,3,8.041705929172071,0.0,2022,4,Open-Meteo (ERA5) + INE Padrón
2022-04-20,7.344059716657977,10.014371993901657,4.832786481989983,7.326062389102505,3,10.655940283342023,0.0,2022,4,Open-Meteo (ERA5) + INE Padrón
2022-04-21,8.3151833577942,11.821438699641433,5.171642771692979,10.342629622512906,3,9.6848166422058,0.0,2022,4,Open-Meteo (ERA5) + INE Padrón
2022-04-22,7.92273289879996,10.156350654290913,5.715605924741336,8.206751670191741,3,10.07726710120004,0.0,2022,4,Open-Meteo (ERA5) + INE Padrón
2022-04-23,7.556541198828174,9.782660728334683,5.621190429292251,7.045790693253828,3,10.443458801171825,0.0,2022,4,Open-Meteo (ERA5) + INE Padrón
2022-04-24,9.02866855627159,13.357290767749856,5.293199763908431,12.272623444737608,3,8.97133144372841,0.0,2022,4,Open-Meteo (ERA5) + INE Padrón
2022-04-25,9.35083822952444,13.322554653568222,5.003331877848554,13.162969236010529,3,8.64916177047556,0.0,2022,4,Open-Meteo (ERA5) + INE Padrón
2022-04-26,10.104504025195958,14.033083197713832,6.164308953504149,14.048856916433824,3,7.895495974804042,0.0,2022,4,Open-Meteo (ERA5) + INE Padrón
2022-04-27,9.447829795288591,11.890892085904824,7.297281767390116,11.173329360594517,3,8.552170204711409,0.0,2022,4,Open-Meteo (ERA5) + INE Padrón
2022-04-28,9.597256548935395,12.099435747119394,7.223862437633969,11.44507948002921,3,8.402743451064605,0.0,2022,4,Open-Meteo (ERA5) + INE Padrón
2022-04-29,10.802229566221918,15.276449125641623,6.635344944153233,15.05563477502085,3,7.197770433778082,0.0,2022,4,Open-Meteo (ERA5) + INE Padrón
2022-04-30,11.58622961029969,15.988663759370258,7.666295621355404,16.187975715672657,3,6.413770389700311,0.0,2022,4,Open-Meteo (ERA5) + INE Padrón
2022-05-01,11.837352124238711,15.62030786372714,7.941344870231135,15.325802014583774,3,6.162647875761289,0.0,2022,5,Open-Meteo (ERA5) + INE Padrón
2022-05-02,10.376008060952213,12.527823485509547,8.312744955907306,12.147017048226363,3,7.623991939047787,0.0,2022,5,Open-Meteo (ERA5) + INE Padrón
2022-05-03,9.70042360575922,12.157502088528828,7.832463199077489,10.872922226607042,3,8.29957639424078,0.0,2022,5,Open-Meteo (ERA5) + INE Padrón
2022-05-04,10.315992316922857,13.610012260278328,7.444130413272735,11.880560812748211,3,7.684007683077143,0.0,2022,5,Open-Meteo (ERA5) + INE Padrón
2022-05-05,11.128841251606715,15.250625158261013,7.1822105439082335,14.684561065736258,3,6.8711587483932846,0.0,2022,5,Open-Meteo (ERA5) + INE Padrón
2022-05-06,11.048415863223,15.711776691214771,6.469543889179297,15.125589184370664,3,6.951584136777001,0.0,2022,5,Open-Meteo (ERA5) + INE Padrón
2022-05-07,11.79159661859205,16.525690253325518,7.711750835698496,16.003049642361677,3,6.208403381407949,0.0,2022,5,Open-Meteo (ERA5) + INE Padrón
2022-05-08,12.357660711116804,16.962737236557828,7.587956173378999,16.554893642860307,3,5.642339288883196,0.0,2022,5,Open-Meteo (ERA5) + INE Padrón
2022-05-09,12.86837107033458,17.134046968539717,8.087895262259302,17.143725488913176,3,5.131628929665419,0.0,2022,5,Open-Meteo (ERA5) + INE Padrón
2022-05-10,13.678821749488112,18.294409400319612,8.522515867424161,18.172998932261876,3,4.321178250511888,0.0,2022,5,Open-Meteo (ERA5) + INE Padrón
2022-05-11,14.26442273499364,18.604688968182963,9.477825643483826,18.365004538633134,3,3.7355772650063592,0.0,2022,5,Open-Meteo (ERA5) + INE Padrón
2022-05-12,13.902620876977789,17.25492512288401,9.942042246019628,17.272716513117615,3,4.097379123022211,0.0,2022,5,Open-Meteo (ERA5) + INE Padrón
2022-05-13,13.950107824103059,18.1493865498973,8.94212392190245,18.06724174385442,3,4.049892175896941,0.0,2022,5,Open-Meteo (ERA5) + INE Padrón
2022-05-14,14.318889655658474,18.362552075477677,10.461111558775988,18.4313475034189,3,3.6811103443415263,0.0,2022,5,Open-Meteo (ERA5) + INE Padrón
2022-05-15,13.76039205801186,16.987208309027427,10.399868564444343,16.450906004838913,3,4.23960794198814,0.0,2022,5,Open-Meteo (ERA5) + INE Padrón
2022-05-16,13.701275150444095,17.705930015746326,9.619125466001918,17.85515083207126,3,4.298724849555905,0.0,2022,5,Open-Meteo (ERA5) + INE Padrón
2022-05-17,14.309603743121171,18.36117309547865,10.13363914583705,18.672283230909905,3,3.690396256878829,0.0,2022,5,Open-Meteo (ERA5) + INE Padrón
2022-05-18,15.501693464574902,20.175785416547576,10.672271436662193,20.514625607532892,3,2.4983065354250975,0.0,2022,5,Open-Meteo (ERA5) + INE Padrón
2022-05-19,16.42116031522035,20.9342356994603,11.851532069908263,20.767001456862207,3,1.5788396847796484,0.0,2022,5,Open-Meteo (ERA5) + INE Padrón
2022-05-20,16.503617436386246,20.6574409478374,11.841701819838075,20.281909127703177,3,1.4963825636137535,0.0,2022,5,Open-Meteo (ERA5) + INE Padrón
2022-05-21,16.958593478280335,21.90071252178349,11.61119488757528,21.972764895360058,3,1.041406521719665,0.0,2022,5,Open-Meteo (ERA5) + INE Padrón
2022-05-22,15.86988877479174,20.313525964677634,12.082012917083052,19.790419271444925,3,2.1301112252082604,0.0,2022,5,Open-Meteo (ERA5) + INE Padrón
2022-05-23,15.160353421089424,19.103341393596832,11.36275685920159,18.846369764989714,3,2.8396465789105765,0.0,2022,5,Open-Meteo (ERA5) + INE Padrón
2022-05-24,13.056065090013927,15.968254115015895,10.545011853936362,15.715672328364713,3,4.943934909986073,0.0,2022,5,Open-Meteo (ERA5) + INE Padrón
2022-05-25,11.631384533339212,15.212163978726048,8.013849264808009,14.17116622095315,3,6.368615466660788,0.0,2022,5,Open-Meteo (ERA5) + INE Padrón
2022-05-26,13.235733775534403,17.99903079980266,8.330576492497482,17.254336564096313,3,4.764266224465597,0.0,2022,5,Open-Meteo (ERA5) + INE Padrón
2022-05-27,15.329525042487987,20.239564334837716,10.37948500517799,20.08387975996898,3,2.6704749575120132,0.0,2022,5,Open-Meteo (ERA5) + INE Padrón
2022-05-28,16.35564791800249,21.003615611290982,11.40233687378858,21.148066001643276,3,1.6443520819975106,0.0,2022,5,Open-Meteo (ERA5) + INE Padrón
2022-05-29,15.788739196641274,19.183362150324946,12.030242505802999,18.564208079685265,3,2.2112608033587264,0.0,2022,5,Open-Meteo (ERA5) + INE Padrón
2022-05-30,14.149391657868328,16.536894277855716,10.974111758273823,16.427944337808377,3,3.8506083421316717,0.0,2022,5,Open-Meteo (ERA5) + INE Padrón
2022-05-31,14.779534959986794,19.15884889404966,10.333783707156464,18.913301288563176,3,3.220465040013206,0.0,2022,5,Open-Meteo (ERA5) + INE Padrón
2022-06-01,15.423952561756519,18.880909222286732,11.999622027361735,18.978485271940343,3,2.5760474382434815,0.0,2022,6,Open-Meteo (ERA5) + INE Padrón
2022-06-02,15.090372926651604,18.328546969343222,11.489484128213975,18.797236874637996,3,2.909627073348396,0.0,2022,6,Open-Meteo (ERA5) + INE Padrón
2022-06-03,15.476387749639171,18.544138872991045,12.441548982457734,18.10475986567299,3,2.523612250360829,0.0,2022,6,Open-Meteo (ERA5) + INE Padrón
2022-06-04,14.893104726950826,18.081147483308413,11.546555241731,18.49767436948698,3,3.106895273049174,0.0,2022,6,Open-Meteo (ERA5) + INE Padrón
2022-06-05,15.581598563064617,19.946158053938795,10.994233135144057,19.857551526801238,3,2.4184014369353832,0.0,2022,6,Open-Meteo (ERA5) + INE Padrón
2022-06-06,16.27752643116739,20.24547968095039,11.567210969763796,19.608354367843244,3,1.7224735688326085,0.0,2022,6,Open-Meteo (ERA5) + INE Padrón
2022-06-07,16.826697969920133,20.50127826688035,12.347121463189206,20.371972890103784,3,1.173302030079867,0.0,2022,6,Open-Meteo (ERA5) + INE Padrón
2022-06-08,16.51063755628238,19.422185852320638,13.133739761387732,19.492112139133326,3,1.4893624437176207,0.0,2022,6,Open-Meteo (ERA5) + INE Padrón
2022-06-09,17.05665852720092,20.674494087035693,13.349984417818714,20.785213577469094,3,0.9433414727990801,0.0,2022,6,Open-Meteo (ERA5) + INE Padrón
2022-06-10,17.731630375967327,21.98128647177404,12.9575620813616,22.34020993072214,3,0.2683696240326725,0.0,2022,6,Open-Meteo (ERA5) + INE Padrón
2022-06-11,18.421448984455008,22.121100936491967,13.987095669657297,22.524907149713137,3,0.0,0.421448984455008,2022,6,Open-Meteo (ERA5) + INE Padrón
2022-06-12,18.708932676253124,23.284081622392613,14.099726453803166,23.505740601849844,3,0.0,0.7089326762531236,2022,6,Open-Meteo (ERA5) + INE Padrón
2022-06-13,19.373433545985627,24.019575443813814,14.074680883814434,23.703254885229057,3,0.0,1.3734335459856268,2022,6,Open-Meteo (ERA5) + INE Padrón
2022-06-14,19.74406929553848,24.369569526602426,14.37075238347111,23.50377713796136,3,0.0,1.7440692955384804,2022,6,Open-Meteo (ERA5) + INE Padrón
2022-06-15,19.956456423726973,24.7407355524196,15.178830892182322,24.835080741525875,3,0.0,1.9564564237269728,2022,6,Open-Meteo (ERA5) + INE Padrón
2022-06-16,19.851830094190984,24.456033868258427,15.26750365076446,24.139086641978523,3,0.0,1.8518300941909835,2022,6,Open-Meteo (ERA5) + INE Padrón
2022-06-17,20.248656333872596,25.491317011701504,14.793674759299778,24.89610373726709,3,0.0,2.248656333872596,2022,6,Open-Meteo (ERA5) + INE Padrón
2022-06-18,19.990281677627568,24.85355504452888,14.835366799382083,23.73714637057423,3,0.0,1.9902816776275678,2022,6,Open-Meteo (ERA5) + INE Padrón
2022-06-19,17.07578671362786,20.494582485926678,13.960262413115709,20.042440621845543,3,0.9242132863721402,0.0,2022,6,Open-Meteo (ERA5) + INE Padrón
2022-06-20,16.541189765829948,19.353728824590437,13.483050931406952,19.33683423336931,3,1.458810234170052,0.0,2022,6,Open-Meteo (ERA5) + INE Padrón
2022-06-21,16.08872356280635,19.7012021753299,12.220119987961258,19.166030730012853,3,1.9112764371936493,0.0,2022,6,Open-Meteo (ERA5) + INE Padrón
2022-06-22,15.067969658422516,18.01808551179689,11.724871032340458,17.03439088995089,3,2.9320303415774838,0.0,2022,6,Open-Meteo (ERA5) + INE Padrón
2022-06-23,15.232597670719297,18.388380823689598,12.165447129974561,17.72199995087165,3,2.767402329280703,0.0,2022,6,Open-Meteo (ERA5) + INE Padrón
2022-06-24,15.614236713019496,19.801857355834116,11.540526274829043,18.893774381952724,3,2.385763286980504,0.0,2022,6,Open-Meteo (ERA5) + INE Padrón
2022-06-25,15.64828196551052,19.406478365045224,11.799189198558198,18.886740200788026,3,2.3517180344894797,0.0,2022,6,Open-Meteo (ERA5) + INE Padrón
2022-06-26,15.733889654510614,18.87358677363791,11.976551945080933,18.6463227257419,3,2.266110345489386,0.0,2022,6,Open-Meteo (ERA5) + INE Padrón
2022-06-27,15.839906987865067,19.39907766113238,12.451745755276075,20.01746852628952,3,2.160093012134933,0.0,2022,6,Open-Meteo (ERA5) + INE Padrón
2022-06-28,16.303716921296154,20.530399326252883,11.666546583433139,20.709287576932358,3,1.6962830787038463,0.0,2022,6,Open-Meteo (ERA5) + INE Padrón
2022-06-29,17.167830038634627,20.968250791965083,12.621856359492803,20.6414311318093,3,0.8321699613653735,0.0,2022,6,Open-Meteo (ERA5) + INE Padrón
2022-06-30,16.927765025068084,20.33459039926427,13.261638035628156,20.00280843708254,3,1.0722349749319164,0.0,2022,6,Open-Meteo (ERA5) + INE Padrón
2022-07-01,16.61229113276891,20.441302669207566,12.593059639062732,20.376963314666856,3,1.3877088672310904,0.0,2022,7,Open-Meteo (ERA5) + INE Padrón
2022-07-02,18.026694623912146,21.8714116101771,13.747316886125763,22.72300795443093,3,0.0,0.026694623912145943,2022,7,Open-Meteo (ERA5) + INE Padrón
2022-07-03,18.668207741526107,22.13388987834305,14.847091113806282,22.593908514976228,3,0.0,0.668207741526107,2022,7,Open-Meteo (ERA5) + INE Padrón
2022-07-04,18.817348265137902,22.320046370046214,14.984261239315444,22.34514411021096,3,0.0,0.8173482651379018,2022,7,Open-Meteo (ERA5) + INE Padrón
2022-07-05,19.022715273430265,23.25457997900337,14.467741911786142,22.888972762921043,3,0.0,1.022715273430265,2022,7,Open-Meteo (ERA5) + INE Padrón
2022-07-06,17.37435602833558,20.235186516701226,14.402177344392264,21.254029127372597,3,0.6256439716644202,0.0,2022,7,Open-Meteo (ERA5) + INE Padrón
2022-07-07,17.381676439535283,21.567785639461725,13.326043621613445,20.857775347761,3,0.6183235604647166,0.0,2022,7,Open-Meteo (ERA5) + INE Padrón
2022-07-08,18.141177288606332,22.656310490716464,13.462941578356162,22.96158557274818,3,0.0,0.1411772886063325,2022,7,Open-Meteo (ERA5) + INE Padrón
2022-07-09,19.120087423211125,23.389034328320175,14.141484725330049,23.926507637736727,3,0.0,1.1200874232111246,2022,7,Open-Meteo (ERA5) + INE Padrón
2022-07-10,19.933728816555426,24.44964041605744,14.6571172402172,24.381864263647522,3,0.0,1.9337288165554263,2022,7,Open-Meteo (ERA5) + INE Padrón
2022-07-11,19.95533758867495,23.85717989608206,15.274457539216018,24.0183169028845,3,0.0,1.9553375886749507,2022,7,Open-Meteo (ERA5) + INE Padrón
2022-07-12,20.140048868934514,24.227801584366347,15.358660163129082,24.583700120088974,3,0.0,2.140048868934514,2022,7,Open-Meteo (ERA5) + INE Padrón
2022-07-13,20.897517985223384,25.3599417932353,15.680269400131362,25.458896822887933,3,0.0,2.8975179852233843,2022,7,Open-Meteo (ERA5) + INE Padrón
2022-07-14,21.347585932716658,25.497892353585456,16.131290391711357,25.753688902066305,3,0.0,3.347585932716658,2022,7,Open-Meteo (ERA5) + INE Padrón
2022-07-15,21.177395035786788,25.420669703211956,15.821803282508446,25.384538510313625,3,0.0,3.1773950357867875,2022,7,Open-Meteo (ERA5) + INE Padrón
2022-07-16,21.218826930922095,25.529491961201458,16.33365856186625,25.461254932061692,3,0.0,3.218826930922095,2022,7,Open-Meteo (ERA5) + INE Padrón
2022-07-17,21.212705647487553,25.533841656800817,16.325845983309677,24.92815740333251,3,0.0,3.212705647487553,2022,7,Open-Meteo (ERA5) + INE Padrón
2022-07-18,20.62103758617262,25.030113308571725,16.05085094205908,25.13115224118255,3,0.0,2.621037586172619,2022,7,Open-Meteo (ERA5) + INE Padrón
2022-07-19,19.61157320457114,22.597179521880136,15.823328786665188,22.4869762464425,3,0.0,1.6115732045711404,2022,7,Open-Meteo (ERA5) + INE Padrón
2022-07-20,19.57658896926195,23.3371173928824,14.9420629706077,23.95181131522334,3,0.0,1.5765889692619517,2022,7,Open-Meteo (ERA5) + INE Padrón
2022-07-21,20.125133840319545,24.228539835401662,15.591416789315364,24.74538350187342,3,0.0,2.1251338403195454,2022,7,Open-Meteo (ERA5) + INE Padrón
2022-07-22,20.667297282995598,24.702220165259504,16.017065834515055,24.576964192778732,3,0.0,2.667297282995598,2022,7,Open-Meteo (ERA5) + INE Padrón
2022-07-23,20.171788182427797,24.04682739327956,15.497301585169849,23.900847423872293,3,0.0,2.1717881824277967,2022,7,Open-Meteo (ERA5) + INE Padrón
2022-07-24,20.67868115975966,25.200441873929766,15.919433539787192,24.92398552251789,3,0.0,2.678681159759659,2022,7,Open-Meteo (ERA5) + INE Padrón
2022-07-25,20.39408789084874,24.211727574342788,15.778786470052253,23.926491539019047,3,0.0,2.3940878908487413,2022,7,Open-Meteo (ERA5) + INE Padrón
2022-07-26,19.503770222112944,23.12736054263411,15.595532425055735,23.49244543137332,3,0.0,1.5037702221129443,2022,7,Open-Meteo (ERA5) + INE Padrón
2022-07-27,19.241904560373577,22.742544847411704,15.402762482561158,23.569654020478257,3,0.0,1.2419045603735768,2022,7,Open-Meteo (ERA5) + INE Padrón
2022-07-28,19.667539544304702,23.24537435917921,15.844090892499134,23.343276785224397,3,0.0,1.6675395443047023,2022,7,Open-Meteo (ERA5) + INE Padrón
2022-07-29,19.804151271012415,23.260249241437606,16.037487502688858,23.527375459057374,3,0.0,1.8041512710124152,2022,7,Open-Meteo (ERA5) + INE Padrón
2022-07-30,19.465609333881552,23.509245668612746,15.584829423611957,23.507266106006583,3,0.0,1.4656093338815523,2022,7,Open-Meteo (ERA5) + INE Padrón
2022-07-31,20.05491928602273,23.68341770094471,16.332033498188792,24.700254663921907,3,0.0,2.0549192860227308,2022,7,Open-Meteo (ERA5) + INE Padrón
2022-08-01,20.94784114761072,24.76105084279226,16.646648700382947,25.735869389295573,3,0.0,2.9478411476107205,2022,8,Open-Meteo (ERA5) + INE Padrón
2022-08-02,20.598527940142386,23.69535997651022,16.732256389383043,24.883466525112738,3,0.0,2.598527940142386,2022,8,Open-Meteo (ERA5) + INE Padrón
2022-08-03,20.84268250436129,25.079876034708487,16.16151622486735,25.23421088275611,3,0.0,2.8426825043612887,2022,8,Open-Meteo (ERA5) + INE Padrón
2022-08-04,20.43513920196734,24.370180095579894,15.694323701192188,25.008434230109387,3,0.0,2.4351392019673384,2022,8,Open-Meteo (ERA5) + INE Padrón
2022-08-05,20.180227428679526,24.036614521743545,15.975986400859332,24.381495703450256,3,0.0,2.180227428679526,2022,8,Open-Meteo (ERA5) + INE Padrón
2022-08-06,20.241075777725897,24.10909283123241,15.870555588843457,24.500628355047375,3,0.0,2.2410757777258965,2022,8,Open-Meteo (ERA5) + INE Padrón
2022-08-07,20.339266471255208,24.195979940710806,16.00334993366525,23.997879135993013,3,0.0,2.3392664712552076,2022,8,Open-Meteo (ERA5) + INE Padrón
2022-08-08,19.959372931702177,23.940741791031414,15.20630080278939,24.199769200059595,3,0.0,1.9593729317021769,2022,8,Open-Meteo (ERA5) + INE Padrón
2022-08-09,20.369860864608462,24.296462511969295,16.113496964028634,24.730262535936586,3,0.0,2.3698608646084622,2022,8,Open-Meteo (ERA5) + INE Padrón
2022-08-10,20.49247046043136,24.535546358911983,16.521927079064735,24.734844253945823,3,0.0,2.4924704604313597,2022,8,Open-Meteo (ERA5) + INE Padrón
2022-08-11,20.030159946069006,23.650831721165847,16.161284202457473,24.313885342005634,3,0.0,2.0301599460690056,2022,8,Open-Meteo (ERA5) + INE Padrón
2022-08-12,20.86283200376865,25.46358491869832,15.937485074967798,25.531945554997698,3,0.0,2.8628320037686485,2022,8,Open-Meteo (ERA5) + INE Padrón
2022-08-13,19.42023237480248,23.06756754057738,16.365298315838817,23.183647146411897,3,0.0,1.420232374802481,2022,8,Open-Meteo (ERA5) + INE Padrón
2022-08-14,19.009117774201048,23.986192930476264,14.670597043758896,22.103930101606153,3,0.0,1.009117774201048,2022,8,Open-Meteo (ERA5) + INE Padrón
2022-08-15,17.96318583693933,21.421888000216715,13.579482060920533,21.302753311170477,3,0.03681416306066865,0.0,2022,8,Open-Meteo (ERA5) + INE Padrón
2022-08-16,17.93350434131623,21.309841699960305,14.330843955043425,20.687742998808293,3,0.06649565868377039,0.0,2022,8,Open-Meteo (ERA5) + INE Padrón
2022-08-17,16.211753889002527,20.13891393516481,12.628384312032061,20.496271743599596,3,1.7882461109974734,0.0,2022,8,Open-Meteo (ERA5) + INE Padrón
2022-08-18,15.542605069816206,19.732365860663272,11.770326246683549,19.493637643290064,3,2.457394930183794,0.0,2022,8,Open-Meteo (ERA5) + INE Padrón
2022-08-19,16.570679385399743,20.889090762791106,12.080972337295051,21.029737832526045,3,1.4293206146002575,0.0,2022,8,Open-Meteo (ERA5) + INE Padrón
2022-08-20,17.970207994284582,22.529256845312496,13.006179887358332,22.709550161079008,3,0.029792005715417957,0.0,2022,8,Open-Meteo (ERA5) + INE Padrón
2022-08-21,19.05338995949666,23.406499342162203,13.792497894253291,23.416341616051838,3,0.0,1.0533899594966591,2022,8,Open-Meteo (ERA5) + INE Padrón
2022-08-22,18.87306852119303,22.750125403558407,14.920834782504889,23.64532304415789,3,0.0,0.87306852119303,2022,8,Open-Meteo (ERA5) + INE Padrón
2022-08-23,19.14280096911411,23.415771193430942,14.835433030826664,23.892668322567566,3,0.0,1.1428009691141092,2022,8,Open-Meteo (ERA5) + INE Padrón
2022-08-24,19.684091660416577,23.561721002851968,15.994976918858102,24.17090624818495,3,0.0,1.684091660416577,2022,8,Open-Meteo (ERA5) + INE Padrón
2022-08-25,19.06707773780934,22.81773372755391,15.23722157253422,23.65531387965437,3,0.0,1.0670777378093383,2022,8,Open-Meteo (ERA5) + INE Padrón
2022-08-26,18.003352372864896,21.456737735187627,14.487865326105496,22.325198510676348,3,0.0,0.0033523728648958695,2022,8,Open-Meteo (ERA5) + INE Padrón
2022-08-27,17.459497635066803,20.658884121831882,13.906994620216041,21.57540430451588,3,0.5405023649331966,0.0,2022,8,Open-Meteo (ERA5) + INE Padrón
2022-08-28,18.58547641414465,22.63932358296275,14.365255730282602,22.897724324295783,3,0.0,0.5854764141446509,2022,8,Open-Meteo (ERA5) + INE Padrón
2022-08-29,18.240226672240667,21.851832533390635,14.944435141050018,22.10820154194149,3,0.0,0.24022667224066652,2022,8,Open-Meteo (ERA5) + INE Padrón
2022-08-30,19.03209350250015,23.19464249023804,14.961067549875033,23.393626032699736,3,0.0,1.0320935025001496,2022,8,Open-Meteo (ERA5) + INE Padrón
2022-08-31,18.700666039247125,22.46214546950518,14.859932225833385,21.50326439523804,3,0.0,0.7006660392471247,2022,8,Open-Meteo (ERA5) + INE Padrón
2022-09-01,17.393386692690918,21.311208656139883,12.91738148416747,21.209538980935676,3,0.6066133073090825,0.0,2022,9,Open-Meteo (ERA5) + INE Padrón
2022-09-02,17.443297980434522,21.365315872336996,13.635136085531082,20.53276742179696,3,0.5567020195654777,0.0,2022,9,Open-Meteo (ERA5) + INE Padrón
2022-09-03,16.45472338672483,19.62239664508463,12.901567619090908,19.736238580815105,3,1.5452766132751705,0.0,2022,9,Open-Meteo (ERA5) + INE Padrón
2022-09-04,16.47363361201046,19.88045898620664,12.366710526345997,20.110569235735042,3,1.5263663879895404,0.0,2022,9,Open-Meteo (ERA5) + INE Padrón
2022-09-05,16.452637446317517,20.105975493906364,12.633252260076306,20.367252596858037,3,1.5473625536824827,0.0,2022,9,Open-Meteo (ERA5) + INE Padrón
2022-09-06,16.779495215380756,20.850341315772017,13.097840590899272,20.77239764372166,3,1.2205047846192443,0.0,2022,9,Open-Meteo (ERA5) + INE Padrón
2022-09-07,16.255749830633455,19.85989557470643,12.00196403781781,19.12676303054888,3,1.7442501693665449,0.0,2022,9,Open-Meteo (ERA5) + INE Padrón
2022-09-08,16.56859344499243,20.09580480617603,13.38427371653906,20.170873247248526,3,1.4314065550075696,0.0,2022,9,Open-Meteo (ERA5) + INE Padrón
2022-09-09,17.228798826750708,20.952391574992934,13.299266610146105,21.175209535858762,3,0.7712011732492918,0.0,2022,9,Open-Meteo (ERA5) + INE Padrón
2022-09-10,17.888950000883852,21.68879829414429,13.863365201333261,21.972585043126195,3,0.11104999911614755,0.0,2022,9,Open-Meteo (ERA5) + INE Padrón
2022-09-11,18.57790991926651,22.481537875777356,14.351799974379794,22.7329044359457,3,0.0,0.57790991926651,2022,9,Open-Meteo (ERA5) + INE Padrón
2022-09-12,18.101883504054353,20.73400677052951,15.264353082930262,21.440129374001508,3,0.0,0.10188350405435287,2022,9,Open-Meteo (ERA5) + INE Padrón
2022-09-13,16.513159418972315,19.650238283978855,13.944774924430725,19.34050305364839,3,1.4868405810276855,0.0,2022,9,Open-Meteo (ERA5) + INE Padrón
2022-09-14,14.809200356892212,17.34792944089871,12.704299419390134,17.378661502680135,3,3.1907996431077876,0.0,2022,9,Open-Meteo (ERA5) + INE Padrón
2022-09-15,14.934834875940584,18.431463867590374,12.274995615179925,19.205731183669553,3,3.0651651240594155,0.0,2022,9,Open-Meteo (ERA5) + INE Padrón
2022-09-16,15.048446826710304,18.381294472348888,11.930904854684538,19.454237480936936,3,2.951553173289696,0.0,2022,9,Open-Meteo (ERA5) + INE Padrón
2022-09-17,15.163830365315201,18.7874066245678,11.830642282016475,19.016700367796872,3,2.836169634684799,0.0,2022,9,Open-Meteo (ERA5) + INE Padrón
2022-09-18,15.306291206691006,18.914720414918765,12.322196332270188,19.16822712311955,3,2.6937087933089945,0.0,2022,9,Open-Meteo (ERA5) + INE Padrón
2022-09-19,14.931932429233939,17.876146997764202,12.372001242212638,18.833800821729056,3,3.068067570766061,0.0,2022,9,Open-Meteo (ERA5) + INE Padrón
2022-09-20,15.299869631952895,18.813951613625264,12.320916911791883,18.871935624872442,3,2.7001303680471054,0.0,2022,9,Open-Meteo (ERA5) + INE Padrón
2022-09-21,15.14839708425535,19.000734773023577,11.95773607377701,19.22541867570628,3,2.8516029157446496,0.0,2022,9,Open-Meteo (ERA5) + INE Padrón
2022-09-22,15.202837919832174,18.873314604871467,11.61543096238536,18.49958249510955,3,2.7971620801678263,0.0,2022,9,Open-Meteo (ERA5) + INE Padrón
2022-09-23,15.325828099671783,18.816842036512465,11.741872001362738,17.781499479905243,3,2.6741719003282167,0.0,2022,9,Open-Meteo (ERA5) + INE Padrón
2022-09-24,14.446281701273456,17.4889872546366,11.783469687463342,17.087264944373622,3,3.553718298726544,0.0,2022,9,Open-Meteo (ERA5) + INE Padrón
2022-09-25,12.523213644963185,15.61745554974739,9.299940569617972,14.17851271724086,3,5.476786355036815,0.0,2022,9,Open-Meteo (ERA5) + INE Padrón
2022-09-26,12.333499916321104,16.259680833308657,8.904027227666516,15.351065545713816,3,5.666500083678896,0.0,2022,9,Open-Meteo (ERA5) + INE Padrón
2022-09-27,12.645290927072637,17.530691318538352,8.226044516943197,16.479222581731555,3,5.354709072927363,0.0,2022,9,Open-Meteo (ERA5) + INE Padrón
2022-09-28,13.397783680066997,17.716453164956242,9.061580912442029,15.938149851570397,3,4.602216319933003,0.0,2022,9,Open-Meteo (ERA5) + INE Padrón
2022-09-29,11.86802477285599,14.570961138785984,10.191989679832377,12.723316022476908,3,6.131975227144011,0.0,2022,9,Open-Meteo (ERA5) + INE Padrón
2022-09-30,10.921182365585176,15.004871615452657,7.053411395757101,13.5764399083366,3,7.078817634414824,0.0,2022,9,Open-Meteo (ERA5) + INE Padrón
2022-10-01,11.834759955205964,16.464335675653707,7.1224669686453215,15.381740231780212,3,6.165240044794036,0.0,2022,10,Open-Meteo (ERA5) + INE Padrón
2022-10-02,13.333638239028708,18.717998590199997,8.212302531005385,17.582067084533133,3,4.6663617609712915,0.0,2022,10,Open-Meteo (ERA5) + INE Padrón
2022-10-03,13.689358959966594,18.431101419740457,9.613316497690393,18.009241633889562,3,4.310641040033406,0.0,2022,10,Open-Meteo (ERA5) + INE Padrón
2022-10-04,14.910924239721556,19.422540351249342,10.847997095688022,19.125376101628653,3,3.089075760278444,0.0,2022,10,Open-Meteo (ERA5) + INE Padrón
2022-10-05,14.365570082854735,18.230942797152483,10.344621208938515,18.103875090479956,3,3.6344299171452654,0.0,2022,10,Open-Meteo (ERA5) + INE Padrón
2022-10-06,14.3360945245535,17.695146721589406,11.259930240037907,17.015744884510497,3,3.6639054754464997,0.0,2022,10,Open-Meteo (ERA5) + INE Padrón
2022-10-07,13.494462930708135,16.26912733127224,10.580242172923988,16.01627337585461,3,4.505537069291865,0.0,2022,10,Open-Meteo (ERA5) + INE Padrón
2022-10-08,13.267827587956392,16.607763622384805,9.81168947117463,16.12618838380812,3,4.732172412043608,0.0,2022,10,Open-Meteo (ERA5) + INE Padrón
2022-10-09,13.284133620389827,16.161910870152624,10.463767921804195,16.37193988916736,3,4.715866379610173,0.0,2022,10,Open-Meteo (ERA5) + INE Padrón
2022-10-10,12.510058180363949,15.04817465794386,10.17653031368452,15.336270956168558,3,5.489941819636051,0.0,2022,10,Open-Meteo (ERA5) + INE Padrón
2022-10-11,12.396379998149651,14.995604969722933,10.641144729595492,14.998209162575124,3,5.603620001850349,0.0,2022,10,Open-Meteo (ERA5) + INE Padrón
2022-10-12,12.39058509110669,15.944233026097484,9.35053793822087,16.005407751535436,3,5.60941490889331,0.0,2022,10,Open-Meteo (ERA5) + INE Padrón
2022-10-13,12.791174505049085,16.888185010481095,9.313521970129504,16.63968075066283,3,5.208825494950915,0.0,2022,10,Open-Meteo (ERA5) + INE Padrón
2022-10-14,13.229352347152863,18.060572047988757,9.236067297346128,18.07975444204083,3,4.770647652847137,0.0,2022,10,Open-Meteo (ERA5) + INE Padrón
2022-10-15,13.504933909742038,17.858901982512602,8.83080181141279,17.459443427441673,3,4.495066090257962,0.0,2022,10,Open-Meteo (ERA5) + INE Padrón
2022-10-16,13.696012557114578,17.77154879076534,10.115192965371172,17.812299810580363,3,4.303987442885422,0.0,2022,10,Open-Meteo (ERA5) + INE Padrón
2022-10-17,13.850415674055892,17.46559283341334,10.464818487962521,17.814005166970965,3,4.149584325944108,0.0,2022,10,Open-Meteo (ERA5) + INE Padrón
2022-10-18,14.31070851690463,18.492235998821837,11.057659591954613,18.5391083020714,3,3.6892914830953707,0.0,2022,10,Open-Meteo (ERA5) + INE Padrón
2022-10-19,14.240207732572808,17.500823152400965,11.811039157591122,17.15818962716862,3,3.7597922674271924,0.0,2022,10,Open-Meteo (ERA5) + INE Padrón
2022-10-20,13.179206999550267,15.875790059635847,11.095328312829135,14.795796771165424,3,4.820793000449733,0.0,2022,10,Open-Meteo (ERA5) + INE Padrón
2022-10-21,12.496900678315596,14.739312178986976,10.909417904804409,14.170343602306463,3,5.503099321684404,0.0,2022,10,Open-Meteo (ERA5) + INE Padrón
2022-10-22,12.4587397900842,16.273967156779356,9.963800710386765,15.302717871034407,3,5.5412602099158,0.0,2022,10,Open-Meteo (ERA5) + INE Padrón
2022-10-23,12.409235171445317,14.579646468716145,10.63067375056159,14.386754049702738,3,5.590764828554683,0.0,2022,10,Open-Meteo (ERA5) + INE Padrón
2022-10-24,12.157199759776141,15.373244740454236,9.552440026106897,15.024217763020907,3,5.842800240223859,0.0,2022,10,Open-Meteo (ERA5) + INE Padrón
2022-10-25,12.471256563168842,16.894852668897645,9.32549236823214,16.067481313434975,3,5.528743436831158,0.0,2022,10,Open-Meteo (ERA5) + INE Padrón
2022-10-26,12.6393615196914,16.268212396092963,9.682658300613621,16.539089764154074,3,5.3606384803086,0.0,2022,10,Open-Meteo (ERA5) + INE Padrón
2022-10-27,12.949641087554756,16.991612212251923,9.961130286089997,17.156758476993584,3,5.050358912445244,0.0,2022,10,Open-Meteo (ERA5) + INE Padrón
2022-10-28,12.644598027932911,16.18695644014135,9.716403261801076,16.386800710157196,3,5.355401972067089,0.0,2022,10,Open-Meteo (ERA5) + INE Padrón
2022-10-29,12.470984394402398,16.3267990273964,9.717888619601247,16.321862810458462,3,5.529015605597602,0.0,2022,10,Open-Meteo (ERA5) + INE Padrón
2022-10-30,11.642427972443128,14.469241330854878,9.244480458509845,14.32562150807048,3,6.357572027556872,0.0,2022,10,Open-Meteo (ERA5) + INE Padrón
2022-10-31,10.976427683641889,13.539003209871952,8.781242985148776,13.731567215044661,3,7.023572316358111,0.0,2022,10,Open-Meteo (ERA5) + INE Padrón
2022-11-01,11.424544191066124,14.807262978091739,8.687196049896958,14.420947863800603,3,6.575455808933876,0.0,2022,11,Open-Meteo (ERA5) + INE Padrón
2022-11-02,10.967742353711728,14.855842675181023,7.939651537659979,14.3355742346595,3,7.032257646288272,0.0,2022,11,Open-Meteo (ERA5) + INE Padrón
2022-11-03,11.133243117382092,13.360793797063637,9.64250582595662,11.529660650509868,3,6.866756882617908,0.0,2022,11,Open-Meteo (ERA5) + INE Padrón
2022-11-04,10.017489233659715,13.028673434670885,7.239402096494969,10.90516256318675,3,7.982510766340285,0.0,2022,11,Open-Meteo (ERA5) + INE Padrón
2022-11-05,8.349853240531257,12.556398169900069,5.010297790119554,10.888229863058166,3,9.650146759468743,0.0,2022,11,Open-Meteo (ERA5) + INE Padrón
2022-11-06,8.715472480433027,14.310554749758778,4.649929119727856,12.715857942849036,3,9.284527519566973,0.0,2022,11,Open-Meteo (ERA5) + INE Padrón
2022-11-07,9.076115357040287,13.571357167240942,5.599962241189439,12.518237281668673,3,8.923884642959713,0.0,2022,11,Open-Meteo (ERA5) + INE Padrón
2022-11-08,9.937896450293014,13.483443539243106,6.7358395392311685,12.060534570403567,3,8.062103549706986,0.0,2022,11,Open-Meteo (ERA5) + INE Padrón
2022-11-09,10.592484739793068,13.671291326068307,8.025899955623785,12.338720325844934,3,7.407515260206932,0.0,2022,11,Open-Meteo (ERA5) + INE Padrón
2022-11-10,9.196693220081006,12.746331897132581,6.113795045704288,11.851924677744421,3,8.803306779918994,0.0,2022,11,Open-Meteo (ERA5) + INE Padrón
2022-11-11,8.966526725478353,12.05717124696707,6.370286530773976,11.402282666163446,3,9.033473274521647,0.0,2022,11,Open-Meteo (ERA5) + INE Padrón
2022-11-12,10.213423805257055,14.381835968931599,8.552275618311285,13.367655368982609,3,7.7865761947429455,0.0,2022,11,Open-Meteo (ERA5) + INE Padrón
2022-11-13,9.904657717730995,13.319962484535473,7.301056965470346,13.091281347732991,3,8.095342282269005,0.0,2022,11,Open-Meteo (ERA5) + INE Padrón
2022-11-14,9.759266307111421,12.886186508207073,7.425071626380271,11.6849907264499,3,8.240733692888579,0.0,2022,11,Open-Meteo (ERA5) + INE Padrón
2022-11-15,10.825882094943063,13.271288433464488,9.33050887788322,11.090664264657638,3,7.174117905056937,0.0,2022,11,Open-Meteo (ERA5) + INE Padrón
2022-11-16,10.40405043162929,11.707391957229866,9.026731177471115,10.477347284866608,3,7.59594956837071,0.0,2022,11,Open-Meteo (ERA5) + INE Padrón
2022-11-17,11.464204498366254,13.869105900751089,10.01224070159876,12.12892332924007,3,6.535795501633746,0.0,2022,11,Open-Meteo (ERA5) + INE Padrón
2022-11-18,8.693657770991637,10.527873216485913,6.897276837337179,8.897565506571835,3,9.306342229008363,0.0,2022,11,Open-Meteo (ERA5) + INE Padrón
2022-11-19,6.92699847931685,9.468251463462396,5.0249406499680775,6.9193235691884425,3,11.07300152068315,0.0,2022,11,Open-Meteo (ERA5) + INE Padrón
2022-11-20,7.90478977886962,11.743097214215908,5.253716140752265,10.18188522354662,3,10.09521022113038,0.0,2022,11,Open-Meteo (ERA5) + INE Padrón
2022-11-21,8.940184505652859,10.70243989410315,6.508411737818982,8.984658553372098,3,9.059815494347141,0.0,2022,11,Open-Meteo (ERA5) + INE Padrón
2022-11-22,6.925879644264827,9.443014017420364,4.799736457391372,6.840245870176727,3,11.074120355735172,0.0,2022,11,Open-Meteo (ERA5) + INE Padrón
2022-11-23,10.383448911221627,12.592773409027727,8.605500096764484,11.119446923819147,3,7.6165510887783725,0.0,2022,11,Open-Meteo (ERA5) + INE Padrón
2022-11-24,9.657406793303025,12.11772816043942,7.7188793708448955,10.687565011844754,3,8.342593206696975,0.0,2022,11,Open-Meteo (ERA5) + INE Padrón
2022-11-25,8.943987826270215,11.258917782787032,5.6219515973256735,9.986648756628023,3,9.056012173729785,0.0,2022,11,Open-Meteo (ERA5) + INE Padrón
2022-11-26,6.46261608581575,10.434890908660984,3.959483843545028,8.935113788376645,3,11.53738391418425,0.0,2022,11,Open-Meteo (ERA5) + INE Padrón
2022-11-27,5.914291213348586,10.105102570353978,2.716363999295674,8.789450208990626,3,12.085708786651413,0.0,2022,11,Open-Meteo (ERA5) + INE Padrón
2022-11-28,7.055211106129405,9.82758362896433,4.566286932065363,7.075020167876625,3,10.944788893870594,0.0,2022,11,Open-Meteo (ERA5) + INE Padrón
2022-11-29,6.1841842466959465,9.784146086134854,3.635923166473712,8.532286704330204,3,11.815815753304054,0.0,2022,11,Open-Meteo (ERA5) + INE Padrón
2022-11-30,6.0472200585086515,8.857673176861832,2.9180481260403903,7.323824718998461,3,11.952779941491348,0.0,2022,11,Open-Meteo (ERA5) + INE Padrón
2022-12-01,6.251714315427427,9.109914525852876,3.8310793406791697,6.641998541301217,3,11.748285684572572,0.0,2022,12,Open-Meteo (ERA5) + INE Padrón
2022-12-02,5.193045606490636,8.008681025460193,3.421504305503041,6.14760827578544,3,12.806954393509365,0.0,2022,12,Open-Meteo (ERA5) + INE Padrón
2022-12-03,4.709712841347338,8.352185264617004,1.7678704432593952,6.3536681832175255,3,13.290287158652662,0.0,2022,12,Open-Meteo (ERA5) + INE Padrón
2022-12-04,5.14059635733942,7.504744702460114,2.9322963406036404,6.350257470436326,3,12.859403642660581,0.0,2022,12,Open-Meteo (ERA5) + INE Padrón
2022-12-05,5.960739618134973,8.441596274234453,3.364759568377596,7.223235769938821,3,12.039260381865027,0.0,2022,12,Open-Meteo (ERA5) + INE Padrón
2022-12-06,7.466325706730837,9.441488513263621,6.123364020186702,9.03717607141701,3,10.533674293269163,0.0,2022,12,Open-Meteo (ERA5) + INE Padrón
2022-12-07,6.715524248858512,9.38353058710445,4.68145047207983,8.799429020667654,3,11.284475751141489,0.0,2022,12,Open-Meteo (ERA5) + INE Padrón
2022-12-08,7.146421826119156,9.412980060317675,4.891533698719702,8.83176891676808,3,10.853578173880845,0.0,2022,12,Open-Meteo (ERA5) + INE Padrón
2022-12-09,7.82396974520063,10.018814006033605,6.339107653531261,8.93713145989026,3,10.17603025479937,0.0,2022,12,Open-Meteo (ERA5) + INE Padrón
2022-12-10,7.498351250259129,10.000078427442821,5.277056354350395,8.22579843326476,3,10.50164874974087,0.0,2022,12,Open-Meteo (ERA5) + INE Padrón
2022-12-11,5.989902861313191,7.241994265527715,4.663507352149491,5.760268680423982,3,12.01009713868681,0.0,2022,12,Open-Meteo (ERA5) + INE Padrón
2022-12-12,7.9071760105805025,10.529847573553061,5.133658567605547,8.815963907421066,3,10.092823989419497,0.0,2022,12,Open-Meteo (ERA5) + INE Padrón
2022-12-13,10.050810296383993,11.345452430785844,9.114819452163793,10.846712469670704,3,7.949189703616007,0.0,2022,12,Open-Meteo (ERA5) + INE Padrón
2022-12-14,9.27114588663702,11.004798468159663,7.618384775766959,10.49061116471611,3,8.72885411336298,0.0,2022,12,Open-Meteo (ERA5) + INE Padrón
2022-12-15,8.016874188033482,9.75109922962614,6.400036295290772,7.828251171906297,3,9.983125811966518,0.0,2022,12,Open-Meteo (ERA5) + INE Padrón
2022-12-16,6.850416557907058,9.18045341909215,5.112620218106919,7.731353960123849,3,11.149583442092942,0.0,2022,12,Open-Meteo (ERA5) + INE Padrón
2022-12-17,6.353055576790941,9.107922939427269,4.37051815143332,8.47108589380425,3,11.64694442320906,0.0,2022,12,Open-Meteo (ERA5) + INE Padrón
2022-12-18,5.969398862977128,8.872193560191526,4.095577317807856,7.870610026040321,3,12.030601137022872,0.0,2022,12,Open-Meteo (ERA5) + INE Padrón
2022-12-19,5.791040888561978,9.379372767558394,3.2045787737517784,8.43227021534058,3,12.208959111438022,0.0,2022,12,Open-Meteo (ERA5) + INE Padrón
2022-12-20,6.9723734009467995,10.155259941776016,4.242225231907624,8.76965317106285,3,11.0276265990532,0.0,2022,12,Open-Meteo (ERA5) + INE Padrón
2022-12-21,8.448684663024281,11.25883749007389,6.413165674802,9.64306422475807,3,9.551315336975719,0.0,2022,12,Open-Meteo (ERA5) + INE Padrón
2022-12-22,9.116156248357127,11.975527464010613,7.553513107512804,10.47339223455252,3,8.883843751642873,0.0,2022,12,Open-Meteo (ERA5) + INE Padrón
2022-12-23,9.163002466518686,11.620078911839174,6.850702787942067,10.399972904796373,3,8.836997533481314,0.0,2022,12,Open-Meteo (ERA5) + INE Padrón
2022-12-24,8.225211911926182,10.985846059068347,6.165806335123763,9.921015920340446,3,9.774788088073818,0.0,2022,12,Open-Meteo (ERA5) + INE Padrón
2022-12-25,7.836306666051414,11.93470817530189,5.165395843649713,11.035052423852779,3,10.163693333948586,0.0,2022,12,Open-Meteo (ERA5) + INE Padrón
2022-12-26,7.464199619966955,12.193056746458915,4.479792430423121,11.594967110405866,3,10.535800380033045,0.0,2022,12,Open-Meteo (ERA5) + INE Padrón
2022-12-27,6.434353716548243,10.826714699960078,3.512906901546097,9.819009882374331,3,11.565646283451757,0.0,2022,12,Open-Meteo (ERA5) + INE Padrón
2022-12-28,6.173020368522318,10.459117934901261,2.9913188941897,9.021388291428458,3,11.826979631477682,0.0,2022,12,Open-Meteo (ERA5) + INE Padrón
2022-12-29,7.369580224645123,10.260104232453315,5.026167900270366,8.094887259618309,3,10.630419775354877,0.0,2022,12,Open-Meteo (ERA5) + INE Padrón
2022-12-30,8.693085310921623,11.200799271201582,6.307394425125984,9.065003649042675,3,9.306914689078377,0.0,2022,12,Open-Meteo (ERA5) + INE Padrón
2022-12-31,7.3354406181723935,11.235809591598777,4.081833294420925,9.656465773035745,3,10.664559381827607,0.0,2022,12,Open-Meteo (ERA5) + INE Padrón
2023-01-01,6.779563312095652,10.67000768147014,3.650105149592384,9.624047621671297,3,11.220436687904348,0.0,2023,1,Open-Meteo (ERA5) + INE Padrón
2023-01-02,6.836076026811224,9.303091137452173,4.853893100382306,8.527244109591116,3,11.163923973188776,0.0,2023,1,Open-Meteo (ERA5) + INE Padrón
2023-01-03,6.349278341261593,9.490692840598935,4.238296266681543,8.543876518416129,3,11.650721658738407,0.0,2023,1,Open-Meteo (ERA5) + INE Padrón
2023-01-04,5.190060829621732,9.22468342058207,2.546213248722376,8.252495152018957,3,12.809939170378268,0.0,2023,1,Open-Meteo (ERA5) + INE Padrón
2023-01-05,4.779873188019018,9.207790866810058,2.019797439678306,7.616571004126092,3,13.220126811980982,0.0,2023,1,Open-Meteo (ERA5) + INE Padrón
2023-01-06,4.046004430275277,8.326266943254689,0.9712733333838393,6.867841425392516,3,13.953995569724723,0.0,2023,1,Open-Meteo (ERA5) + INE Padrón
2023-01-07,4.8865573354251906,8.518584864748961,1.8866767184649365,6.32774986185521,3,13.113442664574809,0.0,2023,1,Open-Meteo (ERA5) + INE Padrón
2023-01-08,8.396289621498198,10.68066533101833,6.2867266732737415,8.489776120499446,3,9.603710378501802,0.0,2023,1,Open-Meteo (ERA5) + INE Padrón
2023-01-09,8.350574262208108,10.641577483788218,5.153779944475781,8.468874308788212,3,9.649425737791892,0.0,2023,1,Open-Meteo (ERA5) + INE Padrón
2023-01-10,5.477106561688105,9.572958085711523,2.763058487760498,7.9044894875660505,3,12.522893438311895,0.0,2023,1,Open-Meteo (ERA5) + INE Padrón
2023-01-11,6.326344796768181,9.304302289036778,3.8608150439274027,8.415443893013144,3,11.673655203231819,0.0,2023,1,Open-Meteo (ERA5) + INE Padrón
2023-01-12,4.910429862736766,9.094819645004048,2.294532335981902,7.447633442586521,3,13.089570137263234,0.0,2023,1,Open-Meteo (ERA5) + INE Padrón
2023-01-13,5.122504675802244,9.068314802303156,2.675845001890523,7.598805698980494,3,12.877495324197756,0.0,2023,1,Open-Meteo (ERA5) + INE Padrón
2023-01-14,4.647064781928664,9.202880734960125,1.33051114490407,7.472951181341696,3,13.352935218071336,0.0,2023,1,Open-Meteo (ERA5) + INE Padrón
2023-01-15,6.174245581375488,9.488987484208335,3.800771177360921,7.098239942405044,3,11.825754418624513,0.0,2023,1,Open-Meteo (ERA5) + INE Padrón
2023-01-16,5.823174847340537,8.7006377445312,2.8382353440832597,4.848694701048247,3,12.176825152659463,0.0,2023,1,Open-Meteo (ERA5) + INE Padrón
2023-01-17,7.428422925997323,9.27662644110785,4.541633969912788,4.895554980478368,3,10.571577074002677,0.0,2023,1,Open-Meteo (ERA5) + INE Padrón
2023-01-18,4.259890977532503,6.701548203061707,2.504043102551759,3.5282859749808138,3,13.740109022467497,0.0,2023,1,Open-Meteo (ERA5) + INE Padrón
2023-01-19,4.234272947473758,7.428136695962316,2.0388421653022073,3.40105451479211,3,13.765727052526241,0.0,2023,1,Open-Meteo (ERA5) + INE Padrón
2023-01-20,7.022979625279245,10.17134801306814,4.66068316070687,7.497220391387662,3,10.977020374720755,0.0,2023,1,Open-Meteo (ERA5) + INE Padrón
2023-01-21,4.748814749846014,7.6098913218901005,2.16326553276597,4.458958887605583,3,13.251185250153986,0.0,2023,1,Open-Meteo (ERA5) + INE Padrón
2023-01-22,2.9459981801848834,7.0942045993778144,-0.5503044350733263,3.9110980599581673,3,15.054001819815117,0.0,2023,1,Open-Meteo (ERA5) + INE Padrón
2023-01-23,2.518917984810157,6.348473858781704,-0.9429869164774421,3.8197095251836743,3,15.481082015189843,0.0,2023,1,Open-Meteo (ERA5) + INE Padrón
2023-01-24,2.3662061629908786,5.067751525102406,0.25108033013333303,2.046042137432199,3,15.633793837009122,0.0,2023,1,Open-Meteo (ERA5) + INE Padrón
2023-01-25,3.4668250195078576,8.07652340931469,0.5325089699414844,5.666579412190764,3,14.533174980492142,0.0,2023,1,Open-Meteo (ERA5) + INE Padrón
2023-01-26,3.741928476008721,7.206151340113504,1.1103515845155705,4.20426507545908,3,14.25807152399128,0.0,2023,1,Open-Meteo (ERA5) + INE Padrón
2023-01-27,3.218921342296732,7.123147843965604,0.31288172326642927,3.9324466871306907,3,14.781078657703269,0.0,2023,1,Open-Meteo (ERA5) + INE Padrón
2023-01-28,3.5551453166104103,7.015032546384395,1.0312770535937503,3.7771447337277833,3,14.44485468338959,0.0,2023,1,Open-Meteo (ERA5) + INE Padrón
2023-01-29,2.590523542925437,5.892982732532634,-0.35977216268279366,3.0224857476129703,3,15.409476457074563,0.0,2023,1,Open-Meteo (ERA5) + INE Padrón
2023-01-30,2.4469177814096024,7.054038063452249,-0.727162990419742,4.714388913338278,3,15.553082218590397,0.0,2023,1,Open-Meteo (ERA5) + INE Padrón
2023-01-31,2.9013615095902443,8.185525519538047,-0.9343156478158431,6.265622092330537,3,15.098638490409755,0.0,2023,1,Open-Meteo (ERA5) + INE Padrón
2023-02-01,3.960370656187176,8.831688624054939,0.7595128728904941,6.705545437181484,3,14.039629343812823,0.0,2023,2,Open-Meteo (ERA5) + INE Padrón
2023-02-02,4.471939705509975,9.66543937045003,0.6423838315384268,7.869398874455714,3,13.528060294490025,0.0,2023,2,Open-Meteo (ERA5) + INE Padrón
2023-02-03,4.735304786318076,10.846852175547994,0.5095091940034946,8.740832402993892,3,13.264695213681925,0.0,2023,2,Open-Meteo (ERA5) + INE Padrón
2023-02-04,5.3549088405089424,12.488054762959152,0.5374853332359949,10.569936984855381,3,12.645091159491058,0.0,2023,2,Open-Meteo (ERA5) + INE Padrón
2023-02-05,5.945185898005412,11.460102923894446,1.9763880193859555,9.356727490549106,3,12.054814101994587,0.0,2023,2,Open-Meteo (ERA5) + INE Padrón
2023-02-06,4.758564707203066,7.525376382854022,1.9734152663364966,4.39905472691639,3,13.241435292796934,0.0,2023,2,Open-Meteo (ERA5) + INE Padrón
2023-02-07,4.423866237046128,6.953843759677882,2.180307778785598,4.344708245321271,3,13.576133762953873,0.0,2023,2,Open-Meteo (ERA5) + INE Padrón
2023-02-08,4.952628131444509,7.467092080303273,2.7947175085406424,4.730370606829254,3,13.04737186855549,0.0,2023,2,Open-Meteo (ERA5) + INE Padrón
2023-02-09,4.848356300837225,7.061892825814516,2.801193290903886,4.541009339666759,3,13.151643699162776,0.0,2023,2,Open-Meteo (ERA5) + INE Padrón
2023-02-10,4.2254671784738855,7.43565102066444,1.5711626798091891,5.067124857407258,3,13.774532821526115,0.0,2023,2,Open-Meteo (ERA5) + INE Padrón
2023-02-11,3.708103222108125,7.863031507342736,0.20342759204276845,5.047261588034905,3,14.291896777891875,0.0,2023,2,Open-Meteo (ERA5) + INE Padrón
2023-02-12,4.251179562514334,8.717778419430768,0.4773037982413429,6.455896257223188,3,13.748820437485666,0.0,2023,2,Open-Meteo (ERA5) + INE Padrón
2023-02-13,4.323958163306769,8.67145045371409,0.6182652205484147,6.626891636632944,3,13.67604183669323,0.0,2023,2,Open-Meteo (ERA5) + INE Padrón
2023-02-14,5.142355921355152,8.794400487197128,2.3184871934557365,6.573869927411714,3,12.857644078644848,0.0,2023,2,Open-Meteo (ERA5) + INE Padrón
2023-02-15,5.848534769901401,9.901469040989344,3.1572544495019095,7.779129174733242,3,12.151465230098598,0.0,2023,2,Open-Meteo (ERA5) + INE Padrón
2023-02-16,5.707206824846181,10.102826791342483,1.9321178715394645,7.8455664935007094,3,12.292793175153818,0.0,2023,2,Open-Meteo (ERA5) + INE Padrón
2023-02-17,5.782589618490809,11.43087344927165,1.4292080670588212,9.14364542577177,3,12.21741038150919,0.0,2023,2,Open-Meteo (ERA5) + INE Padrón
2023-02-18,6.352116593972778,11.404668897874327,2.5883854323421116,9.37261279260926,3,11.647883406027223,0.0,2023,2,Open-Meteo (ERA5) + INE Padrón
2023-02-19,7.600226862785206,13.104918993318773,2.9923000608135517,10.928384375164287,3,10.399773137214794,0.0,2023,2,Open-Meteo (ERA5) + INE Padrón
2023-02-20,7.9638143699047985,13.130631377359222,3.698684846681667,10.737918334218332,3,10.0361856300952,0.0,2023,2,Open-Meteo (ERA5) + INE Padrón
2023-02-21,7.59148732522991,11.6931598413843,3.574615978146608,10.579151460409093,3,10.40851267477009,0.0,2023,2,Open-Meteo (ERA5) + INE Padrón
2023-02-22,7.414056309813479,11.415534522193504,3.397757422800192,9.775368439672107,3,10.585943690186522,0.0,2023,2,Open-Meteo (ERA5) + INE Padrón
2023-02-23,6.100747996355319,8.213801950074117,3.535608423629635,6.769977108254779,3,11.89925200364468,0.0,2023,2,Open-Meteo (ERA5) + INE Padrón
2023-02-24,4.669958180065506,8.100670142841826,1.0868748331300477,5.947163423162456,3,13.330041819934493,0.0,2023,2,Open-Meteo (ERA5) + INE Padrón
2023-02-25,4.294494628824981,8.586155079837013,0.6274547416548955,6.027709250615883,3,13.705505371175018,0.0,2023,2,Open-Meteo (ERA5) + INE Padrón
2023-02-26,4.540434842147625,9.373686275765696,0.5162691689526272,6.341125325044875,3,13.459565157852374,0.0,2023,2,Open-Meteo (ERA5) + INE Padrón
2023-02-27,2.8559605028722865,5.549598932445534,0.0786919094559908,1.835878618079187,3,15.144039497127714,0.0,2023,2,Open-Meteo (ERA5) + INE Padrón
2023-02-28,3.498278102966136,8.226671184638345,-0.0064918810809243555,5.752714209365287,3,14.501721897033864,0.0,2023,2,Open-Meteo (ERA5) + INE Padrón
2023-03-01,2.7198810898780215,6.3930281992140845,-0.8160015399671758,3.4337067260155507,3,15.280118910121978,0.0,2023,3,Open-Meteo (ERA5) + INE Padrón
2023-03-02,3.542262020777619,7.723475150122695,-0.23020867840834242,5.610747572795474,3,14.457737979222381,0.0,2023,3,Open-Meteo (ERA5) + INE Padrón
2023-03-03,4.304407209057431,9.044103874780559,0.07434221385662831,6.884762101701655,3,13.69559279094257,0.0,2023,3,Open-Meteo (ERA5) + INE Padrón
2023-03-04,4.885904582642035,9.346788825228648,0.6650712923534019,7.439714486228795,3,13.114095417357966,0.0,2023,3,Open-Meteo (ERA5) + INE Padrón
2023-03-05,4.918883170257054,8.885349024790763,0.5028415355869472,6.80905089421633,3,13.081116829742946,0.0,2023,3,Open-Meteo (ERA5) + INE Padrón
2023-03-06,6.753479199768041,10.641645752681914,3.886186990307711,7.97561693959302,3,11.24652080023196,0.0,2023,3,Open-Meteo (ERA5) + INE Padrón
2023-03-07,8.338617925374034,12.190833137623432,5.67708736949134,9.148387729207286,3,9.661382074625966,0.0,2023,3,Open-Meteo (ERA5) + INE Padrón
2023-03-08,10.002356243903435,13.91111025595641,6.650340265481342,10.610015985079675,3,7.997643756096565,0.0,2023,3,Open-Meteo (ERA5) + INE Padrón
2023-03-09,10.737670213090777,13.761723648666177,8.802659881214996,10.543578666312207,3,7.262329786909223,0.0,2023,3,Open-Meteo (ERA5) + INE Padrón
2023-03-10,10.684047921262405,16.03965169836019,7.331677443911609,13.245178236048869,3,7.315952078737595,0.0,2023,3,Open-Meteo (ERA5) + INE Padrón
2023-03-11,11.907004204835836,16.546424236622336,8.569194257171304,14.121905648543585,3,6.092995795164164,0.0,2023,3,Open-Meteo (ERA5) + INE Padrón
2023-03-12,11.339957815046454,15.537571330806667,7.271169532525379,14.865463819839453,3,6.6600421849535465,0.0,2023,3,Open-Meteo (ERA5) + INE Padrón
2023-03-13,10.89767636102175,15.316416542525753,6.8241457750651575,12.830761337916503,3,7.10232363897825,0.0,2023,3,Open-Meteo (ERA5) + INE Padrón
2023-03-14,9.809151509767016,14.090492711441879,6.041943403910571,11.886062246768033,3,8.190848490232984,0.0,2023,3,Open-Meteo (ERA5) + INE Padrón
2023-03-15,8.758924084531067,13.412726831219093,4.020672630251539,11.676035265202412,3,9.241075915468933,0.0,2023,3,Open-Meteo (ERA5) + INE Padrón
2023-03-16,9.66696691205589,14.822960478996826,4.602129857479573,13.079681547276738,3,8.33303308794411,0.0,2023,3,Open-Meteo (ERA5) + INE Padrón
2023-03-17,9.361623561130475,11.83942400337746,6.97353441980451,9.04644792268575,3,8.638376438869525,0.0,2023,3,Open-Meteo (ERA5) + INE Padrón
2023-03-18,8.681375057765987,12.222094345028406,5.392989436027197,10.194087644059131,3,9.318624942234013,0.0,2023,3,Open-Meteo (ERA5) + INE Padrón
2023-03-19,8.890559447944266,12.69565627326566,4.868411446262883,11.038857781919251,3,9.109440552055734,0.0,2023,3,Open-Meteo (ERA5) + INE Padrón
2023-03-20,9.014422379157457,13.95141332966937,3.9484002580845408,12.322264601163884,3,8.985577620842543,0.0,2023,3,Open-Meteo (ERA5) + INE Padrón
2023-03-21,9.385550296067183,13.831587778932525,4.70934631859919,12.444561881863764,3,8.614449703932817,0.0,2023,3,Open-Meteo (ERA5) + INE Padrón
2023-03-22,9.654710283918247,14.406909661457455,4.6951121653045025,12.433464235134714,3,8.345289716081753,0.0,2023,3,Open-Meteo (ERA5) + INE Padrón
2023-03-23,10.392382362279344,14.558528733312716,5.743215541225688,12.49325998057364,3,7.607617637720656,0.0,2023,3,Open-Meteo (ERA5) + INE Padrón
2023-03-24,10.654926861889876,15.57696059998113,6.644751295760246,13.261389914500601,3,7.3450731381101235,0.0,2023,3,Open-Meteo (ERA5) + INE Padrón
2023-03-25,10.327456486400056,14.223764031711202,7.25651464885741,12.213889158635673,3,7.672543513599944,0.0,2023,3,Open-Meteo (ERA5) + INE Padrón
2023-03-26,11.514389992325418,16.411978743035082,6.77695911924346,13.336034457109918,3,6.485610007674582,0.0,2023,3,Open-Meteo (ERA5) + INE Padrón
2023-03-27,9.78234841321167,13.885002095989911,5.664001304426579,12.437960454891794,3,8.21765158678833,0.0,2023,3,Open-Meteo (ERA5) + INE Padrón
2023-03-28,9.758736030847095,14.439043620236014,4.893717161198612,12.584458676743948,3,8.241263969152905,0.0,2023,3,Open-Meteo (ERA5) + INE Padrón
2023-03-29,10.892581596106648,15.906414612975347,5.744660752669288,14.030587420111907,3,7.107418403893352,0.0,2023,3,Open-Meteo (ERA5) + INE Padrón
2023-03-30,11.878045768338705,16.703508671039092,7.30016016645787,14.320001247722361,3,6.121954231661295,0.0,2023,3,Open-Meteo (ERA5) + INE Padrón
2023-03-31,12.11636324170896,16.0002374747385,8.758810463741785,13.105255356080677,3,5.88363675829104,0.0,2023,3,Open-Meteo (ERA5) + INE Padrón
2023-04-01,11.003979924411212,14.718318050743157,8.140737119246674,11.727269287870785,3,6.996020075588788,0.0,2023,4,Open-Meteo (ERA5) + INE Padrón
2023-04-02,9.417055549701477,14.197463088883058,4.626108762592296,11.808501196183508,3,8.582944450298523,0.0,2023,4,Open-Meteo (ERA5) + INE Padrón
2023-04-03,8.845144379957745,13.246885629888586,3.9277304687831807,11.708074869999267,3,9.154855620042255,0.0,2023,4,Open-Meteo (ERA5) + INE Padrón
2023-04-04,9.230274427752283,13.353789775885188,4.920848671594654,10.726274312507275,3,8.769725572247717,0.0,2023,4,Open-Meteo (ERA5) + INE Padrón
2023-04-05,9.035378398493826,13.804470329805046,3.743946147522336,11.711892251885185,3,8.964621601506174,0.0,2023,4,Open-Meteo (ERA5) + INE Padrón
2023-04-06,9.920147243865097,14.524937539271114,4.70356547282479,12.73443180537276,3,8.079852756134903,0.0,2023,4,Open-Meteo (ERA5) + INE Padrón
2023-04-07,10.516205147135967,15.713290171552067,4.736177537691661,13.792840369362551,3,7.483794852864033,0.0,2023,4,Open-Meteo (ERA5) + INE Padrón
2023-04-08,11.176942842607687,15.841476713276615,5.426050353804474,14.3883940814571,3,6.823057157392313,0.0,2023,4,Open-Meteo (ERA5) + INE Padrón
2023-04-09,11.743865625237463,16.413321651575767,6.181773967346176,14.757476204316086,3,6.256134374762537,0.0,2023,4,Open-Meteo (ERA5) + INE Padrón
2023-04-10,12.248740931055707,16.560158273638944,7.1163477226599,15.210420513427994,3,5.751259068944293,0.0,2023,4,Open-Meteo (ERA5) + INE Padrón
2023-04-11,11.983916577535442,16.34546520645271,7.344468423211814,14.678221821160406,3,6.016083422464558,0.0,2023,4,Open-Meteo (ERA5) + INE Padrón
2023-04-12,12.140756058914533,17.519551488003614,7.218627966841577,14.836057661072692,3,5.859243941085467,0.0,2023,4,Open-Meteo (ERA5) + INE Padrón
2023-04-13,9.403940231458812,13.48044673855476,6.3860341644059595,10.609171356243216,3,8.596059768541188,0.0,2023,4,Open-Meteo (ERA5) + INE Padrón
2023-04-14,10.764801723486817,15.363809135669317,6.67099599351414,12.816146600605105,3,7.235198276513183,0.0,2023,4,Open-Meteo (ERA5) + INE Padrón
2023-04-15,11.597161466063444,16.80744210143535,7.56770711445092,15.466704023726699,3,6.402838533936556,0.0,2023,4,Open-Meteo (ERA5) + INE Padrón
2023-04-16,11.31071631660421,15.601683868476519,6.949262041668646,13.550717537925824,3,6.689283683395789,0.0,2023,4,Open-Meteo (ERA5) + INE Padrón
2023-04-17,10.991398957331109,15.392853977226942,5.9924408227208055,13.898611619038567,3,7.008601042668891,0.0,2023,4,Open-Meteo (ERA5) + INE Padrón
2023-04-18,10.693622101283832,14.480054784998039,6.430304312252449,13.141142502749695,3,7.306377898716168,0.0,2023,4,Open-Meteo (ERA5) + INE Padrón
2023-04-19,11.16674403234023,15.426871107180844,6.587952351009668,14.213226821232723,3,6.83325596765977,0.0,2023,4,Open-Meteo (ERA5) + INE Padrón
2023-04-20,12.462327187009361,17.37712284406317,7.114029759842715,15.401945976261825,3,5.537672812990639,0.0,2023,4,Open-Meteo (ERA5) + INE Padrón
2023-04-21,12.681095743579395,16.49729021562984,8.394057156933169,14.641518168192055,3,5.3189042564206055,0.0,2023,4,Open-Meteo (ERA5) + INE Padrón
2023-04-22,11.462747263103209,14.689237137727199,8.525540790649636,13.415835215247604,3,6.537252736896791,0.0,2023,4,Open-Meteo (ERA5) + INE Padrón
2023-04-23,11.74299083641476,16.428286812917634,7.551252520410649,15.032249209527135,3,6.25700916358524,0.0,2023,4,Open-Meteo (ERA5) + INE Padrón
2023-04-24,12.427082806753173,16.519471447819377,7.910218163164435,15.688556916686354,3,5.572917193246827,0.0,2023,4,Open-Meteo (ERA5) + INE Padrón
2023-04-25,13.637018126065643,18.618671832260198,9.159433205760322,17.49471072469597,3,4.362981873934357,0.0,2023,4,Open-Meteo (ERA5) + INE Padrón
2023-04-26,13.81933115079488,17.88780711819294,9.124202886772697,16.645612195493186,3,4.180668849205119,0.0,2023,4,Open-Meteo (ERA5) + INE Padrón
2023-04-27,14.40426532224869,19.1183038115565,9.363355002609083,18.036361120466157,3,3.5957346777513095,0.0,2023,4,Open-Meteo (ERA5) + INE Padrón
2023-04-28,14.98696182359846,19.444343036871285,10.219315103730839,18.18492918400794,3,3.0130381764015404,0.0,2023,4,Open-Meteo (ERA5) + INE Padrón
2023-04-29,14.735579164712437,18.616391978350467,11.217407632387705,17.81693053067572,3,3.264420835287563,0.0,2023,4,Open-Meteo (ERA5) + INE Padrón
2023-04-30,13.522453131209199,16.970750546897257,10.203553408830292,16.643252048870313,3,4.477546868790801,0.0,2023,4,Open-Meteo (ERA5) + INE Padrón
2023-05-01,13.109701443110863,16.551565260241368,9.030127828983751,16.491781538621886,3,4.890298556889137,0.0,2023,5,Open-Meteo (ERA5) + INE Padrón
2023-05-02,13.584528730557857,17.834471056399575,8.85737492300738,17.182146522091575,3,4.415471269442143,0.0,2023,5,Open-Meteo (ERA5) + INE Padrón
2023-05-03,14.213799281302737,19.15770397390963,9.377983801189044,17.206931947133302,3,3.7862007186972626,0.0,2023,5,Open-Meteo (ERA5) + INE Padrón
2023-05-04,13.632001616414563,16.644098715155888,9.837690122699204,14.827033930931508,3,4.367998383585437,0.0,2023,5,Open-Meteo (ERA5) + INE Padrón
2023-05-05,13.31531453508166,17.38609440402834,8.464051712639552,16.479496787947117,3,4.68468546491834,0.0,2023,5,Open-Meteo (ERA5) + INE Padrón
2023-05-06,13.478170959543263,17.458094607428897,8.539514798997324,16.441009523324144,3,4.521829040456737,0.0,2023,5,Open-Meteo (ERA5) + INE Padrón
2023-05-07,14.010982258237435,17.707417410995614,10.258334682067257,17.593819521494456,3,3.9890177417625647,0.0,2023,5,Open-Meteo (ERA5) + INE Padrón
2023-05-08,14.514152207665077,19.097428084933277,9.867669872176755,18.26332283960948,3,3.4858477923349227,0.0,2023,5,Open-Meteo (ERA5) + INE Padrón
2023-05-09,15.085751062285794,18.388330690962704,11.184495276217262,17.962109185693,3,2.9142489377142056,0.0,2023,5,Open-Meteo (ERA5) + INE Padrón
2023-05-10,13.137637435986793,16.238927583204255,10.076253679747893,15.359913498519377,3,4.862362564013207,0.0,2023,5,Open-Meteo (ERA5) + INE Padrón
2023-05-11,11.833655181422506,14.90315180752155,8.563181388987031,13.264731227747326,3,6.166344818577494,0.0,2023,5,Open-Meteo (ERA5) + INE Padrón
2023-05-12,10.418693291477815,13.304677765082461,7.634090225593253,12.031822217584875,3,7.581306708522185,0.0,2023,5,Open-Meteo (ERA5) + INE Padrón
2023-05-13,10.403792324131409,13.870647503625511,6.436998055757005,12.7460737896347,3,7.596207675868591,0.0,2023,5,Open-Meteo (ERA5) + INE Padrón
2023-05-14,11.278362359235224,14.80029706582074,7.268444900603475,13.708621646731805,3,6.721637640764776,0.0,2023,5,Open-Meteo (ERA5) + INE Padrón
2023-05-15,11.755233403283839,15.48688481376108,7.665216932659954,14.491628500366282,3,6.244766596716161,0.0,2023,5,Open-Meteo (ERA5) + INE Padrón
2023-05-16,11.830124029571593,15.919241663733889,7.5693843483043945,14.408939356790514,3,6.169875970428407,0.0,2023,5,Open-Meteo (ERA5) + INE Padrón
2023-05-17,11.539655560904578,15.839116566653743,7.0511074942084795,13.63136088745085,3,6.460344439095422,0.0,2023,5,Open-Meteo (ERA5) + INE Padrón
2023-05-18,11.199382182295107,15.106200852996725,7.3007707354353375,12.938391711128972,3,6.800617817704893,0.0,2023,5,Open-Meteo (ERA5) + INE Padrón
2023-05-19,11.052259330196925,14.840137225354727,7.364563714994041,12.924921893957602,3,6.947740669803075,0.0,2023,5,Open-Meteo (ERA5) + INE Padrón
2023-05-20,11.179544998010762,14.907719464262225,7.222649248600243,14.121673626133711,3,6.820455001989238,0.0,2023,5,Open-Meteo (ERA5) + INE Padrón
2023-05-21,11.509647688889899,14.75192534350244,8.304386002368721,13.892774528189916,3,6.490352311110101,0.0,2023,5,Open-Meteo (ERA5) + INE Padrón
2023-05-22,12.46925295292379,15.430033698834487,9.499406293066222,14.352306203005233,3,5.5307470470762095,0.0,2023,5,Open-Meteo (ERA5) + INE Padrón
2023-05-23,12.088732745675614,15.732598210212867,9.72231860791375,14.481623603601246,3,5.911267254324386,0.0,2023,5,Open-Meteo (ERA5) + INE Padrón
2023-05-24,12.498674303599891,15.853336658679865,9.580990662858532,15.698579042809849,3,5.501325696400109,0.0,2023,5,Open-Meteo (ERA5) + INE Padrón
2023-05-25,12.114158899681057,15.674582908338664,9.646515083895842,15.634049849664951,3,5.8858411003189435,0.0,2023,5,Open-Meteo (ERA5) + INE Padrón
2023-05-26,11.663424138136065,13.863831283602128,9.688261331603279,14.271034148335938,3,6.336575861863935,0.0,2023,5,Open-Meteo (ERA5) + INE Padrón
2023-05-27,12.141454163593274,15.477764692189075,9.29080842422652,15.799932327992806,3,5.858545836406726,0.0,2023,5,Open-Meteo (ERA5) + INE Padrón
2023-05-28,12.135619110193742,14.824827551454486,9.717070075852796,15.068395594334813,3,5.864380889806258,0.0,2023,5,Open-Meteo (ERA5) + INE Padrón
2023-05-29,12.18637706422292,15.680922152914517,9.30367765879075,16.568321276225987,3,5.8136229357770794,0.0,2023,5,Open-Meteo (ERA5) + INE Padrón
2023-05-30,12.211954947925095,15.359218561930534,9.215085192921752,16.396058500157373,3,5.788045052074905,0.0,2023,5,Open-Meteo (ERA5) + INE Padrón
2023-05-31,12.879426533257941,16.23242367830389,9.729232350008736,16.982066154767622,3,5.120573466742059,0.0,2023,5,Open-Meteo (ERA5) + INE Padrón
2023-06-01,12.68511702533806,15.674174201784828,9.908094515600204,17.05679619562909,3,5.3148829746619395,0.0,2023,6,Open-Meteo (ERA5) + INE Padrón
2023-06-02,12.343384374016427,15.578914077499284,9.906157136799727,16.92225634806013,3,5.656615625983573,0.0,2023,6,Open-Meteo (ERA5) + INE Padrón
2023-06-03,12.804303884560314,16.042491988520496,9.737425512582021,16.66888414019762,3,5.195696115439686,0.0,2023,6,Open-Meteo (ERA5) + INE Padrón
2023-06-04,13.285865061868435,16.456729034419002,10.101299249736623,17.751385230089415,3,4.714134938131565,0.0,2023,6,Open-Meteo (ERA5) + INE Padrón
2023-06-05,13.83063269739668,17.59549675534793,10.377493418752383,19.13783866708816,3,4.16936730260332,0.0,2023,6,Open-Meteo (ERA5) + INE Padrón
2023-06-06,14.662365772278157,18.386450687877257,10.76814416737432,19.246240194704377,3,3.3376342277218427,0.0,2023,6,Open-Meteo (ERA5) + INE Padrón
2023-06-07,13.5844464003956,15.16196442349832,12.115644257481225,15.555831971399035,3,4.415553599604401,0.0,2023,6,Open-Meteo (ERA5) + INE Padrón
2023-06-08,13.603642855716233,15.863493285141633,11.635680021313439,16.08023010892949,3,4.396357144283767,0.0,2023,6,Open-Meteo (ERA5) + INE Padrón
2023-06-09,14.598624962895467,17.76256113208249,11.89236338243643,17.458076471262096,3,3.4013750371045326,0.0,2023,6,Open-Meteo (ERA5) + INE Padrón
2023-06-10,15.056313612892012,18.352445581742803,12.171296244642656,19.070280475819555,3,2.943686387107988,0.0,2023,6,Open-Meteo (ERA5) + INE Padrón
2023-06-11,15.436999611105488,18.841833398876062,12.345988566868622,19.36103517452158,3,2.563000388894512,0.0,2023,6,Open-Meteo (ERA5) + INE Padrón
2023-06-12,14.818786560733088,17.653180475291542,11.86906331519487,18.916123442556675,3,3.1812134392669122,0.0,2023,6,Open-Meteo (ERA5) + INE Padrón
2023-06-13,14.403416618513996,17.642489497667206,11.604539252978176,17.94751849602049,3,3.5965833814860044,0.0,2023,6,Open-Meteo (ERA5) + INE Padrón
2023-06-14,15.108150255616644,18.74691371225066,10.993074153735463,19.00967821045162,3,2.8918497443833555,0.0,2023,6,Open-Meteo (ERA5) + INE Padrón
2023-06-15,16.582855720824245,20.908561424327303,12.03866769078616,21.139286317731408,3,1.417144279175755,0.0,2023,6,Open-Meteo (ERA5) + INE Padrón
2023-06-16,17.41257112419211,21.824783353156853,12.473056273541147,22.186365212582274,3,0.5874288758078912,0.0,2023,6,Open-Meteo (ERA5) + INE Padrón
2023-06-17,18.24782128965593,22.64285473481366,13.559128661640422,22.52635236115674,3,0.0,0.2478212896559313,2023,6,Open-Meteo (ERA5) + INE Padrón
2023-06-18,16.468304787236363,20.398016856074822,13.700674567836954,20.864416921089536,3,1.531695212763637,0.0,2023,6,Open-Meteo (ERA5) + INE Padrón
2023-06-19,16.723516851827746,20.9912104215465,12.913743954515411,20.425486766681885,3,1.2764831481722538,0.0,2023,6,Open-Meteo (ERA5) + INE Padrón
2023-06-20,16.513513917901015,19.540171546328608,13.155048242203687,19.92818997956123,3,1.4864860820989847,0.0,2023,6,Open-Meteo (ERA5) + INE Padrón
2023-06-21,16.23291584566076,20.251492549134664,13.222003813416034,20.934749877006944,3,1.7670841543392406,0.0,2023,6,Open-Meteo (ERA5) + INE Padrón
2023-06-22,16.287136682647155,20.20465835479255,12.720018930484992,20.872361962535273,3,1.712863317352845,0.0,2023,6,Open-Meteo (ERA5) + INE Padrón
2023-06-23,17.57338175460297,21.73767624508802,13.285224332904722,22.538895219329387,3,0.4266182453970302,0.0,2023,6,Open-Meteo (ERA5) + INE Padrón
2023-06-24,18.489071369719074,22.775197058635143,13.649098070059322,23.57367733968604,3,0.0,0.48907136971907406,2023,6,Open-Meteo (ERA5) + INE Padrón
2023-06-25,19.808500966611778,24.31369550340145,14.652767544617841,24.69737830230327,3,0.0,1.8085009666117777,2023,6,Open-Meteo (ERA5) + INE Padrón
2023-06-26,19.960259744344327,24.186369689231043,15.268362340869485,24.683089941383447,3,0.0,1.9602597443443273,2023,6,Open-Meteo (ERA5) + INE Padrón
2023-06-27,19.45481197845607,23.005869781863236,15.316707978099775,23.76422367334514,3,0.0,1.4548119784560711,2023,6,Open-Meteo (ERA5) + INE Padrón
2023-06-28,19.272418661013692,22.828112390055225,15.43498193959187,23.661588930234757,3,0.0,1.2724186610136918,2023,6,Open-Meteo (ERA5) + INE Padrón
2023-06-29,18.81126712805993,22.79641322291851,15.028311388571506,22.678969828994312,3,0.0,0.8112671280599315,2023,6,Open-Meteo (ERA5) + INE Padrón
2023-06-30,16.411926572859066,19.857553564250356,13.046739031120055,20.00025845185548,3,1.5880734271409338,0.0,2023,6,Open-Meteo (ERA5) + INE Padrón
2023-07-01,17.105862854536234,21.344461449970467,12.943259659173215,21.771827875380197,3,0.8941371454637661,0.0,2023,7,Open-Meteo (ERA5) + INE Padrón
2023-07-02,18.24206652896954,22.35193424514634,14.48179825029609,23.33478536879666,3,0.0,0.2420665289695414,2023,7,Open-Meteo (ERA5) + INE Padrón
2023-07-03,18.820333042006805,22.58143392569727,14.76266849130279,22.92552264874354,3,0.0,0.8203330420068049,2023,7,Open-Meteo (ERA5) + INE Padrón
2023-07-04,18.499310326343107,21.699950148498473,14.819753666088376,22.11391298818142,3,0.0,0.4993103263431067,2023,7,Open-Meteo (ERA5) + INE Padrón
2023-07-05,17.81846327782059,21.158319019535867,13.62004324213137,20.892934229765032,3,0.18153672217940908,0.0,2023,7,Open-Meteo (ERA5) + INE Padrón
2023-07-06,18.332064059925568,21.712644736367857,14.739068132757659,21.86238380513768,3,0.0,0.33206405992556753,2023,7,Open-Meteo (ERA5) + INE Padrón
2023-07-07,18.133064418746184,22.343686874947917,14.264500990257666,22.17331612578419,3,0.0,0.13306441874618358,2023,7,Open-Meteo (ERA5) + INE Padrón
2023-07-08,18.392612117668367,22.185684337261996,13.928577307247556,22.339226726649166,3,0.0,0.39261211766836723,2023,7,Open-Meteo (ERA5) + INE Padrón
2023-07-09,18.628899895705565,22.821430670370116,13.842042659248744,23.11915128134314,3,0.0,0.6288998957055654,2023,7,Open-Meteo (ERA5) + INE Padrón
2023-07-10,19.836150729452697,24.32558560879094,14.92223984759192,25.25985703535198,3,0.0,1.8361507294526973,2023,7,Open-Meteo (ERA5) + INE Padrón
2023-07-11,20.45875362178103,24.174439437484978,15.703023092390914,24.786747128115028,3,0.0,2.4587536217810317,2023,7,Open-Meteo (ERA5) + INE Padrón
2023-07-12,19.102594286831973,22.185206231173684,15.541597818104346,22.114116888054166,3,0.0,1.1025942868319731,2023,7,Open-Meteo (ERA5) + INE Padrón
2023-07-13,19.174254052572387,22.854056796505553,15.3545685750276,23.353435449135283,3,0.0,1.1742540525723868,2023,7,Open-Meteo (ERA5) + INE Padrón
2023-07-14,19.795944047170565,23.589903079406334,15.44287481086159,23.36972742030016,3,0.0,1.7959440471705648,2023,7,Open-Meteo (ERA5) + INE Padrón
2023-07-15,18.817986956652497,21.97659430106542,15.318193335899945,22.107981543351066,3,0.0,0.8179869566524971,2023,7,Open-Meteo (ERA5) + INE Padrón
2023-07-16,18.528090948055493,22.12167339656198,14.722719916518535,22.4503288385484,3,0.0,0.5280909480554925,2023,7,Open-Meteo (ERA5) + INE Padrón
2023-07-17,19.714399823734823,23.831195343275166,14.878296076137007,24.873896419989542,3,0.0,1.7143998237348228,2023,7,Open-Meteo (ERA5) + INE Padrón
2023-07-18,21.12643114443574,25.343693136516894,16.384470723520565,25.405206262165866,3,0.0,3.1264311444357418,2023,7,Open-Meteo (ERA5) + INE Padrón
2023-07-19,21.22610719576523,24.946987335904996,17.325177786088275,24.696369013142295,3,0.0,3.2261071957652305,2023,7,Open-Meteo (ERA5) + INE Padrón
2023-07-20,19.973987669013578,23.10697698336776,16.221952699269984,22.50712574584986,3,0.0,1.973987669013578,2023,7,Open-Meteo (ERA5) + INE Padrón
2023-07-21,18.730267242157083,21.8131654165338,15.429118763655213,21.8909584895282,3,0.0,0.7302672421570833,2023,7,Open-Meteo (ERA5) + INE Padrón
2023-07-22,18.323882921171723,21.707994749464927,14.60185582344281,21.731933508221076,3,0.0,0.3238829211717231,2023,7,Open-Meteo (ERA5) + INE Padrón
2023-07-23,19.254393210921094,23.095306876568692,15.347694979289185,23.341477074852094,3,0.0,1.2543932109210942,2023,7,Open-Meteo (ERA5) + INE Padrón
2023-07-24,19.068262804305938,22.742623102675722,15.272151600218278,23.039757192310173,3,0.0,1.0682628043059381,2023,7,Open-Meteo (ERA5) + INE Padrón
2023-07-25,17.87377482732188,22.092702029437064,13.784697339516159,21.30794967305542,3,0.12622517267811872,0.0,2023,7,Open-Meteo (ERA5) + INE Padrón
2023-07-26,17.783218897564403,21.175824179734462,13.850141467840329,21.43218116446588,3,0.216781102435597,0.0,2023,7,Open-Meteo (ERA5) + INE Padrón
2023-07-27,18.795273410749513,22.5024657725766,14.975109827116416,22.300001210990885,3,0.0,0.7952734107495125,2023,7,Open-Meteo (ERA5) + INE Padrón
2023-07-28,18.7326394125994,22.31539638314328,14.268890832213597,22.820596027903985,3,0.0,0.7326394125994007,2023,7,Open-Meteo (ERA5) + INE Padrón
2023-07-29,19.393649276837568,23.54572728554155,14.571235345001547,23.76363511455744,3,0.0,1.393649276837568,2023,7,Open-Meteo (ERA5) + INE Padrón
2023-07-30,19.74643942853168,23.355495304454585,15.763284920098707,23.834736481496407,3,0.0,1.74643942853168,2023,7,Open-Meteo (ERA5) + INE Padrón
2023-07-31,20.005168583705412,23.680621632039212,16.036668958940407,24.00256926925252,3,0.0,2.0051685837054123,2023,7,Open-Meteo (ERA5) + INE Padrón
2023-08-01,19.943107045625315,24.193335601502042,15.60573123532319,24.197110799582273,3,0.0,1.9431070456253146,2023,8,Open-Meteo (ERA5) + INE Padrón
2023-08-02,20.092287715593685,24.09521113941731,15.388980350266774,24.277235896662418,3,0.0,2.0922877155936845,2023,8,Open-Meteo (ERA5) + INE Padrón
2023-08-03,18.607657646334186,21.711566047672406,15.986809841372821,22.988348522946957,3,0.0,0.6076576463341858,2023,8,Open-Meteo (ERA5) + INE Padrón
2023-08-04,16.31492094582635,19.96705986565003,12.446903892319838,19.05256937829909,3,1.6850790541736487,0.0,2023,8,Open-Meteo (ERA5) + INE Padrón
2023-08-05,16.953763639143542,21.95683944694333,11.92242546207624,21.236086007442253,3,1.046236360856458,0.0,2023,8,Open-Meteo (ERA5) + INE Padrón
2023-08-06,18.429968523419873,22.804700739473503,13.746430073483616,22.86238445941711,3,0.0,0.42996852341987335,2023,8,Open-Meteo (ERA5) + INE Padrón
2023-08-07,18.35040182514118,22.809828832464746,13.697524000002755,22.55965936261245,3,0.0,0.35040182514118,2023,8,Open-Meteo (ERA5) + INE Padrón
2023-08-08,19.562368877235826,23.807649192355168,15.345651222687565,24.371407345882183,3,0.0,1.5623688772358264,2023,8,Open-Meteo (ERA5) + INE Padrón
2023-08-09,20.446224824876943,24.77685268404938,15.585103629827522,25.460888409313544,3,0.0,2.4462248248769427,2023,8,Open-Meteo (ERA5) + INE Padrón
2023-08-10,20.878920075060773,25.92876862658941,16.503643521474256,25.943913640165135,3,0.0,2.8789200750607726,2023,8,Open-Meteo (ERA5) + INE Padrón
2023-08-11,20.145543484673905,24.66899549396605,15.59560069394943,24.951909491574373,3,0.0,2.1455434846739045,2023,8,Open-Meteo (ERA5) + INE Padrón
2023-08-12,20.01358174486913,23.626987316391396,15.938111742662946,24.505332549575442,3,0.0,2.0135817448691284,2023,8,Open-Meteo (ERA5) + INE Padrón
2023-08-13,19.95007499534543,23.54162571106974,16.455555991741846,24.260305233982955,3,0.0,1.9500749953454317,2023,8,Open-Meteo (ERA5) + INE Padrón
2023-08-14,19.347295226032884,22.717404923441272,15.443461332200169,22.937630715274352,3,0.0,1.3472952260328839,2023,8,Open-Meteo (ERA5) + INE Padrón
2023-08-15,19.259901887929047,23.034664464844187,14.934276477139132,23.441959646110583,3,0.0,1.259901887929047,2023,8,Open-Meteo (ERA5) + INE Padrón
2023-08-16,19.337396707068997,22.794939888937787,15.295165437424828,23.36098788274486,3,0.0,1.3373967070689972,2023,8,Open-Meteo (ERA5) + INE Padrón
2023-08-17,19.326299060339945,23.196347846628637,14.982501675299712,23.437037490441206,3,0.0,1.3262990603399452,2023,8,Open-Meteo (ERA5) + INE Padrón
2023-08-18,19.027131200474205,22.387056148883694,15.106705044173045,22.518729621204347,3,0.0,1.027131200474205,2023,8,Open-Meteo (ERA5) + INE Padrón
2023-08-19,19.277953423109654,23.291075657200736,15.105165478747741,24.066007749882516,3,0.0,1.277953423109654,2023,8,Open-Meteo (ERA5) + INE Padrón
2023-08-20,20.372424911104083,24.66575057215015,15.61384410518334,25.336124604189635,3,0.0,2.3724249111040834,2023,8,Open-Meteo (ERA5) + INE Padrón
2023-08-21,21.361505733439213,25.62576250528876,16.692596082082915,26.50172354421104,3,0.0,3.3615057334392127,2023,8,Open-Meteo (ERA5) + INE Padrón
2023-08-22,21.44542212731727,25.508075065135237,16.893913686079483,25.456184214785477,3,0.0,3.4454221273172685,2023,8,Open-Meteo (ERA5) + INE Padrón
2023-08-23,21.582346169147993,25.94160292033608,16.973426176733042,25.852902039216822,3,0.0,3.5823461691479928,2023,8,Open-Meteo (ERA5) + INE Padrón
2023-08-24,21.425038568050915,26.036562753318055,16.5941452436066,26.182418208757383,3,0.0,3.4250385680509154,2023,8,Open-Meteo (ERA5) + INE Padrón
2023-08-25,20.91641414924045,24.725028065144194,16.07881302002302,24.178718826741527,3,0.0,2.916414149240449,2023,8,Open-Meteo (ERA5) + INE Padrón
2023-08-26,19.3301023809573,21.812879186498794,16.634051634585166,21.157920299352355,3,0.0,1.3301023809572996,2023,8,Open-Meteo (ERA5) + INE Padrón
2023-08-27,15.28155795182529,18.028464174298204,12.232444884992598,17.388886398035602,3,2.71844204817471,0.0,2023,8,Open-Meteo (ERA5) + INE Padrón
2023-08-28,15.395141780057884,20.57241570527765,10.646393261656447,19.666378525446994,3,2.604858219942116,0.0,2023,8,Open-Meteo (ERA5) + INE Padrón
2023-08-29,15.498609128185278,19.107882965249498,11.718612080477747,18.9080507190531,3,2.5013908718147224,0.0,2023,8,Open-Meteo (ERA5) + INE Padrón
2023-08-30,15.524527449547595,18.94045888404722,11.702497924097617,18.198082611158057,3,2.4754725504524053,0.0,2023,8,Open-Meteo (ERA5) + INE Padrón
2023-08-31,16.332087705813926,20.56861442210941,11.837077918023148,20.469236624634377,3,1.667912294186074,0.0,2023,8,Open-Meteo (ERA5) + INE Padrón
2023-09-01,17.168496852686346,21.083660415657988,12.499913577721625,20.759664946944827,3,0.8315031473136543,0.0,2023,9,Open-Meteo (ERA5) + INE Padrón
2023-09-02,14.834259988149508,16.578738047634758,13.255829067316629,17.155285143012858,3,3.1657400118504917,0.0,2023,9,Open-Meteo (ERA5) + INE Padrón
2023-09-03,14.416723812809966,16.719084826066126,12.83656145049848,17.05044085233556,3,3.583276187190034,0.0,2023,9,Open-Meteo (ERA5) + INE Padrón
2023-09-04,15.594891696092024,18.2709848191101,14.194218167067154,18.887260490682028,3,2.4051083039079764,0.0,2023,9,Open-Meteo (ERA5) + INE Padrón
2023-09-05,15.752539734849242,18.851417565267816,12.925466231490493,19.94103312903745,3,2.2474602651507585,0.0,2023,9,Open-Meteo (ERA5) + INE Padrón
2023-09-06,15.84255132707383,18.98369365764473,13.337959812090947,20.14207856426757,3,2.1574486729261704,0.0,2023,9,Open-Meteo (ERA5) + INE Padrón
2023-09-07,16.037501563957424,19.114224247274468,13.100621467895426,20.68077912398641,3,1.9624984360425763,0.0,2023,9,Open-Meteo (ERA5) + INE Padrón
2023-09-08,15.853663035071444,19.126726959090547,12.656648718748686,20.197392151217983,3,2.1463369649285564,0.0,2023,9,Open-Meteo (ERA5) + INE Padrón
2023-09-09,15.47289674414483,18.57031530185124,12.666547237712575,19.185609806799317,3,2.5271032558551703,0.0,2023,9,Open-Meteo (ERA5) + INE Padrón
2023-09-10,15.312644512535421,18.98340742760972,12.408676772643865,20.08759758233418,3,2.687355487464579,0.0,2023,9,Open-Meteo (ERA5) + INE Padrón
2023-09-11,15.0705477661867,18.09370236530051,12.28050429218788,18.776292879121073,3,2.9294522338133007,0.0,2023,9,Open-Meteo (ERA5) + INE Padrón
2023-09-12,14.880001432527607,18.443001511500285,11.91629011737314,19.300378701528512,3,3.1199985674723933,0.0,2023,9,Open-Meteo (ERA5) + INE Padrón
2023-09-13,15.070848057490272,18.54435683413236,11.873493303507374,19.05182227153423,3,2.929151942509728,0.0,2023,9,Open-Meteo (ERA5) + INE Padrón
2023-09-14,15.120066446094146,18.435108640230563,11.91195448304234,19.595485133279016,3,2.879933553905854,0.0,2023,9,Open-Meteo (ERA5) + INE Padrón
2023-09-15,14.357975465439466,17.302436117648167,12.384203662725149,18.343365606527367,3,3.6420245345605338,0.0,2023,9,Open-Meteo (ERA5) + INE Padrón
2023-09-16,14.14497369337527,16.85694988816413,11.602561727821133,17.561355111426085,3,3.8550263066247297,0.0,2023,9,Open-Meteo (ERA5) + INE Padrón
2023-09-17,14.029876384805382,16.404209478924972,12.051196487690248,16.967939509914856,3,3.970123615194618,0.0,2023,9,Open-Meteo (ERA5) + INE Padrón
2023-09-18,13.962552253395767,16.856335244288427,11.533437886039216,16.135841949734353,3,4.037447746604233,0.0,2023,9,Open-Meteo (ERA5) + INE Padrón
2023-09-19,13.47807456811244,16.870079267675358,10.68419965095914,17.528771169096338,3,4.52192543188756,0.0,2023,9,Open-Meteo (ERA5) + INE Padrón
2023-09-20,13.604009378464381,17.383308321493175,10.423426739183785,16.834915180132313,3,4.395990621535619,0.0,2023,9,Open-Meteo (ERA5) + INE Padrón
2023-09-21,13.257586593883245,16.217792842274807,10.832876129751188,15.042189005488371,3,4.742413406116755,0.0,2023,9,Open-Meteo (ERA5) + INE Padrón
2023-09-22,12.959577715426095,16.383567812160734,9.701334466040258,15.000645527012903,3,5.040422284573905,0.0,2023,9,Open-Meteo (ERA5) + INE Padrón
2023-09-23,11.973129208480287,15.66578712570912,8.017692731781935,15.34240630087166,3,6.026870791519713,0.0,2023,9,Open-Meteo (ERA5) + INE Padrón
2023-09-24,13.044340775589731,17.541668526197693,8.988095351241306,17.61717175891203,3,4.955659224410269,0.0,2023,9,Open-Meteo (ERA5) + INE Padrón
2023-09-25,13.867348374184475,18.355610210845565,9.377887409758223,18.4532143830363,3,4.132651625815525,0.0,2023,9,Open-Meteo (ERA5) + INE Padrón
2023-09-26,14.246955683702495,18.66732092888396,9.8117296175312,18.962465469541915,3,3.7530443162975047,0.0,2023,9,Open-Meteo (ERA5) + INE Padrón
2023-09-27,14.625389950543362,19.228640680524077,10.352814371511801,19.543035884127804,3,3.3746100494566384,0.0,2023,9,Open-Meteo (ERA5) + INE Padrón
2023-09-28,14.905647585123475,19.54508167817854,10.263036839146205,19.80201112297997,3,3.094352414876525,0.0,2023,9,Open-Meteo (ERA5) + INE Padrón
2023-09-29,15.583263773098647,20.077074433124263,11.515388388307729,20.73839661248544,3,2.416736226901353,0.0,2023,9,Open-Meteo (ERA5) + INE Padrón
2023-09-30,15.804104208807429,20.689218370238137,11.164303593004213,21.027419869708858,3,2.195895791192571,0.0,2023,9,Open-Meteo (ERA5) + INE Padrón
2023-10-01,15.95445792145295,21.10500904283051,11.089699196751468,20.772588389134185,3,2.045542078547051,0.0,2023,10,Open-Meteo (ERA5) + INE Padrón
2023-10-02,15.38840789019676,19.853123575937854,11.046642237938702,20.23857796267485,3,2.61159210980324,0.0,2023,10,Open-Meteo (ERA5) + INE Padrón
2023-10-03,15.19989328931984,19.62871184202159,11.117729543609101,20.11753922290428,3,2.8001067106801596,0.0,2023,10,Open-Meteo (ERA5) + INE Padrón
2023-10-04,15.575382925648375,19.651371180299442,11.954124629212956,19.94598340724395,3,2.424617074351625,0.0,2023,10,Open-Meteo (ERA5) + INE Padrón
2023-10-05,15.531727421677585,19.92063958340077,11.183594402306554,20.35006382668069,3,2.4682725783224146,0.0,2023,10,Open-Meteo (ERA5) + INE Padrón
2023-10-06,15.294280662231799,20.2056134363284,10.747448292984952,20.489606122632168,3,2.705719337768201,0.0,2023,10,Open-Meteo (ERA5) + INE Padrón
2023-10-07,15.111014593415838,19.601934830554253,11.071647661570863,19.86527178882523,3,2.888985406584162,0.0,2023,10,Open-Meteo (ERA5) + INE Padrón
2023-10-08,14.914387122678772,19.81400964361973,10.574979579594471,19.99373049931622,3,3.0856128773212284,0.0,2023,10,Open-Meteo (ERA5) + INE Padrón
2023-10-09,14.67925832605017,19.301799865333223,10.680384306522338,18.99267927887846,3,3.320741673949829,0.0,2023,10,Open-Meteo (ERA5) + INE Padrón
2023-10-10,14.061331505712777,18.801846715184357,9.56989301612948,18.551883182653928,3,3.9386684942872225,0.0,2023,10,Open-Meteo (ERA5) + INE Padrón
2023-10-11,13.622907579930564,18.3482757383773,9.078147089822465,18.138504826860444,3,4.377092420069436,0.0,2023,10,Open-Meteo (ERA5) + INE Padrón
2023-10-12,13.862386072158527,18.416458559891936,9.328096561084331,18.290303750949565,3,4.137613927841473,0.0,2023,10,Open-Meteo (ERA5) + INE Padrón
2023-10-13,13.94484319332442,18.1469982807373,9.630455135140844,17.407020263378467,3,4.05515680667558,0.0,2023,10,Open-Meteo (ERA5) + INE Padrón
2023-10-14,13.647392713668724,16.31397992555907,11.104940601758013,16.103284092492615,3,4.352607286331276,0.0,2023,10,Open-Meteo (ERA5) + INE Padrón
2023-10-15,12.84684055347908,15.3602518987304,10.24865412424468,15.575543511074656,3,5.15315944652092,0.0,2023,10,Open-Meteo (ERA5) + INE Padrón
2023-10-16,13.225655404336656,15.64992790873697,11.417304072579562,15.203829072826352,3,4.774344595663344,0.0,2023,10,Open-Meteo (ERA5) + INE Padrón
2023-10-17,13.759885829386421,16.9756184949415,11.240733784717271,16.45528178552628,3,4.2401141706135785,0.0,2023,10,Open-Meteo (ERA5) + INE Padrón
2023-10-18,13.795128172193492,16.602716952747482,11.537529474140696,14.903519460910477,3,4.2048718278065085,0.0,2023,10,Open-Meteo (ERA5) + INE Padrón
2023-10-19,12.891148810233021,15.137077401486753,10.569797278978093,13.268696264431739,3,5.108851189766979,0.0,2023,10,Open-Meteo (ERA5) + INE Padrón
2023-10-20,10.877404385095561,13.473724872513078,8.989921146701617,10.610728151026978,3,7.122595614904439,0.0,2023,10,Open-Meteo (ERA5) + INE Padrón
2023-10-21,9.645708563966835,12.991085006509508,6.859714494263807,10.864042983174457,3,8.354291436033165,0.0,2023,10,Open-Meteo (ERA5) + INE Padrón
2023-10-22,9.271337762690324,12.740196552429476,6.281736248710668,11.19114683591613,3,8.728662237309676,0.0,2023,10,Open-Meteo (ERA5) + INE Padrón
2023-10-23,11.048685994540325,14.14058181397022,8.70025716051449,13.013649990805654,3,6.951314005459675,0.0,2023,10,Open-Meteo (ERA5) + INE Padrón
2023-10-24,10.213776266736641,12.302316964180154,8.357665819087833,9.601644353442211,3,7.786223733263359,0.0,2023,10,Open-Meteo (ERA5) + INE Padrón
2023-10-25,11.769247557988098,14.666833869498113,9.693209572360665,12.60618901857396,3,6.230752442011902,0.0,2023,10,Open-Meteo (ERA5) + INE Padrón
2023-10-26,13.090394535090843,15.134925229634867,10.977666957763622,13.391826150148635,3,4.909605464909157,0.0,2023,10,Open-Meteo (ERA5) + INE Padrón
2023-10-27,10.985233452641763,13.165843560180049,9.229099347626011,10.577403920212804,3,7.014766547358237,0.0,2023,10,Open-Meteo (ERA5) + INE Padrón
2023-10-28,11.15393899177146,13.873467620169897,9.335511326265738,11.326952042694833,3,6.84606100822854,0.0,2023,10,Open-Meteo (ERA5) + INE Padrón
2023-10-29,10.974163928449837,13.859519696910215,9.191839333305325,12.033457267632658,3,7.025836071550163,0.0,2023,10,Open-Meteo (ERA5) + INE Padrón
2023-10-30,10.302669023909207,12.834009427822302,8.036697311049265,10.994205012606932,3,7.697330976090793,0.0,2023,10,Open-Meteo (ERA5) + INE Padrón
2023-10-31,8.834631217118154,11.770638561806564,6.341437640167891,10.374847042094503,3,9.165368782881846,0.0,2023,10,Open-Meteo (ERA5) + INE Padrón
2023-11-01,9.847066314319973,13.053444798444055,6.573690075177854,10.539228970712845,3,8.152933685680027,0.0,2023,11,Open-Meteo (ERA5) + INE Padrón
2023-11-02,11.260895307944077,13.645453297419131,7.835706083444274,10.81306503055485,3,6.739104692055923,0.0,2023,11,Open-Meteo (ERA5) + INE Padrón
2023-11-03,8.43086515025355,11.031847648393445,6.272396128548232,7.377965263271714,3,9.56913484974645,0.0,2023,11,Open-Meteo (ERA5) + INE Padrón
2023-11-04,10.127896408970102,12.541563433998242,7.810974866027677,9.314160661644095,3,7.872103591029898,0.0,2023,11,Open-Meteo (ERA5) + INE Padrón
2023-11-05,9.519527669936457,12.04919083999608,7.733671922941035,8.82627226357957,3,8.480472330063543,0.0,2023,11,Open-Meteo (ERA5) + INE Padrón
2023-11-06,8.090291480340511,11.435327485223041,5.6142766871972665,8.50536113125603,3,9.909708519659489,0.0,2023,11,Open-Meteo (ERA5) + INE Padrón
2023-11-07,6.802343089443212,10.37840427903342,3.3372615352334067,7.7354435107762125,3,11.197656910556788,0.0,2023,11,Open-Meteo (ERA5) + INE Padrón
2023-11-08,7.045598817200524,10.690429349643946,4.328128006672273,8.52525252316551,3,10.954401182799476,0.0,2023,11,Open-Meteo (ERA5) + INE Padrón
2023-11-09,9.095786750359338,12.398924777837696,6.945730889817735,10.361866224190113,3,8.904213249640662,0.0,2023,11,Open-Meteo (ERA5) + INE Padrón
2023-11-10,9.394313881261368,12.150572247716163,7.251046118206025,9.493337179807696,3,8.605686118738632,0.0,2023,11,Open-Meteo (ERA5) + INE Padrón
2023-11-11,10.812068672021656,13.66623150197076,8.502387247565792,12.057125895071485,3,7.187931327978344,0.0,2023,11,Open-Meteo (ERA5) + INE Padrón
2023-11-12,11.601809415517259,15.021149525348967,9.40316183406693,13.869718507177675,3,6.398190584482741,0.0,2023,11,Open-Meteo (ERA5) + INE Padrón
2023-11-13,11.909090145243148,15.551574592332258,8.883931935884288,14.582917475620057,3,6.090909854756852,0.0,2023,11,Open-Meteo (ERA5) + INE Padrón
2023-11-14,11.175193264962282,15.363372306578356,8.483274253048195,14.345456654905707,3,6.824806735037718,0.0,2023,11,Open-Meteo (ERA5) + INE Padrón
2023-11-15,9.747962723060503,12.382564537779128,7.656151018713081,12.193477476832195,3,8.252037276939497,0.0,2023,11,Open-Meteo (ERA5) + INE Padrón
2023-11-16,10.197730379250205,14.504590051463094,7.4070341524682295,14.285821494893064,3,7.8022696207497955,0.0,2023,11,Open-Meteo (ERA5) + INE Padrón
2023-11-17,9.781461600569521,12.681214145199988,7.824556266539209,12.344417710816295,3,8.218538399430479,0.0,2023,11,Open-Meteo (ERA5) + INE Padrón
2023-11-18,9.131755320382274,13.032997045182242,6.82351910737001,12.703821313301823,3,8.868244679617726,0.0,2023,11,Open-Meteo (ERA5) + INE Padrón
2023-11-19,8.501640140800934,12.865192379963254,4.982936294762758,12.264458404701445,3,9.498359859199066,0.0,2023,11,Open-Meteo (ERA5) + INE Padrón
2023-11-20,8.152873308314605,12.51292251816314,4.970705751713122,12.151080513790717,3,9.847126691685395,0.0,2023,11,Open-Meteo (ERA5) + INE Padrón
2023-11-21,8.058225790455648,11.472970121009554,5.902621106549521,8.87102051751437,3,9.941774209544352,0.0,2023,11,Open-Meteo (ERA5) + INE Padrón
2023-11-22,8.004085246182395,11.712734843272527,5.248113109762607,8.293747194920403,3,9.995914753817605,0.0,2023,11,Open-Meteo (ERA5) + INE Padrón
2023-11-23,6.396232974673417,11.381993460878796,2.4064931379861556,8.693031103296489,3,11.603767025326583,0.0,2023,11,Open-Meteo (ERA5) + INE Padrón
2023-11-24,6.5214327020799425,12.867808596634891,2.4683920531908523,10.712870726780483,3,11.478567297920058,0.0,2023,11,Open-Meteo (ERA5) + INE Padrón
2023-11-25,6.9200044445087245,11.370431769329997,3.1126438639952783,10.177156981379667,3,11.079995555491276,0.0,2023,11,Open-Meteo (ERA5) + INE Padrón
2023-11-26,6.639420433537032,10.603977031807393,3.549528224352189,9.257157817020769,3,11.360579566462967,0.0,2023,11,Open-Meteo (ERA5) + INE Padrón
2023-11-27,6.981559753963384,11.005817743690965,3.442093802091261,9.078960428031902,3,11.018440246036615,0.0,2023,11,Open-Meteo (ERA5) + INE Padrón
2023-11-28,8.192639993415883,10.873435273512909,6.477897637178867,9.180427334004142,3,9.807360006584117,0.0,2023,11,Open-Meteo (ERA5) + INE Padrón
2023-11-29,9.704974033141434,11.754861674996677,8.257906306955311,9.747470555703629,3,8.295025966858566,0.0,2023,11,Open-Meteo (ERA5) + INE Padrón
2023-11-30,10.624412761249761,13.058381015381995,8.938587564512526,10.678731120307754,3,7.375587238750239,0.0,2023,11,Open-Meteo (ERA5) + INE Padrón
2023-12-01,8.7271686723201,11.562681421930575,5.81795240036759,9.979233991446616,3,9.2728313276799,0.0,2023,12,Open-Meteo (ERA5) + INE Padrón
2023-12-02,6.25728922387996,9.55223408878503,3.888831329516474,7.478173628314643,3,11.74271077612004,0.0,2023,12,Open-Meteo (ERA5) + INE Padrón
2023-12-03,4.6115080865494615,7.869491190988299,1.6634500510452748,5.728487183125009,3,13.388491913450538,0.0,2023,12,Open-Meteo (ERA5) + INE Padrón
2023-12-04,6.1037187119556595,9.318224127208453,3.7780174851013686,6.386280248084396,3,11.89628128804434,0.0,2023,12,Open-Meteo (ERA5) + INE Padrón
2023-12-05,5.610813804240053,7.842960263199399,3.188407241656617,5.976364775248127,3,12.389186195759947,0.0,2023,12,Open-Meteo (ERA5) + INE Padrón
2023-12-06,5.579933180851789,8.487377864969122,2.8367760713710966,7.074161477771602,3,12.42006681914821,0.0,2023,12,Open-Meteo (ERA5) + INE Padrón
2023-12-07,5.643766306767063,9.454355710378731,2.3674594983811748,7.574699111809927,3,12.356233693232937,0.0,2023,12,Open-Meteo (ERA5) + INE Padrón
2023-12-08,7.769322972301941,10.2016139925807,5.742217145243377,7.469093653099207,3,10.230677027698059,0.0,2023,12,Open-Meteo (ERA5) + INE Padrón
2023-12-09,7.333803530675489,10.83845103820372,4.715928478763582,8.60978152347015,3,10.666196469324511,0.0,2023,12,Open-Meteo (ERA5) + INE Padrón
2023-12-10,9.011624272802843,11.453825835864935,6.847102236556681,10.640144296164063,3,8.988375727197157,0.0,2023,12,Open-Meteo (ERA5) + INE Padrón
2023-12-11,9.052635437564868,12.107555435259968,6.902579577023268,11.050059769000333,3,8.947364562435132,0.0,2023,12,Open-Meteo (ERA5) + INE Padrón
2023-12-12,9.009238041091962,11.704633997231824,6.811203066068218,10.153826754151861,3,8.990761958908038,0.0,2023,12,Open-Meteo (ERA5) + INE Padrón
2023-12-13,8.702423393634941,10.309663058717332,6.402053966804386,8.337937050053753,3,9.297576606365059,0.0,2023,12,Open-Meteo (ERA5) + INE Padrón
2023-12-14,6.419805210681422,9.847844711711854,3.2848122860821904,7.4729652426102575,3,11.580194789318579,0.0,2023,12,Open-Meteo (ERA5) + INE Padrón
2023-12-15,6.709102674120401,11.216859219956579,3.6035050151092634,8.911267346153078,3,11.290897325879598,0.0,2023,12,Open-Meteo (ERA5) + INE Padrón
2023-12-16,4.9028232215020555,9.17166171136084,1.5865959608690392,7.647998002496363,3,13.097176778497944,0.0,2023,12,Open-Meteo (ERA5) + INE Padrón
2023-12-17,4.152061909986301,8.73700095983941,0.5745414476839312,7.194713255724313,3,13.847938090013699,0.0,2023,12,Open-Meteo (ERA5) + INE Padrón
2023-12-18,4.0116468626612365,9.118625940871045,0.3257509578306573,7.470581048348495,3,13.988353137338763,0.0,2023,12,Open-Meteo (ERA5) + INE Padrón
2023-12-19,4.165463458263974,10.153500377760285,0.34988363008923223,8.135992778362038,3,13.834536541736025,0.0,2023,12,Open-Meteo (ERA5) + INE Padrón
2023-12-20,5.006056509770458,9.579938059251088,1.399959325628447,6.994048404510901,3,12.993943490229542,0.0,2023,12,Open-Meteo (ERA5) + INE Padrón
2023-12-21,5.642853409036908,10.782770928505164,1.7818986592322157,9.131535321791844,3,12.357146590963092,0.0,2023,12,Open-Meteo (ERA5) + INE Padrón
2023-12-22,6.0151121848181,11.908068832262725,1.9315313502008866,10.317395344560769,3,11.9848878151819,0.0,2023,12,Open-Meteo (ERA5) + INE Padrón
2023-12-23,5.187742866804547,10.206183686770492,1.8569811615732736,8.355375978807775,3,12.812257133195452,0.0,2023,12,Open-Meteo (ERA5) + INE Padrón
2023-12-24,4.527279377548389,9.244466397241283,1.2364240632956813,7.531755773786443,3,13.472720622451611,0.0,2023,12,Open-Meteo (ERA5) + INE Padrón
2023-12-25,3.7782495075112426,8.805988263833935,0.5966423871603286,7.156197868564215,3,14.221750492488757,0.0,2023,12,Open-Meteo (ERA5) + INE Padrón
2023-12-26,3.3237515717054675,7.964302462363436,0.45999051409604874,6.173810789733643,3,14.676248428294532,0.0,2023,12,Open-Meteo (ERA5) + INE Padrón
2023-12-27,3.688798351537224,8.570272945866757,0.9427387953498869,6.897222629712045,3,14.311201648462776,0.0,2023,12,Open-Meteo (ERA5) + INE Padrón
2023-12-28,3.2331956419479897,7.765385151346312,-0.3006010474898971,6.271443084461506,3,14.76680435805201,0.0,2023,12,Open-Meteo (ERA5) + INE Padrón
2023-12-29,3.923927148165825,6.932779325091249,1.079362545877041,5.449894758578924,3,14.076072851834175,0.0,2023,12,Open-Meteo (ERA5) + INE Padrón
2023-12-30,4.526733002566382,9.228200511164417,1.2647265789197593,7.58245952019049,3,13.473266997433619,0.0,2023,12,Open-Meteo (ERA5) + INE Padrón
2023-12-31,6.08509471670504,9.37791349484623,3.0392004866002424,6.981711483660117,3,11.91490528329496,0.0,2023,12,Open-Meteo (ERA5) + INE Padrón
2024-01-01,5.116709768759282,8.317567552055966,3.4095078223123982,6.372032033521146,3,12.883290231240718,0.0,2024,1,Open-Meteo (ERA5) + INE Padrón
2024-01-02,5.48554580793983,8.997473580311194,2.23780166012502,6.631007272373314,3,12.514454192060171,0.0,2024,1,Open-Meteo (ERA5) + INE Padrón
2024-01-03,9.123382305575126,11.458667698821174,7.409226470676687,9.863604369163282,3,8.876617694424874,0.0,2024,1,Open-Meteo (ERA5) + INE Padrón
2024-01-04,7.805139812628144,9.466259877036789,5.837231185850484,8.705027586487132,3,10.194860187371855,0.0,2024,1,Open-Meteo (ERA5) + INE Padrón
2024-01-05,6.355439771052703,8.242376634464641,5.115837017385696,6.190130883435642,3,11.644560228947297,0.0,2024,1,Open-Meteo (ERA5) + INE Padrón
2024-01-06,5.553101961759318,8.017432586834932,3.8165047497243423,4.838429659336212,3,12.446898038240683,0.0,2024,1,Open-Meteo (ERA5) + INE Padrón
2024-01-07,4.504331771786415,7.978699238533524,1.9383053864185822,5.236116626571964,3,13.495668228213585,0.0,2024,1,Open-Meteo (ERA5) + INE Padrón
2024-01-08,3.235920273869893,7.079450156189128,0.3223402450494579,4.711444282825945,3,14.764079726130106,0.0,2024,1,Open-Meteo (ERA5) + INE Padrón
2024-01-09,4.130641845830185,7.20995466073086,1.8122750914441599,5.702897275603389,3,13.869358154169815,0.0,2024,1,Open-Meteo (ERA5) + INE Padrón
2024-01-10,4.846650944446625,6.554439412232087,3.114975888081026,4.765624973455768,3,13.153349055553374,0.0,2024,1,Open-Meteo (ERA5) + INE Padrón
2024-01-11,4.183609347426283,6.645882154631712,1.8460180151824968,4.940111358359866,3,13.816390652573716,0.0,2024,1,Open-Meteo (ERA5) + INE Padrón
2024-01-12,3.2098815134378667,7.1014708029523845,0.4433841903590433,5.1038264729264915,3,14.790118486562132,0.0,2024,1,Open-Meteo (ERA5) + INE Padrón
2024-01-13,3.7631566641115333,8.102562169746717,0.9331265064210066,6.553280430823495,3,14.236843335888466,0.0,2024,1,Open-Meteo (ERA5) + INE Padrón
2024-01-14,6.320289744778219,9.698264190919199,2.9532925062965787,7.609056679423968,3,11.679710255221782,0.0,2024,1,Open-Meteo (ERA5) + INE Padrón
2024-01-15,8.785861681424684,11.704636034680941,6.567457208403152,10.333263417262463,3,9.214138318575316,0.0,2024,1,Open-Meteo (ERA5) + INE Padrón
2024-01-16,9.676791956587067,12.1078697878321,7.828682795458244,10.54682358812811,3,8.323208043412933,0.0,2024,1,Open-Meteo (ERA5) + INE Padrón
2024-01-17,9.037788677843597,10.881328144782627,7.260100008333454,8.583562910804265,3,8.962211322156403,0.0,2024,1,Open-Meteo (ERA5) + INE Padrón
2024-01-18,9.573190108121398,11.928859060633798,8.095854364973599,9.299313901922824,3,8.426809891878602,0.0,2024,1,Open-Meteo (ERA5) + INE Padrón
2024-01-19,6.393328490517654,8.583536825716259,4.2863958202333965,7.817928754479231,3,11.606671509482346,0.0,2024,1,Open-Meteo (ERA5) + INE Padrón
2024-01-20,5.155757469632825,7.805932271288589,2.4715113303980294,6.203082448162129,3,12.844242530367175,0.0,2024,1,Open-Meteo (ERA5) + INE Padrón
2024-01-21,4.973704589850588,8.990807959343766,1.9698147149511116,7.598247300179043,3,13.026295410149412,0.0,2024,1,Open-Meteo (ERA5) + INE Padrón
2024-01-22,4.580069064359746,9.833298243294152,1.3664223392119768,8.74695368642843,3,13.419930935640254,0.0,2024,1,Open-Meteo (ERA5) + INE Padrón
2024-01-23,5.929858994746709,10.994407781838902,3.0389804880098126,10.333357771244167,3,12.07014100525329,0.0,2024,1,Open-Meteo (ERA5) + INE Padrón
2024-01-24,7.093099825594356,12.50375704469555,3.4284321088665886,12.04112015394162,3,10.906900174405644,0.0,2024,1,Open-Meteo (ERA5) + INE Padrón
2024-01-25,7.28037515234954,12.693636564302926,3.4784831024874787,12.066944121322232,3,10.71962484765046,0.0,2024,1,Open-Meteo (ERA5) + INE Padrón
2024-01-26,7.893325609392423,13.197558826034445,3.9390882604592306,12.51904380159768,3,10.106674390607576,0.0,2024,1,Open-Meteo (ERA5) + INE Padrón
2024-01-27,7.400680846623814,12.173315953605389,4.033489694639752,11.163253026845888,3,10.599319153376186,0.0,2024,1,Open-Meteo (ERA5) + INE Padrón
2024-01-28,6.734122159021124,10.725089246010675,3.4866361187041965,9.983353702085223,3,11.265877840978876,0.0,2024,1,Open-Meteo (ERA5) + INE Padrón
2024-01-29,7.217741154199429,10.186674916326844,4.442870816313459,9.104665993791922,3,10.78225884580057,0.0,2024,1,Open-Meteo (ERA5) + INE Padrón
2024-01-30,6.654581545830438,9.844069513631625,4.122039976703061,9.033578688121523,3,11.345418454169561,0.0,2024,1,Open-Meteo (ERA5) + INE Padrón
2024-01-31,5.61922696540377,9.357245742993989,3.067789232259328,8.43317108925129,3,12.380773034596231,0.0,2024,1,Open-Meteo (ERA5) + INE Padrón
2024-02-01,6.718102356622697,12.065186594755616,2.9791305349457535,10.822066750506263,3,11.281897643377302,0.0,2024,2,Open-Meteo (ERA5) + INE Padrón
2024-02-02,6.512108680635189,11.100810904749082,2.8824251992166094,9.59697031890039,3,11.487891319364811,0.0,2024,2,Open-Meteo (ERA5) + INE Padrón
2024-02-03,6.422357233357599,11.671236716692642,2.662157223577843,10.100672582041476,3,11.577642766642402,0.0,2024,2,Open-Meteo (ERA5) + INE Padrón
2024-02-04,6.556064475909546,12.19709412693526,2.3559411212788435,10.9551332640945,3,11.443935524090454,0.0,2024,2,Open-Meteo (ERA5) + INE Padrón
2024-02-05,6.15228434777638,11.639523488287367,2.0934487918443265,10.195386331345013,3,11.84771565222362,0.0,2024,2,Open-Meteo (ERA5) + INE Padrón
2024-02-06,6.741688653899264,10.844247982695801,3.7319496643316925,9.417575839595475,3,11.258311346100736,0.0,2024,2,Open-Meteo (ERA5) + INE Padrón
2024-02-07,7.196524989916062,10.813105176911419,3.2617723637876304,8.469312268519953,3,10.803475010083938,0.0,2024,2,Open-Meteo (ERA5) + INE Padrón
2024-02-08,8.28991778921504,11.116322441072953,6.197613917510745,8.30934626694555,3,9.71008221078496,0.0,2024,2,Open-Meteo (ERA5) + INE Padrón
2024-02-09,8.193718682111335,10.330372994375264,6.836102111899232,8.353996998808752,3,9.806281317888665,0.0,2024,2,Open-Meteo (ERA5) + INE Padrón
2024-02-10,7.11492655885519,9.50996958863271,5.093736077909299,6.178747006671584,3,10.88507344114481,0.0,2024,2,Open-Meteo (ERA5) + INE Padrón
2024-02-11,5.433042351163481,8.631542025286409,3.2530047036952094,5.302812052837312,3,12.56695764883652,0.0,2024,2,Open-Meteo (ERA5) + INE Padrón
2024-02-12,7.998330485496003,12.601307009261154,4.821699728439598,9.870300150116956,3,10.001669514503998,0.0,2024,2,Open-Meteo (ERA5) + INE Padrón
2024-02-13,8.701372827476614,12.526931467328385,5.560204411817709,11.420463496143311,3,9.298627172523386,0.0,2024,2,Open-Meteo (ERA5) + INE Padrón
2024-02-14,8.419523457295181,12.462244856847104,5.395850605736492,11.847562958325614,3,9.580476542704819,0.0,2024,2,Open-Meteo (ERA5) + INE Padrón
2024-02-15,8.328859112287438,11.571695165701433,6.00692105969393,10.824410798411456,3,9.671140887712562,0.0,2024,2,Open-Meteo (ERA5) + INE Padrón
2024-02-16,8.331463305139629,11.10314292883483,6.095499464294364,10.052341006079748,3,9.668536694860371,0.0,2024,2,Open-Meteo (ERA5) + INE Padrón
2024-02-17,7.574266357617201,12.678068782904804,3.754268564949401,11.310839923763819,3,10.425733642382799,0.0,2024,2,Open-Meteo (ERA5) + INE Padrón
2024-02-18,7.095077350751399,12.07076150320815,3.2261614607832945,10.829086870402396,3,10.9049226492486,0.0,2024,2,Open-Meteo (ERA5) + INE Padrón
2024-02-19,8.121706454891335,12.792647839029812,4.706974148156872,11.476709247631451,3,9.878293545108665,0.0,2024,2,Open-Meteo (ERA5) + INE Padrón
2024-02-20,7.662586654719753,12.782709173709355,3.6702145026431743,11.096489331686843,3,10.337413345280247,0.0,2024,2,Open-Meteo (ERA5) + INE Padrón
2024-02-21,7.106721372462458,12.1575422348854,2.5409386315734137,10.37114011290797,3,10.893278627537542,0.0,2024,2,Open-Meteo (ERA5) + INE Padrón
2024-02-22,8.990587960753334,11.861615221937322,6.058277558881132,9.123354183038002,3,9.009412039246666,0.0,2024,2,Open-Meteo (ERA5) + INE Padrón
2024-02-23,6.5663816877975965,9.232656584564928,3.695858617789927,6.009303216506575,3,11.433618312202404,0.0,2024,2,Open-Meteo (ERA5) + INE Padrón
2024-02-24,5.751268997921687,9.103012807577336,3.071332407929683,5.630542573274131,3,12.248731002078312,0.0,2024,2,Open-Meteo (ERA5) + INE Padrón
2024-02-25,7.51910133227363,10.474359339907808,4.740441735038868,6.834436901865201,3,10.48089866772637,0.0,2024,2,Open-Meteo (ERA5) + INE Padrón
2024-02-26,7.765219360381016,9.785877527613462,5.625714771586457,7.236076881965923,3,10.234780639618984,0.0,2024,2,Open-Meteo (ERA5) + INE Padrón
2024-02-27,6.2814620424951055,9.567641284756874,3.8599683776418257,6.492243373813716,3,11.718537957504894,0.0,2024,2,Open-Meteo (ERA5) + INE Padrón
2024-02-28,6.5415561163992955,10.797073350693548,3.2174480083160066,8.488236555074144,3,11.458443883600705,0.0,2024,2,Open-Meteo (ERA5) + INE Padrón
2024-02-29,6.244133759280724,11.671617300709354,2.1967222264692996,9.082863308169976,3,11.755866240719275,0.0,2024,2,Open-Meteo (ERA5) + INE Padrón
2024-03-01,6.8996208852423715,10.732679788527705,3.664937848045094,7.657362170297688,3,11.10037911475763,0.0,2024,3,Open-Meteo (ERA5) + INE Padrón
2024-03-02,6.7816472150538445,9.128616776367519,4.213290843049383,5.166964662252921,3,11.218352784946156,0.0,2024,3,Open-Meteo (ERA5) + INE Padrón
2024-03-03,5.6562148109580095,8.84656146886422,2.989121370442226,4.711063698809235,3,12.343785189041991,0.0,2024,3,Open-Meteo (ERA5) + INE Padrón
2024-03-04,7.009796038142884,10.598113855870736,3.8541072391542848,7.579595182391297,3,10.990203961857116,0.0,2024,3,Open-Meteo (ERA5) + INE Padrón
2024-03-05,6.817217971701611,10.697763822112211,3.687433432806765,8.935153934733217,3,11.182782028298389,0.0,2024,3,Open-Meteo (ERA5) + INE Padrón
2024-03-06,6.069320997985049,10.441993358719376,1.967580212936964,8.900237968317724,3,11.930679002014951,0.0,2024,3,Open-Meteo (ERA5) + INE Padrón
2024-03-07,6.724003641466807,9.923636211910319,3.8649848872929065,7.235764566842909,3,11.275996358533192,0.0,2024,3,Open-Meteo (ERA5) + INE Padrón
2024-03-08,6.58787002084741,9.262051850153021,4.183474847088009,5.381411645760717,3,11.41212997915259,0.0,2024,3,Open-Meteo (ERA5) + INE Padrón
2024-03-09,6.063145506925376,7.525374345404904,4.044885595223255,5.099682714648995,3,11.936854493074623,0.0,2024,3,Open-Meteo (ERA5) + INE Padrón
2024-03-10,6.665132817577481,10.078678020366226,3.8768348463258304,6.371459573451131,3,11.334867182422519,0.0,2024,3,Open-Meteo (ERA5) + INE Padrón
2024-03-11,7.571496373799713,11.213994882157387,4.950104231305457,8.218449899527933,3,10.428503626200287,0.0,2024,3,Open-Meteo (ERA5) + INE Padrón
2024-03-12,6.89472685211012,10.91830600396654,2.795684613895931,9.81734670978942,3,11.10527314788988,0.0,2024,3,Open-Meteo (ERA5) + INE Padrón
2024-03-13,7.473825970164398,12.427901350501624,3.308932934521321,11.457784961077259,3,10.526174029835602,0.0,2024,3,Open-Meteo (ERA5) + INE Padrón
2024-03-14,7.941439224212838,11.893344549060282,3.7325502469388327,10.188486650518591,3,10.05856077578716,0.0,2024,3,Open-Meteo (ERA5) + INE Padrón
2024-03-15,8.881067598085096,13.046014841353308,4.962879111887982,12.292022669290212,3,9.118932401914904,0.0,2024,3,Open-Meteo (ERA5) + INE Padrón
2024-03-16,9.451713408619087,13.535975118556582,6.27617336407758,12.81783993317626,3,8.548286591380913,0.0,2024,3,Open-Meteo (ERA5) + INE Padrón
2024-03-17,10.223184655792771,15.10045811612978,6.2132671971610245,14.709767221151271,3,7.776815344207229,0.0,2024,3,Open-Meteo (ERA5) + INE Padrón
2024-03-18,10.176244083649511,14.511041786187448,6.370248421866524,14.491791123241681,3,7.823755916350489,0.0,2024,3,Open-Meteo (ERA5) + INE Padrón
2024-03-19,10.812182292810938,15.281233612882831,6.94796855992178,14.49201112183211,3,7.187817707189062,0.0,2024,3,Open-Meteo (ERA5) + INE Padrón
2024-03-20,10.43547946744868,14.206178578799463,6.9508328977209715,13.494164676853682,3,7.56452053255132,0.0,2024,3,Open-Meteo (ERA5) + INE Padrón
2024-03-21,11.035354752605468,14.932781132968636,8.262175709841532,13.702736460605376,3,6.964645247394532,0.0,2024,3,Open-Meteo (ERA5) + INE Padrón
2024-03-22,11.765952503445298,17.078146860250733,7.330400060882424,16.320105283891845,3,6.234047496554702,0.0,2024,3,Open-Meteo (ERA5) + INE Padrón
2024-03-23,11.255582581887664,15.853705218877131,6.926087619035812,14.802290689695468,3,6.744417418112336,0.0,2024,3,Open-Meteo (ERA5) + INE Padrón
2024-03-24,10.7588743535547,14.629604015163672,6.960677209059726,13.435156184536186,3,7.241125646445299,0.0,2024,3,Open-Meteo (ERA5) + INE Padrón
2024-03-25,9.145485282500642,10.964853968273646,7.880250437506327,9.643979159937345,3,8.854514717499358,0.0,2024,3,Open-Meteo (ERA5) + INE Padrón
2024-03-26,7.060651514243664,9.434452294649809,4.8989917783475745,6.854357546952585,3,10.939348485756337,0.0,2024,3,Open-Meteo (ERA5) + INE Padrón
2024-03-27,7.301137258183486,10.66489161229834,4.11867144772755,7.116165832976923,3,10.698862741816514,0.0,2024,3,Open-Meteo (ERA5) + INE Padrón
2024-03-28,9.564696654244539,12.440442171225158,7.262867954701824,9.59560336272081,3,8.435303345755461,0.0,2024,3,Open-Meteo (ERA5) + INE Padrón
2024-03-29,8.21525918533716,11.31630121142707,5.691431068677073,9.288594801761366,3,9.78474081466284,0.0,2024,3,Open-Meteo (ERA5) + INE Padrón
2024-03-30,6.762602489429943,9.59293293842404,4.405434117848812,7.328432522095706,3,11.237397510570057,0.0,2024,3,Open-Meteo (ERA5) + INE Padrón
2024-03-31,6.739588652223391,9.380325811645118,5.4565222706389,6.671472062153333,3,11.260411347776609,0.0,2024,3,Open-Meteo (ERA5) + INE Padrón
2024-04-01,7.196184552255922,10.814810533302019,4.226938475005492,7.678890649704071,3,10.803815447744078,0.0,2024,4,Open-Meteo (ERA5) + INE Padrón
2024-04-02,7.570583476069558,11.162186361969882,4.161414053968182,9.479755779296166,3,10.429416523930442,0.0,2024,4,Open-Meteo (ERA5) + INE Padrón
2024-04-03,9.602679727691195,14.022470475353522,6.179836588545702,13.089848160108835,3,8.397320272308805,0.0,2024,4,Open-Meteo (ERA5) + INE Padrón
2024-04-04,9.81211020154791,14.355777941691994,5.220163055618114,13.9094470833715,3,8.18788979845209,0.0,2024,4,Open-Meteo (ERA5) + INE Padrón
2024-04-05,10.412491715330134,15.156237785349054,5.754679710702887,14.2781767447509,3,7.587508284669866,0.0,2024,4,Open-Meteo (ERA5) + INE Padrón
2024-04-06,11.360727163868532,15.504351865052225,7.372950791069751,15.127935269724976,3,6.639272836131468,0.0,2024,4,Open-Meteo (ERA5) + INE Padrón
2024-04-07,11.555935508250005,15.151015338376105,8.727090417056079,14.384860892157072,3,6.4440644917499945,0.0,2024,4,Open-Meteo (ERA5) + INE Padrón
2024-04-08,10.647918765813188,14.516068282208856,7.61418680986433,12.854825741281383,3,7.352081234186812,0.0,2024,4,Open-Meteo (ERA5) + INE Padrón
2024-04-09,8.686403591236513,11.994532043277944,5.127166686524621,11.287740588305113,3,9.313596408763487,0.0,2024,4,Open-Meteo (ERA5) + INE Padrón
2024-04-10,8.7898448542759,13.699131834321754,4.1932216363551635,13.060523200863557,3,9.2101551457241,0.0,2024,4,Open-Meteo (ERA5) + INE Padrón
2024-04-11,10.852715351484651,15.98448189218531,5.575611607789552,14.883848974399767,3,7.147284648515349,0.0,2024,4,Open-Meteo (ERA5) + INE Padrón
2024-04-12,11.521577940635964,16.576488353711266,6.082138062373263,15.922146147889649,3,6.478422059364036,0.0,2024,4,Open-Meteo (ERA5) + INE Padrón
2024-04-13,12.62163839835149,18.04129529995498,6.808672347648739,17.264003060650325,3,5.3783616016485105,0.0,2024,4,Open-Meteo (ERA5) + INE Padrón
2024-04-14,13.221173245848139,18.645165781782428,7.347985513794161,17.68494791132195,3,4.778826754151861,0.0,2024,4,Open-Meteo (ERA5) + INE Padrón
2024-04-15,13.366618864092846,18.44542992701685,8.357435834127077,17.924222503677164,3,4.633381135907154,0.0,2024,4,Open-Meteo (ERA5) + INE Padrón
2024-04-16,12.251697585387483,16.77876103924368,8.135694524507585,16.053631819055234,3,5.7483024146125175,0.0,2024,4,Open-Meteo (ERA5) + INE Padrón
2024-04-17,10.520580927823335,13.964136040075878,7.164078716014488,12.556428329886312,3,7.479419072176665,0.0,2024,4,Open-Meteo (ERA5) + INE Padrón
2024-04-18,10.231311586921482,14.072892066620799,6.204447366892588,12.572868862658023,3,7.768688413078518,0.0,2024,4,Open-Meteo (ERA5) + INE Padrón
2024-04-19,9.845623140325491,14.496360817431473,4.820540747031006,13.471451130950701,3,8.154376859674509,0.0,2024,4,Open-Meteo (ERA5) + INE Padrón
2024-04-20,10.97856986912345,15.211659787549728,5.9082522600763046,13.755864547627755,3,7.021430130876549,0.0,2024,4,Open-Meteo (ERA5) + INE Padrón
2024-04-21,10.767940267501572,14.928797960117421,6.167785897729926,13.963944164022575,3,7.232059732498428,0.0,2024,4,Open-Meteo (ERA5) + INE Padrón
2024-04-22,9.165935073211573,12.441957689011572,5.799914926455548,10.66163670411211,3,8.834064926788427,0.0,2024,4,Open-Meteo (ERA5) + INE Padrón
2024-04-23,7.743066250728603,12.110163703010397,3.409753905990835,9.276628478556967,3,10.256933749271397,0.0,2024,4,Open-Meteo (ERA5) + INE Padrón
2024-04-24,8.259325433310906,13.194204358327497,3.2297869666159085,11.025550587623282,3,9.740674566689094,0.0,2024,4,Open-Meteo (ERA5) + INE Padrón
2024-04-25,9.330196562760205,12.733925576747323,5.855067927979675,10.895892749367128,3,8.669803437239795,0.0,2024,4,Open-Meteo (ERA5) + INE Padrón
2024-04-26,9.402755164962212,12.604485699632479,5.670831585718526,10.909798488821119,3,8.597244835037788,0.0,2024,4,Open-Meteo (ERA5) + INE Padrón
2024-04-27,9.440315470586466,11.749750811363892,7.3360010544229635,9.57876501657393,3,8.559684529413534,0.0,2024,4,Open-Meteo (ERA5) + INE Padrón
2024-04-28,8.893475955919472,12.349353927754237,5.5215404630507745,11.445308334349189,3,9.106524044080528,0.0,2024,4,Open-Meteo (ERA5) + INE Padrón
2024-04-29,8.990481582952187,11.571136766899981,6.50305479050776,11.598800591009466,3,9.009518417047813,0.0,2024,4,Open-Meteo (ERA5) + INE Padrón
2024-04-30,9.724962947122513,13.175618471984329,6.41033262762983,11.676439896858012,3,8.275037052877487,0.0,2024,4,Open-Meteo (ERA5) + INE Padrón
2024-05-01,9.123954765645141,12.306434637369641,6.890935555312209,9.46525262532493,3,8.876045234354859,0.0,2024,5,Open-Meteo (ERA5) + INE Padrón
2024-05-02,8.695429358826814,12.943025599314224,5.125735536349584,10.490010582108969,3,9.304570641173186,0.0,2024,5,Open-Meteo (ERA5) + INE Padrón
2024-05-03,9.718335435062537,14.333076419608457,5.0855830616925815,12.41693616666173,3,8.281664564937463,0.0,2024,5,Open-Meteo (ERA5) + INE Padrón
2024-05-04,11.664457474935933,16.757282692564196,6.847906719036571,15.527796419002387,3,6.335542525064067,0.0,2024,5,Open-Meteo (ERA5) + INE Padrón
2024-05-05,11.961347518341059,15.573140050005314,8.858600135860552,14.171445208000025,3,6.038652481658941,0.0,2024,5,Open-Meteo (ERA5) + INE Padrón
2024-05-06,11.92640342938844,15.520896738175965,8.83329442092482,13.934464530823103,3,6.07359657061156,0.0,2024,5,Open-Meteo (ERA5) + INE Padrón
2024-05-07,11.215728361085112,15.76606579709486,7.363717048708464,14.932506926753073,3,6.784271638914888,0.0,2024,5,Open-Meteo (ERA5) + INE Padrón
2024-05-08,11.92365271237853,16.80081979491439,6.973340506302088,15.624615375520813,3,6.07634728762147,0.0,2024,5,Open-Meteo (ERA5) + INE Padrón
2024-05-09,12.921186842233944,17.789082073501064,7.348271743829169,17.127119165176172,3,5.0788131577660565,0.0,2024,5,Open-Meteo (ERA5) + INE Padrón
2024-05-10,13.96818544437167,18.580788318334264,8.522936597797443,17.540130998221507,3,4.03181455562833,0.0,2024,5,Open-Meteo (ERA5) + INE Padrón
2024-05-11,13.892436127978893,18.104203504320655,9.044704457387699,16.997721471867017,3,4.107563872021107,0.0,2024,5,Open-Meteo (ERA5) + INE Padrón
2024-05-12,13.961477639598554,17.78139513955321,9.825745809684577,17.517443537406532,3,4.038522360401446,0.0,2024,5,Open-Meteo (ERA5) + INE Padrón
2024-05-13,13.842044696697863,17.385808173993333,9.645710601415953,16.19043338436713,3,4.157955303302137,0.0,2024,5,Open-Meteo (ERA5) + INE Padrón
2024-05-14,11.99881550743273,14.8190013537845,8.867817779504158,13.117892568235032,3,6.001184492567271,0.0,2024,5,Open-Meteo (ERA5) + INE Padrón
2024-05-15,10.543907080152904,13.540244521442803,7.413822249954487,11.508746814979188,3,7.456092919847096,0.0,2024,5,Open-Meteo (ERA5) + INE Padrón
2024-05-16,10.593818367896505,13.96755153368839,6.846026715951126,11.987143363184545,3,7.406181632103495,0.0,2024,5,Open-Meteo (ERA5) + INE Padrón
2024-05-17,11.329392482030848,14.472959153220076,8.139838282785082,13.076772988222741,3,6.670607517969152,0.0,2024,5,Open-Meteo (ERA5) + INE Padrón
2024-05-18,11.43715531813247,14.9482665842045,7.561884084870832,13.682677240281484,3,6.56284468186753,0.0,2024,5,Open-Meteo (ERA5) + INE Padrón
2024-05-19,11.347403870854881,14.527007380960743,7.850334882024234,13.81463898008626,3,6.6525961291451186,0.0,2024,5,Open-Meteo (ERA5) + INE Padrón
2024-05-20,11.324335826023196,15.296338480101983,7.366907762899234,14.539141532579558,3,6.675664173976804,0.0,2024,5,Open-Meteo (ERA5) + INE Padrón
2024-05-21,11.318294835301796,15.258990930080028,7.875886680638402,14.266625039572427,3,6.681705164698204,0.0,2024,5,Open-Meteo (ERA5) + INE Padrón
2024-05-22,11.527725309158512,14.936662708850012,7.673616032555108,13.772755063950648,3,6.472274690841488,0.0,2024,5,Open-Meteo (ERA5) + INE Padrón
2024-05-23,12.262767109579409,16.231020650665975,7.782904372813473,15.666661914531822,3,5.737232890420591,0.0,2024,5,Open-Meteo (ERA5) + INE Padrón
2024-05-24,13.221553829864849,17.275168976273072,8.803738569910447,16.53201430599203,3,4.778446170135151,0.0,2024,5,Open-Meteo (ERA5) + INE Padrón
2024-05-25,14.050396481859126,18.281674666093657,9.125768537286007,16.556705377052054,3,3.949603518140874,0.0,2024,5,Open-Meteo (ERA5) + INE Padrón
2024-05-26,14.395305786102968,18.6268702003725,9.047034444024328,18.22509368248439,3,3.604694213897032,0.0,2024,5,Open-Meteo (ERA5) + INE Padrón
2024-05-27,15.061864473705658,18.992529586630845,10.913861954385474,18.70087401401811,3,2.9381355262943423,0.0,2024,5,Open-Meteo (ERA5) + INE Padrón
2024-05-28,15.326388535922352,19.070897157144376,11.423699562229665,19.099459817715456,3,2.6736114640776485,0.0,2024,5,Open-Meteo (ERA5) + INE Padrón
2024-05-29,16.484747357457188,20.866991860763825,11.364284400807449,20.884116436945714,3,1.5152526425428121,0.0,2024,5,Open-Meteo (ERA5) + INE Padrón
2024-05-30,16.84571661045603,21.40336039639692,12.428201641805197,21.630528052862104,3,1.15428338954397,0.0,2024,5,Open-Meteo (ERA5) + INE Padrón
2024-05-31,14.974430989245253,18.517009400044124,11.303926181668835,17.23319070615576,3,3.0255690107547473,0.0,2024,5,Open-Meteo (ERA5) + INE Padrón
2024-06-01,13.910539833335514,17.50117765132967,10.165484837131483,16.43691997267178,3,4.089460166664486,0.0,2024,6,Open-Meteo (ERA5) + INE Padrón
2024-06-02,13.93322729415049,17.9180730977055,9.49654195526703,17.475791643680797,3,4.066772705849511,0.0,2024,6,Open-Meteo (ERA5) + INE Padrón
2024-06-03,14.720664136097469,19.22114245453963,10.656305841888898,18.817362326406467,3,3.2793358639025314,0.0,2024,6,Open-Meteo (ERA5) + INE Padrón
2024-06-04,15.875832243441536,19.98068344996725,11.150123647334661,19.37062341581157,3,2.124167756558464,0.0,2024,6,Open-Meteo (ERA5) + INE Padrón
2024-06-05,16.95317915525408,20.785639513381394,12.282864438810753,20.610852837173724,3,1.0468208447459197,0.0,2024,6,Open-Meteo (ERA5) + INE Padrón
2024-06-06,17.88015829315254,22.45112333465796,12.576769705346978,22.135675527446793,3,0.11984170684745976,0.0,2024,6,Open-Meteo (ERA5) + INE Padrón
2024-06-07,17.75285856407014,22.027846459900594,13.66987627461095,21.446635316350996,3,0.2471414359298585,0.0,2024,6,Open-Meteo (ERA5) + INE Padrón
2024-06-08,15.176278869506147,17.167541771150503,13.149459272482591,16.983837742602798,3,2.823721130493853,0.0,2024,6,Open-Meteo (ERA5) + INE Padrón
2024-06-09,14.829131895158262,17.95175660827969,12.074224386165366,18.13994483276503,3,3.1708681048417375,0.0,2024,6,Open-Meteo (ERA5) + INE Padrón
2024-06-10,13.126838043112194,14.922646516696636,11.809373947557091,14.769102089860343,3,4.873161956887806,0.0,2024,6,Open-Meteo (ERA5) + INE Padrón
2024-06-11,12.837542617122331,16.00051371840318,9.746177073956762,16.39005969324166,3,5.162457382877669,0.0,2024,6,Open-Meteo (ERA5) + INE Padrón
2024-06-12,12.567729876488112,15.759289723428047,9.521833608934196,15.892464652266549,3,5.432270123511888,0.0,2024,6,Open-Meteo (ERA5) + INE Padrón
2024-06-13,13.165287198827714,17.57456885854869,8.538642047623737,17.151618360182894,3,4.8347128011722855,0.0,2024,6,Open-Meteo (ERA5) + INE Padrón
2024-06-14,15.325828099671783,19.67780458601674,10.14588171270613,19.121651036275317,3,2.6741719003282167,0.0,2024,6,Open-Meteo (ERA5) + INE Padrón
2024-06-15,15.24776082046182,18.537525422199632,11.321159173100988,17.915194698637745,3,2.7522391795381793,0.0,2024,6,Open-Meteo (ERA5) + INE Padrón
2024-06-16,15.03159645674398,19.124531472792192,10.311176539054628,18.773758992611693,3,2.96840354325602,0.0,2024,6,Open-Meteo (ERA5) + INE Padrón
2024-06-17,15.822510242916737,19.497662999946968,11.321745694439565,19.423070627513667,3,2.177489757083263,0.0,2024,6,Open-Meteo (ERA5) + INE Padrón
2024-06-18,15.352851194817557,18.879135597002435,12.484400003948634,18.519909809301648,3,2.647148805182443,0.0,2024,6,Open-Meteo (ERA5) + INE Padrón
2024-06-19,14.309641852028621,18.141595981530493,10.945341122931758,18.640021590073502,3,3.690358147971379,0.0,2024,6,Open-Meteo (ERA5) + INE Padrón
2024-06-20,13.942903777074829,16.373597856213255,11.273017435743448,16.30358923923831,3,4.057096222925171,0.0,2024,6,Open-Meteo (ERA5) + INE Padrón
2024-06-21,14.530470263917959,18.5033858157269,10.067840518584177,18.77484970512659,3,3.469529736082041,0.0,2024,6,Open-Meteo (ERA5) + INE Padrón
2024-06-22,15.908810831056556,20.51923024254024,11.133503262329093,20.664799467944555,3,2.091189168943444,0.0,2024,6,Open-Meteo (ERA5) + INE Padrón
2024-06-23,16.198094233226975,19.618675654629534,12.8998361776123,19.32380328273802,3,1.8019057667730252,0.0,2024,6,Open-Meteo (ERA5) + INE Padrón
2024-06-24,16.695348836541942,20.54587479111842,12.553767891959868,21.38053843524367,3,1.3046511634580575,0.0,2024,6,Open-Meteo (ERA5) + INE Padrón
2024-06-25,17.58595273531275,21.938149220248132,13.302225301927002,22.4275631224694,3,0.4140472646872517,0.0,2024,6,Open-Meteo (ERA5) + INE Padrón
2024-06-26,17.019888642787993,20.868042426922152,13.871260110052097,21.306206207757366,3,0.9801113572120066,0.0,2024,6,Open-Meteo (ERA5) + INE Padrón
2024-06-27,17.474046140933627,22.36055334363192,13.323753781333384,22.277781869893893,3,0.525953859066373,0.0,2024,6,Open-Meteo (ERA5) + INE Padrón
2024-06-28,16.80597397299364,19.81103689057027,13.895012198293962,20.395791209790225,3,1.194026027006359,0.0,2024,6,Open-Meteo (ERA5) + INE Padrón
2024-06-29,15.42517573716057,18.851644382138677,12.419119629140642,18.528947600711398,3,2.57482426283943,0.0,2024,6,Open-Meteo (ERA5) + INE Padrón
2024-06-30,15.371581567869324,18.15734361516248,12.723303998657464,18.82620620431379,3,2.628418432130676,0.0,2024,6,Open-Meteo (ERA5) + INE Padrón
2024-07-01,15.414080127880636,18.884180229190644,12.52663638156383,20.020109697408387,3,2.585919872119364,0.0,2024,7,Open-Meteo (ERA5) + INE Padrón
2024-07-02,15.409990577228275,19.632010971462627,11.260216470072915,20.51095678725381,3,2.5900094227717254,0.0,2024,7,Open-Meteo (ERA5) + INE Padrón
2024-07-03,16.649647538520412,20.972256881814406,11.788964303202732,21.357971413498404,3,1.3503524614795879,0.0,2024,7,Open-Meteo (ERA5) + INE Padrón
2024-07-04,18.113269418267528,22.53252988966553,13.017837970337954,23.12447011974691,3,0.0,0.11326941826752801,2024,7,Open-Meteo (ERA5) + INE Padrón
2024-07-05,18.590154523584708,23.108152063494032,13.639241734901127,23.862362196698438,3,0.0,0.5901545235847081,2024,7,Open-Meteo (ERA5) + INE Padrón
2024-07-06,18.148771906021597,21.48716837502471,14.90447657989544,21.403550235001102,3,0.0,0.1487719060215973,2024,7,Open-Meteo (ERA5) + INE Padrón
2024-07-07,16.645489718974357,20.55922213177096,12.741069303803062,20.631806819060973,3,1.354510281025643,0.0,2024,7,Open-Meteo (ERA5) + INE Padrón
2024-07-08,17.425400212399765,21.143363844564327,12.994003551933831,21.104874542492237,3,0.5745997876002349,0.0,2024,7,Open-Meteo (ERA5) + INE Padrón
2024-07-09,17.7242818422305,21.32889366857234,13.523025591279213,21.53691703989291,3,0.27571815776950004,0.0,2024,7,Open-Meteo (ERA5) + INE Padrón
2024-07-10,18.403383388005842,22.234398534689554,14.002514889448584,22.718862158704315,3,0.0,0.4033833880058424,2024,7,Open-Meteo (ERA5) + INE Padrón
2024-07-11,19.31492924484445,23.263918061716687,14.993573236940756,23.488533695505698,3,0.0,1.3149292448444498,2024,7,Open-Meteo (ERA5) + INE Padrón
2024-07-12,18.501574081535153,21.95240945863083,14.22041069464503,22.50361069271663,3,0.0,0.5015740815351535,2024,7,Open-Meteo (ERA5) + INE Padrón
2024-07-13,17.675103599983196,21.191777750688313,13.990310431486956,20.90860157068387,3,0.3248964000168044,0.0,2024,7,Open-Meteo (ERA5) + INE Padrón
2024-07-14,18.147052488362434,21.81838786350675,13.946668988784733,21.261115478713307,3,0.0,0.14705248836243356,2024,7,Open-Meteo (ERA5) + INE Padrón
2024-07-15,18.022643182167236,21.373894824466007,14.33111816125899,21.78525347129676,3,0.0,0.022643182167236375,2024,7,Open-Meteo (ERA5) + INE Padrón
2024-07-16,17.874034972268884,21.701873466030385,13.528492084481478,21.737688268907473,3,0.12596502773111595,0.0,2024,7,Open-Meteo (ERA5) + INE Padrón
2024-07-17,18.468661725364715,22.64431400752582,13.271342641089621,22.837776849160125,3,0.0,0.46866172536471495,2024,7,Open-Meteo (ERA5) + INE Padrón
2024-07-18,19.38108033357691,23.719861208966062,14.269437207195603,23.565756345879198,3,0.0,1.3810803335769108,2024,7,Open-Meteo (ERA5) + INE Padrón
2024-07-19,20.259467750566643,24.701401621511053,15.221121477422653,24.398388257222265,3,0.0,2.2594677505666425,2024,7,Open-Meteo (ERA5) + INE Padrón
2024-07-20,19.858618191677245,23.72405713741957,15.21095078969232,23.49095803612403,3,0.0,1.8586181916772446,2024,7,Open-Meteo (ERA5) + INE Padrón
2024-07-21,18.291024772626415,21.9225079644173,14.64472090620227,22.14797026449189,3,0.0,0.2910247726264146,2024,7,Open-Meteo (ERA5) + INE Padrón
2024-07-22,18.203565203078007,22.633216360796766,13.26403629115848,22.16590136060278,3,0.0,0.20356520307800707,2024,7,Open-Meteo (ERA5) + INE Padrón
2024-07-23,19.744175673339626,24.38395020405483,14.216415497974374,25.029990832052896,3,0.0,1.744175673339626,2024,7,Open-Meteo (ERA5) + INE Padrón
2024-07-24,20.910933594769624,25.254144458471274,16.211715780095073,26.000814181885552,3,0.0,2.9109335947696238,2024,7,Open-Meteo (ERA5) + INE Padrón
2024-07-25,20.7119480148588,24.32617213012952,16.440477209610698,24.903277624309077,3,0.0,2.7119480148588018,2024,7,Open-Meteo (ERA5) + INE Padrón
2024-07-26,20.146130006012484,23.966047505967143,15.887202058937032,24.52980565949416,3,0.0,2.146130006012484,2024,7,Open-Meteo (ERA5) + INE Padrón
2024-07-27,20.318884949437976,24.22241855196712,15.636654042517144,24.66375898572454,3,0.0,2.318884949437976,2024,7,Open-Meteo (ERA5) + INE Padrón
2024-07-28,20.544075080746115,24.50619327712958,16.252114338430516,25.07920922065677,3,0.0,2.544075080746115,2024,7,Open-Meteo (ERA5) + INE Padrón
2024-07-29,20.189499279948265,23.691556655892867,16.277540492435957,24.778227589150163,3,0.0,2.189499279948265,2024,7,Open-Meteo (ERA5) + INE Padrón
2024-07-30,20.94083305153403,26.032665078719,15.561463124925819,25.25220821031158,3,0.0,2.9408330515340317,2024,7,Open-Meteo (ERA5) + INE Padrón
2024-07-31,20.96732383296636,25.19302507129924,15.712349151284787,24.3803226607731,3,0.0,2.967323832966361,2024,7,Open-Meteo (ERA5) + INE Padrón
2024-08-01,20.26264440348885,24.452024610319206,15.024726029095465,24.85401705189951,3,0.0,2.2626444034888493,2024,8,Open-Meteo (ERA5) + INE Padrón
2024-08-02,19.948561515008137,23.148560608199794,15.928785683769073,23.9660173459809,3,0.0,1.9485615150081372,2024,8,Open-Meteo (ERA5) + INE Padrón
2024-08-03,19.67738385564346,23.976598777714187,15.084509750714943,24.517589177713084,3,0.0,1.677383855643459,2024,8,Open-Meteo (ERA5) + INE Padrón
2024-08-04,20.40368611850906,24.482578857315886,16.016219168229476,25.43093270747488,3,0.0,2.4036861185090608,2024,8,Open-Meteo (ERA5) + INE Padrón
2024-08-05,20.666764969282152,24.479688434428688,16.280797438071303,24.929207969490836,3,0.0,2.666764969282152,2024,8,Open-Meteo (ERA5) + INE Padrón
2024-08-06,20.630621752564373,24.603497158016747,15.744128611134641,25.22609801289596,3,0.0,2.630621752564373,2024,8,Open-Meteo (ERA5) + INE Padrón
2024-08-07,20.483212670431183,24.28306096369162,16.041851259556786,25.021237233229037,3,0.0,2.4832126704311825,2024,8,Open-Meteo (ERA5) + INE Padrón
2024-08-08,20.41590260029013,24.514958899772886,15.78718556994741,25.403202651920815,3,0.0,2.4159026002901314,2024,8,Open-Meteo (ERA5) + INE Padrón
2024-08-09,20.99855895528333,25.187652932078677,16.17904950760307,25.696289374708584,3,0.0,2.998558955283329,2024,8,Open-Meteo (ERA5) + INE Padrón
2024-08-10,21.062924394912045,25.200467959017775,16.488402116467707,24.984261411494245,3,0.0,3.062924394912045,2024,8,Open-Meteo (ERA5) + INE Padrón
2024-08-11,20.607321685322812,24.393548431715153,16.29962737064379,24.78010759223561,3,0.0,2.6073216853228125,2024,8,Open-Meteo (ERA5) + INE Padrón
2024-08-12,20.265302803966172,23.77822580422995,16.225363412051184,24.703431316844117,3,0.0,2.265302803966172,2024,8,Open-Meteo (ERA5) + INE Padrón
2024-08-13,18.710198035462863,22.257424395715546,16.033438098393066,23.080948209306058,3,0.0,0.710198035462863,2024,8,Open-Meteo (ERA5) + INE Padrón
2024-08-14,17.541668526197693,21.20866826701121,13.934944674360533,21.008781813189678,3,0.458331473802307,0.0,2024,8,Open-Meteo (ERA5) + INE Padrón
2024-08-15,16.64610232540094,20.74424572715354,12.50738571861806,20.442024821525195,3,1.353897674599061,0.0,2024,8,Open-Meteo (ERA5) + INE Padrón
2024-08-16,17.874089179894014,22.302661648917326,13.34061821256827,22.635286202486398,3,0.12591082010598598,0.0,2024,8,Open-Meteo (ERA5) + INE Padrón
2024-08-17,19.091550847728055,23.814354959679168,14.185766896995984,23.41141946038246,3,0.0,1.0915508477280547,2024,8,Open-Meteo (ERA5) + INE Padrón
2024-08-18,18.97887991722562,22.621761047049116,15.19202650313813,23.58075166720731,3,0.0,0.9788799172256191,2024,8,Open-Meteo (ERA5) + INE Padrón
2024-08-19,18.504845088439065,22.656610782020035,14.315450820340146,22.97819189648519,3,0.0,0.5048450884390654,2024,8,Open-Meteo (ERA5) + INE Padrón
2024-08-20,19.211610458323893,23.46647493983499,14.38659233363568,24.15408196330663,3,0.0,1.211610458323893,2024,8,Open-Meteo (ERA5) + INE Padrón
2024-08-21,18.88850180225288,23.271538764219958,14.556714961671851,23.962050271847367,3,0.0,0.888501802252879,2024,8,Open-Meteo (ERA5) + INE Padrón
2024-08-22,19.6791695047472,23.516592164900455,15.674540724532976,24.329905144404062,3,0.0,1.6791695047472004,2024,8,Open-Meteo (ERA5) + INE Padrón
2024-08-23,19.607469592650215,23.731531315765125,15.214493965362674,24.735757151675976,3,0.0,1.6074695926502152,2024,8,Open-Meteo (ERA5) + INE Padrón
2024-08-24,19.446358670935783,22.978738271467193,15.846995376654895,23.48100734698413,3,0.0,1.4463586709357834,2024,8,Open-Meteo (ERA5) + INE Padrón
2024-08-25,18.64140260752164,22.70602104667721,14.73784088245537,22.626154057094947,3,0.0,0.6414026075216412,2024,8,Open-Meteo (ERA5) + INE Padrón
2024-08-26,18.586349165518232,22.256539620522517,15.189162165338939,22.80013421337361,3,0.0,0.5863491655182322,2024,8,Open-Meteo (ERA5) + INE Padrón
2024-08-27,19.127940148124274,22.974102345832826,15.041140476779166,22.969724527696336,3,0.0,1.1279401481242743,2024,8,Open-Meteo (ERA5) + INE Padrón
2024-08-28,19.2430233954256,22.899812302152213,15.45720331813798,23.533430511047335,3,0.0,1.243023395425599,2024,8,Open-Meteo (ERA5) + INE Padrón
2024-08-29,17.211565835318556,19.58853124482746,14.90654642158507,21.506322646539655,3,0.7884341646814441,0.0,2024,8,Open-Meteo (ERA5) + INE Padrón
2024-08-30,16.51266725161544,19.305328979735016,13.676335958256514,20.934423500615367,3,1.48733274838456,0.0,2024,8,Open-Meteo (ERA5) + INE Padrón
2024-08-31,16.61606633084914,19.522652324861447,13.751458606954142,20.946666067484447,3,1.38393366915086,0.0,2024,8,Open-Meteo (ERA5) + INE Padrón
2024-09-01,16.997419143114328,20.657711079154726,13.972805271288358,21.54712787397981,3,1.0025808568856718,0.0,2024,9,Open-Meteo (ERA5) + INE Padrón
2024-09-02,17.233967066098522,20.851381895560014,13.90443057372042,21.266271694241674,3,0.766032933901478,0.0,2024,9,Open-Meteo (ERA5) + INE Padrón
2024-09-03,16.576147916051127,20.189920010321543,13.372071296026549,21.014630927857773,3,1.4238520839488729,0.0,2024,9,Open-Meteo (ERA5) + INE Padrón
2024-09-04,14.955246557744063,17.42370891727773,12.644678320646051,17.90847283259606,3,3.044753442255937,0.0,2024,9,Open-Meteo (ERA5) + INE Padrón
2024-09-05,14.339351470188848,18.009788008871574,10.552632556439637,18.09363613385593,3,3.6606485298111515,0.0,2024,9,Open-Meteo (ERA5) + INE Padrón
2024-09-06,15.089225969062454,18.250191422649134,11.946598280691388,17.641628770113066,3,2.910774030937546,0.0,2024,9,Open-Meteo (ERA5) + INE Padrón
2024-09-07,15.082790333055781,19.343896537071128,10.479118872701786,18.572276728290603,3,2.9172096669442187,0.0,2024,9,Open-Meteo (ERA5) + INE Padrón
2024-09-08,15.735169074988917,19.722739510465832,12.052887782812286,19.096837488696462,3,2.2648309250110827,0.0,2024,9,Open-Meteo (ERA5) + INE Padrón
2024-09-09,15.335998787402113,19.672215616295645,10.704091042868619,19.69753335505082,3,2.6640012125978867,0.0,2024,9,Open-Meteo (ERA5) + INE Padrón
2024-09-10,15.763965795418986,20.00754075414773,11.432425038516397,20.025318083112772,3,2.2360342045810135,0.0,2024,9,Open-Meteo (ERA5) + INE Padrón
2024-09-11,15.550159540874903,19.462486888584476,11.551611897738649,19.093662873223373,3,2.449840459125097,0.0,2024,9,Open-Meteo (ERA5) + INE Padrón
2024-09-12,15.514683138208838,19.410770684929556,12.191107343838993,18.63060004655715,3,2.485316861791162,0.0,2024,9,Open-Meteo (ERA5) + INE Padrón
2024-09-13,13.08261007907139,16.085615178777836,10.014080558327635,14.693925233537582,3,4.91738992092861,0.0,2024,9,Open-Meteo (ERA5) + INE Padrón
2024-09-14,13.164740823845708,17.85103519633089,8.668079887289462,17.439974803354595,3,4.835259176154292,0.0,2024,9,Open-Meteo (ERA5) + INE Padrón
2024-09-15,14.81687730446974,19.91307308852263,9.558371470937251,18.94645972841205,3,3.18312269553026,0.0,2024,9,Open-Meteo (ERA5) + INE Padrón
2024-09-16,14.913282348895311,20.13854944986578,9.713060817913576,18.461353337984455,3,3.0867176511046885,0.0,2024,9,Open-Meteo (ERA5) + INE Padrón
2024-09-17,14.23450717951155,18.31604425752714,10.13223408075002,17.321400550558927,3,3.7654928204884506,0.0,2024,9,Open-Meteo (ERA5) + INE Padrón
2024-09-18,14.179699821186578,17.248870070894046,11.097700483271453,16.875384044810566,3,3.8203001788134223,0.0,2024,9,Open-Meteo (ERA5) + INE Padrón
2024-09-19,13.25063474288081,16.517331299786935,10.97451842737854,16.749229235868196,3,4.749365257119191,0.0,2024,9,Open-Meteo (ERA5) + INE Padrón
2024-09-20,12.952912094458666,15.719423478806053,10.790053230797415,15.751162792299336,3,5.047087905541334,0.0,2024,9,Open-Meteo (ERA5) + INE Padrón
2024-09-21,13.287310273312032,15.940143475445122,11.573180523501602,15.823395018109768,3,4.712689726687968,0.0,2024,9,Open-Meteo (ERA5) + INE Padrón
2024-09-22,13.566148781536555,17.33199196866254,10.364364039241154,16.67061354422711,3,4.433851218463445,0.0,2024,9,Open-Meteo (ERA5) + INE Padrón
2024-09-23,13.310364256875157,16.85677207337939,9.792805330977009,16.379000155420062,3,4.6896357431248425,0.0,2024,9,Open-Meteo (ERA5) + INE Padrón
2024-09-24,12.948834567625749,16.896976718212407,9.81142932622763,15.779929352743164,3,5.051165432374251,0.0,2024,9,Open-Meteo (ERA5) + INE Padrón
2024-09-25,13.697318062680887,16.911591455523805,10.500890267696708,16.065189435705797,3,4.302681937319113,0.0,2024,9,Open-Meteo (ERA5) + INE Padrón
2024-09-26,15.10675721434906,18.231851619984404,12.689913536398713,16.40683975686517,3,2.8932427856509406,0.0,2024,9,Open-Meteo (ERA5) + INE Padrón
2024-09-27,13.454308418602015,17.08457842135917,10.521531934460942,14.594547436062552,3,4.5456915813979855,0.0,2024,9,Open-Meteo (ERA5) + INE Padrón
2024-09-28,11.2031714416439,14.920794636148319,7.0700719271192405,13.337959812090947,3,6.796828558356101,0.0,2024,9,Open-Meteo (ERA5) + INE Padrón
2024-09-29,12.172961454676685,16.909141029817466,7.534686343030214,15.573159316812891,3,5.827038545323315,0.0,2024,9,Open-Meteo (ERA5) + INE Padrón
2024-09-30,13.729551580980166,18.803932655591666,8.665641485402567,18.15486506691901,3,4.270448419019834,0.0,2024,9,Open-Meteo (ERA5) + INE Padrón
2024-10-01,14.20411872348016,18.721229450747337,9.964321000280767,17.600825580122027,3,3.7958812765198395,0.0,2024,10,Open-Meteo (ERA5) + INE Padrón
2024-10-02,14.939307048058776,18.42695041847483,11.911942459222894,17.790305248905113,3,3.060692951941224,0.0,2024,10,Open-Meteo (ERA5) + INE Padrón
2024-10-03,13.890210481694293,16.90980784386918,11.516722016411165,16.07106667291102,3,4.109789518305707,0.0,2024,10,Open-Meteo (ERA5) + INE Padrón
2024-10-04,12.700904805326616,16.879227511784492,8.563647471255898,15.845850456514867,3,5.299095194673384,0.0,2024,10,Open-Meteo (ERA5) + INE Padrón
2024-10-05,13.319404085734023,17.760219121626417,8.911255322333634,16.94971423484775,3,4.680595914265977,0.0,2024,10,Open-Meteo (ERA5) + INE Padrón
2024-10-06,14.824836407184035,18.68532507471986,11.42202232837619,17.307190444903128,3,3.1751635928159647,0.0,2024,10,Open-Meteo (ERA5) + INE Padrón
2024-10-07,13.693214450759962,17.40217840042223,11.015269447193567,16.343973736305188,3,4.306785549240038,0.0,2024,10,Open-Meteo (ERA5) + INE Padrón
2024-10-08,12.307307388743226,15.000359296977894,10.042780887326883,12.658870290135049,3,5.692692611256774,0.0,2024,10,Open-Meteo (ERA5) + INE Padrón
2024-10-09,13.157172291518448,15.96302963059383,10.909306321464245,13.867672713126936,3,4.842827708481552,0.0,2024,10,Open-Meteo (ERA5) + INE Padrón
2024-10-10,12.066423831428233,15.442941042306169,9.444485313951969,13.911316193278278,3,5.933576168571767,0.0,2024,10,Open-Meteo (ERA5) + INE Padrón
2024-10-11,10.889128699519759,14.568084777167346,7.458336444030297,13.795168318550061,3,7.110871300480241,0.0,2024,10,Open-Meteo (ERA5) + INE Padrón
2024-10-12,12.280218062152874,14.50279237853991,10.383969201115628,14.630664567692323,3,5.7197819378471255,0.0,2024,10,Open-Meteo (ERA5) + INE Padrón
2024-10-13,12.368224006683292,15.615996277035228,9.763710356692487,16.25080158987607,3,5.631775993316708,0.0,2024,10,Open-Meteo (ERA5) + INE Padrón
2024-10-14,12.913864393585124,16.253665927675264,10.512153705391055,17.170746546609834,3,5.086135606414876,0.0,2024,10,Open-Meteo (ERA5) + INE Padrón
2024-10-15,12.991018775064928,15.326046060813093,11.701831110045898,15.209829917191179,3,5.008981224935072,0.0,2024,10,Open-Meteo (ERA5) + INE Padrón
2024-10-16,12.940028798625876,16.133646463435994,10.949638648355107,16.01920190764926,3,5.059971201374124,0.0,2024,10,Open-Meteo (ERA5) + INE Padrón
2024-10-17,11.127980524052575,13.418425346831231,9.157739873189167,11.85557943675494,3,6.872019475947425,0.0,2024,10,Open-Meteo (ERA5) + INE Padrón
2024-10-18,10.041922197221862,13.65157661830279,7.1026297843609765,12.216411021325607,3,7.9580778027781385,0.0,2024,10,Open-Meteo (ERA5) + INE Padrón
2024-10-19,11.052013246518488,15.162465446584742,8.075486904424926,14.567838693488909,3,6.947986753481512,0.0,2024,10,Open-Meteo (ERA5) + INE Padrón
2024-10-20,11.342141277525364,15.162903406316483,8.48860511527141,15.280590846470002,3,6.657858722474636,0.0,2024,10,Open-Meteo (ERA5) + INE Padrón
2024-10-21,11.612746476820028,15.54947866555462,8.397013811264946,15.570174539943988,3,6.387253523179972,0.0,2024,10,Open-Meteo (ERA5) + INE Padrón
2024-10-22,11.812905099408004,15.130551486396612,9.130650546598815,14.535366334499328,3,6.187094900591996,0.0,2024,10,Open-Meteo (ERA5) + INE Padrón
2024-10-23,11.3129660105277,14.15803684144192,8.907232003125849,13.976215984069558,3,6.687033989472299,0.0,2024,10,Open-Meteo (ERA5) + INE Padrón
2024-10-24,11.288793191912555,14.381575823984598,9.310359378475859,14.318927764565924,3,6.711206808087445,0.0,2024,10,Open-Meteo (ERA5) + INE Padrón
2024-10-25,10.83285004466318,13.051334810397854,8.638237806240081,12.394972895613504,3,7.16714995533682,0.0,2024,10,Open-Meteo (ERA5) + INE Padrón
2024-10-26,8.687468218663401,10.865814571009636,6.83839195217929,9.122074762559699,3,9.312531781336599,0.0,2024,10,Open-Meteo (ERA5) + INE Padrón
2024-10-27,7.751929395443506,10.58537026591523,4.76469801445705,8.693755293063237,3,10.248070604556494,0.0,2024,10,Open-Meteo (ERA5) + INE Padrón
2024-10-28,10.394904224969277,13.528233976983596,7.836364041766444,12.390530883481556,3,7.605095775030723,0.0,2024,10,Open-Meteo (ERA5) + INE Padrón
2024-10-29,11.361297586489428,13.087097443098925,9.956234215508626,11.544469301323687,3,6.638702413510572,0.0,2024,10,Open-Meteo (ERA5) + INE Padrón
2024-10-30,11.527957331568386,14.048076481592823,9.66193430368713,13.464261145191035,3,6.472042668431614,0.0,2024,10,Open-Meteo (ERA5) + INE Padrón
2024-10-31,11.335052888735536,14.297905513784979,9.396891989025555,14.375140187977925,3,6.664947111264464,0.0,2024,10,Open-Meteo (ERA5) + INE Padrón
2024-11-01,10.918497880019844,13.70503832470488,9.04036678560778,13.569505286692621,3,7.081502119980156,0.0,2024,11,Open-Meteo (ERA5) + INE Padrón
2024-11-02,10.311628560054933,12.736733669472262,8.429027330973796,12.429985253459819,3,7.688371439945067,0.0,2024,11,Open-Meteo (ERA5) + INE Padrón
2024-11-03,10.355338271650853,13.208084012693481,8.332974748027807,12.820856000672187,3,7.644661728349147,0.0,2024,11,Open-Meteo (ERA5) + INE Padrón
2024-11-04,10.586363456358528,13.143117990457622,8.778052270958007,13.167863269142783,3,7.413636543641472,0.0,2024,11,Open-Meteo (ERA5) + INE Padrón
2024-11-05,10.702605685068448,13.685567663168683,8.221028007292116,14.296186096125815,3,7.297394314931552,0.0,2024,11,Open-Meteo (ERA5) + INE Padrón
2024-11-06,10.567167001037895,13.952709979506132,7.959748866891325,13.912217067188987,3,7.432832998962105,0.0,2024,11,Open-Meteo (ERA5) + INE Padrón
2024-11-07,10.07219021418354,13.310910631857164,7.417039049233265,12.849472868868398,3,7.927809785816461,0.0,2024,11,Open-Meteo (ERA5) + INE Padrón
2024-11-08,9.378227847418362,12.445338241806528,6.739943151152094,12.581976053602244,3,8.621772152581638,0.0,2024,11,Open-Meteo (ERA5) + INE Padrón
2024-11-09,9.417015403344905,13.045293819676456,7.010342413124891,13.116653294113299,3,8.582984596655095,0.0,2024,11,Open-Meteo (ERA5) + INE Padrón
2024-11-10,9.2940252235053,13.190877106349333,6.387945458118426,12.837147971837059,3,8.7059747764947,0.0,2024,11,Open-Meteo (ERA5) + INE Padrón
2024-11-11,9.0621413486926,12.908861945202604,6.360349902902636,11.521781840508712,3,8.9378586513074,0.0,2024,11,Open-Meteo (ERA5) + INE Padrón
2024-11-12,7.589221532588741,10.942765052616693,5.026918175125123,9.453444850097695,3,10.410778467411259,0.0,2024,11,Open-Meteo (ERA5) + INE Padrón
2024-11-13,6.449732789982959,8.350685845548272,4.702037931218932,6.204459390712033,3,11.55026721001704,0.0,2024,11,Open-Meteo (ERA5) + INE Padrón
2024-11-14,8.837603970167613,12.015095454778155,6.434488216886516,11.390761120971217,3,9.162396029832387,0.0,2024,11,Open-Meteo (ERA5) + INE Padrón
2024-11-15,9.567669407293998,11.704583864504928,7.804527206201559,10.894665499064839,3,8.432330592706002,0.0,2024,11,Open-Meteo (ERA5) + INE Padrón
2024-11-16,8.744049202272668,11.432957352229842,6.638942327448721,11.079308510430707,3,9.255950797727332,0.0,2024,11,Open-Meteo (ERA5) + INE Padrón
2024-11-17,8.578262208567295,12.569215234288283,5.6990397473609,12.50802644758177,3,9.421737791432705,0.0,2024,11,Open-Meteo (ERA5) + INE Padrón
2024-11-18,8.971285127631552,12.556766730097337,6.302978498082043,12.334467021676392,3,9.028714872368448,0.0,2024,11,Open-Meteo (ERA5) + INE Padrón
2024-11-19,8.780805025417035,12.501138790574796,5.938558385945434,11.909456667991297,3,9.219194974582965,0.0,2024,11,Open-Meteo (ERA5) + INE Padrón
2024-11-20,9.747676493025496,12.860868769451901,7.976667505751346,11.255892859561559,3,8.252323506974504,0.0,2024,11,Open-Meteo (ERA5) + INE Padrón
2024-11-21,8.784513992052686,10.850587227271653,6.9506791305751205,8.379534736154357,3,9.215486007947314,0.0,2024,11,Open-Meteo (ERA5) + INE Padrón
2024-11-22,9.482579970738787,11.676619749091872,7.311648383573959,10.144542879063678,3,8.517420029261213,0.0,2024,11,Open-Meteo (ERA5) + INE Padrón
2024-11-23,8.626934222189163,11.623231517122493,6.409348292916082,10.935771017808568,3,9.373065777810837,0.0,2024,11,Open-Meteo (ERA5) + INE Padrón
2024-11-24,9.10406541118478,12.343098143981422,6.7384035857267905,11.883964282541275,3,8.89593458881522,0.0,2024,11,Open-Meteo (ERA5) + INE Padrón
2024-11-25,10.1995040045345,12.387640460594358,7.4575460228189705,11.450448451159877,3,7.8004959954655,0.0,2024,11,Open-Meteo (ERA5) + INE Padrón
2024-11-26,7.379110183411743,9.603976377527957,5.091529698432278,8.688627200071993,3,10.620889816588257,0.0,2024,11,Open-Meteo (ERA5) + INE Padrón
2024-11-27,6.640905791337202,10.061705173881073,4.207974042094731,9.225582257043662,3,11.359094208662798,0.0,2024,11,Open-Meteo (ERA5) + INE Padrón
2024-11-28,6.325145669003018,10.528405530199358,3.1852165274658475,9.981606161888934,3,11.674854330996983,0.0,2024,11,Open-Meteo (ERA5) + INE Padrón
2024-11-29,6.975112094137266,11.647264629860349,3.7138981291510875,11.297132878643561,3,11.024887905862734,0.0,2024,11,Open-Meteo (ERA5) + INE Padrón
2024-11-30,7.625364749306521,11.40883874123983,4.855390482001921,11.238988281970101,3,10.37463525069348,0.0,2024,11,Open-Meteo (ERA5) + INE Padrón
2024-12-01,7.674242700250256,10.780100504208393,5.199713264907183,10.646393261656447,3,10.325757299749744,0.0,2024,12,Open-Meteo (ERA5) + INE Padrón
2024-12-02,8.12729542461243,11.691099986064998,5.678398080596667,11.382906358608953,3,9.87270457538757,0.0,2024,12,Open-Meteo (ERA5) + INE Padrón
2024-12-03,7.833376096807644,11.11699129257379,5.095727664334906,10.461816481735157,3,10.166623903192356,0.0,2024,12,Open-Meteo (ERA5) + INE Padrón
2024-12-04,8.177426710946463,10.444231028823419,6.216457911351794,9.251228409639532,3,9.822573289053537,0.0,2024,12,Open-Meteo (ERA5) + INE Padrón
2024-12-05,6.615888343885597,10.46149010534358,3.764329706788688,9.628271672661933,3,11.384111656114403,0.0,2024,12,Open-Meteo (ERA5) + INE Padrón
2024-12-06,8.147144632716222,12.319564016880868,4.752563862838237,11.708605146263594,3,9.852855367283778,0.0,2024,12,Open-Meteo (ERA5) + INE Padrón
2024-12-07,8.29981630817893,12.274409093841347,5.923437420008599,10.935823187984582,3,9.70018369182107,0.0,2024,12,Open-Meteo (ERA5) + INE Padrón
2024-12-08,6.253199673227597,8.499634493106765,4.564361577084333,5.713328108280721,3,11.746800326772403,0.0,2024,12,Open-Meteo (ERA5) + INE Padrón
2024-12-09,5.234397208912801,7.7156203877604295,3.4759852874364343,5.217124071124077,3,12.765602791087199,0.0,2024,12,Open-Meteo (ERA5) + INE Padrón
2024-12-10,4.52123838682699,7.392880291886684,2.067856846873589,5.641954572575315,3,13.47876161317301,0.0,2024,12,Open-Meteo (ERA5) + INE Padrón
2024-12-11,4.801742105085542,6.411339879341689,3.6623216313734566,4.536305145138693,3,13.198257894914459,0.0,2024,12,Open-Meteo (ERA5) + INE Padrón
2024-12-12,5.053368810200882,7.6395587562446385,2.9047842461908884,5.839168564650958,3,12.946631189799117,0.0,2024,12,Open-Meteo (ERA5) + INE Padrón
2024-12-13,5.1399295432877015,8.027631397102391,3.2591139633103055,6.648472286215343,3,12.860070456712299,0.0,2024,12,Open-Meteo (ERA5) + INE Padrón
2024-12-14,4.336472898942294,7.525700721796482,2.051536753171591,6.014293641069648,3,13.663527101057706,0.0,2024,12,Open-Meteo (ERA5) + INE Padrón
2024-12-15,3.912623564114908,8.277961452380968,0.878085088237043,6.8833289140775,3,14.087376435885092,0.0,2024,12,Open-Meteo (ERA5) + INE Padrón
2024-12-16,4.022744509390288,8.133402646778409,1.0435999131759712,6.14887363499518,3,13.977255490609712,0.0,2024,12,Open-Meteo (ERA5) + INE Padrón
2024-12-17,3.789307007883723,7.536091408117242,1.155698383608395,5.882824068621746,3,14.210692992116277,0.0,2024,12,Open-Meteo (ERA5) + INE Padrón
2024-12-18,4.9885513495718605,9.520575068004886,1.7672437755642472,8.46741503607605,3,13.01144865042814,0.0,2024,12,Open-Meteo (ERA5) + INE Padrón
2024-12-19,8.086828597383295,11.067664488719648,6.030994318788357,9.214498671583174,3,9.913171402616705,0.0,2024,12,Open-Meteo (ERA5) + INE Padrón
2024-12-20,5.269341297865418,8.631269856519964,2.2331115268655175,6.636762033059707,3,12.730658702134582,0.0,2024,12,Open-Meteo (ERA5) + INE Padrón
2024-12-21,3.885806406291,8.300648913195943,0.5847261966828263,6.6773492993585535,3,14.114193593709,0.0,2024,12,Open-Meteo (ERA5) + INE Padrón
2024-12-22,5.251521785094688,10.190816637155221,1.658800064142342,8.63077768916309,3,12.748478214905312,0.0,2024,12,Open-Meteo (ERA5) + INE Padrón
2024-12-23,6.244173905637294,8.900469990727597,4.012900198051533,5.770345014172611,3,11.755826094362707,0.0,2024,12,Open-Meteo (ERA5) + INE Padrón
2024-12-24,5.717758096593224,10.379685736960841,2.0177797681646914,8.99788228686503,3,12.282241903406776,0.0,2024,12,Open-Meteo (ERA5) + INE Padrón
2024-12-25,6.822168249908113,10.760958256512893,3.935925668805587,9.957707549489351,3,11.177831750091887,0.0,2024,12,Open-Meteo (ERA5) + INE Padrón
2024-12-26,6.310244701656613,9.598263800647253,3.366316363161359,8.823615900551362,3,11.689755298343387,0.0,2024,12,Open-Meteo (ERA5) + INE Padrón
2024-12-27,5.379748473175806,8.919640360960226,2.650307264544919,7.353752298299998,3,12.620251526824195,0.0,2024,12,Open-Meteo (ERA5) + INE Padrón
2024-12-28,4.400360232482701,8.47951107878741,1.2849042008642457,7.185141113152004,3,13.5996397675173,0.0,2024,12,Open-Meteo (ERA5) + INE Padrón
2024-12-29,4.0498619585177655,8.237674477385692,0.9574197641058629,6.9697952931826155,3,13.950138041482234,0.0,2024,12,Open-Meteo (ERA5) + INE Padrón
2024-12-30,3.6985310795358153,7.794860709647546,0.8980166265030923,6.473127211206223,3,14.301468920464185,0.0,2024,12,Open-Meteo (ERA5) + INE Padrón
2024-12-31,3.7937771425527966,7.4676765641927325,1.2761646633089505,6.182864679861073,3,14.206222857447203,0.0,2024,12,Open-Meteo (ERA5) + INE Padrón
2025-01-01,3.8697725426240095,7.212750729636356,1.3495016629028382,6.135663962770812,3,14.130227457375991,0.0,2025,1,Open-Meteo (ERA5) + INE Padrón
2025-01-02,3.778043570189376,7.871522923770477,1.082047031442374,5.909108912732209,3,14.221956429810625,0.0,2025,1,Open-Meteo (ERA5) + INE Padrón
2025-01-03,4.649749267493997,7.8914263394994,2.0265714758960014,6.371539866164272,3,13.350250732506003,0.0,2025,1,Open-Meteo (ERA5) + INE Padrón
2025-01-04,5.175020156398038,8.01021855343638,2.905571499312318,6.656365157485061,3,12.824979843601962,0.0,2025,1,Open-Meteo (ERA5) + INE Padrón
2025-01-05,6.387533583474692,9.44734965175116,3.8902765409600732,7.330232232468008,3,11.612466416525308,0.0,2025,1,Open-Meteo (ERA5) + INE Padrón
2025-01-06,7.5006290667197435,10.016249959537983,5.413613873432972,7.579787058444601,3,10.499370933280257,0.0,2025,1,Open-Meteo (ERA5) + INE Padrón
2025-01-07,5.575829568930864,7.981343577742286,2.61650809573233,5.585387650234611,3,12.424170431069136,0.0,2025,1,Open-Meteo (ERA5) + INE Padrón
2025-01-08,7.648364525244511,10.19076242953009,5.713354193368729,7.813470643629603,3,10.35163547475549,0.0,2025,1,Open-Meteo (ERA5) + INE Padrón
2025-01-09,8.817466494579696,11.353497031752294,7.314512721373151,8.810758689806578,3,9.182533505420304,0.0,2025,1,Open-Meteo (ERA5) + INE Padrón
2025-01-10,7.9050619476360655,11.123044307114636,5.89580171843624,9.611597080031231,3,10.094938052363934,0.0,2025,1,Open-Meteo (ERA5) + INE Padrón
2025-01-11,9.72852018406143,13.585179445891894,7.260031739439757,11.895728743322046,3,8.27147981593857,0.0,2025,1,Open-Meteo (ERA5) + INE Padrón
2025-01-12,7.117352936922641,10.255304553302768,3.8574043311462036,7.82387222312903,3,10.882647063077359,0.0,2025,1,Open-Meteo (ERA5) + INE Padrón
2025-01-13,4.081369249601176,8.610356020989284,-0.14960864332978185,5.941462870101198,3,13.918630750398824,0.0,2025,1,Open-Meteo (ERA5) + INE Padrón
2025-01-14,2.974274610720954,7.3069060801384405,-0.05350185275866015,4.871370138043778,3,15.025725389279046,0.0,2025,1,Open-Meteo (ERA5) + INE Padrón
2025-01-15,2.285560776016733,7.638726151227623,-1.2209265882403715,5.038602343192751,3,15.714439223983266,0.0,2025,1,Open-Meteo (ERA5) + INE Padrón
2025-01-16,3.646341975331599,8.382181112812237,0.07055295450783611,5.635234743982752,3,14.353658024668402,0.0,2025,1,Open-Meteo (ERA5) + INE Padrón
2025-01-17,5.092742887466003,8.197129394892535,2.6977660891330615,5.427455418891504,3,12.907257112533998,0.0,2025,1,Open-Meteo (ERA5) + INE Padrón
2025-01-18,3.896317531681473,8.166300941680287,0.6451225247288931,6.277604514252618,3,14.103682468318528,0.0,2025,1,Open-Meteo (ERA5) + INE Padrón
2025-01-19,3.562071082524839,7.547515431237872,0.7821180035432101,5.798947821100259,3,14.437928917475162,0.0,2025,1,Open-Meteo (ERA5) + INE Padrón
2025-01-20,4.7359173927446605,7.56034451944553,2.3356258309061864,6.381017654754878,3,13.26408260725534,0.0,2025,1,Open-Meteo (ERA5) + INE Padrón
2025-01-21,6.256158365008493,8.999873873290639,4.311303721793956,7.816809919427209,3,11.743841634991508,0.0,2025,1,Open-Meteo (ERA5) + INE Padrón
2025-01-22,7.708368245454422,10.918223673804281,5.410711426726327,9.345667952727506,3,10.291631754545577,0.0,2025,1,Open-Meteo (ERA5) + INE Padrón
2025-01-23,8.496457840184558,11.411016998179726,6.421578835965718,10.543400851527467,3,9.503542159815442,0.0,2025,1,Open-Meteo (ERA5) + INE Padrón
2025-01-24,8.368585651032143,11.616862112560398,6.472090706316459,9.856037874285143,3,9.631414348967857,0.0,2025,1,Open-Meteo (ERA5) + INE Padrón
2025-01-25,7.854071971197012,10.046830291622674,6.02344188517878,8.138556824857659,3,10.145928028802988,0.0,2025,1,Open-Meteo (ERA5) + INE Padrón
2025-01-26,7.293230325645206,10.425032536053667,4.525874312461361,8.45272000605151,3,10.706769674354794,0.0,2025,1,Open-Meteo (ERA5) + INE Padrón
2025-01-27,10.305027133082962,12.18269214522616,7.245783524876508,9.980499350656357,3,7.694972866917038,0.0,2025,1,Open-Meteo (ERA5) + INE Padrón
2025-01-28,7.065081502556167,9.494496161216288,5.508219207486242,5.775021086163552,3,10.934918497443833,0.0,2025,1,Open-Meteo (ERA5) + INE Padrón
2025-01-29,6.046579329544941,7.964983337683718,4.412808736673648,5.72173923199532,3,11.95342067045506,0.0,2025,1,Open-Meteo (ERA5) + INE Padrón
2025-01-30,6.107522032573015,9.35967008361232,3.88729176409117,6.569586463256929,3,11.892477967426984,0.0,2025,1,Open-Meteo (ERA5) + INE Padrón
2025-01-31,5.1347873890278946,8.679655640106823,2.130923599216426,6.7606651106294695,3,12.865212610972105,0.0,2025,1,Open-Meteo (ERA5) + INE Padrón
2025-02-01,4.603615215279744,8.823670108176495,1.6293787134662416,7.209396261929408,3,13.396384784720256,0.0,2025,2,Open-Meteo (ERA5) + INE Padrón
2025-02-02,4.767044099811361,8.298536887700624,1.5053239061997452,6.747183269638656,3,13.232955900188639,0.0,2025,2,Open-Meteo (ERA5) + INE Padrón
2025-02-03,5.303086259052875,9.150665545667902,2.2138347788317416,7.215941443827126,3,12.696913740947124,0.0,2025,2,Open-Meteo (ERA5) + INE Padrón
2025-02-04,5.245168479250274,10.011327803868605,1.3183488707481308,8.04862756279533,3,12.754831520749725,0.0,2025,2,Open-Meteo (ERA5) + INE Padrón
2025-02-05,5.249518174849636,10.023844576953248,1.6643770100439927,8.393550928307732,3,12.750481825150363,0.0,2025,2,Open-Meteo (ERA5) + INE Padrón
2025-02-06,4.933417614855311,9.110527132279461,1.4508569855349147,7.410018929337133,3,13.066582385144688,0.0,2025,2,Open-Meteo (ERA5) + INE Padrón
2025-02-07,4.750724006109363,7.784169732023213,1.7391732823500434,5.711308399317988,3,13.249275993890638,0.0,2025,2,Open-Meteo (ERA5) + INE Padrón
2025-02-08,6.256716763809944,9.01221079414142,3.540963333491738,7.507757601866143,3,11.743283236190056,0.0,2025,2,Open-Meteo (ERA5) + INE Padrón
2025-02-09,5.392345538973589,9.367278762296149,1.905148984018823,8.157944025590819,3,12.60765446102641,0.0,2025,2,Open-Meteo (ERA5) + INE Padrón
2025-02-10,6.665979483863058,9.71794282722638,3.8485323307017527,8.804625382552594,3,11.334020516136942,0.0,2025,2,Open-Meteo (ERA5) + INE Padrón
2025-02-11,7.249780758996284,10.150611992322204,4.755333846655725,8.761854653774837,3,10.750219241003716,0.0,2025,2,Open-Meteo (ERA5) + INE Padrón
2025-02-12,7.251320324421588,9.954597128011724,5.221350159563832,8.444907427494934,3,10.748679675578412,0.0,2025,2,Open-Meteo (ERA5) + INE Padrón
2025-02-13,6.964014447408215,10.735612395220592,3.4184793822775674,9.770091785074026,3,11.035985552591786,0.0,2025,2,Open-Meteo (ERA5) + INE Padrón
2025-02-14,7.260085947064891,11.692187530489996,3.520241374014363,10.767772439087159,3,10.73991405293511,0.0,2025,2,Open-Meteo (ERA5) + INE Padrón
2025-02-15,7.0762072718223425,10.278918973116461,4.026507683651072,9.255154206775718,3,10.923792728177657,0.0,2025,2,Open-Meteo (ERA5) + INE Padrón
2025-02-16,7.494275760875329,11.820539863179839,3.965673395873264,10.7597992751043,3,10.505724239124671,0.0,2025,2,Open-Meteo (ERA5) + INE Padrón
2025-02-17,7.168562911952124,10.529672926858217,4.169335047775025,9.846181539126944,3,10.831437088047876,0.0,2025,2,Open-Meteo (ERA5) + INE Padrón
2025-02-18,7.5481300751135745,10.917367021148376,4.550347422380075,10.177076688666526,3,10.451869924886426,0.0,2025,2,Open-Meteo (ERA5) + INE Padrón
2025-02-19,8.059999415739943,11.36717482369465,5.046783481946594,10.35396132910095,3,9.940000584260057,0.0,2025,2,Open-Meteo (ERA5) + INE Padrón
2025-02-20,7.955086856168949,11.089615735948431,5.4734549707674836,10.255524551893199,3,10.044913143831051,0.0,2025,2,Open-Meteo (ERA5) + INE Padrón
2025-02-21,8.422986340252395,11.097156145738563,6.101632771548349,9.708685037226203,3,9.577013659747605,0.0,2025,2,Open-Meteo (ERA5) + INE Padrón
2025-02-22,7.7651129825798675,10.491824353749838,5.906057904418728,9.587232385362782,3,10.234887017420132,0.0,2025,2,Open-Meteo (ERA5) + INE Padrón
2025-02-23,7.128602313348425,10.441913066006233,4.258964018533785,9.380886247895688,3,10.871397686651575,0.0,2025,2,Open-Meteo (ERA5) + INE Padrón
2025-02-24,7.238477174945368,11.280746553496986,3.7200334738541905,9.301686072365142,3,10.761522825054632,0.0,2025,2,Open-Meteo (ERA5) + INE Padrón
2025-02-25,8.092145398337946,10.811115627934932,6.22535803433337,9.012116440159717,3,9.907854601662054,0.0,2025,2,Open-Meteo (ERA5) + INE Padrón
2025-02-26,6.143338872899218,9.726502512547818,2.490014886578938,7.926890718346018,3,11.856661127100782,0.0,2025,2,Open-Meteo (ERA5) + INE Padrón
2025-02-27,6.255777780991782,9.712720380253433,3.5979963381013085,8.323882748992926,3,11.744222219008218,0.0,2025,2,Open-Meteo (ERA5) + INE Padrón
2025-02-28,7.063051807223108,10.672926226894466,3.8907426232289404,8.849181760434092,3,10.936948192776892,0.0,2025,2,Open-Meteo (ERA5) + INE Padrón
2025-03-01,6.286698550736615,7.800083156620493,4.358476316347091,5.829475983008937,3,11.713301449263385,0.0,2025,3,Open-Meteo (ERA5) + INE Padrón
2025-03-02,4.7810040468904855,6.047629895703267,3.6011850148429603,3.241566619306018,3,13.218995953109514,0.0,2025,3,Open-Meteo (ERA5) + INE Padrón
2025-03-03,6.583780470195046,8.765577681679051,5.199358765978479,7.340731334039036,3,11.416219529804954,0.0,2025,3,Open-Meteo (ERA5) + INE Padrón
2025-03-04,7.863589906144188,10.456693594282928,6.54242886777288,9.061202365874438,3,10.136410093855812,0.0,2025,3,Open-Meteo (ERA5) + INE Padrón
2025-03-05,7.839130857494037,10.2337812794354,6.340879241366439,8.604686758555047,3,10.160869142505963,0.0,2025,3,Open-Meteo (ERA5) + INE Padrón
2025-03-06,8.020365193527821,10.222818133044624,7.014105587385677,8.560238795923816,3,9.979634806472179,0.0,2025,3,Open-Meteo (ERA5) + INE Padrón
2025-03-07,7.836812894676852,10.007552605788376,6.507744923767263,8.370291007422743,3,10.163187105323148,0.0,2025,3,Open-Meteo (ERA5) + INE Padrón
2025-03-08,7.661986072112613,9.645696540147389,5.7913271185969855,7.978413008498515,3,10.338013927887387,0.0,2025,3,Open-Meteo (ERA5) + INE Padrón
2025-03-09,6.509748534012315,8.827064722240014,4.587240913952613,6.986673785686065,3,11.490251465987685,0.0,2025,3,Open-Meteo (ERA5) + INE Padrón
2025-03-10,6.395932683369846,9.614882148203705,4.129960970509904,8.234483763194921,3,11.604067316630154,0.0,2025,3,Open-Meteo (ERA5) + INE Padrón
2025-03-11,7.174097674048086,9.79581619293392,5.561323246869732,8.021029970130423,3,10.825902325951914,0.0,2025,3,Open-Meteo (ERA5) + INE Padrón
2025-03-12,7.334049614353926,10.444377552981138,4.823050585901495,8.28991778921504,3,10.665950385646074,0.0,2025,3,Open-Meteo (ERA5) + INE Padrón
2025-03-13,6.388366188491707,8.546795063840454,4.857135984749091,7.40566923373777,3,11.611633811508293,0.0,2025,3,Open-Meteo (ERA5) + INE Padrón
2025-03-14,5.435102206482785,6.970409937058318,4.20567014054611,5.057526629746941,3,12.564897793517215,0.0,2025,3,Open-Meteo (ERA5) + INE Padrón
2025-03-15,5.012930105508872,8.257838038061616,1.7347693791255476,6.578612230847232,3,12.987069894491128,0.0,2025,3,Open-Meteo (ERA5) + INE Padrón
2025-03-16,4.903736119232211,8.198408815370836,2.7045020164433047,6.498799448890101,3,13.09626388076779,0.0,2025,3,Open-Meteo (ERA5) + INE Padrón
2025-03-17,5.122764820749245,6.971514710841777,3.4083086945472356,5.177205656326067,3,12.877235179250755,0.0,2025,3,Open-Meteo (ERA5) + INE Padrón
2025-03-18,6.564598076142975,9.110460900834884,4.804208629509564,7.652089590597844,3,11.435401923857025,0.0,2025,3,Open-Meteo (ERA5) + INE Padrón
2025-03-19,8.33266243290479,11.048223987169694,6.214658200979491,9.553735545302882,3,9.66733756709521,0.0,2025,3,Open-Meteo (ERA5) + INE Padrón
2025-03-20,8.935714370983787,11.099460047287186,7.602010474439828,9.639343234302975,3,9.064285629016213,0.0,2025,3,Open-Meteo (ERA5) + INE Padrón
2025-03-21,8.38715543865763,10.004400000505058,6.705285292234484,8.849738121786427,3,9.61284456134237,0.0,2025,3,Open-Meteo (ERA5) + INE Padrón
2025-03-22,6.837573408430838,9.305967499070809,4.769196271663249,7.51273713325055,3,11.162426591569162,0.0,2025,3,Open-Meteo (ERA5) + INE Padrón
2025-03-23,6.294551275649762,9.087007066447471,4.04078198330233,7.377146719523262,3,11.705448724350237,0.0,2025,3,Open-Meteo (ERA5) + INE Padrón
2025-03-24,6.397678186117017,10.346406858042252,3.8237589294794665,9.59887640707384,3,11.602321813882984,0.0,2025,3,Open-Meteo (ERA5) + INE Padrón
2025-03-25,7.381170038731048,10.941812008529967,4.02420378210245,9.939928183075192,3,10.618829961268952,0.0,2025,3,Open-Meteo (ERA5) + INE Padrón
2025-03-26,7.435937250699448,10.955800078146217,3.963261079074376,10.42671180735626,3,10.564062749300552,0.0,2025,3,Open-Meteo (ERA5) + INE Padrón
2025-03-27,7.300444359043761,10.616399450910333,3.6739375305473887,10.269704497562751,3,10.69955564095624,0.0,2025,3,Open-Meteo (ERA5) + INE Padrón
2025-03-28,8.063462298697157,11.969354010400059,4.6691396363170545,11.715887448555844,3,9.936537701302843,0.0,2025,3,Open-Meteo (ERA5) + INE Padrón
2025-03-29,8.354843665094329,12.37994832110749,4.995178861631837,10.933221032581509,3,9.645156334905671,0.0,2025,3,Open-Meteo (ERA5) + INE Padrón
2025-03-30,7.850228504223087,13.185682781913512,3.2727756565349777,12.002824765371951,3,10.149771495776914,0.0,2025,3,Open-Meteo (ERA5) + INE Padrón
2025-03-31,9.614870124384261,14.757880835971687,5.060144883867696,14.74330624501686,3,8.385129875615739,0.0,2025,3,Open-Meteo (ERA5) + INE Padrón
2025-04-01,9.653045073884218,13.962130392381708,5.828997876920626,13.705473116346724,3,8.346954926115782,0.0,2025,4,Open-Meteo (ERA5) + INE Padrón
2025-04-02,9.549591787025387,11.905042778396473,7.46507237134054,10.930876984676317,3,8.450408212974613,0.0,2025,4,Open-Meteo (ERA5) + INE Padrón
2025-04-03,8.344318478435294,9.681771487971474,7.233214581615849,8.529521926051732,3,9.655681521564706,0.0,2025,4,Open-Meteo (ERA5) + INE Padrón
2025-04-04,9.323460635449962,11.860964506603286,8.022382865041436,10.147161133184433,3,8.676539364550038,0.0,2025,4,Open-Meteo (ERA5) + INE Padrón
2025-04-05,9.437997507769282,12.587113002323036,7.219758825713043,11.576709637903395,3,8.562002492230718,0.0,2025,4,Open-Meteo (ERA5) + INE Padrón
2025-04-06,10.312241166481517,14.198854092701524,7.014692108724254,13.97187831228964,3,7.687758833518483,0.0,2025,4,Open-Meteo (ERA5) + INE Padrón
2025-04-07,10.365617374631451,14.544472394802773,6.568633419170204,14.715441689124521,3,7.6343826253685485,0.0,2025,4,Open-Meteo (ERA5) + INE Padrón
2025-04-08,10.73824471060991,14.73124353038164,6.57801368568921,14.931974613039628,3,7.26175528939009,0.0,2025,4,Open-Meteo (ERA5) + INE Padrón
2025-04-09,10.708523068630239,14.322200808918954,6.689619988764759,14.772881362838811,3,7.291476931369761,0.0,2025,4,Open-Meteo (ERA5) + INE Padrón
2025-04-10,10.69071761712807,13.889571790179703,7.574280418885764,13.307161518864943,3,7.309282382871929,0.0,2025,4,Open-Meteo (ERA5) + INE Padrón
2025-04-11,9.523959695698078,12.28893151462016,7.375469485669788,11.427096213742303,3,8.476040304301922,0.0,2025,4,Open-Meteo (ERA5) + INE Padrón
2025-04-12,9.73193089684263,12.463443984612265,7.276325748053748,12.5537277456033,3,8.26806910315737,0.0,2025,4,Open-Meteo (ERA5) + INE Padrón
2025-04-13,10.016564312110116,12.628071996909046,7.941425162944276,13.502928262047867,3,7.983435687889884,0.0,2025,4,Open-Meteo (ERA5) + INE Padrón
2025-04-14,9.666964874606771,11.775643047638201,7.602256558118265,11.333387678701506,3,8.333035125393229,0.0,2025,4,Open-Meteo (ERA5) + INE Padrón
2025-04-15,8.389745570241258,10.291883692303172,6.705843691035936,8.760218696918711,3,9.610254429758742,0.0,2025,4,Open-Meteo (ERA5) + INE Padrón
2025-04-16,7.208481326750134,9.910052773949669,4.786280701488566,7.925389261828167,3,10.791518673249865,0.0,2025,4,Open-Meteo (ERA5) + INE Padrón
2025-04-17,9.164542031943988,13.301158637050994,5.475129036531062,11.755926302423566,3,8.835457968056012,0.0,2025,4,Open-Meteo (ERA5) + INE Padrón
2025-04-18,9.829615361746509,13.570945292597207,6.667178611628221,12.804982722431477,3,8.170384638253491,0.0,2025,4,Open-Meteo (ERA5) + INE Padrón
2025-04-19,9.06132076749503,10.995458347997227,7.297319876297569,9.032909836620686,3,8.93867923250497,0.0,2025,4,Open-Meteo (ERA5) + INE Padrón
2025-04-20,8.288432431414872,11.953386378177646,5.24931223752777,10.293342965015334,3,9.711567568585128,0.0,2025,4,Open-Meteo (ERA5) + INE Padrón
2025-04-21,9.459580194800797,12.828883372280176,6.076615324096744,12.22963475481854,3,8.540419805199203,0.0,2025,4,Open-Meteo (ERA5) + INE Padrón
2025-04-22,10.025590079700418,13.280056093556908,7.277224584515341,13.06037463925672,3,7.974409920299582,0.0,2025,4,Open-Meteo (ERA5) + INE Padrón
2025-04-23,10.130162201611272,13.956827652695619,6.186682061746991,14.060567169589458,3,7.869837798388728,0.0,2025,4,Open-Meteo (ERA5) + INE Padrón
2025-04-24,11.409153093811963,15.416180129556512,7.282120655096711,15.879117311614012,3,6.5908469061880375,0.0,2025,4,Open-Meteo (ERA5) + INE Padrón
2025-04-25,11.961215055451902,15.994993017575784,7.972033617566094,15.958057342197558,3,6.038784944548098,0.0,2025,4,Open-Meteo (ERA5) + INE Padrón
2025-04-26,11.640178278519638,14.524949563090559,9.07962042380319,14.043754908530587,3,6.359821721480362,0.0,2025,4,Open-Meteo (ERA5) + INE Padrón
2025-04-27,10.713185079352616,14.250813211944983,6.5789125221508025,13.568180514318733,3,7.286814920647384,0.0,2025,4,Open-Meteo (ERA5) + INE Padrón
2025-04-28,11.239002343238665,14.983783133227133,7.139333437329327,14.498404574033096,3,6.760997656761335,0.0,2025,4,Open-Meteo (ERA5) + INE Padrón
2025-04-29,11.263761683192389,14.3879713136347,7.687140057351609,13.782246913809818,3,6.736238316807611,0.0,2025,4,Open-Meteo (ERA5) + INE Padrón
2025-04-30,11.204304337964484,14.339571468779278,8.240959545558166,12.885481585247904,3,6.7956956620355164,0.0,2025,4,Open-Meteo (ERA5) + INE Padrón
2025-05-01,11.630511781965625,14.759071108007301,9.110281048601024,14.372810201341295,3,6.369488218034375,0.0,2025,5,Open-Meteo (ERA5) + INE Padrón
2025-05-02,11.41172916412703,13.65966340307493,9.942246145892376,13.844374683334493,3,6.5882708358729705,0.0,2025,5,Open-Meteo (ERA5) + INE Padrón
2025-05-03,11.525925598786209,14.509746266991465,8.732937494275054,14.564771586457748,3,6.474074401213791,0.0,2025,5,Open-Meteo (ERA5) + INE Padrón
2025-05-04,11.269048324160796,13.463114187601887,9.295250436358469,12.813313553432934,3,6.730951675839204,0.0,2025,5,Open-Meteo (ERA5) + INE Padrón
2025-05-05,10.504353150653923,13.707869334427931,8.155051565254503,13.568286892119882,3,7.495646849346077,0.0,2025,5,Open-Meteo (ERA5) + INE Padrón
2025-05-06,9.304630702877475,12.216273352897437,6.704452687217469,11.376999868225827,3,8.695369297122525,0.0,2025,5,Open-Meteo (ERA5) + INE Padrón
2025-05-07,9.645490602825523,12.983806779115493,6.305769361448524,13.049305115064795,3,8.354509397174477,0.0,2025,5,Open-Meteo (ERA5) + INE Padrón
2025-05-08,9.797495464236512,12.262999131989282,7.38594046470369,11.84435818286628,3,8.202504535763488,0.0,2025,5,Open-Meteo (ERA5) + INE Padrón
2025-05-09,10.022399365509647,12.34551046078031,7.3732490449242025,11.817647402843521,3,7.9776006344903525,0.0,2025,5,Open-Meteo (ERA5) + INE Padrón
2025-05-10,10.316344778402442,12.693310187911349,8.027099083388947,12.215498123595452,3,7.683655221597558,0.0,2025,5,Open-Meteo (ERA5) + INE Padrón
2025-05-11,10.4873401578122,13.769249997187748,7.3956362144356085,12.96771667037425,3,7.5126598421878,0.0,2025,5,Open-Meteo (ERA5) + INE Padrón
2025-05-12,10.20217442883127,13.572977025379384,6.387439229492989,12.922970453888567,3,7.79782557116873,0.0,2025,5,Open-Meteo (ERA5) + INE Padrón
2025-05-13,10.78598976523306,14.351594037057929,6.907802023996215,14.810127315890933,3,7.21401023476694,0.0,2025,5,Open-Meteo (ERA5) + INE Padrón
2025-05-14,10.881822349588619,14.404603722459715,8.076918054599963,14.36726137797677,3,7.118177650411381,0.0,2025,5,Open-Meteo (ERA5) + INE Padrón
2025-05-15,11.149563211084091,14.490795895349265,8.219364834707205,14.058699190323459,3,6.850436788915909,0.0,2025,5,Open-Meteo (ERA5) + INE Padrón
2025-05-16,12.19664210593496,16.214180267069978,7.953613522188223,16.092389214995535,3,5.803357894065041,0.0,2025,5,Open-Meteo (ERA5) + INE Padrón
2025-05-17,12.951180652980058,16.811004543913285,8.460314623466775,16.87309216708139,3,5.048819347019942,0.0,2025,5,Open-Meteo (ERA5) + INE Padrón
2025-05-18,14.013952973837776,18.403437595630972,9.15048773088316,18.057355248709978,3,3.9860470261622236,0.0,2025,5,Open-Meteo (ERA5) + INE Padrón
2025-05-19,13.16389415756013,16.22846659054068,9.424896250795179,14.993731784917918,3,4.836105842439871,0.0,2025,5,Open-Meteo (ERA5) + INE Padrón
2025-05-20,13.492797720674105,17.78818119959035,9.214593025564879,17.309456237544296,3,4.507202279325895,0.0,2025,5,Open-Meteo (ERA5) + INE Padrón
2025-05-21,14.030585382662789,18.399087900031613,9.427826820038948,17.758147242487667,3,3.969414617337211,0.0,2025,5,Open-Meteo (ERA5) + INE Padrón
2025-05-22,13.709276436964078,16.108437139931084,11.009162225027588,15.84452568414098,3,4.290723563035922,0.0,2025,5,Open-Meteo (ERA5) + INE Padrón
2025-05-23,12.515607003728476,16.05548686769345,8.786013411121418,15.116237040388786,3,5.484392996271524,0.0,2025,5,Open-Meteo (ERA5) + INE Padrón
2025-05-24,13.292913304301692,17.536734346708872,8.501966517192512,16.946497435568972,3,4.707086695698308,0.0,2025,5,Open-Meteo (ERA5) + INE Padrón
2025-05-25,14.8920541607925,18.994873634536035,9.698199996923739,19.07814929945038,3,3.107945839207501,0.0,2025,5,Open-Meteo (ERA5) + INE Padrón
2025-05-26,15.522483692945972,19.18100404115119,11.383521002484656,19.114879037506743,3,2.477516307054028,0.0,2025,5,Open-Meteo (ERA5) + INE Padrón
2025-05-27,15.769828971355645,19.391387559094632,11.494254554186618,19.373908483984042,3,2.230171028644355,0.0,2025,5,Open-Meteo (ERA5) + INE Padrón
2025-05-28,16.80257935893012,21.02284018914874,11.893945131667422,21.301910719783137,3,1.197420641069879,0.0,2025,5,Open-Meteo (ERA5) + INE Padrón
2025-05-29,17.515752242284496,21.214219127824848,12.956989621291584,21.890402128175865,3,0.48424775771550443,0.0,2025,5,Open-Meteo (ERA5) + INE Padrón
2025-05-30,18.065442033482118,22.131245539134287,13.361928730833345,22.672235939133188,3,0.0,0.06544203348211752,2025,5,Open-Meteo (ERA5) + INE Padrón
2025-05-31,17.90233952534208,21.89070241947944,13.023713170094057,22.498376221924236,3,0.09766047465792127,0.0,2025,5,Open-Meteo (ERA5) + INE Padrón
2025-06-01,18.108278993704452,22.156331255479586,13.950992599296088,22.2154601868668,3,0.0,0.10827899370445238,2025,6,Open-Meteo (ERA5) + INE Padrón
2025-06-02,17.089802905781234,20.70262195596493,13.986821463441734,20.500431600594773,3,0.9101970942187663,0.0,2025,6,Open-Meteo (ERA5) + INE Padrón
2025-06-03,15.203696609937195,17.50898819243713,12.975599555273641,17.338291066881823,3,2.796303390062805,0.0,2025,6,Open-Meteo (ERA5) + INE Padrón
2025-06-04,15.00817391298359,18.53208614472615,11.537815704175703,18.465128536064686,3,2.9918260870164097,0.0,2025,6,Open-Meteo (ERA5) + INE Padrón
2025-06-05,15.567870638395366,19.06883730182507,11.612992560498464,19.314995476289027,3,2.432129361604634,0.0,2025,6,Open-Meteo (ERA5) + INE Padrón
2025-06-06,16.49167312337162,20.02608445668521,12.534477082657531,20.024064747722477,3,1.5083268766283808,0.0,2025,6,Open-Meteo (ERA5) + INE Padrón
2025-06-07,16.86548552584668,20.31632090294235,12.392084510175422,20.181126265141117,3,1.1345144741533204,0.0,2025,6,Open-Meteo (ERA5) + INE Padrón
2025-06-08,17.470583257976415,21.293745679746976,13.321421757247638,21.23465485726722,3,0.5294167420235851,0.0,2025,6,Open-Meteo (ERA5) + INE Padrón
2025-06-09,17.876395118891754,22.311022639905033,13.718548288232817,23.228143405196175,3,0.12360488110824619,0.0,2025,6,Open-Meteo (ERA5) + INE Padrón
2025-06-10,18.570303278031798,22.169992948704262,14.722982098914652,22.720567515094913,3,0.0,0.5703032780317976,2025,6,Open-Meteo (ERA5) + INE Padrón
2025-06-11,16.957132168119053,20.73595617314943,13.351961942975759,21.350718364384058,3,1.0428678318809474,0.0,2025,6,Open-Meteo (ERA5) + INE Padrón
2025-06-12,16.07125854896432,19.347893771190904,12.69238322891263,20.237310566015992,3,1.9287414510356804,0.0,2025,6,Open-Meteo (ERA5) + INE Padrón
2025-06-13,17.09326578873845,20.602059091993297,13.174270782612329,21.573686924305836,3,0.9067342112615506,0.0,2025,6,Open-Meteo (ERA5) + INE Padrón
2025-06-14,18.2166403749641,21.700087816926647,14.043606346923749,22.76080028246506,3,0.0,0.2166403749641006,2025,6,Open-Meteo (ERA5) + INE Padrón
2025-06-15,19.07491843890304,22.47127283406532,15.099384632973342,23.462357266645498,3,0.0,1.0749184389030404,2025,6,Open-Meteo (ERA5) + INE Padrón
2025-06-16,18.72301509985108,22.77630386986772,14.477448554696728,23.57779501287553,3,0.0,0.7230150998510787,2025,6,Open-Meteo (ERA5) + INE Padrón
2025-06-17,19.473490181331826,22.939472609452338,15.849627692044216,24.405204477245654,3,0.0,1.473490181331826,2025,6,Open-Meteo (ERA5) + INE Padrón
2025-06-18,19.55677990751473,23.177998057593577,15.29958340191789,23.809638741331657,3,0.0,1.5567799075147306,2025,6,Open-Meteo (ERA5) + INE Padrón
2025-06-19,19.590550953790196,23.242649727257305,15.535544803563504,23.93137558578097,3,0.0,1.5905509537901956,2025,6,Open-Meteo (ERA5) + INE Padrón
2025-06-20,20.020561718408693,23.890896734732387,15.362203338799436,24.985420392902835,3,0.0,2.0205617184086933,2025,6,Open-Meteo (ERA5) + INE Padrón
2025-06-21,20.465407218929016,24.23291561608903,16.25073535843149,24.713083752129563,3,0.0,2.465407218929016,2025,6,Open-Meteo (ERA5) + INE Padrón
2025-06-22,19.897897914960662,23.676163521189583,15.994364312431516,24.838337687161225,3,0.0,1.8978979149606623,2025,6,Open-Meteo (ERA5) + INE Padrón
2025-06-23,20.12922339097191,24.04560014297727,15.94717765660982,24.82373701111839,3,0.0,2.1292233909719087,2025,6,Open-Meteo (ERA5) + INE Padrón
2025-06-24,20.154841421030653,23.232136564417715,16.81043208384327,23.808343222135676,3,0.0,2.1548414210306532,2025,6,Open-Meteo (ERA5) + INE Padrón
2025-06-25,17.908078187310792,21.05296963087391,14.703170999718317,21.314575147666275,3,0.09192181268920763,0.0,2025,6,Open-Meteo (ERA5) + INE Padrón
2025-06-26,18.43423588885698,22.066265455629868,14.421113654765897,23.079244890364574,3,0.0,0.4342358888569784,2025,6,Open-Meteo (ERA5) + INE Padrón
2025-06-27,19.836136668184135,24.071218173036016,14.96450434774424,24.621846947051804,3,0.0,1.8361366681841353,2025,6,Open-Meteo (ERA5) + INE Padrón
2025-06-28,21.05451123374833,25.16491126363857,16.21052867614936,26.053741537125077,3,0.0,3.054511233748329,2025,6,Open-Meteo (ERA5) + INE Padrón
2025-06-29,21.729809458906317,25.934010340369937,17.221137977890866,26.130649834926444,3,0.0,3.729809458906317,2025,6,Open-Meteo (ERA5) + INE Padrón
2025-06-30,21.557300599159262,24.798937524808096,17.34144367216514,25.626593072856654,3,0.0,3.5573005991592623,2025,6,Open-Meteo (ERA5) + INE Padrón
2025-07-01,21.206842471550896,24.641397901301143,16.72935190522728,25.533078451318282,3,0.0,3.206842471550896,2025,7,Open-Meteo (ERA5) + INE Padrón
2025-07-02,20.880024848844233,24.697704678694848,17.050182744837677,25.812517542149944,3,0.0,2.880024848844233,2025,7,Open-Meteo (ERA5) + INE Padrón
2025-07-03,20.549882011608524,24.29492294654399,16.927791110156093,25.31898596673919,3,0.0,2.549882011608524,2025,7,Open-Meteo (ERA5) + INE Padrón
2025-07-04,20.114062278678503,24.115800636005524,15.77851226383669,25.297717632279806,3,0.0,2.114062278678503,2025,7,Open-Meteo (ERA5) + INE Padrón
2025-07-05,20.21022123942564,23.630788599559637,16.39233547225316,25.44256266791737,3,0.0,2.210221239425639,2025,7,Open-Meteo (ERA5) + INE Padrón
2025-07-06,19.62877807346617,23.582729192364354,15.488616255239688,24.52653261514113,3,0.0,1.6287780734661688,2025,7,Open-Meteo (ERA5) + INE Padrón
2025-07-07,19.15745585278208,22.783323989763854,15.404247840361329,24.184936501606884,3,0.0,1.1574558527820784,2025,7,Open-Meteo (ERA5) + INE Padrón
2025-07-08,17.885513203014643,22.03898425298621,13.699662110586079,23.141156736197058,3,0.11448679698535713,0.0,2025,7,Open-Meteo (ERA5) + INE Padrón
2025-07-09,19.55247035827194,22.60035821225146,16.17941603035122,23.41820959531784,3,0.0,1.5524703582719397,2025,7,Open-Meteo (ERA5) + INE Padrón
2025-07-10,19.584796193103802,22.543012892518874,16.024712622106335,23.323588162546887,3,0.0,1.5847961931038022,2025,7,Open-Meteo (ERA5) + INE Padrón
2025-07-11,18.572100950954983,21.278868760039458,15.464197352946107,22.096651874212135,3,0.0,0.572100950954983,2025,7,Open-Meteo (ERA5) + INE Padrón
2025-07-12,16.544188603967413,19.58018635255744,13.322646970100806,20.661294401181653,3,1.455811396032587,0.0,2025,7,Open-Meteo (ERA5) + INE Padrón
2025-07-13,17.580470143392798,21.350909109796582,13.491898884212512,21.75089794113184,3,0.4195298566072019,0.0,2025,7,Open-Meteo (ERA5) + INE Padrón
2025-07-14,19.083111601476332,22.845617550253827,14.813998905401984,23.77872999540627,3,0.0,1.0831116014763325,2025,7,Open-Meteo (ERA5) + INE Padrón
2025-07-15,19.853956180954867,23.551510168765066,15.132963803195501,24.507350221089055,3,0.0,1.8539561809548672,2025,7,Open-Meteo (ERA5) + INE Padrón
2025-07-16,20.46371592380698,24.600320505094544,15.746486720308397,25.532288030106955,3,0.0,2.46371592380698,2025,7,Open-Meteo (ERA5) + INE Padrón
2025-07-17,21.074348418032677,24.473893527385727,16.852968752762035,25.001180050354264,3,0.0,3.0743484180326774,2025,7,Open-Meteo (ERA5) + INE Padrón
2025-07-18,19.636890943326314,22.635300263754964,15.892150299694416,23.173930517130987,3,0.0,1.6368909433263141,2025,7,Open-Meteo (ERA5) + INE Padrón
2025-07-19,18.50477681954537,21.4609216398217,15.382830944295108,22.260326842422195,3,0.0,0.5047768195453699,2025,7,Open-Meteo (ERA5) + INE Padrón
2025-07-20,18.375185212733793,22.16672672263166,14.340141891400174,21.900568741007962,3,0.0,0.37518521273379335,2025,7,Open-Meteo (ERA5) + INE Padrón
2025-07-21,18.00317252063104,21.18510805482265,14.573891708029754,21.40207690102038,3,0.0,0.003172520631039788,2025,7,Open-Meteo (ERA5) + INE Padrón
2025-07-22,18.55376318573937,22.14236927095135,14.222302721549923,22.068157482534755,3,0.0,0.5537631857393706,2025,7,Open-Meteo (ERA5) + INE Padrón
2025-07-23,18.69567765213317,21.615965485726722,15.356202494434607,22.31490217833729,3,0.0,0.6956776521331705,2025,7,Open-Meteo (ERA5) + INE Padrón
2025-07-24,16.06056960878911,19.16678191167595,12.93948242364387,19.115789897787778,3,1.939430391210891,0.0,2025,7,Open-Meteo (ERA5) + INE Padrón
2025-07-25,15.864760681800496,19.84840735759034,11.977232820401213,19.687268313338784,3,2.1352393181995044,0.0,2025,7,Open-Meteo (ERA5) + INE Padrón
2025-07-26,17.16034383646963,21.39278100211275,12.337929904633606,21.95764392942322,3,0.8396561635303712,0.0,2025,7,Open-Meteo (ERA5) + INE Padrón
2025-07-27,18.534867021722306,23.074092749734444,13.933839900577075,23.476917796331765,3,0.0,0.5348670217223059,2025,7,Open-Meteo (ERA5) + INE Padrón
2025-07-28,18.315211652510126,21.338094082857488,14.705242878857064,22.249405879837106,3,0.0,0.3152116525101256,2025,7,Open-Meteo (ERA5) + INE Padrón
2025-07-29,16.80200486141099,20.354481791173747,13.154814182344694,20.30962512198868,3,1.197995138589011,0.0,2025,7,Open-Meteo (ERA5) + INE Padrón
2025-07-30,17.47353991230819,21.153056426206348,13.585711759605339,21.641829599463904,3,0.5264600876918095,0.0,2025,7,Open-Meteo (ERA5) + INE Padrón
2025-07-31,18.354791667097114,22.20497718401345,14.247908727789223,22.710737265024726,3,0.0,0.35479166709711407,2025,7,Open-Meteo (ERA5) + INE Padrón
2025-08-01,18.27087527321906,21.464712936619605,15.098033775511444,22.914971376996498,3,0.0,0.27087527321905824,2025,8,Open-Meteo (ERA5) + INE Padrón
2025-08-02,18.446560785888316,22.4879193041589,14.78273769799701,23.66664558624241,3,0.0,0.44656078588831605,2025,8,Open-Meteo (ERA5) + INE Padrón
2025-08-03,19.233765605425425,23.04375850132819,15.367506078485524,23.588019908230994,3,0.0,1.2337656054254253,2025,8,Open-Meteo (ERA5) + INE Padrón
2025-08-04,19.86621280909251,24.03597583022895,15.898339852022653,24.802142300267427,3,0.0,1.8662128090925094,2025,8,Open-Meteo (ERA5) + INE Padrón
2025-08-05,20.681639851540552,24.537700568212994,16.194577142644626,25.75135687798056,3,0.0,2.6816398515405524,2025,8,Open-Meteo (ERA5) + INE Padrón
2025-08-06,20.19572897863307,23.52916314561023,16.41020919264902,24.448287521146426,3,0.0,2.1957289786330705,2025,8,Open-Meteo (ERA5) + INE Padrón
2025-08-07,20.30729513535205,24.25571149215427,15.743023837351185,24.862238337009924,3,0.0,2.3072951353520494,2025,8,Open-Meteo (ERA5) + INE Padrón
2025-08-08,20.39965077548183,24.01068417656178,15.89748116191763,25.25054503772667,3,0.0,2.399650775481831,2025,8,Open-Meteo (ERA5) + INE Padrón
2025-08-09,20.632707692971685,24.142073456296544,16.30646967575518,25.446886278428728,3,0.0,2.6327076929716853,2025,8,Open-Meteo (ERA5) + INE Padrón
2025-08-10,21.104029913655776,24.9399531547403,16.71484558316615,25.855806523372582,3,0.0,3.1040299136557756,2025,8,Open-Meteo (ERA5) + INE Padrón
2025-08-11,21.78407044224928,25.89101961300175,17.5390643333455,26.557223801675736,3,0.0,3.7840704422492806,2025,8,Open-Meteo (ERA5) + INE Padrón
2025-08-12,21.461522222428837,24.998537748594615,17.905882701012434,26.412092536003158,3,0.0,3.4615222224288367,2025,8,Open-Meteo (ERA5) + INE Padrón
2025-08-13,20.646055033624222,23.902266550227882,16.90537785555668,24.973682017210074,3,0.0,2.646055033624222,2025,8,Open-Meteo (ERA5) + INE Padrón
2025-08-14,20.702513540714662,24.576571584942574,16.297049262879607,25.474507918732524,3,0.0,2.702513540714662,2025,8,Open-Meteo (ERA5) + INE Padrón
2025-08-15,21.340603921727975,25.608037346499728,16.716577024644756,26.077327834401643,3,0.0,3.3406039217279755,2025,8,Open-Meteo (ERA5) + INE Padrón
2025-08-16,22.18226160066135,27.214158176530105,16.916421294660598,27.235712741024493,3,0.0,4.182261600661349,2025,8,Open-Meteo (ERA5) + INE Padrón
2025-08-17,22.175347858566365,26.59512658240925,17.43390569009607,26.75236591461263,3,0.0,4.175347858566365,2025,8,Open-Meteo (ERA5) + INE Padrón
2025-08-18,21.09826109170082,24.037759441883573,17.523657137373657,24.222468684694014,3,0.0,3.09826109170082,2025,8,Open-Meteo (ERA5) + INE Padrón
2025-08-19,19.10900180030152,21.956198717979625,16.01387308287517,22.570932786677126,3,0.0,1.1090018003015203,2025,8,Open-Meteo (ERA5) + INE Padrón
2025-08-20,17.430102369478714,20.316332926761795,14.042281574549861,20.71048670469752,3,0.569897630521286,0.0,2025,8,Open-Meteo (ERA5) + INE Padrón
2025-08-21,16.727454672783377,20.635037679608313,13.153969553508233,20.754728730006885,3,1.2725453272166227,0.0,2025,8,Open-Meteo (ERA5) + INE Padrón
2025-08-22,17.197631973327436,20.732383744301167,13.27483364658396,21.486593877505577,3,0.8023680266725641,0.0,2025,8,Open-Meteo (ERA5) + INE Padrón
2025-08-23,17.948107054808183,21.46881654854053,14.010201823396436,22.132783067110473,3,0.051892945191816864,0.0,2025,8,Open-Meteo (ERA5) + INE Padrón
2025-08-24,18.65983472671896,22.118236598692775,14.387204940062265,22.645497036573303,3,0.0,0.6598347267189588,2025,8,Open-Meteo (ERA5) + INE Padrón
2025-08-25,19.0032988195192,22.292150523526857,16.153211478953896,23.172567635849646,3,0.0,1.0032988195191983,2025,8,Open-Meteo (ERA5) + INE Padrón
2025-08-26,19.37648455429911,22.867172114748215,15.82663993992567,24.321766189455907,3,0.0,1.376484554299111,2025,8,Open-Meteo (ERA5) + INE Padrón
2025-08-27,19.09970386394477,22.124263528145605,16.07248579926661,22.762597955388244,3,0.0,1.0997038639447716,2025,8,Open-Meteo (ERA5) + INE Padrón
2025-08-28,16.725408878732637,19.327904857209827,13.887197582288264,19.990371956711037,3,1.2745911212673633,0.0,2025,8,Open-Meteo (ERA5) + INE Padrón
2025-08-29,16.529353868065584,21.196217725371145,12.687841657259966,19.40624430518623,3,1.4706461319344157,0.0,2025,8,Open-Meteo (ERA5) + INE Padrón
2025-08-30,17.341031797521406,20.76503595552461,13.4156433391943,20.710540912322653,3,0.6589682024785937,0.0,2025,8,Open-Meteo (ERA5) + INE Padrón
2025-08-31,17.24832165846292,20.28020173386346,13.611057620897638,20.038090926246177,3,0.7516783415370796,0.0,2025,8,Open-Meteo (ERA5) + INE Padrón
2025-09-01,15.503869684065679,19.009418065504622,12.448048812459868,17.841392747415767,3,2.4961303159343213,0.0,2025,9,Open-Meteo (ERA5) + INE Padrón
2025-09-02,15.303699037658257,19.202582653284473,11.029257516809816,18.085002974101783,3,2.696300962341743,0.0,2025,9,Open-Meteo (ERA5) + INE Padrón
2025-09-03,16.49728817818072,20.7719757827076,11.57673776044052,20.44476351471566,3,1.502711821819279,0.0,2025,9,Open-Meteo (ERA5) + INE Padrón
2025-09-04,17.296395126926768,21.296986526664643,13.24248172666409,20.554936630167056,3,0.7036048730732318,0.0,2025,9,Open-Meteo (ERA5) + INE Padrón
2025-09-05,16.712839935471976,20.57413716038593,13.01295392357603,20.782706906688503,3,1.287160064528024,0.0,2025,9,Open-Meteo (ERA5) + INE Padrón
2025-09-06,17.21130772782067,21.033216814200937,13.384762715806037,21.179192708709973,3,0.788692272179329,0.0,2025,9,Open-Meteo (ERA5) + INE Padrón
2025-09-07,17.24886803344493,19.832671747777802,14.752457657215887,20.314517117671812,3,0.7511319665550715,0.0,2025,9,Open-Meteo (ERA5) + INE Padrón
2025-09-08,16.852368170154897,19.506987021391723,14.343959273286092,20.510067937162543,3,1.1476318298451034,0.0,2025,9,Open-Meteo (ERA5) + INE Padrón
2025-09-09,15.437380195122199,18.48990397473609,12.523772043764636,18.906565361252927,3,2.5626198048778015,0.0,2025,9,Open-Meteo (ERA5) + INE Padrón
2025-09-10,15.597904595498052,19.32809673326313,12.037262625699132,18.524420090327293,3,2.4020954045019476,0.0,2025,9,Open-Meteo (ERA5) + INE Padrón
2025-09-11,16.074884054796936,19.580240560182574,12.44517245084123,18.977160499566452,3,1.9251159452030642,0.0,2025,9,Open-Meteo (ERA5) + INE Padrón
2025-09-12,16.610353753968432,19.849987069372215,12.853602565877331,20.4478024992097,3,1.3896462460315675,0.0,2025,9,Open-Meteo (ERA5) + INE Padrón
2025-09-13,16.79303330144582,19.913806134018927,13.560353874493593,20.43114196784756,3,1.2069666985541794,0.0,2025,9,Open-Meteo (ERA5) + INE Padrón
2025-09-14,16.69218420743918,20.019251007303364,13.010841898080713,20.459718689687204,3,1.3078157925608203,0.0,2025,9,Open-Meteo (ERA5) + INE Padrón
2025-09-15,17.417573572574625,21.432100871752738,13.207237346407902,22.099203896888316,3,0.582426427425375,0.0,2025,9,Open-Meteo (ERA5) + INE Padrón
2025-09-16,17.80272970545717,21.365471676931968,14.004026332336764,21.573741131930973,3,0.19727029454282885,0.0,2025,9,Open-Meteo (ERA5) + INE Padrón
2025-09-17,18.009255695158124,21.91863841235537,13.670134382108833,22.488463641691787,3,0.0,0.00925569515812441,2025,9,Open-Meteo (ERA5) + INE Padrón
2025-09-18,18.118217659024914,22.27610463604042,13.649152277684458,23.04983760095704,3,0.0,0.11821765902491421,2025,9,Open-Meteo (ERA5) + INE Padrón
2025-09-19,18.149098282413174,21.750533455832812,14.29858638910526,21.90755278944576,3,0.0,0.14909828241317413,2025,9,Open-Meteo (ERA5) + INE Padrón
2025-09-20,17.432394247207892,20.60268575968844,14.331404391293997,21.18299602932733,3,0.5676057527921081,0.0,2025,9,Open-Meteo (ERA5) + INE Padrón
2025-09-21,15.762246377759825,18.50774753514571,13.295543582241892,18.758868011635613,3,2.2377536222401755,0.0,2025,9,Open-Meteo (ERA5) + INE Padrón
2025-09-22,12.488842016080582,15.551290399746367,8.9654480367829,14.667926619462127,3,5.511157983919418,0.0,2025,9,Open-Meteo (ERA5) + INE Padrón
2025-09-23,12.10519936353533,15.729634312892953,8.448098141685703,14.314045755253117,3,5.8948006364646695,0.0,2025,9,Open-Meteo (ERA5) + INE Padrón
2025-09-24,11.627115130452989,15.25681267314013,8.005816687661001,13.996499983815193,3,6.372884869547011,0.0,2025,9,Open-Meteo (ERA5) + INE Padrón
2025-09-25,12.523253791319755,16.148289323284523,8.970450485165419,15.273404935608573,3,5.476746208680245,0.0,2025,9,Open-Meteo (ERA5) + INE Padrón
2025-09-26,13.234409003160513,17.352675819232463,8.770566068793006,16.554699729357885,3,4.765590996839487,0.0,2025,9,Open-Meteo (ERA5) + INE Padrón
2025-09-27,14.05711631045169,17.718893604292255,9.711547337576278,16.820981318141193,3,3.94288368954831,0.0,2025,9,Open-Meteo (ERA5) + INE Padrón
2025-09-28,13.600000120525157,15.822016038110744,11.343040113986955,15.608181661029533,3,4.3999998794748425,0.0,2025,9,Open-Meteo (ERA5) + INE Padrón
2025-09-29,13.393627897970058,15.894662176014023,11.18978395463479,14.996477721096516,3,4.606372102029942,0.0,2025,9,Open-Meteo (ERA5) + INE Padrón
2025-09-30,13.33219302758511,16.297023177791598,10.61528061585831,16.14053412044297,3,4.6678069724148905,0.0,2025,9,Open-Meteo (ERA5) + INE Padrón
2025-10-01,14.181731553968756,17.857797208729142,10.556956166950991,18.101351190340907,3,3.8182684460312437,0.0,2025,10,Open-Meteo (ERA5) + INE Padrón
2025-10-02,14.48852011633777,18.22548832776966,10.790871774545867,17.688639648599143,3,3.511479883662229,0.0,2025,10,Open-Meteo (ERA5) + INE Padrón
2025-10-03,14.473659295347934,18.202134052902966,10.422416319382029,17.917498600186367,3,3.526340704652066,0.0,2025,10,Open-Meteo (ERA5) + INE Padrón
2025-10-04,15.20197922972715,19.91778930687014,11.06388929063942,19.735694243282218,3,2.7980207702728492,0.0,2025,10,Open-Meteo (ERA5) + INE Padrón
2025-10-05,14.173864767787045,16.457902077096158,11.58767482174329,16.016559605889615,3,3.8261352322129554,0.0,2025,10,Open-Meteo (ERA5) + INE Padrón
2025-10-06,12.843964191860442,16.72445787209503,9.190446292037741,16.56544491460735,3,5.156035808139558,0.0,2025,10,Open-Meteo (ERA5) + INE Padrón
2025-10-07,13.977537588353549,17.818437192732585,9.46746104225107,17.825743542663723,3,4.022462411646451,0.0,2025,10,Open-Meteo (ERA5) + INE Padrón
2025-10-08,14.528140277281329,18.038078500676203,10.960490211405721,18.387936045677428,3,3.471859722718671,0.0,2025,10,Open-Meteo (ERA5) + INE Padrón
2025-10-09,13.74062314262121,16.456376572939416,11.575758631265789,16.049377608078355,3,4.25937685737879,0.0,2025,10,Open-Meteo (ERA5) + INE Padrón
2025-10-10,12.716257793673323,15.348054683756907,10.126384966081925,14.69142060020611,3,5.283742206326677,0.0,2025,10,Open-Meteo (ERA5) + INE Padrón
2025-10-11,13.17157427322755,15.812737368561574,10.723847934439823,14.834167671616921,3,4.8284257267724495,0.0,2025,10,Open-Meteo (ERA5) + INE Padrón
2025-10-12,13.152117672959918,15.618207862051266,10.593958073773795,15.397393511430492,3,4.847882327040082,0.0,2025,10,Open-Meteo (ERA5) + INE Padrón
2025-10-13,12.80310475679515,15.141282610377514,10.961921361580757,15.418921990836873,3,5.19689524320485,0.0,2025,10,Open-Meteo (ERA5) + INE Padrón
2025-10-14,12.751854635409098,16.15573537909295,9.819882633747918,16.582555429520674,3,5.248145364590902,0.0,2025,10,Open-Meteo (ERA5) + INE Padrón
2025-10-15,13.064778542481216,16.31309718781516,9.71304675664501,16.279884540341147,3,4.935221457518784,0.0,2025,10,Open-Meteo (ERA5) + INE Padrón
2025-10-16,12.748391752451884,15.707180911936971,9.688507415281718,15.988909843048694,3,5.251608247548116,0.0,2025,10,Open-Meteo (ERA5) + INE Padrón
2025-10-17,12.473682941236294,15.392565709742819,9.706012575480315,15.511724446427944,3,5.526317058763706,0.0,2025,10,Open-Meteo (ERA5) + INE Padrón
2025-10-18,12.302633354201404,16.066378577100632,8.331449243871067,15.761061311263225,3,5.697366645798596,0.0,2025,10,Open-Meteo (ERA5) + INE Padrón
2025-10-19,12.582590697477947,16.157807258231696,8.922298761437553,15.029782685103113,3,5.417409302522053,0.0,2025,10,Open-Meteo (ERA5) + INE Padrón
2025-10-20,13.503760867064882,16.003115873806255,11.434390539853997,14.730546556343675,3,4.496239132935118,0.0,2025,10,Open-Meteo (ERA5) + INE Padrón
2025-10-21,13.077047194438304,16.345094608806328,10.630507959596294,15.221980167527676,3,4.922952805561696,0.0,2025,10,Open-Meteo (ERA5) + INE Padrón
2025-10-22,13.853998996082817,16.54146193459639,11.584018025283653,15.318070859381116,3,4.146001003917183,0.0,2025,10,Open-Meteo (ERA5) + INE Padrón
2025-10-23,14.679350642582754,17.51141253305546,12.374685727777974,15.271631310324278,3,3.3206493574172455,0.0,2025,10,Open-Meteo (ERA5) + INE Padrón
2025-10-24,12.896779963759807,16.080158671945895,10.34153890999801,14.653280591523705,3,5.103220036240193,0.0,2025,10,Open-Meteo (ERA5) + INE Padrón
2025-10-25,13.103918559887344,16.12067766935105,10.832738461323018,15.030501669330848,3,4.896081440112656,0.0,2025,10,Open-Meteo (ERA5) + INE Padrón
2025-10-26,10.919410777749999,13.073830395159527,9.023393939122627,12.071019610706031,3,7.080589222250001,0.0,2025,10,Open-Meteo (ERA5) + INE Padrón
2025-10-27,8.803738569910447,12.880665807379676,4.806077739416342,11.656496334772518,3,9.196261430089553,0.0,2025,10,Open-Meteo (ERA5) + INE Padrón
2025-10-28,9.32727801733588,13.590035370116693,5.000427393692792,12.538606779666463,3,8.67272198266412,0.0,2025,10,Open-Meteo (ERA5) + INE Padrón
2025-10-29,9.971721704193609,12.72999774216202,7.803081994757958,12.496354303333588,3,8.028278295806391,0.0,2025,10,Open-Meteo (ERA5) + INE Padrón
2025-10-30,10.814498218179006,13.561444587008488,8.945612889947675,13.050488144112277,3,7.185501781820994,0.0,2025,10,Open-Meteo (ERA5) + INE Padrón
2025-10-31,10.549728072283873,13.3991606226169,8.101457395963257,12.637601955675667,3,7.450271927716127,0.0,2025,10,Open-Meteo (ERA5) + INE Padrón
2025-11-01,11.137933250641595,14.070735819870672,9.024346983209352,12.920503929464545,3,6.862066749358405,0.0,2025,11,Open-Meteo (ERA5) + INE Padrón
2025-11-02,11.319153525406819,14.235650062202462,8.98678464013598,13.197923311333474,3,6.6808464745931815,0.0,2025,11,Open-Meteo (ERA5) + INE Padrón
2025-11-03,9.346800849048092,12.84746722117423,5.880832482196139,11.90085683631329,3,8.653199150951908,0.0,2025,11,Open-Meteo (ERA5) + INE Padrón
2025-11-04,9.109940610940884,13.191177397652906,5.066578482425251,12.648141203603267,3,8.890059389059116,0.0,2025,11,Open-Meteo (ERA5) + INE Padrón
2025-11-05,10.252852090147309,12.902480516821065,8.057967682957766,12.77107717581774,3,7.747147909852691,0.0,2025,11,Open-Meteo (ERA5) + INE Padrón
2025-11-06,9.300172592027845,11.173175593448665,7.560670895837107,9.713536886552767,3,8.699827407972155,0.0,2025,11,Open-Meteo (ERA5) + INE Padrón
2025-11-07,8.480996436587581,11.04819382718345,6.474872713953392,9.60198479110235,3,9.519003563412419,0.0,2025,11,Open-Meteo (ERA5) + INE Padrón
2025-11-08,8.790157169398915,11.275483960167467,7.209122055713845,9.88516097110679,3,9.209842830601085,0.0,2025,11,Open-Meteo (ERA5) + INE Padrón
2025-11-09,7.337186120919563,11.088700800769157,4.259224163480784,9.908160747044782,3,10.662813879080437,0.0,2025,11,Open-Meteo (ERA5) + INE Padrón
2025-11-10,7.415267461398087,11.714153969628118,3.905002861611635,10.598946460887749,3,10.584732538601912,0.0,2025,11,Open-Meteo (ERA5) + INE Padrón
2025-11-11,8.166329064217411,12.04682070700288,5.146705616954515,11.542832213826784,3,9.833670935782589,0.0,2025,11,Open-Meteo (ERA5) + INE Padrón
2025-11-12,9.432722890620319,14.848550386518447,5.141102585964857,13.450412781452073,3,8.567277109379681,0.0,2025,11,Open-Meteo (ERA5) + INE Padrón
2025-11-13,10.186646793789718,11.727801601584229,8.392597884221006,11.556792160905909,3,7.813353206210282,0.0,2025,11,Open-Meteo (ERA5) + INE Padrón
2025-11-14,10.36786706855494,12.550835285266983,8.642027065588874,11.40347975647949,3,7.63213293144506,0.0,2025,11,Open-Meteo (ERA5) + INE Padrón
2025-11-15,9.603690147492951,11.970742976769406,7.882786361464824,10.264766243175693,3,8.396309852507049,0.0,2025,11,Open-Meteo (ERA5) + INE Padrón
2025-11-16,9.418406407163372,11.660777761478185,7.939911682606979,9.55500407260252,3,8.581593592836628,0.0,2025,11,Open-Meteo (ERA5) + INE Padrón
2025-11-17,8.298863264092203,10.811007212684665,6.583548447785172,9.960609996195997,3,9.701136735907797,0.0,2025,11,Open-Meteo (ERA5) + INE Padrón
2025-11-18,7.476742478139606,10.628381872832414,4.853891062933188,9.68302482336177,3,10.523257521860394,0.0,2025,11,Open-Meteo (ERA5) + INE Padrón
2025-11-19,5.756817821286212,9.091136763456404,2.946610786611468,7.000278103195707,3,12.243182178713788,0.0,2025,11,Open-Meteo (ERA5) + INE Padrón
2025-11-20,5.134228990226442,8.498856095714883,2.205747994059602,6.51835040313944,3,12.865771009773557,0.0,2025,11,Open-Meteo (ERA5) + INE Padrón
2025-11-21,4.9739908198855955,7.2847910793934805,3.143592756277237,4.092100373582079,3,13.026009180114404,0.0,2025,11,Open-Meteo (ERA5) + INE Padrón
2025-11-22,4.202765656390347,7.78931188628302,1.3946164395857883,5.359378975178016,3,13.797234343609652,0.0,2025,11,Open-Meteo (ERA5) + INE Padrón
2025-11-23,6.202822303215129,10.147147071915871,2.9891354317107894,8.454219425120243,3,11.797177696784871,0.0,2025,11,Open-Meteo (ERA5) + INE Padrón
2025-11-24,8.531047430208472,10.395762915074299,6.866436360305487,8.01181753202583,3,9.468952569791528,0.0,2025,11,Open-Meteo (ERA5) + INE Padrón
2025-11-25,7.597114403858457,9.886632267638397,4.973104007243447,8.167173693053872,3,10.402885596141543,0.0,2025,11,Open-Meteo (ERA5) + INE Padrón
2025-11-26,5.770139076850744,8.808114350597815,3.3827026883079347,5.405380564503114,3,12.229860923149257,0.0,2025,11,Open-Meteo (ERA5) + INE Padrón
2025-11-27,4.876332440069725,9.221887351676573,1.4353694968499315,7.174698256655227,3,13.123667559930276,0.0,2025,11,Open-Meteo (ERA5) + INE Padrón
2025-11-28,5.123105258409385,9.777998717612306,1.4126960973035194,8.019832879814377,3,12.876894741590615,0.0,2025,11,Open-Meteo (ERA5) + INE Padrón
2025-11-29,5.34596336563178,9.698444043153057,1.5834453930348396,7.7421513155493304,3,12.65403663436822,0.0,2025,11,Open-Meteo (ERA5) + INE Padrón
2025-11-30,6.351976888095489,9.111099592349477,4.418998289001884,6.642597086459239,3,11.64802311190451,0.0,2025,11,Open-Meteo (ERA5) + INE Padrón
2025-12-01,5.324434886225397,8.608502102991848,2.4734888555550736,7.084005789110357,3,12.675565113774603,0.0,2025,12,Open-Meteo (ERA5) + INE Padrón
2025-12-02,5.613417997092244,9.228813117591002,3.1441110087221187,7.055729358574286,3,12.386582002907755,0.0,2025,12,Open-Meteo (ERA5) + INE Padrón
2025-12-03,5.447631003386872,8.40726479170842,3.0566514391737076,6.10634898989586,3,12.55236899661313,0.0,2025,12,Open-Meteo (ERA5) + INE Padrón
2025-12-04,5.971264804794009,8.144634793845732,4.213385197031086,6.175759061712784,3,12.028735195205991,0.0,2025,12,Open-Meteo (ERA5) + INE Padrón
2025-12-05,6.89450685351969,9.231457456799765,4.950797130445183,7.523342612622725,3,11.10549314648031,0.0,2025,12,Open-Meteo (ERA5) + INE Padrón
2025-12-06,9.129365920581495,11.937678890902232,7.097378084210125,10.531662475834706,3,8.870634079418505,0.0,2025,12,Open-Meteo (ERA5) + INE Padrón
2025-12-07,8.792229048537664,11.589238434807484,6.3232624978276775,10.59196444989907,3,9.207770951462336,0.0,2025,12,Open-Meteo (ERA5) + INE Padrón
2025-12-08,7.051107494208479,10.35680956818246,4.329206695367725,9.44845442553462,3,10.948892505791521,0.0,2025,12,Open-Meteo (ERA5) + INE Padrón
2025-12-09,6.524717770252417,10.33354964729747,3.612637160500714,9.561806231357341,3,11.475282229747583,0.0,2025,12,Open-Meteo (ERA5) + INE Padrón
2025-12-10,7.262323617168935,9.396497343740279,5.726185319025505,8.542623183025833,3,10.737676382831065,0.0,2025,12,Open-Meteo (ERA5) + INE Padrón
2025-12-11,6.798267600059413,9.826003917182456,4.354046328034588,9.004741821334882,3,11.201732399940587,0.0,2025,12,Open-Meteo (ERA5) + INE Padrón
2025-12-12,6.724495808823681,9.684389742092229,4.088282991696161,8.694436168383518,3,11.275504191176319,0.0,2025,12,Open-Meteo (ERA5) + INE Padrón
2025-12-13,7.646879167444341,10.487860447706199,5.586094610642899,8.935061618200631,3,10.353120832555659,0.0,2025,12,Open-Meteo (ERA5) + INE Padrón
2025-12-14,6.464115504884483,8.82203618876949,4.145855128299606,7.177454179204153,3,11.535884495115518,0.0,2025,12,Open-Meteo (ERA5) + INE Padrón
2025-12-15,6.949685940131825,8.976765682102382,5.431244678240296,8.313423793778469,3,11.050314059868175,0.0,2025,12,Open-Meteo (ERA5) + INE Padrón
2025-12-16,6.6324003136409,8.145825065881349,5.446133621767257,7.019519910411928,3,11.3675996863591,0.0,2025,12,Open-Meteo (ERA5) + INE Padrón
2025-12-17,7.636954563392446,9.785745064724306,6.150387115332476,8.537362627145434,3,10.363045436607553,0.0,2025,12,Open-Meteo (ERA5) + INE Padrón
2025-12-18,6.666551943933074,8.950847360740065,4.9567458046339965,8.304398026188165,3,11.333448056066926,0.0,2025,12,Open-Meteo (ERA5) + INE Padrón
2025-12-19,6.642625208996366,8.579066691047185,5.057800835962504,7.9745554802560275,3,11.357374791003634,0.0,2025,12,Open-Meteo (ERA5) + INE Padrón
2025-12-20,6.706690357321513,8.533992060720804,5.263672035431183,7.64946929902797,3,11.293309642678487,0.0,2025,12,Open-Meteo (ERA5) + INE Padrón
2025-12-21,5.595818482911943,7.048681116141028,3.526800617180643,5.206258446804902,3,12.404181517088057,0.0,2025,12,Open-Meteo (ERA5) + INE Padrón
2025-12-22,3.6774405598611732,5.954223689415159,2.0453612621119177,3.9083453054991386,3,14.322559440138827,0.0,2025,12,Open-Meteo (ERA5) + INE Padrón
2025-12-23,4.109877702547122,6.52770254712132,2.4425680858102403,4.75550849335057,3,13.890122297452878,0.0,2025,12,Open-Meteo (ERA5) + INE Padrón
2025-12-24,4.639744370728961,7.906426866366525,1.797578023970503,6.284326380294297,3,13.36025562927104,0.0,2025,12,Open-Meteo (ERA5) + INE Padrón
2025-12-25,4.361478322574454,5.25872175722468,3.3447216523103984,3.4107643257925906,3,13.638521677425546,0.0,2025,12,Open-Meteo (ERA5) + INE Padrón
2025-12-26,5.028895700282167,6.917646335334969,3.2450435635317962,5.7593417214252645,3,12.971104299717833,0.0,2025,12,Open-Meteo (ERA5) + INE Padrón
2025-12-27,5.58534750387804,8.041893672934204,3.595215461105154,6.123515749883435,3,12.41465249612196,0.0,2025,12,Open-Meteo (ERA5) + INE Padrón
2025-12-28,6.30725992478771,8.489875680020166,4.908031607206441,6.831591830873587,3,11.69274007521229,0.0,2025,12,Open-Meteo (ERA5) + INE Padrón
2025-12-29,6.071598814445664,8.290970392822485,4.314291666752756,7.363364587228879,3,11.928401185554335,0.0,2025,12,Open-Meteo (ERA5) + INE Padrón
2025-12-30,4.956717682096872,8.557005897927358,2.197500623861181,7.41327587497248,3,13.043282317903127,0.0,2025,12,Open-Meteo (ERA5) + INE Padrón
2025-12-31,3.9102253085845824,6.900467551527949,1.3187868304798716,5.679488793111563,3,14.089774691415418,0.0,2025,12,Open-Meteo (ERA5) + INE Padrón
2026-01-01,2.9640215928283626,5.263464060660198,0.7120921572098037,3.421135745305775,3,15.035978407171637,0.0,2026,1,Open-Meteo (ERA5) + INE Padrón
2026-01-02,5.1187957091665925,7.893732278497141,3.1899066607253506,6.810358437231759,3,12.881204290833407,0.0,2026,1,Open-Meteo (ERA5) + INE Padrón
2026-01-03,6.318752216802034,8.712936556474531,4.654101000542478,7.748955511753269,3,11.681247783197966,0.0,2026,1,Open-Meteo (ERA5) + INE Padrón
2026-01-04,6.0446299269250225,7.782700472940724,4.859494093922846,6.60221462684148,3,11.955370073074977,0.0,2026,1,Open-Meteo (ERA5) + INE Padrón
2026-01-05,3.1656394881285013,4.9337580525154525,1.8123986986037677,3.099528545752613,3,14.834360511871498,0.0,2026,1,Open-Meteo (ERA5) + INE Padrón
2026-01-06,1.7710470961816023,5.264078704535901,-0.78510685531035,2.7388314615202196,3,16.2289529038184,0.0,2026,1,Open-Meteo (ERA5) + INE Padrón
2026-01-07,2.1716505713925613,5.7069868262557515,-0.6470358558904777,3.018284613620445,3,15.828349428607439,0.0,2026,1,Open-Meteo (ERA5) + INE Padrón
2026-01-08,4.0745530295777925,5.994021665143459,1.9321981642526052,3.665662037811842,3,13.925446970422207,0.0,2026,1,Open-Meteo (ERA5) + INE Padrón
2026-01-09,6.962228798304475,9.729012351418305,4.618175744966008,6.781947506357415,3,11.037771201695525,0.0,2026,1,Open-Meteo (ERA5) + INE Padrón
2026-01-10,5.555433985845067,7.989796885262574,3.6935286311532973,5.583410125077567,3,12.444566014154933,0.0,2026,1,Open-Meteo (ERA5) + INE Padrón
2026-01-11,4.135796023909437,8.179770758851657,0.9981446988328804,6.59318682180206,3,13.864203976090563,0.0,2026,1,Open-Meteo (ERA5) + INE Padrón
2026-01-12,4.98094470833715,8.792420924590965,2.586528346254778,7.606140171448761,3,13.01905529166285,0.0,2026,1,Open-Meteo (ERA5) + INE Padrón
2026-01-13,5.549232409697385,9.105184246236803,2.772850628923237,7.292809595271924,3,12.450767590302615,0.0,2026,1,Open-Meteo (ERA5) + INE Padrón
2026-01-14,6.114463897205125,8.985545366014247,3.972901490540382,7.96036147331791,3,11.885536102794875,0.0,2026,1,Open-Meteo (ERA5) + INE Padrón
2026-01-15,4.946532933097976,8.01163767979197,2.282003539077815,5.937030844339576,3,13.053467066902023,0.0,2026,1,Open-Meteo (ERA5) + INE Padrón
2026-01-16,5.7086921826463515,8.200386340527881,4.099434846050344,6.7140107685212165,3,12.291307817353648,0.0,2026,1,Open-Meteo (ERA5) + INE Padrón
2026-01-17,4.787099245237018,6.083827320046181,3.523323672954866,4.732031741965047,3,13.212900754762982,0.0,2026,1,Open-Meteo (ERA5) + INE Padrón
2026-01-18,4.773943780637782,7.3429950892310885,2.7508331502498775,5.5964451506070905,3,13.226056219362217,0.0,2026,1,Open-Meteo (ERA5) + INE Padrón
2026-01-19,4.726210749834077,7.987152546053811,1.943393333053256,6.730657238614792,3,13.273789250165922,0.0,2026,1,Open-Meteo (ERA5) + INE Padrón
2026-01-20,4.820964645494184,8.063828821445306,2.32074891119867,6.4382513911473005,3,13.179035354505816,0.0,2026,1,Open-Meteo (ERA5) + INE Padrón
2026-01-21,5.255585250659043,7.185633280508878,3.0902024868587405,5.3915703096716046,3,12.744414749340958,0.0,2026,1,Open-Meteo (ERA5) + INE Padrón
2026-01-22,5.919579891766112,8.021536198755857,4.552691470285268,5.386960469125242,3,12.080420108233888,0.0,2026,1,Open-Meteo (ERA5) + INE Padrón
2026-01-23,5.272271867109189,7.8898064813609565,3.4861700364353294,5.08456174871216,3,12.72772813289081,0.0,2026,1,Open-Meteo (ERA5) + INE Padrón
2026-01-24,3.714550881934243,5.629506068384368,2.3237216642481284,2.424776695576635,3,14.285449118065756,0.0,2026,1,Open-Meteo (ERA5) + INE Padrón
2026-01-25,5.616949148943155,8.886235837432912,2.8639075817671378,6.062367109533494,3,12.383050851056845,0.0,2026,1,Open-Meteo (ERA5) + INE Padrón
2026-01-26,6.5990218752015934,8.963730656572857,4.65116839384959,6.89442656080655,3,11.400978124798407,0.0,2026,1,Open-Meteo (ERA5) + INE Padrón
2026-01-27,7.416260651841384,9.210229268696953,4.789059541035603,7.357375766683495,3,10.583739348158616,0.0,2026,1,Open-Meteo (ERA5) + INE Padrón
2026-01-28,4.867006381175853,7.05931471805033,3.0493831981500192,4.701886201522198,3,13.132993618824148,0.0,2026,1,Open-Meteo (ERA5) + INE Padrón
2026-01-29,7.268825484620187,10.313560733316391,5.168314389074038,9.422438582100705,3,10.731174515379813,0.0,2026,1,Open-Meteo (ERA5) + INE Padrón
2026-01-30,7.0980480663517405,9.046419800148623,5.382447020009701,6.572722969822566,3,10.90195193364826,0.0,2026,1,Open-Meteo (ERA5) + INE Padrón
2026-01-31,6.559361567901464,9.396019237651968,4.631631500868814,6.110538100068941,3,11.440638432098536,0.0,2026,1,Open-Meteo (ERA5) + INE Padrón
2026-02-01,6.1629159122365635,8.418116354759032,4.350855613843819,7.152529048285134,3,11.837084087763436,0.0,2026,2,Open-Meteo (ERA5) + INE Padrón
2026-02-02,6.60602997127828,8.548280421640625,4.667582841533291,7.376259906881114,3,11.39397002872172,0.0,2026,2,Open-Meteo (ERA5) + INE Padrón
2026-02-03,5.476439747636387,7.800355325386937,3.7530261227377713,5.4041392529322625,3,12.523560252363612,0.0,2026,2,Open-Meteo (ERA5) + INE Padrón
2026-02-04,5.503024883050421,8.569548756100009,3.1502463534252216,5.709536811482811,3,12.496975116949578,0.0,2026,2,Open-Meteo (ERA5) + INE Padrón
2026-02-05,7.791191889368465,10.687945595861464,5.792934952915986,8.251562987481224,3,10.208808110631535,0.0,2026,2,Open-Meteo (ERA5) + INE Padrón
2026-02-06,7.220643600906074,8.820042564894763,5.707505078700633,6.182290182341939,3,10.779356399093926,0.0,2026,2,Open-Meteo (ERA5) + INE Padrón
2026-02-07,5.665813038618327,7.382326982690521,4.5852633887955685,4.708771821080057,3,12.334186961381672,0.0,2026,2,Open-Meteo (ERA5) + INE Padrón
2026-02-08,6.328948989620374,9.326131059746732,4.487793716943106,6.50564492209139,3,11.671051010379626,0.0,2026,2,Open-Meteo (ERA5) + INE Padrón
2026-02-09,7.105096308784998,10.314433484689975,4.538145001867566,8.279446810181138,3,10.894903691215003,0.0,2026,2,Open-Meteo (ERA5) + INE Padrón
2026-02-10,9.995156271773444,12.362441123459774,8.085832238850104,10.825321658692491,3,8.004843728226556,0.0,2026,2,Open-Meteo (ERA5) + INE Padrón
2026-02-11,10.605394120713868,12.348985367556969,8.94252855355805,10.423367326019637,3,7.394605879286132,0.0,2026,2,Open-Meteo (ERA5) + INE Padrón
2026-02-12,9.054612962721913,10.832902214839194,6.903137975824719,8.346730795234182,3,8.945387037278087,0.0,2026,2,Open-Meteo (ERA5) + INE Padrón
2026-02-13,7.51557018042272,8.901408973545761,6.218515729221979,6.594371888298659,3,10.48442981957728,0.0,2026,2,Open-Meteo (ERA5) + INE Padrón
2026-02-14,6.742027054110286,9.371818296499697,5.106851396151964,6.686578966821605,3,11.257972945889714,0.0,2026,2,Open-Meteo (ERA5) + INE Padrón
2026-02-15,6.54777175381554,9.853542096683217,3.8270158751148147,7.128110145991551,3,11.452228246184461,0.0,2026,2,Open-Meteo (ERA5) + INE Padrón
2026-02-16,8.778132563671146,11.868583171657441,6.217628916579832,9.580756602999537,3,9.221867436328854,0.0,2026,2,Open-Meteo (ERA5) + INE Padrón
2026-02-17,9.457955131123338,12.21402162152483,7.16461988545748,10.730224157282347,3,8.542044868876662,0.0,2026,2,Open-Meteo (ERA5) + INE Padrón
2026-02-18,8.039968317953175,10.251198903932725,6.102327708137193,7.615750422928523,3,9.960031682046825,0.0,2026,2,Open-Meteo (ERA5) + INE Padrón
2026-02-19,7.429281616102346,10.005232605522075,5.057824883601393,6.508683906585426,3,10.570718383897654,0.0,2026,2,Open-Meteo (ERA5) + INE Padrón
2026-02-20,6.740541696310117,10.567779607464479,3.4283899250608996,8.99457113360455,3,11.259458303689883,0.0,2026,2,Open-Meteo (ERA5) + INE Padrón
2026-02-21,6.987574659596775,11.807316129686908,2.810178912137618,10.290360225595549,3,11.012425340403226,0.0,2026,2,Open-Meteo (ERA5) + INE Padrón
2026-02-22,7.4720804674172285,12.543883434264544,2.949148748019083,11.36951887159984,3,10.527919532582771,0.0,2026,2,Open-Meteo (ERA5) + INE Padrón
2026-02-23,8.168074566964581,13.053721042108734,3.7325221244017075,12.088200431962171,3,9.831925433035419,0.0,2026,2,Open-Meteo (ERA5) + INE Padrón
2026-02-24,8.529876424980435,13.490319172430638,3.7695380924930735,12.210523797750058,3,9.470123575019565,0.0,2026,2,Open-Meteo (ERA5) + INE Padrón
2026-02-25,8.20944023065531,12.313132455772433,3.9659194795517014,11.461862487910178,3,9.79055976934469,0.0,2026,2,Open-Meteo (ERA5) + INE Padrón
2026-02-26,8.448632492848267,12.619961164498019,4.465532192040427,11.576113130194491,3,9.551367507151733,0.0,2026,2,Open-Meteo (ERA5) + INE Padrón
2026-02-27,7.947534422559372,12.115005565966634,3.8750231121340826,10.98609621764502,3,10.052465577440628,0.0,2026,2,Open-Meteo (ERA5) + INE Padrón
2026-02-28,8.28634852845668,10.92494757729508,5.803365785593318,9.399211989291857,3,9.71365147154332,0.0,2026,2,Open-Meteo (ERA5) + INE Padrón
2026-03-01,7.655006098573051,10.364964621848296,5.084890162552856,9.182447042966874,3,10.34499390142695,0.0,2026,3,Open-Meteo (ERA5) + INE Padrón
2026-03-02,7.364291546227597,10.856478525745437,4.108406406015514,9.57142055773534,3,10.635708453772402,0.0,2026,3,Open-Meteo (ERA5) + INE Padrón
2026-03-03,8.672022913784108,11.399420365813372,7.178993744629456,9.134321404327014,3,9.327977086215892,0.0,2026,3,Open-Meteo (ERA5) + INE Padrón
2026-03-04,8.976153075675796,11.68956245808881,7.0889279447797335,9.699212454174614,3,9.023846924324204,0.0,2026,3,Open-Meteo (ERA5) + INE Padrón
2026-03-05,8.625122487997416,11.020453785259061,6.613461965818146,9.600283509609987,3,9.374877512002584,0.0,2026,3,Open-Meteo (ERA5) + INE Padrón
2026-03-06,7.437342315786477,8.82994312130777,6.334597372505617,6.958711707722127,3,10.562657684213523,0.0,2026,3,Open-Meteo (ERA5) + INE Padrón
2026-03-07,7.097355167212014,8.73870631623001,5.968445818890402,7.603375393170287,3,10.902644832787985,0.0,2026,3,Open-Meteo (ERA5) + INE Padrón
2026-03-08,6.625732655224352,9.153338007413788,4.645853630344057,8.217579185603466,3,11.374267344775648,0.0,2026,3,Open-Meteo (ERA5) + INE Padrón
2026-03-09,6.413071320820296,9.15100598332804,4.480965473100277,8.188742318816823,3,11.586928679179703,0.0,2026,3,Open-Meteo (ERA5) + INE Padrón
2026-03-10,6.2085770639015205,9.090663862907109,3.981433053324692,8.159540966731154,3,11.79142293609848,0.0,2026,3,Open-Meteo (ERA5) + INE Padrón
2026-03-11,7.787022046002961,11.049861074666598,4.6634390832557955,10.72357576567338,3,10.21297795399704,0.0,2026,3,Open-Meteo (ERA5) + INE Padrón
2026-03-12,8.013957680058274,11.716840492642572,4.677592943837342,11.204438838302758,3,9.986042319941726,0.0,2026,3,Open-Meteo (ERA5) + INE Padrón
2026-03-13,8.27388596299717,12.258757851640187,4.524429101017761,11.863743346150322,3,9.72611403700283,0.0,2026,3,Open-Meteo (ERA5) + INE Padrón
2026-03-14,8.003607140094083,9.670370381848956,6.759628605739707,7.514737575405705,3,9.996392859905917,0.0,2026,3,Open-Meteo (ERA5) + INE Padrón
2026-03-15,7.491371276719566,10.989325040743243,4.748854896202586,8.743968909559527,3,10.508628723280435,0.0,2026,3,Open-Meteo (ERA5) + INE Padrón
2026-03-16,7.445889977288468,12.285795008054524,2.7974040315550934,11.356703844660746,3,10.554110022711532,0.0,2026,3,Open-Meteo (ERA5) + INE Padrón
2026-03-17,8.771727087650717,13.494244969566823,4.179153274025772,12.863735144700211,3,9.228272912349283,0.0,2026,3,Open-Meteo (ERA5) + INE Padrón
2026-03-18,8.47280531146341,11.95542014840894,4.6898234868869775,10.775492701111151,3,9.52719468853659,0.0,2026,3,Open-Meteo (ERA5) + INE Padrón
2026-03-19,8.751017151992787,11.863324653226158,6.073710839940982,10.025892408453105,3,9.248982848007213,0.0,2026,3,Open-Meteo (ERA5) + INE Padrón
2026-03-20,7.48785418613722,9.702155047237827,5.185301296827754,8.01589505885875,3,10.51214581386278,0.0,2026,3,Open-Meteo (ERA5) + INE Padrón
2026-03-21,7.077080023195927,9.001184584395963,5.21912655072835,7.888008808437771,3,10.922919976804073,0.0,2026,3,Open-Meteo (ERA5) + INE Padrón
2026-03-22,7.6719528599701965,12.219643919322063,3.2938260298530486,11.204945066928193,3,10.328047140029803,0.0,2026,3,Open-Meteo (ERA5) + INE Padrón
2026-03-23,8.229223207314522,11.343288235114512,5.067385002354258,9.329815978743493,3,9.770776792685478,0.0,2026,3,Open-Meteo (ERA5) + INE Padrón
2026-03-24,8.513570392546999,12.545628937011713,4.349249816973937,11.507003349681135,3,9.486429607453001,0.0,2026,3,Open-Meteo (ERA5) + INE Padrón
2026-03-25,9.836843456413625,14.87636073478565,4.780473770626159,13.809212633240563,3,8.163156543586375,0.0,2026,3,Open-Meteo (ERA5) + INE Padrón
2026-03-26,8.219364834707205,11.540963103920006,5.114857888210963,9.518465079958686,3,9.780635165292795,0.0,2026,3,Open-Meteo (ERA5) + INE Padrón
2026-03-27,8.046583806193707,12.323397497484468,4.260983727496518,10.24592632423288,3,9.953416193806293,0.0,2026,3,Open-Meteo (ERA5) + INE Padrón
2026-03-28,8.274132046675607,11.987978005650678,4.273580793294301,10.100140268328031,3,9.725867953324393,0.0,2026,3,Open-Meteo (ERA5) + INE Padrón
2026-03-29,7.277170376890208,10.158710800913788,4.506037128177015,6.564163284501131,3,10.722829623109792,0.0,2026,3,Open-Meteo (ERA5) + INE Padrón
2026-03-30,7.9632800187422355,13.826242855440746,2.5643731991532475,11.46964694392963,3,10.036719981257765,0.0,2026,3,Open-Meteo (ERA5) + INE Padrón
2026-03-31,10.026843415090713,13.751254707081394,6.808220326648434,11.731154938650398,3,7.973156584909287,0.0,2026,3,Open-Meteo (ERA5) + INE Padrón
2026-04-01,9.769027157647137,13.829321986291353,6.504662624826759,12.055368368504869,3,8.230972842352863,0.0,2026,4,Open-Meteo (ERA5) + INE Padrón
2026-04-02,9.323554989431665,13.663767014995855,5.987270545923874,11.716199763678858,3,8.676445010568335,0.0,2026,4,Open-Meteo (ERA5) + INE Padrón
2026-04-03,9.470937986476848,14.159930905795928,4.3881036043450585,11.96501837606926,3,8.529062013523152,0.0,2026,4,Open-Meteo (ERA5) + INE Padrón
2026-04-04,11.106181913328866,15.754381629027234,6.1853051191970865,14.83551536098892,3,6.893818086671134,0.0,2026,4,Open-Meteo (ERA5) + INE Padrón
2026-04-05,12.200121087609853,16.41859626872473,7.219500718215162,15.573447584297018,3,5.799878912390147,0.0,2026,4,Open-Meteo (ERA5) + INE Padrón
2026-04-06,12.329738779509437,16.491334723160595,7.970015946052481,15.1351894494801,3,5.670261220490563,0.0,2026,4,Open-Meteo (ERA5) + INE Padrón
2026-04-07,10.94854793584021,14.364957476428149,7.620118254694685,13.749348618907941,3,7.05145206415979,0.0,2026,4,Open-Meteo (ERA5) + INE Padrón
2026-04-08,9.97840342387872,12.842751002826716,7.455502266217349,12.42608757886076,3,8.02159657612128,0.0,2026,4,Open-Meteo (ERA5) + INE Padrón
2026-04-09,11.435097500262286,16.718362673748494,6.691978097938515,15.92503657077685,3,6.564902499737714,0.0,2026,4,Open-Meteo (ERA5) + INE Padrón
2026-04-10,13.436819357121097,18.610876483062082,9.055215582778171,17.418992698930218,3,4.563180642878903,0.0,2026,4,Open-Meteo (ERA5) + INE Padrón
2026-04-11,12.861116890579455,15.938944347679959,9.77542264729724,14.94398832558873,3,5.138883109420545,0.0,2026,4,Open-Meteo (ERA5) + INE Padrón
2026-04-12,9.969363595019853,11.78636011035054,7.716753284081014,10.727937485092188,3,8.030636404980147,0.0,2026,4,Open-Meteo (ERA5) + INE Padrón
2026-04-13,7.963526102420673,10.870232535502694,5.143652571191915,8.803804801355025,3,10.036473897579327,0.0,2026,4,Open-Meteo (ERA5) + INE Padrón
2026-04-14,9.722346730450877,13.672820905123285,5.8470494121012315,12.46379848354097,3,8.277653269549123,0.0,2026,4,Open-Meteo (ERA5) + INE Padrón
2026-04-15,10.956168638343485,15.175256425884946,6.5349447030570005,14.809637185983178,3,7.043831361656515,0.0,2026,4,Open-Meteo (ERA5) + INE Padrón
2026-04-16,12.141250263720526,16.312825019048717,7.629402129782869,16.12665446607699,3,5.858749736279474,0.0,2026,4,Open-Meteo (ERA5) + INE Padrón
2026-04-17,12.629233015766758,16.706420398182985,7.932673601569536,16.371968011704485,3,5.370766984233242,0.0,2026,4,Open-Meteo (ERA5) + INE Padrón
2026-04-18,13.57633556798457,17.49442970019998,9.204370167658531,17.411998664122095,3,4.42366443201543,0.0,2026,4,Open-Meteo (ERA5) + INE Padrón
2026-04-19,13.890404395196716,17.675950266268774,9.561822330075023,17.180673188110845,3,4.109595604803284,0.0,2026,4,Open-Meteo (ERA5) + INE Padrón
2026-04-20,13.927692532054527,17.975198418847654,9.258782880698227,17.585692590365746,3,4.072307467945473,0.0,2026,4,Open-Meteo (ERA5) + INE Padrón
2026-04-21,13.308907021612113,17.54370229642899,9.198807283025442,17.069693552730445,3,4.691092978387887,0.0,2026,4,Open-Meteo (ERA5) + INE Padrón
2026-04-22,13.15076681549802,16.35199112154285,9.49136169209977,16.17864965677878,3,4.84923318450198,0.0,2026,4,Open-Meteo (ERA5) + INE Padrón
2026-04-23,13.154503904670799,16.837211132759727,10.029693691621343,15.632020154331892,3,4.845496095329201,0.0,2026,4,Open-Meteo (ERA5) + INE Padrón
2026-04-24,12.008155627595166,14.818336577181901,9.02850480275541,14.744604932302739,3,5.9918443724048345,0.0,2026,4,Open-Meteo (ERA5) + INE Padrón
2026-04-25,12.183800993907855,15.495039867426916,9.431386094426985,15.236637088644763,3,5.816199006092145,0.0,2026,4,Open-Meteo (ERA5) + INE Padrón
2026-04-26,13.103459720606612,16.780057689080444,9.211570139788522,16.37540480957369,3,4.896540279393388,0.0,2026,4,Open-Meteo (ERA5) + INE Padrón
2026-04-27,13.610066467903462,17.023053271890753,9.66451444890043,16.530640531532022,3,4.3899335320965385,0.0,2026,4,Open-Meteo (ERA5) + INE Padrón
2026-04-28,13.052209599220557,16.55779812701607,9.438832150235415,16.3048638788853,3,4.947790400779443,0.0,2026,4,Open-Meteo (ERA5) + INE Padrón
2026-04-29,11.947771323368542,14.012725723535487,10.153422122496263,13.51982081581988,3,6.052228676631458,0.0,2026,4,Open-Meteo (ERA5) + INE Padrón
2026-04-30,11.812318578069426,14.653666381079432,8.67296189660227,14.505084256269086,3,6.187681421930574,0.0,2026,4,Open-Meteo (ERA5) + INE Padrón
2026-05-01,12.482368271166456,15.541886085588473,9.482239533078646,15.239581719157096,3,5.517631728833544,0.0,2026,5,Open-Meteo (ERA5) + INE Padrón
2026-05-02,11.512824341812106,13.321994217317652,9.947768884168894,13.029820392260035,3,6.487175658187894,0.0,2026,5,Open-Meteo (ERA5) + INE Padrón
2026-05-03,11.261715889141648,13.301598634231855,9.412093247675529,12.579972443357192,3,6.738284110858352,0.0,2026,5,Open-Meteo (ERA5) + INE Padrón
2026-05-04,11.246554776848242,13.829459654719525,8.80401073867689,12.995434702108868,3,6.753445223151758,0.0,2026,5,Open-Meteo (ERA5) + INE Padrón
2026-05-05,10.879830763163012,14.371497452786851,7.87970406252432,13.234913194336833,3,7.120169236836988,0.0,2026,5,Open-Meteo (ERA5) + INE Padrón
2026-05-06,10.615566845893317,13.999664612917957,6.547445377423962,12.945045308276956,3,7.3844331541066826,0.0,2026,5,Open-Meteo (ERA5) + INE Padrón
2026-05-07,10.410159691244388,13.143458428117762,7.8228790326857345,12.875171191640282,3,7.589840308755612,0.0,2026,5,Open-Meteo (ERA5) + INE Padrón
2026-05-08,10.135696963707234,12.876249880335735,7.244858603326908,12.3419793089294,3,7.864303036292766,0.0,2026,5,Open-Meteo (ERA5) + INE Padrón
2026-05-09,10.22250378047249,11.940436850900277,8.954664742625983,11.444967896689047,3,7.77749621952751,0.0,2026,5,Open-Meteo (ERA5) + INE Padrón
2026-05-10,10.093744778677928,12.374277021224138,7.676614870692575,11.565543722280648,3,7.906255221322072,0.0,2026,5,Open-Meteo (ERA5) + INE Padrón
2026-05-11,11.075817504936367,14.41448614270592,8.000513947974914,13.407313638833621,3,6.924182495063633,0.0,2026,5,Open-Meteo (ERA5) + INE Padrón
2026-05-12,10.733606747526423,13.826129234651464,7.690889170343832,13.509648090640429,3,7.266393252473577,0.0,2026,5,Open-Meteo (ERA5) + INE Padrón
2026-05-13,11.258891697699026,14.374155853264178,8.407278852976983,13.980846704164914,3,6.741108302300974,0.0,2026,5,Open-Meteo (ERA5) + INE Padrón
2026-05-14,11.797211673401153,15.857111856760097,8.248499955348297,15.003317988758791,3,6.2027883265988475,0.0,2026,5,Open-Meteo (ERA5) + INE Padrón
2026-05-15,9.999425674659665,12.05618691225332,7.952262664726327,11.334574782647223,3,8.000574325340335,0.0,2026,5,Open-Meteo (ERA5) + INE Padrón
2026-05-16,9.742155792198096,13.506433328810772,5.329671394466908,12.741970177713773,3,8.257844207801904,0.0,2026,5,Open-Meteo (ERA5) + INE Padrón
2026-05-17,11.472345490763526,15.288213586422392,7.233134288902709,14.727698317262165,3,6.5276545092364735,0.0,2026,5,Open-Meteo (ERA5) + INE Padrón
2026-05-18,12.277341700534237,15.535599011188635,8.131098745229787,14.980332274089365,3,5.722658299465763,0.0,2026,5,Open-Meteo (ERA5) + INE Padrón
2026-05-19,13.904744926292551,17.763776358565334,9.440956199550177,17.693848034303524,3,4.095255073707449,0.0,2026,5,Open-Meteo (ERA5) + INE Padrón
2026-05-20,15.096508271354706,19.079282195770965,10.416008805912483,19.354589552144578,3,2.903491728645294,0.0,2026,5,Open-Meteo (ERA5) + INE Padrón
2026-05-21,16.21901010620677,20.340207491522488,11.26406197449596,20.167698631775437,3,1.7809898937932296,0.0,2026,5,Open-Meteo (ERA5) + INE Padrón
2026-05-22,16.67759759266491,20.737892421309123,12.00256665787407,20.766973334325083,3,1.3224024073350904,0.0,2026,5,Open-Meteo (ERA5) + INE Padrón
2026-05-23,16.676438611256316,20.461412022258358,12.435481906648329,20.384435455563292,3,1.3235613887436841,0.0,2026,5,Open-Meteo (ERA5) + INE Padrón
2026-05-24,16.739318693084865,20.70489977242554,12.508300653797335,20.6821038963603,3,1.260681306915135,0.0,2026,5,Open-Meteo (ERA5) + INE Padrón
2026-05-25,16.511183931264387,20.21398645113554,12.324175894876351,20.030406029747446,3,1.4888160687356127,0.0,2026,5,Open-Meteo (ERA5) + INE Padrón
2026-05-26,16.73666029260754,20.521347473574572,12.354469996926035,20.41759389541217,3,1.2633397073924613,0.0,2026,5,Open-Meteo (ERA5) + INE Padrón
2026-05-27,17.747555824384055,21.99396699837486,12.622184773333498,21.766444842980967,3,0.25244417561594545,0.0,2026,5,Open-Meteo (ERA5) + INE Padrón
2026-05-28,18.46622332347782,22.57134669876998,12.988648642071729,22.546873588851263,3,0.0,0.4662233234778199,2026,5,Open-Meteo (ERA5) + INE Padrón
