value,percentage,datetime,region,geo_id,year_requested,datetime_spain
3305940.578,1,2015-12-31 23:00:00+00:00,Andalucía,4,2016,2016-01-01 00:00:00+01:00
3139510.291,1,2016-01-31 23:00:00+00:00,Andalucía,4,2016,2016-02-01 00:00:00+01:00
3255476.096,1,2016-02-29 23:00:00+00:00,Andalucía,4,2016,2016-03-01 00:00:00+01:00
2978747.302,1,2016-03-31 22:00:00+00:00,Andalucía,4,2016,2016-04-01 00:00:00+02:00
2996114.645,1,2016-04-30 22:00:00+00:00,Andalucía,4,2016,2016-05-01 00:00:00+02:00
3232491.773,1,2016-05-31 22:00:00+00:00,Andalucía,4,2016,2016-06-01 00:00:00+02:00
3794551.34,1,2016-06-30 22:00:00+00:00,Andalucía,4,2016,2016-07-01 00:00:00+02:00
3826430.741,1,2016-07-31 22:00:00+00:00,Andalucía,4,2016,2016-08-01 00:00:00+02:00
3370542.116,1,2016-08-31 22:00:00+00:00,Andalucía,4,2016,2016-09-01 00:00:00+02:00
3070716.497,1,2016-09-30 22:00:00+00:00,Andalucía,4,2016,2016-10-01 00:00:00+02:00
3123624.236,1,2016-10-31 23:00:00+00:00,Andalucía,4,2016,2016-11-01 00:00:00+01:00
3395895.532,1,2016-11-30 23:00:00+00:00,Andalucía,4,2016,2016-12-01 00:00:00+01:00
3630139.835,1,2016-12-31 23:00:00+00:00,Andalucía,4,2017,2017-01-01 00:00:00+01:00
3055225.208,1,2017-01-31 23:00:00+00:00,Andalucía,4,2017,2017-02-01 00:00:00+01:00
3200360.441,1,2017-02-28 23:00:00+00:00,Andalucía,4,2017,2017-03-01 00:00:00+01:00
2926812.041,1,2017-03-31 22:00:00+00:00,Andalucía,4,2017,2017-04-01 00:00:00+02:00
3064661.115,1,2017-04-30 22:00:00+00:00,Andalucía,4,2017,2017-05-01 00:00:00+02:00
3513624.19,1,2017-05-31 22:00:00+00:00,Andalucía,4,2017,2017-06-01 00:00:00+02:00
3762105.389,1,2017-06-30 22:00:00+00:00,Andalucía,4,2017,2017-07-01 00:00:00+02:00
3897918.111,1,2017-07-31 22:00:00+00:00,Andalucía,4,2017,2017-08-01 00:00:00+02:00
3269767.622,1,2017-08-31 22:00:00+00:00,Andalucía,4,2017,2017-09-01 00:00:00+02:00
3139871.264,1,2017-09-30 22:00:00+00:00,Andalucía,4,2017,2017-10-01 00:00:00+02:00
3137597.193,1,2017-10-31 23:00:00+00:00,Andalucía,4,2017,2017-11-01 00:00:00+01:00
3567152.647,1,2017-11-30 23:00:00+00:00,Andalucía,4,2017,2017-12-01 00:00:00+01:00
3647455.25,1,2017-12-31 23:00:00+00:00,Andalucía,4,2018,2018-01-01 00:00:00+01:00
3314118.179,1,2018-01-31 23:00:00+00:00,Andalucía,4,2018,2018-02-01 00:00:00+01:00
3420195.699,1,2018-02-28 23:00:00+00:00,Andalucía,4,2018,2018-03-01 00:00:00+01:00
3046257.009,1,2018-03-31 22:00:00+00:00,Andalucía,4,2018,2018-04-01 00:00:00+02:00
3034386.929,1,2018-04-30 22:00:00+00:00,Andalucía,4,2018,2018-05-01 00:00:00+02:00
3159186.964,1,2018-05-31 22:00:00+00:00,Andalucía,4,2018,2018-06-01 00:00:00+02:00
3478781.369,1,2018-06-30 22:00:00+00:00,Andalucía,4,2018,2018-07-01 00:00:00+02:00
3903582.791,1,2018-07-31 22:00:00+00:00,Andalucía,4,2018,2018-08-01 00:00:00+02:00
3397077.507,1,2018-08-31 22:00:00+00:00,Andalucía,4,2018,2018-09-01 00:00:00+02:00
3130157.324,1,2018-09-30 22:00:00+00:00,Andalucía,4,2018,2018-10-01 00:00:00+02:00
3188665.788,1,2018-10-31 23:00:00+00:00,Andalucía,4,2018,2018-11-01 00:00:00+01:00
3391917.149,1,2018-11-30 23:00:00+00:00,Andalucía,4,2018,2018-12-01 00:00:00+01:00
3668893.328,1,2018-12-31 23:00:00+00:00,Andalucía,4,2019,2019-01-01 00:00:00+01:00
3152278.091,1,2019-01-31 23:00:00+00:00,Andalucía,4,2019,2019-02-01 00:00:00+01:00
3216356.36,1,2019-02-28 23:00:00+00:00,Andalucía,4,2019,2019-03-01 00:00:00+01:00
3029639.973,1,2019-03-31 22:00:00+00:00,Andalucía,4,2019,2019-04-01 00:00:00+02:00
3154123.467,1,2019-04-30 22:00:00+00:00,Andalucía,4,2019,2019-05-01 00:00:00+02:00
3181997.313,1,2019-05-31 22:00:00+00:00,Andalucía,4,2019,2019-06-01 00:00:00+02:00
3676269.543,1,2019-06-30 22:00:00+00:00,Andalucía,4,2019,2019-07-01 00:00:00+02:00
3786647.665,1,2019-07-31 22:00:00+00:00,Andalucía,4,2019,2019-08-01 00:00:00+02:00
3261926.084,1,2019-08-31 22:00:00+00:00,Andalucía,4,2019,2019-09-01 00:00:00+02:00
3143205.713,1,2019-09-30 22:00:00+00:00,Andalucía,4,2019,2019-10-01 00:00:00+02:00
3215694.404,1,2019-10-31 23:00:00+00:00,Andalucía,4,2019,2019-11-01 00:00:00+01:00
3383670.228,1,2019-11-30 23:00:00+00:00,Andalucía,4,2019,2019-12-01 00:00:00+01:00
3648510.198,1,2019-12-31 23:00:00+00:00,Andalucía,4,2020,2020-01-01 00:00:00+01:00
3085375.745,1,2020-01-31 23:00:00+00:00,Andalucía,4,2020,2020-02-01 00:00:00+01:00
3136155.192,1,2020-02-29 23:00:00+00:00,Andalucía,4,2020,2020-03-01 00:00:00+01:00
2680249.534,1,2020-03-31 22:00:00+00:00,Andalucía,4,2020,2020-04-01 00:00:00+02:00
2833738.348,1,2020-04-30 22:00:00+00:00,Andalucía,4,2020,2020-05-01 00:00:00+02:00
2999931.629,1,2020-05-31 22:00:00+00:00,Andalucía,4,2020,2020-06-01 00:00:00+02:00
3944796.05,1,2020-06-30 22:00:00+00:00,Andalucía,4,2020,2020-07-01 00:00:00+02:00
3852523.918,1,2020-07-31 22:00:00+00:00,Andalucía,4,2020,2020-08-01 00:00:00+02:00
3248747.485,1,2020-08-31 22:00:00+00:00,Andalucía,4,2020,2020-09-01 00:00:00+02:00
3070190.647,1,2020-09-30 22:00:00+00:00,Andalucía,4,2020,2020-10-01 00:00:00+02:00
3040312.816,1,2020-10-31 23:00:00+00:00,Andalucía,4,2020,2020-11-01 00:00:00+01:00
3482080.542,1,2020-11-30 23:00:00+00:00,Andalucía,4,2020,2020-12-01 00:00:00+01:00
3806960.159,1,2020-12-31 23:00:00+00:00,Andalucía,4,2021,2021-01-01 00:00:00+01:00
3016830.479,1,2021-01-31 23:00:00+00:00,Andalucía,4,2021,2021-02-01 00:00:00+01:00
3214203.583,1,2021-02-28 23:00:00+00:00,Andalucía,4,2021,2021-03-01 00:00:00+01:00
2944784.896,1,2021-03-31 22:00:00+00:00,Andalucía,4,2021,2021-04-01 00:00:00+02:00
3088142.326,1,2021-04-30 22:00:00+00:00,Andalucía,4,2021,2021-05-01 00:00:00+02:00
3166035.944,1,2021-05-31 22:00:00+00:00,Andalucía,4,2021,2021-06-01 00:00:00+02:00
3688723.186,1,2021-06-30 22:00:00+00:00,Andalucía,4,2021,2021-07-01 00:00:00+02:00
3781782.817,1,2021-07-31 22:00:00+00:00,Andalucía,4,2021,2021-08-01 00:00:00+02:00
3261936.787,1,2021-08-31 22:00:00+00:00,Andalucía,4,2021,2021-09-01 00:00:00+02:00
3062789.782,1,2021-09-30 22:00:00+00:00,Andalucía,4,2021,2021-10-01 00:00:00+02:00
3180304.564,1,2021-10-31 23:00:00+00:00,Andalucía,4,2021,2021-11-01 00:00:00+01:00
3441074.577,1,2021-11-30 23:00:00+00:00,Andalucía,4,2021,2021-12-01 00:00:00+01:00
3532788.346,1,2021-12-31 23:00:00+00:00,Andalucía,4,2022,2022-01-01 00:00:00+01:00
3023662.438,1,2022-01-31 23:00:00+00:00,Andalucía,4,2022,2022-02-01 00:00:00+01:00
3245036.905,1,2022-02-28 23:00:00+00:00,Andalucía,4,2022,2022-03-01 00:00:00+01:00
2955545.493,1,2022-03-31 22:00:00+00:00,Andalucía,4,2022,2022-04-01 00:00:00+02:00
3057820.434,1,2022-04-30 22:00:00+00:00,Andalucía,4,2022,2022-05-01 00:00:00+02:00
3298550.893,1,2022-05-31 22:00:00+00:00,Andalucía,4,2022,2022-06-01 00:00:00+02:00
3904761.335,1,2022-06-30 22:00:00+00:00,Andalucía,4,2022,2022-07-01 00:00:00+02:00
3693025.748,1,2022-07-31 22:00:00+00:00,Andalucía,4,2022,2022-08-01 00:00:00+02:00
3143996.293,1,2022-08-31 22:00:00+00:00,Andalucía,4,2022,2022-09-01 00:00:00+02:00
2962551.967,1,2022-09-30 22:00:00+00:00,Andalucía,4,2022,2022-10-01 00:00:00+02:00
2825885.08,1,2022-10-31 23:00:00+00:00,Andalucía,4,2022,2022-11-01 00:00:00+01:00
3127215.411,1,2022-11-30 23:00:00+00:00,Andalucía,4,2022,2022-12-01 00:00:00+01:00
3437695.857,1,2022-12-31 23:00:00+00:00,Andalucía,4,2023,2023-01-01 00:00:00+01:00
3132852.748,1,2023-01-31 23:00:00+00:00,Andalucía,4,2023,2023-02-01 00:00:00+01:00
3082018.154,1,2023-02-28 23:00:00+00:00,Andalucía,4,2023,2023-03-01 00:00:00+01:00
2828200.389,1,2023-03-31 22:00:00+00:00,Andalucía,4,2023,2023-04-01 00:00:00+02:00
2932154.583,1,2023-04-30 22:00:00+00:00,Andalucía,4,2023,2023-05-01 00:00:00+02:00
3135808.099,1,2023-05-31 22:00:00+00:00,Andalucía,4,2023,2023-06-01 00:00:00+02:00
3809548.371,1,2023-06-30 22:00:00+00:00,Andalucía,4,2023,2023-07-01 00:00:00+02:00
3829607.216,1,2023-07-31 22:00:00+00:00,Andalucía,4,2023,2023-08-01 00:00:00+02:00
3037759.312,1,2023-08-31 22:00:00+00:00,Andalucía,4,2023,2023-09-01 00:00:00+02:00
3035876.346,1,2023-09-30 22:00:00+00:00,Andalucía,4,2023,2023-10-01 00:00:00+02:00
3010403.742,1,2023-10-31 23:00:00+00:00,Andalucía,4,2023,2023-11-01 00:00:00+01:00
3448305.048,1,2023-11-30 23:00:00+00:00,Andalucía,4,2023,2023-12-01 00:00:00+01:00
3475340.087,1,2023-12-31 23:00:00+00:00,Andalucía,4,2024,2024-01-01 00:00:00+01:00
3031966.784,1,2024-01-31 23:00:00+00:00,Andalucía,4,2024,2024-02-01 00:00:00+01:00
3133321.843,1,2024-02-29 23:00:00+00:00,Andalucía,4,2024,2024-03-01 00:00:00+01:00
2816403.244,1,2024-03-31 22:00:00+00:00,Andalucía,4,2024,2024-04-01 00:00:00+02:00
2871968.795,1,2024-04-30 22:00:00+00:00,Andalucía,4,2024,2024-05-01 00:00:00+02:00
3007728.393,1,2024-05-31 22:00:00+00:00,Andalucía,4,2024,2024-06-01 00:00:00+02:00
3712846.364,1,2024-06-30 22:00:00+00:00,Andalucía,4,2024,2024-07-01 00:00:00+02:00
3983806.141,1,2024-07-31 22:00:00+00:00,Andalucía,4,2024,2024-08-01 00:00:00+02:00
3159569.033,1,2024-08-31 22:00:00+00:00,Andalucía,4,2024,2024-09-01 00:00:00+02:00
3055958.125,1,2024-09-30 22:00:00+00:00,Andalucía,4,2024,2024-10-01 00:00:00+02:00
2952525.315,1,2024-10-31 23:00:00+00:00,Andalucía,4,2024,2024-11-01 00:00:00+01:00
3430261.306,1,2024-11-30 23:00:00+00:00,Andalucía,4,2024,2024-12-01 00:00:00+01:00
3636190.257,1,2024-12-31 23:00:00+00:00,Andalucía,4,2025,2025-01-01 00:00:00+01:00
3113262.464,1,2025-01-31 23:00:00+00:00,Andalucía,4,2025,2025-02-01 00:00:00+01:00
3321612.404,1,2025-02-28 23:00:00+00:00,Andalucía,4,2025,2025-03-01 00:00:00+01:00
2811779.349,1,2025-03-31 22:00:00+00:00,Andalucía,4,2025,2025-04-01 00:00:00+02:00
2895183.149,1,2025-04-30 22:00:00+00:00,Andalucía,4,2025,2025-05-01 00:00:00+02:00
3467398.235,1,2025-05-31 22:00:00+00:00,Andalucía,4,2025,2025-06-01 00:00:00+02:00
3858194.939,1,2025-06-30 22:00:00+00:00,Andalucía,4,2025,2025-07-01 00:00:00+02:00
3856336.497,1,2025-07-31 22:00:00+00:00,Andalucía,4,2025,2025-08-01 00:00:00+02:00
3262938.888,1,2025-08-31 22:00:00+00:00,Andalucía,4,2025,2025-09-01 00:00:00+02:00
3102622.709,1,2025-09-30 22:00:00+00:00,Andalucía,4,2025,2025-10-01 00:00:00+02:00
2978710.044,1,2025-10-31 23:00:00+00:00,Andalucía,4,2025,2025-11-01 00:00:00+01:00
3485086.07,1,2025-11-30 23:00:00+00:00,Andalucía,4,2025,2025-12-01 00:00:00+01:00
879275.459,1,2015-12-31 23:00:00+00:00,Aragón,5,2016,2016-01-01 00:00:00+01:00
857729.826,1,2016-01-31 23:00:00+00:00,Aragón,5,2016,2016-02-01 00:00:00+01:00
900580.378,1,2016-02-29 23:00:00+00:00,Aragón,5,2016,2016-03-01 00:00:00+01:00
848672.062,1,2016-03-31 22:00:00+00:00,Aragón,5,2016,2016-04-01 00:00:00+02:00
859894.679,1,2016-04-30 22:00:00+00:00,Aragón,5,2016,2016-05-01 00:00:00+02:00
846544.608,1,2016-05-31 22:00:00+00:00,Aragón,5,2016,2016-06-01 00:00:00+02:00
880755.454,1,2016-06-30 22:00:00+00:00,Aragón,5,2016,2016-07-01 00:00:00+02:00
880559.758,1,2016-07-31 22:00:00+00:00,Aragón,5,2016,2016-08-01 00:00:00+02:00
875098.044,1,2016-08-31 22:00:00+00:00,Aragón,5,2016,2016-09-01 00:00:00+02:00
844021.165,1,2016-09-30 22:00:00+00:00,Aragón,5,2016,2016-10-01 00:00:00+02:00
879636.198,1,2016-10-31 23:00:00+00:00,Aragón,5,2016,2016-11-01 00:00:00+01:00
876550.48,1,2016-11-30 23:00:00+00:00,Aragón,5,2016,2016-12-01 00:00:00+01:00
935721.866,1,2016-12-31 23:00:00+00:00,Aragón,5,2017,2017-01-01 00:00:00+01:00
834494.584,1,2017-01-31 23:00:00+00:00,Aragón,5,2017,2017-02-01 00:00:00+01:00
899478.92,1,2017-02-28 23:00:00+00:00,Aragón,5,2017,2017-03-01 00:00:00+01:00
828524.917,1,2017-03-31 22:00:00+00:00,Aragón,5,2017,2017-04-01 00:00:00+02:00
893311.804,1,2017-04-30 22:00:00+00:00,Aragón,5,2017,2017-05-01 00:00:00+02:00
917711.259,1,2017-05-31 22:00:00+00:00,Aragón,5,2017,2017-06-01 00:00:00+02:00
904284.365,1,2017-06-30 22:00:00+00:00,Aragón,5,2017,2017-07-01 00:00:00+02:00
901716.281,1,2017-07-31 22:00:00+00:00,Aragón,5,2017,2017-08-01 00:00:00+02:00
857750.555,1,2017-08-31 22:00:00+00:00,Aragón,5,2017,2017-09-01 00:00:00+02:00
863165.529,1,2017-09-30 22:00:00+00:00,Aragón,5,2017,2017-10-01 00:00:00+02:00
905024.24,1,2017-10-31 23:00:00+00:00,Aragón,5,2017,2017-11-01 00:00:00+01:00
919255.426,1,2017-11-30 23:00:00+00:00,Aragón,5,2017,2017-12-01 00:00:00+01:00
917058.803,1,2017-12-31 23:00:00+00:00,Aragón,5,2018,2018-01-01 00:00:00+01:00
872838.887,1,2018-01-31 23:00:00+00:00,Aragón,5,2018,2018-02-01 00:00:00+01:00
934701.899,1,2018-02-28 23:00:00+00:00,Aragón,5,2018,2018-03-01 00:00:00+01:00
851930.042,1,2018-03-31 22:00:00+00:00,Aragón,5,2018,2018-04-01 00:00:00+02:00
884001.23,1,2018-04-30 22:00:00+00:00,Aragón,5,2018,2018-05-01 00:00:00+02:00
860583.977,1,2018-05-31 22:00:00+00:00,Aragón,5,2018,2018-06-01 00:00:00+02:00
911048.582,1,2018-06-30 22:00:00+00:00,Aragón,5,2018,2018-07-01 00:00:00+02:00
918525.526,1,2018-07-31 22:00:00+00:00,Aragón,5,2018,2018-08-01 00:00:00+02:00
884757.079,1,2018-08-31 22:00:00+00:00,Aragón,5,2018,2018-09-01 00:00:00+02:00
875089.572,1,2018-09-30 22:00:00+00:00,Aragón,5,2018,2018-10-01 00:00:00+02:00
909532.475,1,2018-10-31 23:00:00+00:00,Aragón,5,2018,2018-11-01 00:00:00+01:00
870762.752,1,2018-11-30 23:00:00+00:00,Aragón,5,2018,2018-12-01 00:00:00+01:00
957420.099,1,2018-12-31 23:00:00+00:00,Aragón,5,2019,2019-01-01 00:00:00+01:00
859577.223,1,2019-01-31 23:00:00+00:00,Aragón,5,2019,2019-02-01 00:00:00+01:00
931375.419,1,2019-02-28 23:00:00+00:00,Aragón,5,2019,2019-03-01 00:00:00+01:00
861851.879,1,2019-03-31 22:00:00+00:00,Aragón,5,2019,2019-04-01 00:00:00+02:00
901078.329,1,2019-04-30 22:00:00+00:00,Aragón,5,2019,2019-05-01 00:00:00+02:00
887513.783,1,2019-05-31 22:00:00+00:00,Aragón,5,2019,2019-06-01 00:00:00+02:00
947768.672,1,2019-06-30 22:00:00+00:00,Aragón,5,2019,2019-07-01 00:00:00+02:00
918355.065,1,2019-07-31 22:00:00+00:00,Aragón,5,2019,2019-08-01 00:00:00+02:00
880277.404,1,2019-08-31 22:00:00+00:00,Aragón,5,2019,2019-09-01 00:00:00+02:00
883069.114,1,2019-09-30 22:00:00+00:00,Aragón,5,2019,2019-10-01 00:00:00+02:00
905361.295,1,2019-10-31 23:00:00+00:00,Aragón,5,2019,2019-11-01 00:00:00+01:00
875169.733,1,2019-11-30 23:00:00+00:00,Aragón,5,2019,2019-12-01 00:00:00+01:00
936969.954,1,2019-12-31 23:00:00+00:00,Aragón,5,2020,2020-01-01 00:00:00+01:00
847063.224,1,2020-01-31 23:00:00+00:00,Aragón,5,2020,2020-02-01 00:00:00+01:00
845670.025,1,2020-02-29 23:00:00+00:00,Aragón,5,2020,2020-03-01 00:00:00+01:00
715893.499,1,2020-03-31 22:00:00+00:00,Aragón,5,2020,2020-04-01 00:00:00+02:00
780472.526,1,2020-04-30 22:00:00+00:00,Aragón,5,2020,2020-05-01 00:00:00+02:00
800765.41,1,2020-05-31 22:00:00+00:00,Aragón,5,2020,2020-06-01 00:00:00+02:00
883086.548,1,2020-06-30 22:00:00+00:00,Aragón,5,2020,2020-07-01 00:00:00+02:00
884240.341,1,2020-07-31 22:00:00+00:00,Aragón,5,2020,2020-08-01 00:00:00+02:00
844042.251,1,2020-08-31 22:00:00+00:00,Aragón,5,2020,2020-09-01 00:00:00+02:00
848048.821,1,2020-09-30 22:00:00+00:00,Aragón,5,2020,2020-10-01 00:00:00+02:00
854810.773,1,2020-10-31 23:00:00+00:00,Aragón,5,2020,2020-11-01 00:00:00+01:00
873158.298,1,2020-11-30 23:00:00+00:00,Aragón,5,2020,2020-12-01 00:00:00+01:00
899098.143,1,2020-12-31 23:00:00+00:00,Aragón,5,2021,2021-01-01 00:00:00+01:00
806734.845,1,2021-01-31 23:00:00+00:00,Aragón,5,2021,2021-02-01 00:00:00+01:00
901481.249,1,2021-02-28 23:00:00+00:00,Aragón,5,2021,2021-03-01 00:00:00+01:00
835504.911,1,2021-03-31 22:00:00+00:00,Aragón,5,2021,2021-04-01 00:00:00+02:00
854555.031,1,2021-04-30 22:00:00+00:00,Aragón,5,2021,2021-05-01 00:00:00+02:00
881086.419,1,2021-05-31 22:00:00+00:00,Aragón,5,2021,2021-06-01 00:00:00+02:00
914403.06,1,2021-06-30 22:00:00+00:00,Aragón,5,2021,2021-07-01 00:00:00+02:00
890945.768,1,2021-07-31 22:00:00+00:00,Aragón,5,2021,2021-08-01 00:00:00+02:00
857223.626,1,2021-08-31 22:00:00+00:00,Aragón,5,2021,2021-09-01 00:00:00+02:00
842280.712,1,2021-09-30 22:00:00+00:00,Aragón,5,2021,2021-10-01 00:00:00+02:00
884111.867,1,2021-10-31 23:00:00+00:00,Aragón,5,2021,2021-11-01 00:00:00+01:00
895918.585,1,2021-11-30 23:00:00+00:00,Aragón,5,2021,2021-12-01 00:00:00+01:00
905738.601,1,2021-12-31 23:00:00+00:00,Aragón,5,2022,2022-01-01 00:00:00+01:00
828555.977,1,2022-01-31 23:00:00+00:00,Aragón,5,2022,2022-02-01 00:00:00+01:00
863091.487,1,2022-02-28 23:00:00+00:00,Aragón,5,2022,2022-03-01 00:00:00+01:00
810692.217,1,2022-03-31 22:00:00+00:00,Aragón,5,2022,2022-04-01 00:00:00+02:00
862400.681,1,2022-04-30 22:00:00+00:00,Aragón,5,2022,2022-05-01 00:00:00+02:00
892296.279,1,2022-05-31 22:00:00+00:00,Aragón,5,2022,2022-06-01 00:00:00+02:00
908696.727,1,2022-06-30 22:00:00+00:00,Aragón,5,2022,2022-07-01 00:00:00+02:00
857693.127,1,2022-07-31 22:00:00+00:00,Aragón,5,2022,2022-08-01 00:00:00+02:00
818225.474,1,2022-08-31 22:00:00+00:00,Aragón,5,2022,2022-09-01 00:00:00+02:00
807511.022,1,2022-09-30 22:00:00+00:00,Aragón,5,2022,2022-10-01 00:00:00+02:00
826454.965,1,2022-10-31 23:00:00+00:00,Aragón,5,2022,2022-11-01 00:00:00+01:00
828154.912,1,2022-11-30 23:00:00+00:00,Aragón,5,2022,2022-12-01 00:00:00+01:00
882655.8,1,2022-12-31 23:00:00+00:00,Aragón,5,2023,2023-01-01 00:00:00+01:00
826132.845,1,2023-01-31 23:00:00+00:00,Aragón,5,2023,2023-02-01 00:00:00+01:00
848021.203,1,2023-02-28 23:00:00+00:00,Aragón,5,2023,2023-03-01 00:00:00+01:00
762540.249,1,2023-03-31 22:00:00+00:00,Aragón,5,2023,2023-04-01 00:00:00+02:00
814899.623,1,2023-04-30 22:00:00+00:00,Aragón,5,2023,2023-05-01 00:00:00+02:00
804141.269,1,2023-05-31 22:00:00+00:00,Aragón,5,2023,2023-06-01 00:00:00+02:00
839531.511,1,2023-06-30 22:00:00+00:00,Aragón,5,2023,2023-07-01 00:00:00+02:00
798523.711,1,2023-07-31 22:00:00+00:00,Aragón,5,2023,2023-08-01 00:00:00+02:00
770023.757,1,2023-08-31 22:00:00+00:00,Aragón,5,2023,2023-09-01 00:00:00+02:00
770432.698,1,2023-09-30 22:00:00+00:00,Aragón,5,2023,2023-10-01 00:00:00+02:00
791497.704,1,2023-10-31 23:00:00+00:00,Aragón,5,2023,2023-11-01 00:00:00+01:00
793232.749,1,2023-11-30 23:00:00+00:00,Aragón,5,2023,2023-12-01 00:00:00+01:00
851735.86,1,2023-12-31 23:00:00+00:00,Aragón,5,2024,2024-01-01 00:00:00+01:00
833526.255,1,2024-01-31 23:00:00+00:00,Aragón,5,2024,2024-02-01 00:00:00+01:00
860413.929,1,2024-02-29 23:00:00+00:00,Aragón,5,2024,2024-03-01 00:00:00+01:00
822338.302,1,2024-03-31 22:00:00+00:00,Aragón,5,2024,2024-04-01 00:00:00+02:00
789717.752,1,2024-04-30 22:00:00+00:00,Aragón,5,2024,2024-05-01 00:00:00+02:00
793363.128,1,2024-05-31 22:00:00+00:00,Aragón,5,2024,2024-06-01 00:00:00+02:00
844096.06,1,2024-06-30 22:00:00+00:00,Aragón,5,2024,2024-07-01 00:00:00+02:00
852358.639,1,2024-07-31 22:00:00+00:00,Aragón,5,2024,2024-08-01 00:00:00+02:00
792898.185,1,2024-08-31 22:00:00+00:00,Aragón,5,2024,2024-09-01 00:00:00+02:00
832577.186,1,2024-09-30 22:00:00+00:00,Aragón,5,2024,2024-10-01 00:00:00+02:00
820758.503,1,2024-10-31 23:00:00+00:00,Aragón,5,2024,2024-11-01 00:00:00+01:00
850587.366,1,2024-11-30 23:00:00+00:00,Aragón,5,2024,2024-12-01 00:00:00+01:00
920080.445,1,2024-12-31 23:00:00+00:00,Aragón,5,2025,2025-01-01 00:00:00+01:00
810087.456,1,2025-01-31 23:00:00+00:00,Aragón,5,2025,2025-02-01 00:00:00+01:00
919175.508,1,2025-02-28 23:00:00+00:00,Aragón,5,2025,2025-03-01 00:00:00+01:00
822459.949,1,2025-03-31 22:00:00+00:00,Aragón,5,2025,2025-04-01 00:00:00+02:00
832318.857,1,2025-04-30 22:00:00+00:00,Aragón,5,2025,2025-05-01 00:00:00+02:00
894727.84,1,2025-05-31 22:00:00+00:00,Aragón,5,2025,2025-06-01 00:00:00+02:00
914034.73,1,2025-06-30 22:00:00+00:00,Aragón,5,2025,2025-07-01 00:00:00+02:00
881190.302,1,2025-07-31 22:00:00+00:00,Aragón,5,2025,2025-08-01 00:00:00+02:00
881090.788,1,2025-08-31 22:00:00+00:00,Aragón,5,2025,2025-09-01 00:00:00+02:00
871946.331,1,2025-09-30 22:00:00+00:00,Aragón,5,2025,2025-10-01 00:00:00+02:00
956178.998,1,2025-10-31 23:00:00+00:00,Aragón,5,2025,2025-11-01 00:00:00+01:00
956610.297,1,2025-11-30 23:00:00+00:00,Aragón,5,2025,2025-12-01 00:00:00+01:00
297997.119,1,2015-12-31 23:00:00+00:00,Castilla y León,6,2016,2016-01-01 00:00:00+01:00
345011.445,1,2016-01-31 23:00:00+00:00,Castilla y León,6,2016,2016-02-01 00:00:00+01:00
381987.493,1,2016-02-29 23:00:00+00:00,Castilla y León,6,2016,2016-03-01 00:00:00+01:00
368317.682,1,2016-03-31 22:00:00+00:00,Castilla y León,6,2016,2016-04-01 00:00:00+02:00
365297.805,1,2016-04-30 22:00:00+00:00,Castilla y León,6,2016,2016-05-01 00:00:00+02:00
331349.394,1,2016-05-31 22:00:00+00:00,Castilla y León,6,2016,2016-06-01 00:00:00+02:00
338924.912,1,2016-06-30 22:00:00+00:00,Castilla y León,6,2016,2016-07-01 00:00:00+02:00
367394.179,1,2016-07-31 22:00:00+00:00,Castilla y León,6,2016,2016-08-01 00:00:00+02:00
357851.556,1,2016-08-31 22:00:00+00:00,Castilla y León,6,2016,2016-09-01 00:00:00+02:00
354717.595,1,2016-09-30 22:00:00+00:00,Castilla y León,6,2016,2016-10-01 00:00:00+02:00
352822.021,1,2016-10-31 23:00:00+00:00,Castilla y León,6,2016,2016-11-01 00:00:00+01:00
344943.914,1,2016-11-30 23:00:00+00:00,Castilla y León,6,2016,2016-12-01 00:00:00+01:00
381804.591,1,2016-12-31 23:00:00+00:00,Castilla y León,6,2017,2017-01-01 00:00:00+01:00
342001.449,1,2017-01-31 23:00:00+00:00,Castilla y León,6,2017,2017-02-01 00:00:00+01:00
384478.476,1,2017-02-28 23:00:00+00:00,Castilla y León,6,2017,2017-03-01 00:00:00+01:00
364464.997,1,2017-03-31 22:00:00+00:00,Castilla y León,6,2017,2017-04-01 00:00:00+02:00
369259.876,1,2017-04-30 22:00:00+00:00,Castilla y León,6,2017,2017-05-01 00:00:00+02:00
353221.677,1,2017-05-31 22:00:00+00:00,Castilla y León,6,2017,2017-06-01 00:00:00+02:00
355299.079,1,2017-06-30 22:00:00+00:00,Castilla y León,6,2017,2017-07-01 00:00:00+02:00
363861.018,1,2017-07-31 22:00:00+00:00,Castilla y León,6,2017,2017-08-01 00:00:00+02:00
357437.519,1,2017-08-31 22:00:00+00:00,Castilla y León,6,2017,2017-09-01 00:00:00+02:00
375035.208,1,2017-09-30 22:00:00+00:00,Castilla y León,6,2017,2017-10-01 00:00:00+02:00
382867.662,1,2017-10-31 23:00:00+00:00,Castilla y León,6,2017,2017-11-01 00:00:00+01:00
343839.646,1,2017-11-30 23:00:00+00:00,Castilla y León,6,2017,2017-12-01 00:00:00+01:00
360243.957,1,2017-12-31 23:00:00+00:00,Castilla y León,6,2018,2018-01-01 00:00:00+01:00
345533.56,1,2018-01-31 23:00:00+00:00,Castilla y León,6,2018,2018-02-01 00:00:00+01:00
382202.224,1,2018-02-28 23:00:00+00:00,Castilla y León,6,2018,2018-03-01 00:00:00+01:00
357831.059,1,2018-03-31 22:00:00+00:00,Castilla y León,6,2018,2018-04-01 00:00:00+02:00
360579.583,1,2018-04-30 22:00:00+00:00,Castilla y León,6,2018,2018-05-01 00:00:00+02:00
340707.984,1,2018-05-31 22:00:00+00:00,Castilla y León,6,2018,2018-06-01 00:00:00+02:00
362695.102,1,2018-06-30 22:00:00+00:00,Castilla y León,6,2018,2018-07-01 00:00:00+02:00
359222.278,1,2018-07-31 22:00:00+00:00,Castilla y León,6,2018,2018-08-01 00:00:00+02:00
349584.439,1,2018-08-31 22:00:00+00:00,Castilla y León,6,2018,2018-09-01 00:00:00+02:00
356824.25,1,2018-09-30 22:00:00+00:00,Castilla y León,6,2018,2018-10-01 00:00:00+02:00
352809.12,1,2018-10-31 23:00:00+00:00,Castilla y León,6,2018,2018-11-01 00:00:00+01:00
343724.221,1,2018-11-30 23:00:00+00:00,Castilla y León,6,2018,2018-12-01 00:00:00+01:00
376344.812,1,2018-12-31 23:00:00+00:00,Castilla y León,6,2019,2019-01-01 00:00:00+01:00
335609.363,1,2019-01-31 23:00:00+00:00,Castilla y León,6,2019,2019-02-01 00:00:00+01:00
363081.312,1,2019-02-28 23:00:00+00:00,Castilla y León,6,2019,2019-03-01 00:00:00+01:00
358214.104,1,2019-03-31 22:00:00+00:00,Castilla y León,6,2019,2019-04-01 00:00:00+02:00
358357.706,1,2019-04-30 22:00:00+00:00,Castilla y León,6,2019,2019-05-01 00:00:00+02:00
334031.262,1,2019-05-31 22:00:00+00:00,Castilla y León,6,2019,2019-06-01 00:00:00+02:00
349591.357,1,2019-06-30 22:00:00+00:00,Castilla y León,6,2019,2019-07-01 00:00:00+02:00
344327.486,1,2019-07-31 22:00:00+00:00,Castilla y León,6,2019,2019-08-01 00:00:00+02:00
341052.811,1,2019-08-31 22:00:00+00:00,Castilla y León,6,2019,2019-09-01 00:00:00+02:00
347289.235,1,2019-09-30 22:00:00+00:00,Castilla y León,6,2019,2019-10-01 00:00:00+02:00
356017.986,1,2019-10-31 23:00:00+00:00,Castilla y León,6,2019,2019-11-01 00:00:00+01:00
324383.453,1,2019-11-30 23:00:00+00:00,Castilla y León,6,2019,2019-12-01 00:00:00+01:00
341784.053,1,2019-12-31 23:00:00+00:00,Castilla y León,6,2020,2020-01-01 00:00:00+01:00
330739.792,1,2020-01-31 23:00:00+00:00,Castilla y León,6,2020,2020-02-01 00:00:00+01:00
356180.394,1,2020-02-29 23:00:00+00:00,Castilla y León,6,2020,2020-03-01 00:00:00+01:00
287372.937,1,2020-03-31 22:00:00+00:00,Castilla y León,6,2020,2020-04-01 00:00:00+02:00
314378.961,1,2020-04-30 22:00:00+00:00,Castilla y León,6,2020,2020-05-01 00:00:00+02:00
280657.543,1,2020-05-31 22:00:00+00:00,Castilla y León,6,2020,2020-06-01 00:00:00+02:00
319142.121,1,2020-06-30 22:00:00+00:00,Castilla y León,6,2020,2020-07-01 00:00:00+02:00
340134.022,1,2020-07-31 22:00:00+00:00,Castilla y León,6,2020,2020-08-01 00:00:00+02:00
333667.089,1,2020-08-31 22:00:00+00:00,Castilla y León,6,2020,2020-09-01 00:00:00+02:00
351119.216,1,2020-09-30 22:00:00+00:00,Castilla y León,6,2020,2020-10-01 00:00:00+02:00
344154.085,1,2020-10-31 23:00:00+00:00,Castilla y León,6,2020,2020-11-01 00:00:00+01:00
306515.675,1,2020-11-30 23:00:00+00:00,Castilla y León,6,2020,2020-12-01 00:00:00+01:00
301323.586,1,2020-12-31 23:00:00+00:00,Castilla y León,6,2021,2021-01-01 00:00:00+01:00
312051.981,1,2021-01-31 23:00:00+00:00,Castilla y León,6,2021,2021-02-01 00:00:00+01:00
354118.186,1,2021-02-28 23:00:00+00:00,Castilla y León,6,2021,2021-03-01 00:00:00+01:00
334415.536,1,2021-03-31 22:00:00+00:00,Castilla y León,6,2021,2021-04-01 00:00:00+02:00
354486.889,1,2021-04-30 22:00:00+00:00,Castilla y León,6,2021,2021-05-01 00:00:00+02:00
350482.439,1,2021-05-31 22:00:00+00:00,Castilla y León,6,2021,2021-06-01 00:00:00+02:00
345632.751,1,2021-06-30 22:00:00+00:00,Castilla y León,6,2021,2021-07-01 00:00:00+02:00
345589.824,1,2021-07-31 22:00:00+00:00,Castilla y León,6,2021,2021-08-01 00:00:00+02:00
338863.197,1,2021-08-31 22:00:00+00:00,Castilla y León,6,2021,2021-09-01 00:00:00+02:00
328646.412,1,2021-09-30 22:00:00+00:00,Castilla y León,6,2021,2021-10-01 00:00:00+02:00
336095.262,1,2021-10-31 23:00:00+00:00,Castilla y León,6,2021,2021-11-01 00:00:00+01:00
314925.718,1,2021-11-30 23:00:00+00:00,Castilla y León,6,2021,2021-12-01 00:00:00+01:00
310887.008,1,2021-12-31 23:00:00+00:00,Castilla y León,6,2022,2022-01-01 00:00:00+01:00
303920.233,1,2022-01-31 23:00:00+00:00,Castilla y León,6,2022,2022-02-01 00:00:00+01:00
304597.717,1,2022-02-28 23:00:00+00:00,Castilla y León,6,2022,2022-03-01 00:00:00+01:00
317139.959,1,2022-03-31 22:00:00+00:00,Castilla y León,6,2022,2022-04-01 00:00:00+02:00
332926.239,1,2022-04-30 22:00:00+00:00,Castilla y León,6,2022,2022-05-01 00:00:00+02:00
304838.328,1,2022-05-31 22:00:00+00:00,Castilla y León,6,2022,2022-06-01 00:00:00+02:00
325751.303,1,2022-06-30 22:00:00+00:00,Castilla y León,6,2022,2022-07-01 00:00:00+02:00
303304.989,1,2022-07-31 22:00:00+00:00,Castilla y León,6,2022,2022-08-01 00:00:00+02:00
276790.428,1,2022-08-31 22:00:00+00:00,Castilla y León,6,2022,2022-09-01 00:00:00+02:00
288164.299,1,2022-09-30 22:00:00+00:00,Castilla y León,6,2022,2022-10-01 00:00:00+02:00
273224.97,1,2022-10-31 23:00:00+00:00,Castilla y León,6,2022,2022-11-01 00:00:00+01:00
276394.369,1,2022-11-30 23:00:00+00:00,Castilla y León,6,2022,2022-12-01 00:00:00+01:00
301243.293,1,2022-12-31 23:00:00+00:00,Castilla y León,6,2023,2023-01-01 00:00:00+01:00
291592.198,1,2023-01-31 23:00:00+00:00,Castilla y León,6,2023,2023-02-01 00:00:00+01:00
314694.438,1,2023-02-28 23:00:00+00:00,Castilla y León,6,2023,2023-03-01 00:00:00+01:00
294722.103,1,2023-03-31 22:00:00+00:00,Castilla y León,6,2023,2023-04-01 00:00:00+02:00
288608.396,1,2023-04-30 22:00:00+00:00,Castilla y León,6,2023,2023-05-01 00:00:00+02:00
276359.322,1,2023-05-31 22:00:00+00:00,Castilla y León,6,2023,2023-06-01 00:00:00+02:00
278417.851,1,2023-06-30 22:00:00+00:00,Castilla y León,6,2023,2023-07-01 00:00:00+02:00
282224.585,1,2023-07-31 22:00:00+00:00,Castilla y León,6,2023,2023-08-01 00:00:00+02:00
287677.728,1,2023-08-31 22:00:00+00:00,Castilla y León,6,2023,2023-09-01 00:00:00+02:00
297031.463,1,2023-09-30 22:00:00+00:00,Castilla y León,6,2023,2023-10-01 00:00:00+02:00
304109.871,1,2023-10-31 23:00:00+00:00,Castilla y León,6,2023,2023-11-01 00:00:00+01:00
277782.084,1,2023-11-30 23:00:00+00:00,Castilla y León,6,2023,2023-12-01 00:00:00+01:00
312839.673,1,2023-12-31 23:00:00+00:00,Castilla y León,6,2024,2024-01-01 00:00:00+01:00
306217.814,1,2024-01-31 23:00:00+00:00,Castilla y León,6,2024,2024-02-01 00:00:00+01:00
323737.238,1,2024-02-29 23:00:00+00:00,Castilla y León,6,2024,2024-03-01 00:00:00+01:00
314479.241,1,2024-03-31 22:00:00+00:00,Castilla y León,6,2024,2024-04-01 00:00:00+02:00
317248.805,1,2024-04-30 22:00:00+00:00,Castilla y León,6,2024,2024-05-01 00:00:00+02:00
310918.594,1,2024-05-31 22:00:00+00:00,Castilla y León,6,2024,2024-06-01 00:00:00+02:00
324232.102,1,2024-06-30 22:00:00+00:00,Castilla y León,6,2024,2024-07-01 00:00:00+02:00
304379.398,1,2024-07-31 22:00:00+00:00,Castilla y León,6,2024,2024-08-01 00:00:00+02:00
301436.661,1,2024-08-31 22:00:00+00:00,Castilla y León,6,2024,2024-09-01 00:00:00+02:00
313811.147,1,2024-09-30 22:00:00+00:00,Castilla y León,6,2024,2024-10-01 00:00:00+02:00
303091.808,1,2024-10-31 23:00:00+00:00,Castilla y León,6,2024,2024-11-01 00:00:00+01:00
307024.546,1,2024-11-30 23:00:00+00:00,Castilla y León,6,2024,2024-12-01 00:00:00+01:00
324684.286,1,2024-12-31 23:00:00+00:00,Castilla y León,6,2025,2025-01-01 00:00:00+01:00
310360.224,1,2025-01-31 23:00:00+00:00,Castilla y León,6,2025,2025-02-01 00:00:00+01:00
348478.181,1,2025-02-28 23:00:00+00:00,Castilla y León,6,2025,2025-03-01 00:00:00+01:00
320333.106,1,2025-03-31 22:00:00+00:00,Castilla y León,6,2025,2025-04-01 00:00:00+02:00
341577.994,1,2025-04-30 22:00:00+00:00,Castilla y León,6,2025,2025-05-01 00:00:00+02:00
314791.919,1,2025-05-31 22:00:00+00:00,Castilla y León,6,2025,2025-06-01 00:00:00+02:00
324152.434,1,2025-06-30 22:00:00+00:00,Castilla y León,6,2025,2025-07-01 00:00:00+02:00
315337.571,1,2025-07-31 22:00:00+00:00,Castilla y León,6,2025,2025-08-01 00:00:00+02:00
323269.974,1,2025-08-31 22:00:00+00:00,Castilla y León,6,2025,2025-09-01 00:00:00+02:00
338113.073,1,2025-09-30 22:00:00+00:00,Castilla y León,6,2025,2025-10-01 00:00:00+02:00
329023.544,1,2025-10-31 23:00:00+00:00,Castilla y León,6,2025,2025-11-01 00:00:00+01:00
306313.124,1,2025-11-30 23:00:00+00:00,Castilla y León,6,2025,2025-12-01 00:00:00+01:00
980802.01,1,2015-12-31 23:00:00+00:00,Castilla-La Mancha,7,2016,2016-01-01 00:00:00+01:00
958320.53,1,2016-01-31 23:00:00+00:00,Castilla-La Mancha,7,2016,2016-02-01 00:00:00+01:00
995224.499,1,2016-02-29 23:00:00+00:00,Castilla-La Mancha,7,2016,2016-03-01 00:00:00+01:00
931715.357,1,2016-03-31 22:00:00+00:00,Castilla-La Mancha,7,2016,2016-04-01 00:00:00+02:00
887375.472,1,2016-04-30 22:00:00+00:00,Castilla-La Mancha,7,2016,2016-05-01 00:00:00+02:00
980300.821,1,2016-05-31 22:00:00+00:00,Castilla-La Mancha,7,2016,2016-06-01 00:00:00+02:00
1085040.388,1,2016-06-30 22:00:00+00:00,Castilla-La Mancha,7,2016,2016-07-01 00:00:00+02:00
1079734.196,1,2016-07-31 22:00:00+00:00,Castilla-La Mancha,7,2016,2016-08-01 00:00:00+02:00
973043.007,1,2016-08-31 22:00:00+00:00,Castilla-La Mancha,7,2016,2016-09-01 00:00:00+02:00
875354.543,1,2016-09-30 22:00:00+00:00,Castilla-La Mancha,7,2016,2016-10-01 00:00:00+02:00
950983.979,1,2016-10-31 23:00:00+00:00,Castilla-La Mancha,7,2016,2016-11-01 00:00:00+01:00
987773.492,1,2016-11-30 23:00:00+00:00,Castilla-La Mancha,7,2016,2016-12-01 00:00:00+01:00
1061646.481,1,2016-12-31 23:00:00+00:00,Castilla-La Mancha,7,2017,2017-01-01 00:00:00+01:00
916105.836,1,2017-01-31 23:00:00+00:00,Castilla-La Mancha,7,2017,2017-02-01 00:00:00+01:00
951526.486,1,2017-02-28 23:00:00+00:00,Castilla-La Mancha,7,2017,2017-03-01 00:00:00+01:00
911174.862,1,2017-03-31 22:00:00+00:00,Castilla-La Mancha,7,2017,2017-04-01 00:00:00+02:00
962101.266,1,2017-04-30 22:00:00+00:00,Castilla-La Mancha,7,2017,2017-05-01 00:00:00+02:00
1018755.22,1,2017-05-31 22:00:00+00:00,Castilla-La Mancha,7,2017,2017-06-01 00:00:00+02:00
1058314.034,1,2017-06-30 22:00:00+00:00,Castilla-La Mancha,7,2017,2017-07-01 00:00:00+02:00
1084685.97,1,2017-07-31 22:00:00+00:00,Castilla-La Mancha,7,2017,2017-08-01 00:00:00+02:00
928824.513,1,2017-08-31 22:00:00+00:00,Castilla-La Mancha,7,2017,2017-09-01 00:00:00+02:00
872927.071,1,2017-09-30 22:00:00+00:00,Castilla-La Mancha,7,2017,2017-10-01 00:00:00+02:00
919620.776,1,2017-10-31 23:00:00+00:00,Castilla-La Mancha,7,2017,2017-11-01 00:00:00+01:00
1027177.246,1,2017-11-30 23:00:00+00:00,Castilla-La Mancha,7,2017,2017-12-01 00:00:00+01:00
1042435.374,1,2017-12-31 23:00:00+00:00,Castilla-La Mancha,7,2018,2018-01-01 00:00:00+01:00
953026.688,1,2018-01-31 23:00:00+00:00,Castilla-La Mancha,7,2018,2018-02-01 00:00:00+01:00
1007616.011,1,2018-02-28 23:00:00+00:00,Castilla-La Mancha,7,2018,2018-03-01 00:00:00+01:00
958888.045,1,2018-03-31 22:00:00+00:00,Castilla-La Mancha,7,2018,2018-04-01 00:00:00+02:00
967026.876,1,2018-04-30 22:00:00+00:00,Castilla-La Mancha,7,2018,2018-05-01 00:00:00+02:00
967550.75,1,2018-05-31 22:00:00+00:00,Castilla-La Mancha,7,2018,2018-06-01 00:00:00+02:00
1077120.188,1,2018-06-30 22:00:00+00:00,Castilla-La Mancha,7,2018,2018-07-01 00:00:00+02:00
1092087.65,1,2018-07-31 22:00:00+00:00,Castilla-La Mancha,7,2018,2018-08-01 00:00:00+02:00
966634.506,1,2018-08-31 22:00:00+00:00,Castilla-La Mancha,7,2018,2018-09-01 00:00:00+02:00
928844.406,1,2018-09-30 22:00:00+00:00,Castilla-La Mancha,7,2018,2018-10-01 00:00:00+02:00
974321.967,1,2018-10-31 23:00:00+00:00,Castilla-La Mancha,7,2018,2018-11-01 00:00:00+01:00
1030942.115,1,2018-11-30 23:00:00+00:00,Castilla-La Mancha,7,2018,2018-12-01 00:00:00+01:00
1112346.134,1,2018-12-31 23:00:00+00:00,Castilla-La Mancha,7,2019,2019-01-01 00:00:00+01:00
988724.576,1,2019-01-31 23:00:00+00:00,Castilla-La Mancha,7,2019,2019-02-01 00:00:00+01:00
1039939.791,1,2019-02-28 23:00:00+00:00,Castilla-La Mancha,7,2019,2019-03-01 00:00:00+01:00
931138.133,1,2019-03-31 22:00:00+00:00,Castilla-La Mancha,7,2019,2019-04-01 00:00:00+02:00
975360.89,1,2019-04-30 22:00:00+00:00,Castilla-La Mancha,7,2019,2019-05-01 00:00:00+02:00
1000327.159,1,2019-05-31 22:00:00+00:00,Castilla-La Mancha,7,2019,2019-06-01 00:00:00+02:00
1152988.982,1,2019-06-30 22:00:00+00:00,Castilla-La Mancha,7,2019,2019-07-01 00:00:00+02:00
1077388.382,1,2019-07-31 22:00:00+00:00,Castilla-La Mancha,7,2019,2019-08-01 00:00:00+02:00
931369.774,1,2019-08-31 22:00:00+00:00,Castilla-La Mancha,7,2019,2019-09-01 00:00:00+02:00
944877.518,1,2019-09-30 22:00:00+00:00,Castilla-La Mancha,7,2019,2019-10-01 00:00:00+02:00
970712.128,1,2019-10-31 23:00:00+00:00,Castilla-La Mancha,7,2019,2019-11-01 00:00:00+01:00
1010042.555,1,2019-11-30 23:00:00+00:00,Castilla-La Mancha,7,2019,2019-12-01 00:00:00+01:00
1061533.843,1,2019-12-31 23:00:00+00:00,Castilla-La Mancha,7,2020,2020-01-01 00:00:00+01:00
939083.828,1,2020-01-31 23:00:00+00:00,Castilla-La Mancha,7,2020,2020-02-01 00:00:00+01:00
988619.577,1,2020-02-29 23:00:00+00:00,Castilla-La Mancha,7,2020,2020-03-01 00:00:00+01:00
807391.746,1,2020-03-31 22:00:00+00:00,Castilla-La Mancha,7,2020,2020-04-01 00:00:00+02:00
917831.634,1,2020-04-30 22:00:00+00:00,Castilla-La Mancha,7,2020,2020-05-01 00:00:00+02:00
964355.873,1,2020-05-31 22:00:00+00:00,Castilla-La Mancha,7,2020,2020-06-01 00:00:00+02:00
1173169.272,1,2020-06-30 22:00:00+00:00,Castilla-La Mancha,7,2020,2020-07-01 00:00:00+02:00
1114481.323,1,2020-07-31 22:00:00+00:00,Castilla-La Mancha,7,2020,2020-08-01 00:00:00+02:00
930478.016,1,2020-08-31 22:00:00+00:00,Castilla-La Mancha,7,2020,2020-09-01 00:00:00+02:00
926029.016,1,2020-09-30 22:00:00+00:00,Castilla-La Mancha,7,2020,2020-10-01 00:00:00+02:00
918647.462,1,2020-10-31 23:00:00+00:00,Castilla-La Mancha,7,2020,2020-11-01 00:00:00+01:00
1018731.82,1,2020-11-30 23:00:00+00:00,Castilla-La Mancha,7,2020,2020-12-01 00:00:00+01:00
1064675.945,1,2020-12-31 23:00:00+00:00,Castilla-La Mancha,7,2021,2021-01-01 00:00:00+01:00
916023.561,1,2021-01-31 23:00:00+00:00,Castilla-La Mancha,7,2021,2021-02-01 00:00:00+01:00
1012109.007,1,2021-02-28 23:00:00+00:00,Castilla-La Mancha,7,2021,2021-03-01 00:00:00+01:00
945621.257,1,2021-03-31 22:00:00+00:00,Castilla-La Mancha,7,2021,2021-04-01 00:00:00+02:00
983773.982,1,2021-04-30 22:00:00+00:00,Castilla-La Mancha,7,2021,2021-05-01 00:00:00+02:00
978293.68,1,2021-05-31 22:00:00+00:00,Castilla-La Mancha,7,2021,2021-06-01 00:00:00+02:00
1138124.645,1,2021-06-30 22:00:00+00:00,Castilla-La Mancha,7,2021,2021-07-01 00:00:00+02:00
1111553.19,1,2021-07-31 22:00:00+00:00,Castilla-La Mancha,7,2021,2021-08-01 00:00:00+02:00
942787.008,1,2021-08-31 22:00:00+00:00,Castilla-La Mancha,7,2021,2021-09-01 00:00:00+02:00
889166.115,1,2021-09-30 22:00:00+00:00,Castilla-La Mancha,7,2021,2021-10-01 00:00:00+02:00
988074.665,1,2021-10-31 23:00:00+00:00,Castilla-La Mancha,7,2021,2021-11-01 00:00:00+01:00
1048655.126,1,2021-11-30 23:00:00+00:00,Castilla-La Mancha,7,2021,2021-12-01 00:00:00+01:00
1062483.113,1,2021-12-31 23:00:00+00:00,Castilla-La Mancha,7,2022,2022-01-01 00:00:00+01:00
937262.665,1,2022-01-31 23:00:00+00:00,Castilla-La Mancha,7,2022,2022-02-01 00:00:00+01:00
967960.995,1,2022-02-28 23:00:00+00:00,Castilla-La Mancha,7,2022,2022-03-01 00:00:00+01:00
871579.213,1,2022-03-31 22:00:00+00:00,Castilla-La Mancha,7,2022,2022-04-01 00:00:00+02:00
931902.293,1,2022-04-30 22:00:00+00:00,Castilla-La Mancha,7,2022,2022-05-01 00:00:00+02:00
1029501.733,1,2022-05-31 22:00:00+00:00,Castilla-La Mancha,7,2022,2022-06-01 00:00:00+02:00
1194776.552,1,2022-06-30 22:00:00+00:00,Castilla-La Mancha,7,2022,2022-07-01 00:00:00+02:00
1103853.158,1,2022-07-31 22:00:00+00:00,Castilla-La Mancha,7,2022,2022-08-01 00:00:00+02:00
936184.35,1,2022-08-31 22:00:00+00:00,Castilla-La Mancha,7,2022,2022-09-01 00:00:00+02:00
855856.051,1,2022-09-30 22:00:00+00:00,Castilla-La Mancha,7,2022,2022-10-01 00:00:00+02:00
865675.336,1,2022-10-31 23:00:00+00:00,Castilla-La Mancha,7,2022,2022-11-01 00:00:00+01:00
956420.809,1,2022-11-30 23:00:00+00:00,Castilla-La Mancha,7,2022,2022-12-01 00:00:00+01:00
1034590.969,1,2022-12-31 23:00:00+00:00,Castilla-La Mancha,7,2023,2023-01-01 00:00:00+01:00
967155.255,1,2023-01-31 23:00:00+00:00,Castilla-La Mancha,7,2023,2023-02-01 00:00:00+01:00
987929.973,1,2023-02-28 23:00:00+00:00,Castilla-La Mancha,7,2023,2023-03-01 00:00:00+01:00
924710.345,1,2023-03-31 22:00:00+00:00,Castilla-La Mancha,7,2023,2023-04-01 00:00:00+02:00
931243.59,1,2023-04-30 22:00:00+00:00,Castilla-La Mancha,7,2023,2023-05-01 00:00:00+02:00
888864.1,1,2023-05-31 22:00:00+00:00,Castilla-La Mancha,7,2023,2023-06-01 00:00:00+02:00
1084542.101,1,2023-06-30 22:00:00+00:00,Castilla-La Mancha,7,2023,2023-07-01 00:00:00+02:00
1079901.527,1,2023-07-31 22:00:00+00:00,Castilla-La Mancha,7,2023,2023-08-01 00:00:00+02:00
888525.063,1,2023-08-31 22:00:00+00:00,Castilla-La Mancha,7,2023,2023-09-01 00:00:00+02:00
893453.968,1,2023-09-30 22:00:00+00:00,Castilla-La Mancha,7,2023,2023-10-01 00:00:00+02:00
948848.243,1,2023-10-31 23:00:00+00:00,Castilla-La Mancha,7,2023,2023-11-01 00:00:00+01:00
1053507.676,1,2023-11-30 23:00:00+00:00,Castilla-La Mancha,7,2023,2023-12-01 00:00:00+01:00
1050184.425,1,2023-12-31 23:00:00+00:00,Castilla-La Mancha,7,2024,2024-01-01 00:00:00+01:00
963581.961,1,2024-01-31 23:00:00+00:00,Castilla-La Mancha,7,2024,2024-02-01 00:00:00+01:00
1012685.62,1,2024-02-29 23:00:00+00:00,Castilla-La Mancha,7,2024,2024-03-01 00:00:00+01:00
950301.78,1,2024-03-31 22:00:00+00:00,Castilla-La Mancha,7,2024,2024-04-01 00:00:00+02:00
979741.537,1,2024-04-30 22:00:00+00:00,Castilla-La Mancha,7,2024,2024-05-01 00:00:00+02:00
956464.727,1,2024-05-31 22:00:00+00:00,Castilla-La Mancha,7,2024,2024-06-01 00:00:00+02:00
1136266.848,1,2024-06-30 22:00:00+00:00,Castilla-La Mancha,7,2024,2024-07-01 00:00:00+02:00
1145804.308,1,2024-07-31 22:00:00+00:00,Castilla-La Mancha,7,2024,2024-08-01 00:00:00+02:00
928801.94,1,2024-08-31 22:00:00+00:00,Castilla-La Mancha,7,2024,2024-09-01 00:00:00+02:00
938405.796,1,2024-09-30 22:00:00+00:00,Castilla-La Mancha,7,2024,2024-10-01 00:00:00+02:00
956335.741,1,2024-10-31 23:00:00+00:00,Castilla-La Mancha,7,2024,2024-11-01 00:00:00+01:00
1064713.879,1,2024-11-30 23:00:00+00:00,Castilla-La Mancha,7,2024,2024-12-01 00:00:00+01:00
1095041.874,1,2024-12-31 23:00:00+00:00,Castilla-La Mancha,7,2025,2025-01-01 00:00:00+01:00
944015.192,1,2025-01-31 23:00:00+00:00,Castilla-La Mancha,7,2025,2025-02-01 00:00:00+01:00
1045514.607,1,2025-02-28 23:00:00+00:00,Castilla-La Mancha,7,2025,2025-03-01 00:00:00+01:00
911253.021,1,2025-03-31 22:00:00+00:00,Castilla-La Mancha,7,2025,2025-04-01 00:00:00+02:00
1006314.051,1,2025-04-30 22:00:00+00:00,Castilla-La Mancha,7,2025,2025-05-01 00:00:00+02:00
1092007.785,1,2025-05-31 22:00:00+00:00,Castilla-La Mancha,7,2025,2025-06-01 00:00:00+02:00
1186934.58,1,2025-06-30 22:00:00+00:00,Castilla-La Mancha,7,2025,2025-07-01 00:00:00+02:00
1101511.815,1,2025-07-31 22:00:00+00:00,Castilla-La Mancha,7,2025,2025-08-01 00:00:00+02:00
954510.922,1,2025-08-31 22:00:00+00:00,Castilla-La Mancha,7,2025,2025-09-01 00:00:00+02:00
968182.988,1,2025-09-30 22:00:00+00:00,Castilla-La Mancha,7,2025,2025-10-01 00:00:00+02:00
1051337.534,1,2025-10-31 23:00:00+00:00,Castilla-La Mancha,7,2025,2025-11-01 00:00:00+01:00
1167488.638,1,2025-11-30 23:00:00+00:00,Castilla-La Mancha,7,2025,2025-12-01 00:00:00+01:00
1225929.976,1,2015-12-31 23:00:00+00:00,La Rioja,8,2016,2016-01-01 00:00:00+01:00
1186063.009,1,2016-01-31 23:00:00+00:00,La Rioja,8,2016,2016-02-01 00:00:00+01:00
1231589.717,1,2016-02-29 23:00:00+00:00,La Rioja,8,2016,2016-03-01 00:00:00+01:00
1133842.352,1,2016-03-31 22:00:00+00:00,La Rioja,8,2016,2016-04-01 00:00:00+02:00
1101075.662,1,2016-04-30 22:00:00+00:00,La Rioja,8,2016,2016-05-01 00:00:00+02:00
1116576.81,1,2016-05-31 22:00:00+00:00,La Rioja,8,2016,2016-06-01 00:00:00+02:00
1212846.161,1,2016-06-30 22:00:00+00:00,La Rioja,8,2016,2016-07-01 00:00:00+02:00
1164434.698,1,2016-07-31 22:00:00+00:00,La Rioja,8,2016,2016-08-01 00:00:00+02:00
1117640.304,1,2016-08-31 22:00:00+00:00,La Rioja,8,2016,2016-09-01 00:00:00+02:00
1103810.422,1,2016-09-30 22:00:00+00:00,La Rioja,8,2016,2016-10-01 00:00:00+02:00
1183219.188,1,2016-10-31 23:00:00+00:00,La Rioja,8,2016,2016-11-01 00:00:00+01:00
1213425.264,1,2016-11-30 23:00:00+00:00,La Rioja,8,2016,2016-12-01 00:00:00+01:00
1282078.402,1,2016-12-31 23:00:00+00:00,La Rioja,8,2017,2017-01-01 00:00:00+01:00
1136465.602,1,2017-01-31 23:00:00+00:00,La Rioja,8,2017,2017-02-01 00:00:00+01:00
1213111.753,1,2017-02-28 23:00:00+00:00,La Rioja,8,2017,2017-03-01 00:00:00+01:00
1084445.988,1,2017-03-31 22:00:00+00:00,La Rioja,8,2017,2017-04-01 00:00:00+02:00
1134853.512,1,2017-04-30 22:00:00+00:00,La Rioja,8,2017,2017-05-01 00:00:00+02:00
1185343.367,1,2017-05-31 22:00:00+00:00,La Rioja,8,2017,2017-06-01 00:00:00+02:00
1201742.434,1,2017-06-30 22:00:00+00:00,La Rioja,8,2017,2017-07-01 00:00:00+02:00
1152799.284,1,2017-07-31 22:00:00+00:00,La Rioja,8,2017,2017-08-01 00:00:00+02:00
1099285.06,1,2017-08-31 22:00:00+00:00,La Rioja,8,2017,2017-09-01 00:00:00+02:00
1129375.782,1,2017-09-30 22:00:00+00:00,La Rioja,8,2017,2017-10-01 00:00:00+02:00
1193931.662,1,2017-10-31 23:00:00+00:00,La Rioja,8,2017,2017-11-01 00:00:00+01:00
1254119.834,1,2017-11-30 23:00:00+00:00,La Rioja,8,2017,2017-12-01 00:00:00+01:00
1286001.566,1,2017-12-31 23:00:00+00:00,La Rioja,8,2018,2018-01-01 00:00:00+01:00
1197806.47,1,2018-01-31 23:00:00+00:00,La Rioja,8,2018,2018-02-01 00:00:00+01:00
1285164.165,1,2018-02-28 23:00:00+00:00,La Rioja,8,2018,2018-03-01 00:00:00+01:00
1138119.703,1,2018-03-31 22:00:00+00:00,La Rioja,8,2018,2018-04-01 00:00:00+02:00
1143598.723,1,2018-04-30 22:00:00+00:00,La Rioja,8,2018,2018-05-01 00:00:00+02:00
1111234.426,1,2018-05-31 22:00:00+00:00,La Rioja,8,2018,2018-06-01 00:00:00+02:00
1212746.664,1,2018-06-30 22:00:00+00:00,La Rioja,8,2018,2018-07-01 00:00:00+02:00
1190692.626,1,2018-07-31 22:00:00+00:00,La Rioja,8,2018,2018-08-01 00:00:00+02:00
1130028.253,1,2018-08-31 22:00:00+00:00,La Rioja,8,2018,2018-09-01 00:00:00+02:00
1160824.097,1,2018-09-30 22:00:00+00:00,La Rioja,8,2018,2018-10-01 00:00:00+02:00
1216810.991,1,2018-10-31 23:00:00+00:00,La Rioja,8,2018,2018-11-01 00:00:00+01:00
1213294.5,1,2018-11-30 23:00:00+00:00,La Rioja,8,2018,2018-12-01 00:00:00+01:00
1304599.661,1,2018-12-31 23:00:00+00:00,La Rioja,8,2019,2019-01-01 00:00:00+01:00
1139791.713,1,2019-01-31 23:00:00+00:00,La Rioja,8,2019,2019-02-01 00:00:00+01:00
1205850.157,1,2019-02-28 23:00:00+00:00,La Rioja,8,2019,2019-03-01 00:00:00+01:00
1138940.089,1,2019-03-31 22:00:00+00:00,La Rioja,8,2019,2019-04-01 00:00:00+02:00
1168948.401,1,2019-04-30 22:00:00+00:00,La Rioja,8,2019,2019-05-01 00:00:00+02:00
1142368.133,1,2019-05-31 22:00:00+00:00,La Rioja,8,2019,2019-06-01 00:00:00+02:00
1245721.68,1,2019-06-30 22:00:00+00:00,La Rioja,8,2019,2019-07-01 00:00:00+02:00
1164281.486,1,2019-07-31 22:00:00+00:00,La Rioja,8,2019,2019-08-01 00:00:00+02:00
1097241.152,1,2019-08-31 22:00:00+00:00,La Rioja,8,2019,2019-09-01 00:00:00+02:00
1160622.707,1,2019-09-30 22:00:00+00:00,La Rioja,8,2019,2019-10-01 00:00:00+02:00
1207924.771,1,2019-10-31 23:00:00+00:00,La Rioja,8,2019,2019-11-01 00:00:00+01:00
1205933.214,1,2019-11-30 23:00:00+00:00,La Rioja,8,2019,2019-12-01 00:00:00+01:00
1289529.098,1,2019-12-31 23:00:00+00:00,La Rioja,8,2020,2020-01-01 00:00:00+01:00
1158160.686,1,2020-01-31 23:00:00+00:00,La Rioja,8,2020,2020-02-01 00:00:00+01:00
1127288.907,1,2020-02-29 23:00:00+00:00,La Rioja,8,2020,2020-03-01 00:00:00+01:00
903667.226,1,2020-03-31 22:00:00+00:00,La Rioja,8,2020,2020-04-01 00:00:00+02:00
975778.847,1,2020-04-30 22:00:00+00:00,La Rioja,8,2020,2020-05-01 00:00:00+02:00
1031437.936,1,2020-05-31 22:00:00+00:00,La Rioja,8,2020,2020-06-01 00:00:00+02:00
1226900.23,1,2020-06-30 22:00:00+00:00,La Rioja,8,2020,2020-07-01 00:00:00+02:00
1126916.921,1,2020-07-31 22:00:00+00:00,La Rioja,8,2020,2020-08-01 00:00:00+02:00
1084962.292,1,2020-08-31 22:00:00+00:00,La Rioja,8,2020,2020-09-01 00:00:00+02:00
1156341.074,1,2020-09-30 22:00:00+00:00,La Rioja,8,2020,2020-10-01 00:00:00+02:00
1143244.181,1,2020-10-31 23:00:00+00:00,La Rioja,8,2020,2020-11-01 00:00:00+01:00
1205269.286,1,2020-11-30 23:00:00+00:00,La Rioja,8,2020,2020-12-01 00:00:00+01:00
1267533.707,1,2020-12-31 23:00:00+00:00,La Rioja,8,2021,2021-01-01 00:00:00+01:00
1100679.804,1,2021-01-31 23:00:00+00:00,La Rioja,8,2021,2021-02-01 00:00:00+01:00
1190666.42,1,2021-02-28 23:00:00+00:00,La Rioja,8,2021,2021-03-01 00:00:00+01:00
1076771.526,1,2021-03-31 22:00:00+00:00,La Rioja,8,2021,2021-04-01 00:00:00+02:00
1107577.857,1,2021-04-30 22:00:00+00:00,La Rioja,8,2021,2021-05-01 00:00:00+02:00
1082119.836,1,2021-05-31 22:00:00+00:00,La Rioja,8,2021,2021-06-01 00:00:00+02:00
1195913.925,1,2021-06-30 22:00:00+00:00,La Rioja,8,2021,2021-07-01 00:00:00+02:00
1139478.345,1,2021-07-31 22:00:00+00:00,La Rioja,8,2021,2021-08-01 00:00:00+02:00
1061815.292,1,2021-08-31 22:00:00+00:00,La Rioja,8,2021,2021-09-01 00:00:00+02:00
1074792.045,1,2021-09-30 22:00:00+00:00,La Rioja,8,2021,2021-10-01 00:00:00+02:00
1177942.866,1,2021-10-31 23:00:00+00:00,La Rioja,8,2021,2021-11-01 00:00:00+01:00
1192721.645,1,2021-11-30 23:00:00+00:00,La Rioja,8,2021,2021-12-01 00:00:00+01:00
1220895.001,1,2021-12-31 23:00:00+00:00,La Rioja,8,2022,2022-01-01 00:00:00+01:00
1118237.177,1,2022-01-31 23:00:00+00:00,La Rioja,8,2022,2022-02-01 00:00:00+01:00
1170167.986,1,2022-02-28 23:00:00+00:00,La Rioja,8,2022,2022-03-01 00:00:00+01:00
1079482.444,1,2022-03-31 22:00:00+00:00,La Rioja,8,2022,2022-04-01 00:00:00+02:00
1094950.535,1,2022-04-30 22:00:00+00:00,La Rioja,8,2022,2022-05-01 00:00:00+02:00
1109216.456,1,2022-05-31 22:00:00+00:00,La Rioja,8,2022,2022-06-01 00:00:00+02:00
1203593.638,1,2022-06-30 22:00:00+00:00,La Rioja,8,2022,2022-07-01 00:00:00+02:00
1126740.686,1,2022-07-31 22:00:00+00:00,La Rioja,8,2022,2022-08-01 00:00:00+02:00
1035023.461,1,2022-08-31 22:00:00+00:00,La Rioja,8,2022,2022-09-01 00:00:00+02:00
1032268.865,1,2022-09-30 22:00:00+00:00,La Rioja,8,2022,2022-10-01 00:00:00+02:00
1081393.084,1,2022-10-31 23:00:00+00:00,La Rioja,8,2022,2022-11-01 00:00:00+01:00
1103692.928,1,2022-11-30 23:00:00+00:00,La Rioja,8,2022,2022-12-01 00:00:00+01:00
1196107.418,1,2022-12-31 23:00:00+00:00,La Rioja,8,2023,2023-01-01 00:00:00+01:00
1104795.456,1,2023-01-31 23:00:00+00:00,La Rioja,8,2023,2023-02-01 00:00:00+01:00
1133003.391,1,2023-02-28 23:00:00+00:00,La Rioja,8,2023,2023-03-01 00:00:00+01:00
1008109.336,1,2023-03-31 22:00:00+00:00,La Rioja,8,2023,2023-04-01 00:00:00+02:00
1045956.728,1,2023-04-30 22:00:00+00:00,La Rioja,8,2023,2023-05-01 00:00:00+02:00
1017829.697,1,2023-05-31 22:00:00+00:00,La Rioja,8,2023,2023-06-01 00:00:00+02:00
1123542.368,1,2023-06-30 22:00:00+00:00,La Rioja,8,2023,2023-07-01 00:00:00+02:00
1093507.49,1,2023-07-31 22:00:00+00:00,La Rioja,8,2023,2023-08-01 00:00:00+02:00
1011210.359,1,2023-08-31 22:00:00+00:00,La Rioja,8,2023,2023-09-01 00:00:00+02:00
1067620.993,1,2023-09-30 22:00:00+00:00,La Rioja,8,2023,2023-10-01 00:00:00+02:00
1131745.675,1,2023-10-31 23:00:00+00:00,La Rioja,8,2023,2023-11-01 00:00:00+01:00
1162030.378,1,2023-11-30 23:00:00+00:00,La Rioja,8,2023,2023-12-01 00:00:00+01:00
1209682.656,1,2023-12-31 23:00:00+00:00,La Rioja,8,2024,2024-01-01 00:00:00+01:00
1116174.743,1,2024-01-31 23:00:00+00:00,La Rioja,8,2024,2024-02-01 00:00:00+01:00
1124476.889,1,2024-02-29 23:00:00+00:00,La Rioja,8,2024,2024-03-01 00:00:00+01:00
1031357.614,1,2024-03-31 22:00:00+00:00,La Rioja,8,2024,2024-04-01 00:00:00+02:00
1047279.52,1,2024-04-30 22:00:00+00:00,La Rioja,8,2024,2024-05-01 00:00:00+02:00
1002669.201,1,2024-05-31 22:00:00+00:00,La Rioja,8,2024,2024-06-01 00:00:00+02:00
1144886.596,1,2024-06-30 22:00:00+00:00,La Rioja,8,2024,2024-07-01 00:00:00+02:00
1110775.53,1,2024-07-31 22:00:00+00:00,La Rioja,8,2024,2024-08-01 00:00:00+02:00
1012923.331,1,2024-08-31 22:00:00+00:00,La Rioja,8,2024,2024-09-01 00:00:00+02:00
1091843.181,1,2024-09-30 22:00:00+00:00,La Rioja,8,2024,2024-10-01 00:00:00+02:00
1111122.273,1,2024-10-31 23:00:00+00:00,La Rioja,8,2024,2024-11-01 00:00:00+01:00
1165491.942,1,2024-11-30 23:00:00+00:00,La Rioja,8,2024,2024-12-01 00:00:00+01:00
1224997.575,1,2024-12-31 23:00:00+00:00,La Rioja,8,2025,2025-01-01 00:00:00+01:00
1097821.392,1,2025-01-31 23:00:00+00:00,La Rioja,8,2025,2025-02-01 00:00:00+01:00
1176237.075,1,2025-02-28 23:00:00+00:00,La Rioja,8,2025,2025-03-01 00:00:00+01:00
998399.408,1,2025-03-31 22:00:00+00:00,La Rioja,8,2025,2025-04-01 00:00:00+02:00
1045506.689,1,2025-04-30 22:00:00+00:00,La Rioja,8,2025,2025-05-01 00:00:00+02:00
1083668.347,1,2025-05-31 22:00:00+00:00,La Rioja,8,2025,2025-06-01 00:00:00+02:00
1160226.455,1,2025-06-30 22:00:00+00:00,La Rioja,8,2025,2025-07-01 00:00:00+02:00
1116166.301,1,2025-07-31 22:00:00+00:00,La Rioja,8,2025,2025-08-01 00:00:00+02:00
1055593.961,1,2025-08-31 22:00:00+00:00,La Rioja,8,2025,2025-09-01 00:00:00+02:00
1102887.925,1,2025-09-30 22:00:00+00:00,La Rioja,8,2025,2025-10-01 00:00:00+02:00
1192255.112,1,2025-10-31 23:00:00+00:00,La Rioja,8,2025,2025-11-01 00:00:00+01:00
1244072.149,1,2025-11-30 23:00:00+00:00,La Rioja,8,2025,2025-12-01 00:00:00+01:00
3979236.621,1,2015-12-31 23:00:00+00:00,Cataluña,9,2016,2016-01-01 00:00:00+01:00
3858656.876,1,2016-01-31 23:00:00+00:00,Cataluña,9,2016,2016-02-01 00:00:00+01:00
3994666.014,1,2016-02-29 23:00:00+00:00,Cataluña,9,2016,2016-03-01 00:00:00+01:00
3710579.082,1,2016-03-31 22:00:00+00:00,Cataluña,9,2016,2016-04-01 00:00:00+02:00
3720708.816,1,2016-04-30 22:00:00+00:00,Cataluña,9,2016,2016-05-01 00:00:00+02:00
3784654.367,1,2016-05-31 22:00:00+00:00,Cataluña,9,2016,2016-06-01 00:00:00+02:00
4272885.002,1,2016-06-30 22:00:00+00:00,Cataluña,9,2016,2016-07-01 00:00:00+02:00
3937413.394,1,2016-07-31 22:00:00+00:00,Cataluña,9,2016,2016-08-01 00:00:00+02:00
3980120.622,1,2016-08-31 22:00:00+00:00,Cataluña,9,2016,2016-09-01 00:00:00+02:00
3779737.944,1,2016-09-30 22:00:00+00:00,Cataluña,9,2016,2016-10-01 00:00:00+02:00
3855164.232,1,2016-10-31 23:00:00+00:00,Cataluña,9,2016,2016-11-01 00:00:00+01:00
3959624.468,1,2016-11-30 23:00:00+00:00,Cataluña,9,2016,2016-12-01 00:00:00+01:00
4327712.209,1,2016-12-31 23:00:00+00:00,Cataluña,9,2017,2017-01-01 00:00:00+01:00
3733074.315,1,2017-01-31 23:00:00+00:00,Cataluña,9,2017,2017-02-01 00:00:00+01:00
3974169.555,1,2017-02-28 23:00:00+00:00,Cataluña,9,2017,2017-03-01 00:00:00+01:00
3563871.542,1,2017-03-31 22:00:00+00:00,Cataluña,9,2017,2017-04-01 00:00:00+02:00
3864757.582,1,2017-04-30 22:00:00+00:00,Cataluña,9,2017,2017-05-01 00:00:00+02:00
4143523.252,1,2017-05-31 22:00:00+00:00,Cataluña,9,2017,2017-06-01 00:00:00+02:00
4355104.787,1,2017-06-30 22:00:00+00:00,Cataluña,9,2017,2017-07-01 00:00:00+02:00
4068571.812,1,2017-07-31 22:00:00+00:00,Cataluña,9,2017,2017-08-01 00:00:00+02:00
3827532.061,1,2017-08-31 22:00:00+00:00,Cataluña,9,2017,2017-09-01 00:00:00+02:00
3839760.626,1,2017-09-30 22:00:00+00:00,Cataluña,9,2017,2017-10-01 00:00:00+02:00
3995888.516,1,2017-10-31 23:00:00+00:00,Cataluña,9,2017,2017-11-01 00:00:00+01:00
4111321.698,1,2017-11-30 23:00:00+00:00,Cataluña,9,2017,2017-12-01 00:00:00+01:00
4140577.062,1,2017-12-31 23:00:00+00:00,Cataluña,9,2018,2018-01-01 00:00:00+01:00
3993748.88,1,2018-01-31 23:00:00+00:00,Cataluña,9,2018,2018-02-01 00:00:00+01:00
4047167.946,1,2018-02-28 23:00:00+00:00,Cataluña,9,2018,2018-03-01 00:00:00+01:00
3674311.187,1,2018-03-31 22:00:00+00:00,Cataluña,9,2018,2018-04-01 00:00:00+02:00
3776443.783,1,2018-04-30 22:00:00+00:00,Cataluña,9,2018,2018-05-01 00:00:00+02:00
3865305.038,1,2018-05-31 22:00:00+00:00,Cataluña,9,2018,2018-06-01 00:00:00+02:00
4372963.638,1,2018-06-30 22:00:00+00:00,Cataluña,9,2018,2018-07-01 00:00:00+02:00
4063882.069,1,2018-07-31 22:00:00+00:00,Cataluña,9,2018,2018-08-01 00:00:00+02:00
3880197.293,1,2018-08-31 22:00:00+00:00,Cataluña,9,2018,2018-09-01 00:00:00+02:00
3832404.07,1,2018-09-30 22:00:00+00:00,Cataluña,9,2018,2018-10-01 00:00:00+02:00
3865798.134,1,2018-10-31 23:00:00+00:00,Cataluña,9,2018,2018-11-01 00:00:00+01:00
3871165.372,1,2018-11-30 23:00:00+00:00,Cataluña,9,2018,2018-12-01 00:00:00+01:00
4346165.016,1,2018-12-31 23:00:00+00:00,Cataluña,9,2019,2019-01-01 00:00:00+01:00
3805809.279,1,2019-01-31 23:00:00+00:00,Cataluña,9,2019,2019-02-01 00:00:00+01:00
3885658.35,1,2019-02-28 23:00:00+00:00,Cataluña,9,2019,2019-03-01 00:00:00+01:00
3641927.976,1,2019-03-31 22:00:00+00:00,Cataluña,9,2019,2019-04-01 00:00:00+02:00
3724228.479,1,2019-04-30 22:00:00+00:00,Cataluña,9,2019,2019-05-01 00:00:00+02:00
3773188.661,1,2019-05-31 22:00:00+00:00,Cataluña,9,2019,2019-06-01 00:00:00+02:00
4446351.053,1,2019-06-30 22:00:00+00:00,Cataluña,9,2019,2019-07-01 00:00:00+02:00
3978863.274,1,2019-07-31 22:00:00+00:00,Cataluña,9,2019,2019-08-01 00:00:00+02:00
3832204.511,1,2019-08-31 22:00:00+00:00,Cataluña,9,2019,2019-09-01 00:00:00+02:00
3819970.185,1,2019-09-30 22:00:00+00:00,Cataluña,9,2019,2019-10-01 00:00:00+02:00
3912259.315,1,2019-10-31 23:00:00+00:00,Cataluña,9,2019,2019-11-01 00:00:00+01:00
3858858.012,1,2019-11-30 23:00:00+00:00,Cataluña,9,2019,2019-12-01 00:00:00+01:00
4180533.867,1,2019-12-31 23:00:00+00:00,Cataluña,9,2020,2020-01-01 00:00:00+01:00
3739391.844,1,2020-01-31 23:00:00+00:00,Cataluña,9,2020,2020-02-01 00:00:00+01:00
3655675.5,1,2020-02-29 23:00:00+00:00,Cataluña,9,2020,2020-03-01 00:00:00+01:00
2974661.857,1,2020-03-31 22:00:00+00:00,Cataluña,9,2020,2020-04-01 00:00:00+02:00
3196176.385,1,2020-04-30 22:00:00+00:00,Cataluña,9,2020,2020-05-01 00:00:00+02:00
3394330.06,1,2020-05-31 22:00:00+00:00,Cataluña,9,2020,2020-06-01 00:00:00+02:00
4124597.367,1,2020-06-30 22:00:00+00:00,Cataluña,9,2020,2020-07-01 00:00:00+02:00
3825701.263,1,2020-07-31 22:00:00+00:00,Cataluña,9,2020,2020-08-01 00:00:00+02:00
3636332.142,1,2020-08-31 22:00:00+00:00,Cataluña,9,2020,2020-09-01 00:00:00+02:00
3685266.366,1,2020-09-30 22:00:00+00:00,Cataluña,9,2020,2020-10-01 00:00:00+02:00
3661150.298,1,2020-10-31 23:00:00+00:00,Cataluña,9,2020,2020-11-01 00:00:00+01:00
3983099.447,1,2020-11-30 23:00:00+00:00,Cataluña,9,2020,2020-12-01 00:00:00+01:00
4205890.778,1,2020-12-31 23:00:00+00:00,Cataluña,9,2021,2021-01-01 00:00:00+01:00
3567341.458,1,2021-01-31 23:00:00+00:00,Cataluña,9,2021,2021-02-01 00:00:00+01:00
3853996.069,1,2021-02-28 23:00:00+00:00,Cataluña,9,2021,2021-03-01 00:00:00+01:00
3484744.509,1,2021-03-31 22:00:00+00:00,Cataluña,9,2021,2021-04-01 00:00:00+02:00
3492614.749,1,2021-04-30 22:00:00+00:00,Cataluña,9,2021,2021-05-01 00:00:00+02:00
3674121.832,1,2021-05-31 22:00:00+00:00,Cataluña,9,2021,2021-06-01 00:00:00+02:00
4078621.766,1,2021-06-30 22:00:00+00:00,Cataluña,9,2021,2021-07-01 00:00:00+02:00
3663381.789,1,2021-07-31 22:00:00+00:00,Cataluña,9,2021,2021-08-01 00:00:00+02:00
3695619.204,1,2021-08-31 22:00:00+00:00,Cataluña,9,2021,2021-09-01 00:00:00+02:00
3493176.901,1,2021-09-30 22:00:00+00:00,Cataluña,9,2021,2021-10-01 00:00:00+02:00
3714667.184,1,2021-10-31 23:00:00+00:00,Cataluña,9,2021,2021-11-01 00:00:00+01:00
3796545.717,1,2021-11-30 23:00:00+00:00,Cataluña,9,2021,2021-12-01 00:00:00+01:00
3978813.799,1,2021-12-31 23:00:00+00:00,Cataluña,9,2022,2022-01-01 00:00:00+01:00
3589689.605,1,2022-01-31 23:00:00+00:00,Cataluña,9,2022,2022-02-01 00:00:00+01:00
3870758.812,1,2022-02-28 23:00:00+00:00,Cataluña,9,2022,2022-03-01 00:00:00+01:00
3493783.504,1,2022-03-31 22:00:00+00:00,Cataluña,9,2022,2022-04-01 00:00:00+02:00
3626454.01,1,2022-04-30 22:00:00+00:00,Cataluña,9,2022,2022-05-01 00:00:00+02:00
3825103.358,1,2022-05-31 22:00:00+00:00,Cataluña,9,2022,2022-06-01 00:00:00+02:00
4276866.57,1,2022-06-30 22:00:00+00:00,Cataluña,9,2022,2022-07-01 00:00:00+02:00
3909713.791,1,2022-07-31 22:00:00+00:00,Cataluña,9,2022,2022-08-01 00:00:00+02:00
3717711.175,1,2022-08-31 22:00:00+00:00,Cataluña,9,2022,2022-09-01 00:00:00+02:00
3471370.175,1,2022-09-30 22:00:00+00:00,Cataluña,9,2022,2022-10-01 00:00:00+02:00
3473170.281,1,2022-10-31 23:00:00+00:00,Cataluña,9,2022,2022-11-01 00:00:00+01:00
3660750.488,1,2022-11-30 23:00:00+00:00,Cataluña,9,2022,2022-12-01 00:00:00+01:00
4015718.606,1,2022-12-31 23:00:00+00:00,Cataluña,9,2023,2023-01-01 00:00:00+01:00
3695417.406,1,2023-01-31 23:00:00+00:00,Cataluña,9,2023,2023-02-01 00:00:00+01:00
3701945.975,1,2023-02-28 23:00:00+00:00,Cataluña,9,2023,2023-03-01 00:00:00+01:00
3263401.562,1,2023-03-31 22:00:00+00:00,Cataluña,9,2023,2023-04-01 00:00:00+02:00
3463493.03,1,2023-04-30 22:00:00+00:00,Cataluña,9,2023,2023-05-01 00:00:00+02:00
3675454.365,1,2023-05-31 22:00:00+00:00,Cataluña,9,2023,2023-06-01 00:00:00+02:00
4187142.2,1,2023-06-30 22:00:00+00:00,Cataluña,9,2023,2023-07-01 00:00:00+02:00
3844046.868,1,2023-07-31 22:00:00+00:00,Cataluña,9,2023,2023-08-01 00:00:00+02:00
3644818.069,1,2023-08-31 22:00:00+00:00,Cataluña,9,2023,2023-09-01 00:00:00+02:00
3630919.39,1,2023-09-30 22:00:00+00:00,Cataluña,9,2023,2023-10-01 00:00:00+02:00
3579114.958,1,2023-10-31 23:00:00+00:00,Cataluña,9,2023,2023-11-01 00:00:00+01:00
3708349.576,1,2023-11-30 23:00:00+00:00,Cataluña,9,2023,2023-12-01 00:00:00+01:00
4020869.68,1,2023-12-31 23:00:00+00:00,Cataluña,9,2024,2024-01-01 00:00:00+01:00
3622958.547,1,2024-01-31 23:00:00+00:00,Cataluña,9,2024,2024-02-01 00:00:00+01:00
3615828.543,1,2024-02-29 23:00:00+00:00,Cataluña,9,2024,2024-03-01 00:00:00+01:00
3415430.163,1,2024-03-31 22:00:00+00:00,Cataluña,9,2024,2024-04-01 00:00:00+02:00
3443861.883,1,2024-04-30 22:00:00+00:00,Cataluña,9,2024,2024-05-01 00:00:00+02:00
3477720.203,1,2024-05-31 22:00:00+00:00,Cataluña,9,2024,2024-06-01 00:00:00+02:00
4138065.243,1,2024-06-30 22:00:00+00:00,Cataluña,9,2024,2024-07-01 00:00:00+02:00
3879558.741,1,2024-07-31 22:00:00+00:00,Cataluña,9,2024,2024-08-01 00:00:00+02:00
3482421.508,1,2024-08-31 22:00:00+00:00,Cataluña,9,2024,2024-09-01 00:00:00+02:00
3646018.712,1,2024-09-30 22:00:00+00:00,Cataluña,9,2024,2024-10-01 00:00:00+02:00
3539454.92,1,2024-10-31 23:00:00+00:00,Cataluña,9,2024,2024-11-01 00:00:00+01:00
3793057.646,1,2024-11-30 23:00:00+00:00,Cataluña,9,2024,2024-12-01 00:00:00+01:00
4027908.812,1,2024-12-31 23:00:00+00:00,Cataluña,9,2025,2025-01-01 00:00:00+01:00
3631562.465,1,2025-01-31 23:00:00+00:00,Cataluña,9,2025,2025-02-01 00:00:00+01:00
3875054.588,1,2025-02-28 23:00:00+00:00,Cataluña,9,2025,2025-03-01 00:00:00+01:00
3295487.528,1,2025-03-31 22:00:00+00:00,Cataluña,9,2025,2025-04-01 00:00:00+02:00
3238844.462,1,2025-04-30 22:00:00+00:00,Cataluña,9,2025,2025-05-01 00:00:00+02:00
3766945.432,1,2025-05-31 22:00:00+00:00,Cataluña,9,2025,2025-06-01 00:00:00+02:00
4102312.229,1,2025-06-30 22:00:00+00:00,Cataluña,9,2025,2025-07-01 00:00:00+02:00
3768974.598,1,2025-07-31 22:00:00+00:00,Cataluña,9,2025,2025-08-01 00:00:00+02:00
3595315.359,1,2025-08-31 22:00:00+00:00,Cataluña,9,2025,2025-09-01 00:00:00+02:00
3631189.676,1,2025-09-30 22:00:00+00:00,Cataluña,9,2025,2025-10-01 00:00:00+02:00
3716684.74,1,2025-10-31 23:00:00+00:00,Cataluña,9,2025,2025-11-01 00:00:00+01:00
3987285.114,1,2025-11-30 23:00:00+00:00,Cataluña,9,2025,2025-12-01 00:00:00+01:00
1469943.556,1,2015-12-31 23:00:00+00:00,Navarra,10,2016,2016-01-01 00:00:00+01:00
1448288.188,1,2016-01-31 23:00:00+00:00,Navarra,10,2016,2016-02-01 00:00:00+01:00
1453430.077,1,2016-02-29 23:00:00+00:00,Navarra,10,2016,2016-03-01 00:00:00+01:00
1395089.468,1,2016-03-31 22:00:00+00:00,Navarra,10,2016,2016-04-01 00:00:00+02:00
1365636.943,1,2016-04-30 22:00:00+00:00,Navarra,10,2016,2016-05-01 00:00:00+02:00
1317061.111,1,2016-05-31 22:00:00+00:00,Navarra,10,2016,2016-06-01 00:00:00+02:00
1233578.738,1,2016-06-30 22:00:00+00:00,Navarra,10,2016,2016-07-01 00:00:00+02:00
1086273.456,1,2016-07-31 22:00:00+00:00,Navarra,10,2016,2016-08-01 00:00:00+02:00
1318772.887,1,2016-08-31 22:00:00+00:00,Navarra,10,2016,2016-09-01 00:00:00+02:00
1343493.618,1,2016-09-30 22:00:00+00:00,Navarra,10,2016,2016-10-01 00:00:00+02:00
1435873.518,1,2016-10-31 23:00:00+00:00,Navarra,10,2016,2016-11-01 00:00:00+01:00
1345708.938,1,2016-11-30 23:00:00+00:00,Navarra,10,2016,2016-12-01 00:00:00+01:00
1539208.76,1,2016-12-31 23:00:00+00:00,Navarra,10,2017,2017-01-01 00:00:00+01:00
1358830.536,1,2017-01-31 23:00:00+00:00,Navarra,10,2017,2017-02-01 00:00:00+01:00
1513671.366,1,2017-02-28 23:00:00+00:00,Navarra,10,2017,2017-03-01 00:00:00+01:00
1292823.357,1,2017-03-31 22:00:00+00:00,Navarra,10,2017,2017-04-01 00:00:00+02:00
1413920.849,1,2017-04-30 22:00:00+00:00,Navarra,10,2017,2017-05-01 00:00:00+02:00
1385217.149,1,2017-05-31 22:00:00+00:00,Navarra,10,2017,2017-06-01 00:00:00+02:00
1298441.168,1,2017-06-30 22:00:00+00:00,Navarra,10,2017,2017-07-01 00:00:00+02:00
1120281.101,1,2017-07-31 22:00:00+00:00,Navarra,10,2017,2017-08-01 00:00:00+02:00
1334946.089,1,2017-08-31 22:00:00+00:00,Navarra,10,2017,2017-09-01 00:00:00+02:00
1408222.64,1,2017-09-30 22:00:00+00:00,Navarra,10,2017,2017-10-01 00:00:00+02:00
1466657.496,1,2017-10-31 23:00:00+00:00,Navarra,10,2017,2017-11-01 00:00:00+01:00
1391337.419,1,2017-11-30 23:00:00+00:00,Navarra,10,2017,2017-12-01 00:00:00+01:00
1484220.721,1,2017-12-31 23:00:00+00:00,Navarra,10,2018,2018-01-01 00:00:00+01:00
1469467.247,1,2018-01-31 23:00:00+00:00,Navarra,10,2018,2018-02-01 00:00:00+01:00
1488835.994,1,2018-02-28 23:00:00+00:00,Navarra,10,2018,2018-03-01 00:00:00+01:00
1356782.634,1,2018-03-31 22:00:00+00:00,Navarra,10,2018,2018-04-01 00:00:00+02:00
1431884.348,1,2018-04-30 22:00:00+00:00,Navarra,10,2018,2018-05-01 00:00:00+02:00
1391730.912,1,2018-05-31 22:00:00+00:00,Navarra,10,2018,2018-06-01 00:00:00+02:00
1331683.208,1,2018-06-30 22:00:00+00:00,Navarra,10,2018,2018-07-01 00:00:00+02:00
1137645.576,1,2018-07-31 22:00:00+00:00,Navarra,10,2018,2018-08-01 00:00:00+02:00
1351287.545,1,2018-08-31 22:00:00+00:00,Navarra,10,2018,2018-09-01 00:00:00+02:00
1432024.819,1,2018-09-30 22:00:00+00:00,Navarra,10,2018,2018-10-01 00:00:00+02:00
1444084.295,1,2018-10-31 23:00:00+00:00,Navarra,10,2018,2018-11-01 00:00:00+01:00
1313161.963,1,2018-11-30 23:00:00+00:00,Navarra,10,2018,2018-12-01 00:00:00+01:00
1566908.501,1,2018-12-31 23:00:00+00:00,Navarra,10,2019,2019-01-01 00:00:00+01:00
1349915.466,1,2019-01-31 23:00:00+00:00,Navarra,10,2019,2019-02-01 00:00:00+01:00
1438251.76,1,2019-02-28 23:00:00+00:00,Navarra,10,2019,2019-03-01 00:00:00+01:00
1324846.851,1,2019-03-31 22:00:00+00:00,Navarra,10,2019,2019-04-01 00:00:00+02:00
1412540.967,1,2019-04-30 22:00:00+00:00,Navarra,10,2019,2019-05-01 00:00:00+02:00
1320335.319,1,2019-05-31 22:00:00+00:00,Navarra,10,2019,2019-06-01 00:00:00+02:00
1321611.713,1,2019-06-30 22:00:00+00:00,Navarra,10,2019,2019-07-01 00:00:00+02:00
1067567.8,1,2019-07-31 22:00:00+00:00,Navarra,10,2019,2019-08-01 00:00:00+02:00
1313870.402,1,2019-08-31 22:00:00+00:00,Navarra,10,2019,2019-09-01 00:00:00+02:00
1401028.409,1,2019-09-30 22:00:00+00:00,Navarra,10,2019,2019-10-01 00:00:00+02:00
1440323.849,1,2019-10-31 23:00:00+00:00,Navarra,10,2019,2019-11-01 00:00:00+01:00
1327169.282,1,2019-11-30 23:00:00+00:00,Navarra,10,2019,2019-12-01 00:00:00+01:00
1464723.239,1,2019-12-31 23:00:00+00:00,Navarra,10,2020,2020-01-01 00:00:00+01:00
1370961.607,1,2020-01-31 23:00:00+00:00,Navarra,10,2020,2020-02-01 00:00:00+01:00
1354901.587,1,2020-02-29 23:00:00+00:00,Navarra,10,2020,2020-03-01 00:00:00+01:00
969319.589,1,2020-03-31 22:00:00+00:00,Navarra,10,2020,2020-04-01 00:00:00+02:00
1122317.097,1,2020-04-30 22:00:00+00:00,Navarra,10,2020,2020-05-01 00:00:00+02:00
1157223.566,1,2020-05-31 22:00:00+00:00,Navarra,10,2020,2020-06-01 00:00:00+02:00
1211455.235,1,2020-06-30 22:00:00+00:00,Navarra,10,2020,2020-07-01 00:00:00+02:00
987600.964,1,2020-07-31 22:00:00+00:00,Navarra,10,2020,2020-08-01 00:00:00+02:00
1253870.065,1,2020-08-31 22:00:00+00:00,Navarra,10,2020,2020-09-01 00:00:00+02:00
1374290.634,1,2020-09-30 22:00:00+00:00,Navarra,10,2020,2020-10-01 00:00:00+02:00
1348346.356,1,2020-10-31 23:00:00+00:00,Navarra,10,2020,2020-11-01 00:00:00+01:00
1322546.667,1,2020-11-30 23:00:00+00:00,Navarra,10,2020,2020-12-01 00:00:00+01:00
1452389.83,1,2020-12-31 23:00:00+00:00,Navarra,10,2021,2021-01-01 00:00:00+01:00
1331125.747,1,2021-01-31 23:00:00+00:00,Navarra,10,2021,2021-02-01 00:00:00+01:00
1445981.843,1,2021-02-28 23:00:00+00:00,Navarra,10,2021,2021-03-01 00:00:00+01:00
1298198.318,1,2021-03-31 22:00:00+00:00,Navarra,10,2021,2021-04-01 00:00:00+02:00
1350193.26,1,2021-04-30 22:00:00+00:00,Navarra,10,2021,2021-05-01 00:00:00+02:00
1325699.371,1,2021-05-31 22:00:00+00:00,Navarra,10,2021,2021-06-01 00:00:00+02:00
1313327.347,1,2021-06-30 22:00:00+00:00,Navarra,10,2021,2021-07-01 00:00:00+02:00
1032737.987,1,2021-07-31 22:00:00+00:00,Navarra,10,2021,2021-08-01 00:00:00+02:00
1303370.899,1,2021-08-31 22:00:00+00:00,Navarra,10,2021,2021-09-01 00:00:00+02:00
1328564.107,1,2021-09-30 22:00:00+00:00,Navarra,10,2021,2021-10-01 00:00:00+02:00
1414374.753,1,2021-10-31 23:00:00+00:00,Navarra,10,2021,2021-11-01 00:00:00+01:00
1278916.676,1,2021-11-30 23:00:00+00:00,Navarra,10,2021,2021-12-01 00:00:00+01:00
1403157.038,1,2021-12-31 23:00:00+00:00,Navarra,10,2022,2022-01-01 00:00:00+01:00
1301295.245,1,2022-01-31 23:00:00+00:00,Navarra,10,2022,2022-02-01 00:00:00+01:00
1336660.441,1,2022-02-28 23:00:00+00:00,Navarra,10,2022,2022-03-01 00:00:00+01:00
1244658.929,1,2022-03-31 22:00:00+00:00,Navarra,10,2022,2022-04-01 00:00:00+02:00
1348281.478,1,2022-04-30 22:00:00+00:00,Navarra,10,2022,2022-05-01 00:00:00+02:00
1312495.187,1,2022-05-31 22:00:00+00:00,Navarra,10,2022,2022-06-01 00:00:00+02:00
1279212.06,1,2022-06-30 22:00:00+00:00,Navarra,10,2022,2022-07-01 00:00:00+02:00
996267.608,1,2022-07-31 22:00:00+00:00,Navarra,10,2022,2022-08-01 00:00:00+02:00
1229065.285,1,2022-08-31 22:00:00+00:00,Navarra,10,2022,2022-09-01 00:00:00+02:00
1277565.089,1,2022-09-30 22:00:00+00:00,Navarra,10,2022,2022-10-01 00:00:00+02:00
1277034.194,1,2022-10-31 23:00:00+00:00,Navarra,10,2022,2022-11-01 00:00:00+01:00
1200659.865,1,2022-11-30 23:00:00+00:00,Navarra,10,2022,2022-12-01 00:00:00+01:00
1367349.918,1,2022-12-31 23:00:00+00:00,Navarra,10,2023,2023-01-01 00:00:00+01:00
1303798.423,1,2023-01-31 23:00:00+00:00,Navarra,10,2023,2023-02-01 00:00:00+01:00
1383845.934,1,2023-02-28 23:00:00+00:00,Navarra,10,2023,2023-03-01 00:00:00+01:00
1168383.179,1,2023-03-31 22:00:00+00:00,Navarra,10,2023,2023-04-01 00:00:00+02:00
1294130.525,1,2023-04-30 22:00:00+00:00,Navarra,10,2023,2023-05-01 00:00:00+02:00
1273387.773,1,2023-05-31 22:00:00+00:00,Navarra,10,2023,2023-06-01 00:00:00+02:00
1176851.741,1,2023-06-30 22:00:00+00:00,Navarra,10,2023,2023-07-01 00:00:00+02:00
970288.206,1,2023-07-31 22:00:00+00:00,Navarra,10,2023,2023-08-01 00:00:00+02:00
1233503.386,1,2023-08-31 22:00:00+00:00,Navarra,10,2023,2023-09-01 00:00:00+02:00
1281926.377,1,2023-09-30 22:00:00+00:00,Navarra,10,2023,2023-10-01 00:00:00+02:00
1317995.286,1,2023-10-31 23:00:00+00:00,Navarra,10,2023,2023-11-01 00:00:00+01:00
1206553.784,1,2023-11-30 23:00:00+00:00,Navarra,10,2023,2023-12-01 00:00:00+01:00
1364125.001,1,2023-12-31 23:00:00+00:00,Navarra,10,2024,2024-01-01 00:00:00+01:00
1311159.468,1,2024-01-31 23:00:00+00:00,Navarra,10,2024,2024-02-01 00:00:00+01:00
1335191.128,1,2024-02-29 23:00:00+00:00,Navarra,10,2024,2024-03-01 00:00:00+01:00
1279607.412,1,2024-03-31 22:00:00+00:00,Navarra,10,2024,2024-04-01 00:00:00+02:00
1315312.512,1,2024-04-30 22:00:00+00:00,Navarra,10,2024,2024-05-01 00:00:00+02:00
1230955.549,1,2024-05-31 22:00:00+00:00,Navarra,10,2024,2024-06-01 00:00:00+02:00
1193095.23,1,2024-06-30 22:00:00+00:00,Navarra,10,2024,2024-07-01 00:00:00+02:00
952901.676,1,2024-07-31 22:00:00+00:00,Navarra,10,2024,2024-08-01 00:00:00+02:00
1229434.292,1,2024-08-31 22:00:00+00:00,Navarra,10,2024,2024-09-01 00:00:00+02:00
1307396.563,1,2024-09-30 22:00:00+00:00,Navarra,10,2024,2024-10-01 00:00:00+02:00
1266014.045,1,2024-10-31 23:00:00+00:00,Navarra,10,2024,2024-11-01 00:00:00+01:00
1217354.375,1,2024-11-30 23:00:00+00:00,Navarra,10,2024,2024-12-01 00:00:00+01:00
1346689.395,1,2024-12-31 23:00:00+00:00,Navarra,10,2025,2025-01-01 00:00:00+01:00
1254056.192,1,2025-01-31 23:00:00+00:00,Navarra,10,2025,2025-02-01 00:00:00+01:00
1383565.423,1,2025-02-28 23:00:00+00:00,Navarra,10,2025,2025-03-01 00:00:00+01:00
1192461.859,1,2025-03-31 22:00:00+00:00,Navarra,10,2025,2025-04-01 00:00:00+02:00
1281521.823,1,2025-04-30 22:00:00+00:00,Navarra,10,2025,2025-05-01 00:00:00+02:00
1273343.402,1,2025-05-31 22:00:00+00:00,Navarra,10,2025,2025-06-01 00:00:00+02:00
1253848.393,1,2025-06-30 22:00:00+00:00,Navarra,10,2025,2025-07-01 00:00:00+02:00
957638.347,1,2025-07-31 22:00:00+00:00,Navarra,10,2025,2025-08-01 00:00:00+02:00
1201819.713,1,2025-08-31 22:00:00+00:00,Navarra,10,2025,2025-09-01 00:00:00+02:00
1282726.097,1,2025-09-30 22:00:00+00:00,Navarra,10,2025,2025-10-01 00:00:00+02:00
1343897.057,1,2025-10-31 23:00:00+00:00,Navarra,10,2025,2025-11-01 00:00:00+01:00
1271811.284,1,2025-11-30 23:00:00+00:00,Navarra,10,2025,2025-12-01 00:00:00+01:00
917147.058,1,2015-12-31 23:00:00+00:00,Asturias,11,2016,2016-01-01 00:00:00+01:00
892362.901,1,2016-01-31 23:00:00+00:00,Asturias,11,2016,2016-02-01 00:00:00+01:00
948577.802,1,2016-02-29 23:00:00+00:00,Asturias,11,2016,2016-03-01 00:00:00+01:00
888067.376,1,2016-03-31 22:00:00+00:00,Asturias,11,2016,2016-04-01 00:00:00+02:00
880476.311,1,2016-04-30 22:00:00+00:00,Asturias,11,2016,2016-05-01 00:00:00+02:00
824537.698,1,2016-05-31 22:00:00+00:00,Asturias,11,2016,2016-06-01 00:00:00+02:00
875652.464,1,2016-06-30 22:00:00+00:00,Asturias,11,2016,2016-07-01 00:00:00+02:00
844856.234,1,2016-07-31 22:00:00+00:00,Asturias,11,2016,2016-08-01 00:00:00+02:00
844099.427,1,2016-08-31 22:00:00+00:00,Asturias,11,2016,2016-09-01 00:00:00+02:00
843168.052,1,2016-09-30 22:00:00+00:00,Asturias,11,2016,2016-10-01 00:00:00+02:00
850111.434,1,2016-10-31 23:00:00+00:00,Asturias,11,2016,2016-11-01 00:00:00+01:00
914567.061,1,2016-11-30 23:00:00+00:00,Asturias,11,2016,2016-12-01 00:00:00+01:00
954740.085,1,2016-12-31 23:00:00+00:00,Asturias,11,2017,2017-01-01 00:00:00+01:00
850071.015,1,2017-01-31 23:00:00+00:00,Asturias,11,2017,2017-02-01 00:00:00+01:00
920243.849,1,2017-02-28 23:00:00+00:00,Asturias,11,2017,2017-03-01 00:00:00+01:00
844465.515,1,2017-03-31 22:00:00+00:00,Asturias,11,2017,2017-04-01 00:00:00+02:00
874123.613,1,2017-04-30 22:00:00+00:00,Asturias,11,2017,2017-05-01 00:00:00+02:00
844501.033,1,2017-05-31 22:00:00+00:00,Asturias,11,2017,2017-06-01 00:00:00+02:00
876020.346,1,2017-06-30 22:00:00+00:00,Asturias,11,2017,2017-07-01 00:00:00+02:00
858048.948,1,2017-07-31 22:00:00+00:00,Asturias,11,2017,2017-08-01 00:00:00+02:00
841465.266,1,2017-08-31 22:00:00+00:00,Asturias,11,2017,2017-09-01 00:00:00+02:00
880129.227,1,2017-09-30 22:00:00+00:00,Asturias,11,2017,2017-10-01 00:00:00+02:00
902610.457,1,2017-10-31 23:00:00+00:00,Asturias,11,2017,2017-11-01 00:00:00+01:00
952302.332,1,2017-11-30 23:00:00+00:00,Asturias,11,2017,2017-12-01 00:00:00+01:00
950230.877,1,2017-12-31 23:00:00+00:00,Asturias,11,2018,2018-01-01 00:00:00+01:00
883557.655,1,2018-01-31 23:00:00+00:00,Asturias,11,2018,2018-02-01 00:00:00+01:00
953924.561,1,2018-02-28 23:00:00+00:00,Asturias,11,2018,2018-03-01 00:00:00+01:00
878451.279,1,2018-03-31 22:00:00+00:00,Asturias,11,2018,2018-04-01 00:00:00+02:00
870108.927,1,2018-04-30 22:00:00+00:00,Asturias,11,2018,2018-05-01 00:00:00+02:00
836118.856,1,2018-05-31 22:00:00+00:00,Asturias,11,2018,2018-06-01 00:00:00+02:00
865999.63,1,2018-06-30 22:00:00+00:00,Asturias,11,2018,2018-07-01 00:00:00+02:00
855891.123,1,2018-07-31 22:00:00+00:00,Asturias,11,2018,2018-08-01 00:00:00+02:00
847528.729,1,2018-08-31 22:00:00+00:00,Asturias,11,2018,2018-09-01 00:00:00+02:00
873135.616,1,2018-09-30 22:00:00+00:00,Asturias,11,2018,2018-10-01 00:00:00+02:00
894410.495,1,2018-10-31 23:00:00+00:00,Asturias,11,2018,2018-11-01 00:00:00+01:00
920538.945,1,2018-11-30 23:00:00+00:00,Asturias,11,2018,2018-12-01 00:00:00+01:00
955695.747,1,2018-12-31 23:00:00+00:00,Asturias,11,2019,2019-01-01 00:00:00+01:00
800857.082,1,2019-01-31 23:00:00+00:00,Asturias,11,2019,2019-02-01 00:00:00+01:00
819770.82,1,2019-02-28 23:00:00+00:00,Asturias,11,2019,2019-03-01 00:00:00+01:00
775652.082,1,2019-03-31 22:00:00+00:00,Asturias,11,2019,2019-04-01 00:00:00+02:00
775558.988,1,2019-04-30 22:00:00+00:00,Asturias,11,2019,2019-05-01 00:00:00+02:00
734051.76,1,2019-05-31 22:00:00+00:00,Asturias,11,2019,2019-06-01 00:00:00+02:00
771577.431,1,2019-06-30 22:00:00+00:00,Asturias,11,2019,2019-07-01 00:00:00+02:00
751690.808,1,2019-07-31 22:00:00+00:00,Asturias,11,2019,2019-08-01 00:00:00+02:00
733274.883,1,2019-08-31 22:00:00+00:00,Asturias,11,2019,2019-09-01 00:00:00+02:00
741662.952,1,2019-09-30 22:00:00+00:00,Asturias,11,2019,2019-10-01 00:00:00+02:00
762830.407,1,2019-10-31 23:00:00+00:00,Asturias,11,2019,2019-11-01 00:00:00+01:00
770472.528,1,2019-11-30 23:00:00+00:00,Asturias,11,2019,2019-12-01 00:00:00+01:00
818569.533,1,2019-12-31 23:00:00+00:00,Asturias,11,2020,2020-01-01 00:00:00+01:00
753713.456,1,2020-01-31 23:00:00+00:00,Asturias,11,2020,2020-02-01 00:00:00+01:00
793322.507,1,2020-02-29 23:00:00+00:00,Asturias,11,2020,2020-03-01 00:00:00+01:00
658828.308,1,2020-03-31 22:00:00+00:00,Asturias,11,2020,2020-04-01 00:00:00+02:00
673587.975,1,2020-04-30 22:00:00+00:00,Asturias,11,2020,2020-05-01 00:00:00+02:00
657386.079,1,2020-05-31 22:00:00+00:00,Asturias,11,2020,2020-06-01 00:00:00+02:00
693685.822,1,2020-06-30 22:00:00+00:00,Asturias,11,2020,2020-07-01 00:00:00+02:00
670393.413,1,2020-07-31 22:00:00+00:00,Asturias,11,2020,2020-08-01 00:00:00+02:00
686850.454,1,2020-08-31 22:00:00+00:00,Asturias,11,2020,2020-09-01 00:00:00+02:00
760044.453,1,2020-09-30 22:00:00+00:00,Asturias,11,2020,2020-10-01 00:00:00+02:00
746484.147,1,2020-10-31 23:00:00+00:00,Asturias,11,2020,2020-11-01 00:00:00+01:00
812041.784,1,2020-11-30 23:00:00+00:00,Asturias,11,2020,2020-12-01 00:00:00+01:00
867913.759,1,2020-12-31 23:00:00+00:00,Asturias,11,2021,2021-01-01 00:00:00+01:00
754268.325,1,2021-01-31 23:00:00+00:00,Asturias,11,2021,2021-02-01 00:00:00+01:00
808309.756,1,2021-02-28 23:00:00+00:00,Asturias,11,2021,2021-03-01 00:00:00+01:00
768077.88,1,2021-03-31 22:00:00+00:00,Asturias,11,2021,2021-04-01 00:00:00+02:00
776093.729,1,2021-04-30 22:00:00+00:00,Asturias,11,2021,2021-05-01 00:00:00+02:00
729077.631,1,2021-05-31 22:00:00+00:00,Asturias,11,2021,2021-06-01 00:00:00+02:00
754393.956,1,2021-06-30 22:00:00+00:00,Asturias,11,2021,2021-07-01 00:00:00+02:00
720273.259,1,2021-07-31 22:00:00+00:00,Asturias,11,2021,2021-08-01 00:00:00+02:00
725963.978,1,2021-08-31 22:00:00+00:00,Asturias,11,2021,2021-09-01 00:00:00+02:00
750755.832,1,2021-09-30 22:00:00+00:00,Asturias,11,2021,2021-10-01 00:00:00+02:00
783627.844,1,2021-10-31 23:00:00+00:00,Asturias,11,2021,2021-11-01 00:00:00+01:00
805235.909,1,2021-11-30 23:00:00+00:00,Asturias,11,2021,2021-12-01 00:00:00+01:00
838347.38,1,2021-12-31 23:00:00+00:00,Asturias,11,2022,2022-01-01 00:00:00+01:00
726763.587,1,2022-01-31 23:00:00+00:00,Asturias,11,2022,2022-02-01 00:00:00+01:00
764589.347,1,2022-02-28 23:00:00+00:00,Asturias,11,2022,2022-03-01 00:00:00+01:00
745247.46,1,2022-03-31 22:00:00+00:00,Asturias,11,2022,2022-04-01 00:00:00+02:00
746747.263,1,2022-04-30 22:00:00+00:00,Asturias,11,2022,2022-05-01 00:00:00+02:00
712894.837,1,2022-05-31 22:00:00+00:00,Asturias,11,2022,2022-06-01 00:00:00+02:00
733731.229,1,2022-06-30 22:00:00+00:00,Asturias,11,2022,2022-07-01 00:00:00+02:00
707301.295,1,2022-07-31 22:00:00+00:00,Asturias,11,2022,2022-08-01 00:00:00+02:00
707938.387,1,2022-08-31 22:00:00+00:00,Asturias,11,2022,2022-09-01 00:00:00+02:00
699296.436,1,2022-09-30 22:00:00+00:00,Asturias,11,2022,2022-10-01 00:00:00+02:00
707551.666,1,2022-10-31 23:00:00+00:00,Asturias,11,2022,2022-11-01 00:00:00+01:00
741601.993,1,2022-11-30 23:00:00+00:00,Asturias,11,2022,2022-12-01 00:00:00+01:00
739652.692,1,2022-12-31 23:00:00+00:00,Asturias,11,2023,2023-01-01 00:00:00+01:00
701588.687,1,2023-01-31 23:00:00+00:00,Asturias,11,2023,2023-02-01 00:00:00+01:00
727974.478,1,2023-02-28 23:00:00+00:00,Asturias,11,2023,2023-03-01 00:00:00+01:00
653384.155,1,2023-03-31 22:00:00+00:00,Asturias,11,2023,2023-04-01 00:00:00+02:00
684536.05,1,2023-04-30 22:00:00+00:00,Asturias,11,2023,2023-05-01 00:00:00+02:00
663827.721,1,2023-05-31 22:00:00+00:00,Asturias,11,2023,2023-06-01 00:00:00+02:00
688042.264,1,2023-06-30 22:00:00+00:00,Asturias,11,2023,2023-07-01 00:00:00+02:00
665549.015,1,2023-07-31 22:00:00+00:00,Asturias,11,2023,2023-08-01 00:00:00+02:00
667631.257,1,2023-08-31 22:00:00+00:00,Asturias,11,2023,2023-09-01 00:00:00+02:00
696439.723,1,2023-09-30 22:00:00+00:00,Asturias,11,2023,2023-10-01 00:00:00+02:00
702524.031,1,2023-10-31 23:00:00+00:00,Asturias,11,2023,2023-11-01 00:00:00+01:00
739970.349,1,2023-11-30 23:00:00+00:00,Asturias,11,2023,2023-12-01 00:00:00+01:00
775649.214,1,2023-12-31 23:00:00+00:00,Asturias,11,2024,2024-01-01 00:00:00+01:00
700730.229,1,2024-01-31 23:00:00+00:00,Asturias,11,2024,2024-02-01 00:00:00+01:00
737908.851,1,2024-02-29 23:00:00+00:00,Asturias,11,2024,2024-03-01 00:00:00+01:00
707839.876,1,2024-03-31 22:00:00+00:00,Asturias,11,2024,2024-04-01 00:00:00+02:00
707690.728,1,2024-04-30 22:00:00+00:00,Asturias,11,2024,2024-05-01 00:00:00+02:00
673028.493,1,2024-05-31 22:00:00+00:00,Asturias,11,2024,2024-06-01 00:00:00+02:00
696846.567,1,2024-06-30 22:00:00+00:00,Asturias,11,2024,2024-07-01 00:00:00+02:00
673136.518,1,2024-07-31 22:00:00+00:00,Asturias,11,2024,2024-08-01 00:00:00+02:00
685329.051,1,2024-08-31 22:00:00+00:00,Asturias,11,2024,2024-09-01 00:00:00+02:00
745474.105,1,2024-09-30 22:00:00+00:00,Asturias,11,2024,2024-10-01 00:00:00+02:00
727464.403,1,2024-10-31 23:00:00+00:00,Asturias,11,2024,2024-11-01 00:00:00+01:00
765637.081,1,2024-11-30 23:00:00+00:00,Asturias,11,2024,2024-12-01 00:00:00+01:00
797496.271,1,2024-12-31 23:00:00+00:00,Asturias,11,2025,2025-01-01 00:00:00+01:00
717573.293,1,2025-01-31 23:00:00+00:00,Asturias,11,2025,2025-02-01 00:00:00+01:00
773164.718,1,2025-02-28 23:00:00+00:00,Asturias,11,2025,2025-03-01 00:00:00+01:00
716020.603,1,2025-03-31 22:00:00+00:00,Asturias,11,2025,2025-04-01 00:00:00+02:00
744782.658,1,2025-04-30 22:00:00+00:00,Asturias,11,2025,2025-05-01 00:00:00+02:00
699691.043,1,2025-05-31 22:00:00+00:00,Asturias,11,2025,2025-06-01 00:00:00+02:00
689340.269,1,2025-06-30 22:00:00+00:00,Asturias,11,2025,2025-07-01 00:00:00+02:00
663704.572,1,2025-07-31 22:00:00+00:00,Asturias,11,2025,2025-08-01 00:00:00+02:00
661148.496,1,2025-08-31 22:00:00+00:00,Asturias,11,2025,2025-09-01 00:00:00+02:00
673572.141,1,2025-09-30 22:00:00+00:00,Asturias,11,2025,2025-10-01 00:00:00+02:00
676790.225,1,2025-10-31 23:00:00+00:00,Asturias,11,2025,2025-11-01 00:00:00+01:00
693301.243,1,2025-11-30 23:00:00+00:00,Asturias,11,2025,2025-12-01 00:00:00+01:00
17311.162,1,2015-12-31 23:00:00+00:00,Cantabria,12,2016,2016-01-01 00:00:00+01:00
16981.579,1,2016-01-31 23:00:00+00:00,Cantabria,12,2016,2016-02-01 00:00:00+01:00
16940.802,1,2016-02-29 23:00:00+00:00,Cantabria,12,2016,2016-03-01 00:00:00+01:00
16286.124,1,2016-03-31 22:00:00+00:00,Cantabria,12,2016,2016-04-01 00:00:00+02:00
16948.654,1,2016-04-30 22:00:00+00:00,Cantabria,12,2016,2016-05-01 00:00:00+02:00
16942.708,1,2016-05-31 22:00:00+00:00,Cantabria,12,2016,2016-06-01 00:00:00+02:00
18292.977,1,2016-06-30 22:00:00+00:00,Cantabria,12,2016,2016-07-01 00:00:00+02:00
19186.116,1,2016-07-31 22:00:00+00:00,Cantabria,12,2016,2016-08-01 00:00:00+02:00
18207.382,1,2016-08-31 22:00:00+00:00,Cantabria,12,2016,2016-09-01 00:00:00+02:00
17864.866,1,2016-09-30 22:00:00+00:00,Cantabria,12,2016,2016-10-01 00:00:00+02:00
17454.722,1,2016-10-31 23:00:00+00:00,Cantabria,12,2016,2016-11-01 00:00:00+01:00
18263.844,1,2016-11-30 23:00:00+00:00,Cantabria,12,2016,2016-12-01 00:00:00+01:00
18540.055,1,2016-12-31 23:00:00+00:00,Cantabria,12,2017,2017-01-01 00:00:00+01:00
15723.914,1,2017-01-31 23:00:00+00:00,Cantabria,12,2017,2017-02-01 00:00:00+01:00
16352.628,1,2017-02-28 23:00:00+00:00,Cantabria,12,2017,2017-03-01 00:00:00+01:00
14939.695,1,2017-03-31 22:00:00+00:00,Cantabria,12,2017,2017-04-01 00:00:00+02:00
16501.739,1,2017-04-30 22:00:00+00:00,Cantabria,12,2017,2017-05-01 00:00:00+02:00
17170.856,1,2017-05-31 22:00:00+00:00,Cantabria,12,2017,2017-06-01 00:00:00+02:00
17581.98,1,2017-06-30 22:00:00+00:00,Cantabria,12,2017,2017-07-01 00:00:00+02:00
18673.439,1,2017-07-31 22:00:00+00:00,Cantabria,12,2017,2017-08-01 00:00:00+02:00
17176.932,1,2017-08-31 22:00:00+00:00,Cantabria,12,2017,2017-09-01 00:00:00+02:00
15964.592,1,2017-09-30 22:00:00+00:00,Cantabria,12,2017,2017-10-01 00:00:00+02:00
16373.048,1,2017-10-31 23:00:00+00:00,Cantabria,12,2017,2017-11-01 00:00:00+01:00
17861.952,1,2017-11-30 23:00:00+00:00,Cantabria,12,2017,2017-12-01 00:00:00+01:00
18544.061,1,2017-12-31 23:00:00+00:00,Cantabria,12,2018,2018-01-01 00:00:00+01:00
17099.066,1,2018-01-31 23:00:00+00:00,Cantabria,12,2018,2018-02-01 00:00:00+01:00
17584.974,1,2018-02-28 23:00:00+00:00,Cantabria,12,2018,2018-03-01 00:00:00+01:00
16315.666,1,2018-03-31 22:00:00+00:00,Cantabria,12,2018,2018-04-01 00:00:00+02:00
16342.903,1,2018-04-30 22:00:00+00:00,Cantabria,12,2018,2018-05-01 00:00:00+02:00
15983.727,1,2018-05-31 22:00:00+00:00,Cantabria,12,2018,2018-06-01 00:00:00+02:00
17164.591,1,2018-06-30 22:00:00+00:00,Cantabria,12,2018,2018-07-01 00:00:00+02:00
17711.764,1,2018-07-31 22:00:00+00:00,Cantabria,12,2018,2018-08-01 00:00:00+02:00
18075.437,1,2018-08-31 22:00:00+00:00,Cantabria,12,2018,2018-09-01 00:00:00+02:00
17854.131,1,2018-09-30 22:00:00+00:00,Cantabria,12,2018,2018-10-01 00:00:00+02:00
17385.028,1,2018-10-31 23:00:00+00:00,Cantabria,12,2018,2018-11-01 00:00:00+01:00
17294.876,1,2018-11-30 23:00:00+00:00,Cantabria,12,2018,2018-12-01 00:00:00+01:00
17830.239,1,2018-12-31 23:00:00+00:00,Cantabria,12,2019,2019-01-01 00:00:00+01:00
16019.527,1,2019-01-31 23:00:00+00:00,Cantabria,12,2019,2019-02-01 00:00:00+01:00
16598.235,1,2019-02-28 23:00:00+00:00,Cantabria,12,2019,2019-03-01 00:00:00+01:00
15221.094,1,2019-03-31 22:00:00+00:00,Cantabria,12,2019,2019-04-01 00:00:00+02:00
16753.54,1,2019-04-30 22:00:00+00:00,Cantabria,12,2019,2019-05-01 00:00:00+02:00
16642.239,1,2019-05-31 22:00:00+00:00,Cantabria,12,2019,2019-06-01 00:00:00+02:00
18185.252,1,2019-06-30 22:00:00+00:00,Cantabria,12,2019,2019-07-01 00:00:00+02:00
18656.52,1,2019-07-31 22:00:00+00:00,Cantabria,12,2019,2019-08-01 00:00:00+02:00
17603.892,1,2019-08-31 22:00:00+00:00,Cantabria,12,2019,2019-09-01 00:00:00+02:00
17669.152,1,2019-09-30 22:00:00+00:00,Cantabria,12,2019,2019-10-01 00:00:00+02:00
17157.331,1,2019-10-31 23:00:00+00:00,Cantabria,12,2019,2019-11-01 00:00:00+01:00
17711.219,1,2019-11-30 23:00:00+00:00,Cantabria,12,2019,2019-12-01 00:00:00+01:00
17835.113,1,2019-12-31 23:00:00+00:00,Cantabria,12,2020,2020-01-01 00:00:00+01:00
15770.011,1,2020-01-31 23:00:00+00:00,Cantabria,12,2020,2020-02-01 00:00:00+01:00
16608.196,1,2020-02-29 23:00:00+00:00,Cantabria,12,2020,2020-03-01 00:00:00+01:00
15531.111,1,2020-03-31 22:00:00+00:00,Cantabria,12,2020,2020-04-01 00:00:00+02:00
15827.471,1,2020-04-30 22:00:00+00:00,Cantabria,12,2020,2020-05-01 00:00:00+02:00
15839.422,1,2020-05-31 22:00:00+00:00,Cantabria,12,2020,2020-06-01 00:00:00+02:00
17917.496,1,2020-06-30 22:00:00+00:00,Cantabria,12,2020,2020-07-01 00:00:00+02:00
18096.779,1,2020-07-31 22:00:00+00:00,Cantabria,12,2020,2020-08-01 00:00:00+02:00
16830.054,1,2020-08-31 22:00:00+00:00,Cantabria,12,2020,2020-09-01 00:00:00+02:00
16095.768,1,2020-09-30 22:00:00+00:00,Cantabria,12,2020,2020-10-01 00:00:00+02:00
15792.687,1,2020-10-31 23:00:00+00:00,Cantabria,12,2020,2020-11-01 00:00:00+01:00
17053.994,1,2020-11-30 23:00:00+00:00,Cantabria,12,2020,2020-12-01 00:00:00+01:00
18538.656,1,2020-12-31 23:00:00+00:00,Cantabria,12,2021,2021-01-01 00:00:00+01:00
15215.238,1,2021-01-31 23:00:00+00:00,Cantabria,12,2021,2021-02-01 00:00:00+01:00
15340.218,1,2021-02-28 23:00:00+00:00,Cantabria,12,2021,2021-03-01 00:00:00+01:00
15128.393,1,2021-03-31 22:00:00+00:00,Cantabria,12,2021,2021-04-01 00:00:00+02:00
15515.205,1,2021-04-30 22:00:00+00:00,Cantabria,12,2021,2021-05-01 00:00:00+02:00
15653.908,1,2021-05-31 22:00:00+00:00,Cantabria,12,2021,2021-06-01 00:00:00+02:00
17409.528,1,2021-06-30 22:00:00+00:00,Cantabria,12,2021,2021-07-01 00:00:00+02:00
17829.99,1,2021-07-31 22:00:00+00:00,Cantabria,12,2021,2021-08-01 00:00:00+02:00
16921.593,1,2021-08-31 22:00:00+00:00,Cantabria,12,2021,2021-09-01 00:00:00+02:00
16448.789,1,2021-09-30 22:00:00+00:00,Cantabria,12,2021,2021-10-01 00:00:00+02:00
16035.752,1,2021-10-31 23:00:00+00:00,Cantabria,12,2021,2021-11-01 00:00:00+01:00
16848.583,1,2021-11-30 23:00:00+00:00,Cantabria,12,2021,2021-12-01 00:00:00+01:00
17253.197,1,2021-12-31 23:00:00+00:00,Cantabria,12,2022,2022-01-01 00:00:00+01:00
15289.879,1,2022-01-31 23:00:00+00:00,Cantabria,12,2022,2022-02-01 00:00:00+01:00
17074.705,1,2022-02-28 23:00:00+00:00,Cantabria,12,2022,2022-03-01 00:00:00+01:00
15441.172,1,2022-03-31 22:00:00+00:00,Cantabria,12,2022,2022-04-01 00:00:00+02:00
16203.751,1,2022-04-30 22:00:00+00:00,Cantabria,12,2022,2022-05-01 00:00:00+02:00
16614.668,1,2022-05-31 22:00:00+00:00,Cantabria,12,2022,2022-06-01 00:00:00+02:00
17855.742,1,2022-06-30 22:00:00+00:00,Cantabria,12,2022,2022-07-01 00:00:00+02:00
16827.505,1,2022-07-31 22:00:00+00:00,Cantabria,12,2022,2022-08-01 00:00:00+02:00
15818.136,1,2022-08-31 22:00:00+00:00,Cantabria,12,2022,2022-09-01 00:00:00+02:00
16127.866,1,2022-09-30 22:00:00+00:00,Cantabria,12,2022,2022-10-01 00:00:00+02:00
15157.762,1,2022-10-31 23:00:00+00:00,Cantabria,12,2022,2022-11-01 00:00:00+01:00
15734.913,1,2022-11-30 23:00:00+00:00,Cantabria,12,2022,2022-12-01 00:00:00+01:00
16642.232,1,2022-12-31 23:00:00+00:00,Cantabria,12,2023,2023-01-01 00:00:00+01:00
15700.243,1,2023-01-31 23:00:00+00:00,Cantabria,12,2023,2023-02-01 00:00:00+01:00
15386.335,1,2023-02-28 23:00:00+00:00,Cantabria,12,2023,2023-03-01 00:00:00+01:00
13780.955,1,2023-03-31 22:00:00+00:00,Cantabria,12,2023,2023-04-01 00:00:00+02:00
14172.513,1,2023-04-30 22:00:00+00:00,Cantabria,12,2023,2023-05-01 00:00:00+02:00
14999.305,1,2023-05-31 22:00:00+00:00,Cantabria,12,2023,2023-06-01 00:00:00+02:00
17026.712,1,2023-06-30 22:00:00+00:00,Cantabria,12,2023,2023-07-01 00:00:00+02:00
17061.02,1,2023-07-31 22:00:00+00:00,Cantabria,12,2023,2023-08-01 00:00:00+02:00
15704.777,1,2023-08-31 22:00:00+00:00,Cantabria,12,2023,2023-09-01 00:00:00+02:00
15672.695,1,2023-09-30 22:00:00+00:00,Cantabria,12,2023,2023-10-01 00:00:00+02:00
14659.133,1,2023-10-31 23:00:00+00:00,Cantabria,12,2023,2023-11-01 00:00:00+01:00
15423.964,1,2023-11-30 23:00:00+00:00,Cantabria,12,2023,2023-12-01 00:00:00+01:00
15948.752,1,2023-12-31 23:00:00+00:00,Cantabria,12,2024,2024-01-01 00:00:00+01:00
14658.486,1,2024-01-31 23:00:00+00:00,Cantabria,12,2024,2024-02-01 00:00:00+01:00
15348.767,1,2024-02-29 23:00:00+00:00,Cantabria,12,2024,2024-03-01 00:00:00+01:00
15430.868,1,2024-03-31 22:00:00+00:00,Cantabria,12,2024,2024-04-01 00:00:00+02:00
15951.296,1,2024-04-30 22:00:00+00:00,Cantabria,12,2024,2024-05-01 00:00:00+02:00
15926.096,1,2024-05-31 22:00:00+00:00,Cantabria,12,2024,2024-06-01 00:00:00+02:00
18070.077,1,2024-06-30 22:00:00+00:00,Cantabria,12,2024,2024-07-01 00:00:00+02:00
19301.285,1,2024-07-31 22:00:00+00:00,Cantabria,12,2024,2024-08-01 00:00:00+02:00
17503.611,1,2024-08-31 22:00:00+00:00,Cantabria,12,2024,2024-09-01 00:00:00+02:00
17129.735,1,2024-09-30 22:00:00+00:00,Cantabria,12,2024,2024-10-01 00:00:00+02:00
15819.961,1,2024-10-31 23:00:00+00:00,Cantabria,12,2024,2024-11-01 00:00:00+01:00
15596.025,1,2024-11-30 23:00:00+00:00,Cantabria,12,2024,2024-12-01 00:00:00+01:00
17093.042,1,2024-12-31 23:00:00+00:00,Cantabria,12,2025,2025-01-01 00:00:00+01:00
15508.661,1,2025-01-31 23:00:00+00:00,Cantabria,12,2025,2025-02-01 00:00:00+01:00
16984.403,1,2025-02-28 23:00:00+00:00,Cantabria,12,2025,2025-03-01 00:00:00+01:00
14961.292,1,2025-03-31 22:00:00+00:00,Cantabria,12,2025,2025-04-01 00:00:00+02:00
15775.603,1,2025-04-30 22:00:00+00:00,Cantabria,12,2025,2025-05-01 00:00:00+02:00
16861.954,1,2025-05-31 22:00:00+00:00,Cantabria,12,2025,2025-06-01 00:00:00+02:00
19304.875,1,2025-06-30 22:00:00+00:00,Cantabria,12,2025,2025-07-01 00:00:00+02:00
19179.328,1,2025-07-31 22:00:00+00:00,Cantabria,12,2025,2025-08-01 00:00:00+02:00
17860.032,1,2025-08-31 22:00:00+00:00,Cantabria,12,2025,2025-09-01 00:00:00+02:00
17791.544,1,2025-09-30 22:00:00+00:00,Cantabria,12,2025,2025-10-01 00:00:00+02:00
16668.942,1,2025-10-31 23:00:00+00:00,Cantabria,12,2025,2025-11-01 00:00:00+01:00
18170.256,1,2025-11-30 23:00:00+00:00,Cantabria,12,2025,2025-12-01 00:00:00+01:00
2626001.248,1,2015-12-31 23:00:00+00:00,Madrid,13,2016,2016-01-01 00:00:00+01:00
2539186.23,1,2016-01-31 23:00:00+00:00,Madrid,13,2016,2016-02-01 00:00:00+01:00
2522750.817,1,2016-02-29 23:00:00+00:00,Madrid,13,2016,2016-03-01 00:00:00+01:00
2297628.125,1,2016-03-31 22:00:00+00:00,Madrid,13,2016,2016-04-01 00:00:00+02:00
2180629.261,1,2016-04-30 22:00:00+00:00,Madrid,13,2016,2016-05-01 00:00:00+02:00
2299542.753,1,2016-05-31 22:00:00+00:00,Madrid,13,2016,2016-06-01 00:00:00+02:00
2561135.859,1,2016-06-30 22:00:00+00:00,Madrid,13,2016,2016-07-01 00:00:00+02:00
2393854.955,1,2016-07-31 22:00:00+00:00,Madrid,13,2016,2016-08-01 00:00:00+02:00
2300602.209,1,2016-08-31 22:00:00+00:00,Madrid,13,2016,2016-09-01 00:00:00+02:00
2187078.493,1,2016-09-30 22:00:00+00:00,Madrid,13,2016,2016-10-01 00:00:00+02:00
2419424.922,1,2016-10-31 23:00:00+00:00,Madrid,13,2016,2016-11-01 00:00:00+01:00
2564376.142,1,2016-11-30 23:00:00+00:00,Madrid,13,2016,2016-12-01 00:00:00+01:00
2783035.02,1,2016-12-31 23:00:00+00:00,Madrid,13,2017,2017-01-01 00:00:00+01:00
2387351.039,1,2017-01-31 23:00:00+00:00,Madrid,13,2017,2017-02-01 00:00:00+01:00
2412638.71,1,2017-02-28 23:00:00+00:00,Madrid,13,2017,2017-03-01 00:00:00+01:00
2057255.208,1,2017-03-31 22:00:00+00:00,Madrid,13,2017,2017-04-01 00:00:00+02:00
2204818.892,1,2017-04-30 22:00:00+00:00,Madrid,13,2017,2017-05-01 00:00:00+02:00
2535147.644,1,2017-05-31 22:00:00+00:00,Madrid,13,2017,2017-06-01 00:00:00+02:00
2509808.13,1,2017-06-30 22:00:00+00:00,Madrid,13,2017,2017-07-01 00:00:00+02:00
2367768.094,1,2017-07-31 22:00:00+00:00,Madrid,13,2017,2017-08-01 00:00:00+02:00
2149871.748,1,2017-08-31 22:00:00+00:00,Madrid,13,2017,2017-09-01 00:00:00+02:00
2175648.597,1,2017-09-30 22:00:00+00:00,Madrid,13,2017,2017-10-01 00:00:00+02:00
2372347.3,1,2017-10-31 23:00:00+00:00,Madrid,13,2017,2017-11-01 00:00:00+01:00
2637876.82,1,2017-11-30 23:00:00+00:00,Madrid,13,2017,2017-12-01 00:00:00+01:00
2705345.48,1,2017-12-31 23:00:00+00:00,Madrid,13,2018,2018-01-01 00:00:00+01:00
2521068.525,1,2018-01-31 23:00:00+00:00,Madrid,13,2018,2018-02-01 00:00:00+01:00
2579762.942,1,2018-02-28 23:00:00+00:00,Madrid,13,2018,2018-03-01 00:00:00+01:00
2259062.294,1,2018-03-31 22:00:00+00:00,Madrid,13,2018,2018-04-01 00:00:00+02:00
2139400.291,1,2018-04-30 22:00:00+00:00,Madrid,13,2018,2018-05-01 00:00:00+02:00
2248616.61,1,2018-05-31 22:00:00+00:00,Madrid,13,2018,2018-06-01 00:00:00+02:00
2437930.289,1,2018-06-30 22:00:00+00:00,Madrid,13,2018,2018-07-01 00:00:00+02:00
2391298.9,1,2018-07-31 22:00:00+00:00,Madrid,13,2018,2018-08-01 00:00:00+02:00
2276573.924,1,2018-08-31 22:00:00+00:00,Madrid,13,2018,2018-09-01 00:00:00+02:00
2233308.499,1,2018-09-30 22:00:00+00:00,Madrid,13,2018,2018-10-01 00:00:00+02:00
2421740.233,1,2018-10-31 23:00:00+00:00,Madrid,13,2018,2018-11-01 00:00:00+01:00
2553858.231,1,2018-11-30 23:00:00+00:00,Madrid,13,2018,2018-12-01 00:00:00+01:00
2744878.748,1,2018-12-31 23:00:00+00:00,Madrid,13,2019,2019-01-01 00:00:00+01:00
2356460.794,1,2019-01-31 23:00:00+00:00,Madrid,13,2019,2019-02-01 00:00:00+01:00
2350064.364,1,2019-02-28 23:00:00+00:00,Madrid,13,2019,2019-03-01 00:00:00+01:00
2217591.032,1,2019-03-31 22:00:00+00:00,Madrid,13,2019,2019-04-01 00:00:00+02:00
2149296.957,1,2019-04-30 22:00:00+00:00,Madrid,13,2019,2019-05-01 00:00:00+02:00
2281728.415,1,2019-05-31 22:00:00+00:00,Madrid,13,2019,2019-06-01 00:00:00+02:00
2651654.285,1,2019-06-30 22:00:00+00:00,Madrid,13,2019,2019-07-01 00:00:00+02:00
2274433.692,1,2019-07-31 22:00:00+00:00,Madrid,13,2019,2019-08-01 00:00:00+02:00
2149610.628,1,2019-08-31 22:00:00+00:00,Madrid,13,2019,2019-09-01 00:00:00+02:00
2267264.364,1,2019-09-30 22:00:00+00:00,Madrid,13,2019,2019-10-01 00:00:00+02:00
2467031.06,1,2019-10-31 23:00:00+00:00,Madrid,13,2019,2019-11-01 00:00:00+01:00
2545189.886,1,2019-11-30 23:00:00+00:00,Madrid,13,2019,2019-12-01 00:00:00+01:00
2737334.364,1,2019-12-31 23:00:00+00:00,Madrid,13,2020,2020-01-01 00:00:00+01:00
2357438.71,1,2020-01-31 23:00:00+00:00,Madrid,13,2020,2020-02-01 00:00:00+01:00
2268882.296,1,2020-02-29 23:00:00+00:00,Madrid,13,2020,2020-03-01 00:00:00+01:00
1825502.09,1,2020-03-31 22:00:00+00:00,Madrid,13,2020,2020-04-01 00:00:00+02:00
1855359.252,1,2020-04-30 22:00:00+00:00,Madrid,13,2020,2020-05-01 00:00:00+02:00
2019611.065,1,2020-05-31 22:00:00+00:00,Madrid,13,2020,2020-06-01 00:00:00+02:00
2525218.389,1,2020-06-30 22:00:00+00:00,Madrid,13,2020,2020-07-01 00:00:00+02:00
2202008.892,1,2020-07-31 22:00:00+00:00,Madrid,13,2020,2020-08-01 00:00:00+02:00
2067050.074,1,2020-08-31 22:00:00+00:00,Madrid,13,2020,2020-09-01 00:00:00+02:00
2184994.561,1,2020-09-30 22:00:00+00:00,Madrid,13,2020,2020-10-01 00:00:00+02:00
2296506.89,1,2020-10-31 23:00:00+00:00,Madrid,13,2020,2020-11-01 00:00:00+01:00
2569037.905,1,2020-11-30 23:00:00+00:00,Madrid,13,2020,2020-12-01 00:00:00+01:00
2740894.826,1,2020-12-31 23:00:00+00:00,Madrid,13,2021,2021-01-01 00:00:00+01:00
2262499.896,1,2021-01-31 23:00:00+00:00,Madrid,13,2021,2021-02-01 00:00:00+01:00
2378553.143,1,2021-02-28 23:00:00+00:00,Madrid,13,2021,2021-03-01 00:00:00+01:00
2130429.496,1,2021-03-31 22:00:00+00:00,Madrid,13,2021,2021-04-01 00:00:00+02:00
2107378.281,1,2021-04-30 22:00:00+00:00,Madrid,13,2021,2021-05-01 00:00:00+02:00
2166515.997,1,2021-05-31 22:00:00+00:00,Madrid,13,2021,2021-06-01 00:00:00+02:00
2347371.347,1,2021-06-30 22:00:00+00:00,Madrid,13,2021,2021-07-01 00:00:00+02:00
2259789.28,1,2021-07-31 22:00:00+00:00,Madrid,13,2021,2021-08-01 00:00:00+02:00
2072075.097,1,2021-08-31 22:00:00+00:00,Madrid,13,2021,2021-09-01 00:00:00+02:00
2075335.099,1,2021-09-30 22:00:00+00:00,Madrid,13,2021,2021-10-01 00:00:00+02:00
2386503.737,1,2021-10-31 23:00:00+00:00,Madrid,13,2021,2021-11-01 00:00:00+01:00
2507655.755,1,2021-11-30 23:00:00+00:00,Madrid,13,2021,2021-12-01 00:00:00+01:00
2601492.321,1,2021-12-31 23:00:00+00:00,Madrid,13,2022,2022-01-01 00:00:00+01:00
2254452.384,1,2022-01-31 23:00:00+00:00,Madrid,13,2022,2022-02-01 00:00:00+01:00
2460329.907,1,2022-02-28 23:00:00+00:00,Madrid,13,2022,2022-03-01 00:00:00+01:00
2137449.299,1,2022-03-31 22:00:00+00:00,Madrid,13,2022,2022-04-01 00:00:00+02:00
2142773.857,1,2022-04-30 22:00:00+00:00,Madrid,13,2022,2022-05-01 00:00:00+02:00
2299053.45,1,2022-05-31 22:00:00+00:00,Madrid,13,2022,2022-06-01 00:00:00+02:00
2624940.297,1,2022-06-30 22:00:00+00:00,Madrid,13,2022,2022-07-01 00:00:00+02:00
2326421.743,1,2022-07-31 22:00:00+00:00,Madrid,13,2022,2022-08-01 00:00:00+02:00
2085897.221,1,2022-08-31 22:00:00+00:00,Madrid,13,2022,2022-09-01 00:00:00+02:00
2033792.641,1,2022-09-30 22:00:00+00:00,Madrid,13,2022,2022-10-01 00:00:00+02:00
2181937.96,1,2022-10-31 23:00:00+00:00,Madrid,13,2022,2022-11-01 00:00:00+01:00
2372841.663,1,2022-11-30 23:00:00+00:00,Madrid,13,2022,2022-12-01 00:00:00+01:00
2601245.884,1,2022-12-31 23:00:00+00:00,Madrid,13,2023,2023-01-01 00:00:00+01:00
2345489.574,1,2023-01-31 23:00:00+00:00,Madrid,13,2023,2023-02-01 00:00:00+01:00
2283260.599,1,2023-02-28 23:00:00+00:00,Madrid,13,2023,2023-03-01 00:00:00+01:00
1914314.753,1,2023-03-31 22:00:00+00:00,Madrid,13,2023,2023-04-01 00:00:00+02:00
2016151.964,1,2023-04-30 22:00:00+00:00,Madrid,13,2023,2023-05-01 00:00:00+02:00
2170690.846,1,2023-05-31 22:00:00+00:00,Madrid,13,2023,2023-06-01 00:00:00+02:00
2489221.382,1,2023-06-30 22:00:00+00:00,Madrid,13,2023,2023-07-01 00:00:00+02:00
2346607.776,1,2023-07-31 22:00:00+00:00,Madrid,13,2023,2023-08-01 00:00:00+02:00
2054062.569,1,2023-08-31 22:00:00+00:00,Madrid,13,2023,2023-09-01 00:00:00+02:00
2166983.646,1,2023-09-30 22:00:00+00:00,Madrid,13,2023,2023-10-01 00:00:00+02:00
2335847.228,1,2023-10-31 23:00:00+00:00,Madrid,13,2023,2023-11-01 00:00:00+01:00
2561245.475,1,2023-11-30 23:00:00+00:00,Madrid,13,2023,2023-12-01 00:00:00+01:00
2645301.772,1,2023-12-31 23:00:00+00:00,Madrid,13,2024,2024-01-01 00:00:00+01:00
2353827.75,1,2024-01-31 23:00:00+00:00,Madrid,13,2024,2024-02-01 00:00:00+01:00
2315153.606,1,2024-02-29 23:00:00+00:00,Madrid,13,2024,2024-03-01 00:00:00+01:00
2086099.161,1,2024-03-31 22:00:00+00:00,Madrid,13,2024,2024-04-01 00:00:00+02:00
2037548.622,1,2024-04-30 22:00:00+00:00,Madrid,13,2024,2024-05-01 00:00:00+02:00
2100287.201,1,2024-05-31 22:00:00+00:00,Madrid,13,2024,2024-06-01 00:00:00+02:00
2498607.307,1,2024-06-30 22:00:00+00:00,Madrid,13,2024,2024-07-01 00:00:00+02:00
2433739.811,1,2024-07-31 22:00:00+00:00,Madrid,13,2024,2024-08-01 00:00:00+02:00
2072077.69,1,2024-08-31 22:00:00+00:00,Madrid,13,2024,2024-09-01 00:00:00+02:00
2162549.926,1,2024-09-30 22:00:00+00:00,Madrid,13,2024,2024-10-01 00:00:00+02:00
2278345.784,1,2024-10-31 23:00:00+00:00,Madrid,13,2024,2024-11-01 00:00:00+01:00
2578595.9,1,2024-11-30 23:00:00+00:00,Madrid,13,2024,2024-12-01 00:00:00+01:00
2720113.737,1,2024-12-31 23:00:00+00:00,Madrid,13,2025,2025-01-01 00:00:00+01:00
2309904.006,1,2025-01-31 23:00:00+00:00,Madrid,13,2025,2025-02-01 00:00:00+01:00
2558542.435,1,2025-02-28 23:00:00+00:00,Madrid,13,2025,2025-03-01 00:00:00+01:00
2016172.156,1,2025-03-31 22:00:00+00:00,Madrid,13,2025,2025-04-01 00:00:00+02:00
2125009.079,1,2025-04-30 22:00:00+00:00,Madrid,13,2025,2025-05-01 00:00:00+02:00
2516214.124,1,2025-05-31 22:00:00+00:00,Madrid,13,2025,2025-06-01 00:00:00+02:00
2571108.714,1,2025-06-30 22:00:00+00:00,Madrid,13,2025,2025-07-01 00:00:00+02:00
2431862.314,1,2025-07-31 22:00:00+00:00,Madrid,13,2025,2025-08-01 00:00:00+02:00
2215316.127,1,2025-08-31 22:00:00+00:00,Madrid,13,2025,2025-09-01 00:00:00+02:00
2197242.834,1,2025-09-30 22:00:00+00:00,Madrid,13,2025,2025-10-01 00:00:00+02:00
2450554.195,1,2025-10-31 23:00:00+00:00,Madrid,13,2025,2025-11-01 00:00:00+01:00
2763877.652,1,2025-11-30 23:00:00+00:00,Madrid,13,2025,2025-12-01 00:00:00+01:00
416668.673,1,2015-12-31 23:00:00+00:00,Murcia,14,2016,2016-01-01 00:00:00+01:00
416547.873,1,2016-01-31 23:00:00+00:00,Murcia,14,2016,2016-02-01 00:00:00+01:00
421903.581,1,2016-02-29 23:00:00+00:00,Murcia,14,2016,2016-03-01 00:00:00+01:00
411674.104,1,2016-03-31 22:00:00+00:00,Murcia,14,2016,2016-04-01 00:00:00+02:00
415325.612,1,2016-04-30 22:00:00+00:00,Murcia,14,2016,2016-05-01 00:00:00+02:00
416390.256,1,2016-05-31 22:00:00+00:00,Murcia,14,2016,2016-06-01 00:00:00+02:00
386757.361,1,2016-06-30 22:00:00+00:00,Murcia,14,2016,2016-07-01 00:00:00+02:00
391994.565,1,2016-07-31 22:00:00+00:00,Murcia,14,2016,2016-08-01 00:00:00+02:00
419203.471,1,2016-08-31 22:00:00+00:00,Murcia,14,2016,2016-09-01 00:00:00+02:00
417807.901,1,2016-09-30 22:00:00+00:00,Murcia,14,2016,2016-10-01 00:00:00+02:00
430952.532,1,2016-10-31 23:00:00+00:00,Murcia,14,2016,2016-11-01 00:00:00+01:00
404065.58,1,2016-11-30 23:00:00+00:00,Murcia,14,2016,2016-12-01 00:00:00+01:00
452567.634,1,2016-12-31 23:00:00+00:00,Murcia,14,2017,2017-01-01 00:00:00+01:00
412913.092,1,2017-01-31 23:00:00+00:00,Murcia,14,2017,2017-02-01 00:00:00+01:00
440780.588,1,2017-02-28 23:00:00+00:00,Murcia,14,2017,2017-03-01 00:00:00+01:00
388606.371,1,2017-03-31 22:00:00+00:00,Murcia,14,2017,2017-04-01 00:00:00+02:00
435172.584,1,2017-04-30 22:00:00+00:00,Murcia,14,2017,2017-05-01 00:00:00+02:00
435650.273,1,2017-05-31 22:00:00+00:00,Murcia,14,2017,2017-06-01 00:00:00+02:00
397030.335,1,2017-06-30 22:00:00+00:00,Murcia,14,2017,2017-07-01 00:00:00+02:00
400159.741,1,2017-07-31 22:00:00+00:00,Murcia,14,2017,2017-08-01 00:00:00+02:00
413819.091,1,2017-08-31 22:00:00+00:00,Murcia,14,2017,2017-09-01 00:00:00+02:00
427926.722,1,2017-09-30 22:00:00+00:00,Murcia,14,2017,2017-10-01 00:00:00+02:00
436855.745,1,2017-10-31 23:00:00+00:00,Murcia,14,2017,2017-11-01 00:00:00+01:00
411753.356,1,2017-11-30 23:00:00+00:00,Murcia,14,2017,2017-12-01 00:00:00+01:00
450314.012,1,2017-12-31 23:00:00+00:00,Murcia,14,2018,2018-01-01 00:00:00+01:00
429018.578,1,2018-01-31 23:00:00+00:00,Murcia,14,2018,2018-02-01 00:00:00+01:00
447419.669,1,2018-02-28 23:00:00+00:00,Murcia,14,2018,2018-03-01 00:00:00+01:00
403494.658,1,2018-03-31 22:00:00+00:00,Murcia,14,2018,2018-04-01 00:00:00+02:00
429690.373,1,2018-04-30 22:00:00+00:00,Murcia,14,2018,2018-05-01 00:00:00+02:00
420678.757,1,2018-05-31 22:00:00+00:00,Murcia,14,2018,2018-06-01 00:00:00+02:00
409460.857,1,2018-06-30 22:00:00+00:00,Murcia,14,2018,2018-07-01 00:00:00+02:00
405987.994,1,2018-07-31 22:00:00+00:00,Murcia,14,2018,2018-08-01 00:00:00+02:00
423398.137,1,2018-08-31 22:00:00+00:00,Murcia,14,2018,2018-09-01 00:00:00+02:00
439097.811,1,2018-09-30 22:00:00+00:00,Murcia,14,2018,2018-10-01 00:00:00+02:00
434543.74,1,2018-10-31 23:00:00+00:00,Murcia,14,2018,2018-11-01 00:00:00+01:00
407554.216,1,2018-11-30 23:00:00+00:00,Murcia,14,2018,2018-12-01 00:00:00+01:00
463542.521,1,2018-12-31 23:00:00+00:00,Murcia,14,2019,2019-01-01 00:00:00+01:00
412888.134,1,2019-01-31 23:00:00+00:00,Murcia,14,2019,2019-02-01 00:00:00+01:00
439192.257,1,2019-02-28 23:00:00+00:00,Murcia,14,2019,2019-03-01 00:00:00+01:00
409324.995,1,2019-03-31 22:00:00+00:00,Murcia,14,2019,2019-04-01 00:00:00+02:00
439674.461,1,2019-04-30 22:00:00+00:00,Murcia,14,2019,2019-05-01 00:00:00+02:00
431270.896,1,2019-05-31 22:00:00+00:00,Murcia,14,2019,2019-06-01 00:00:00+02:00
425913.131,1,2019-06-30 22:00:00+00:00,Murcia,14,2019,2019-07-01 00:00:00+02:00
403832.721,1,2019-07-31 22:00:00+00:00,Murcia,14,2019,2019-08-01 00:00:00+02:00
424695.647,1,2019-08-31 22:00:00+00:00,Murcia,14,2019,2019-09-01 00:00:00+02:00
448901.458,1,2019-09-30 22:00:00+00:00,Murcia,14,2019,2019-10-01 00:00:00+02:00
441644.372,1,2019-10-31 23:00:00+00:00,Murcia,14,2019,2019-11-01 00:00:00+01:00
408815.515,1,2019-11-30 23:00:00+00:00,Murcia,14,2019,2019-12-01 00:00:00+01:00
450763.969,1,2019-12-31 23:00:00+00:00,Murcia,14,2020,2020-01-01 00:00:00+01:00
422377.178,1,2020-01-31 23:00:00+00:00,Murcia,14,2020,2020-02-01 00:00:00+01:00
407204.579,1,2020-02-29 23:00:00+00:00,Murcia,14,2020,2020-03-01 00:00:00+01:00
329918.004,1,2020-03-31 22:00:00+00:00,Murcia,14,2020,2020-04-01 00:00:00+02:00
377656.588,1,2020-04-30 22:00:00+00:00,Murcia,14,2020,2020-05-01 00:00:00+02:00
387263.707,1,2020-05-31 22:00:00+00:00,Murcia,14,2020,2020-06-01 00:00:00+02:00
396242.377,1,2020-06-30 22:00:00+00:00,Murcia,14,2020,2020-07-01 00:00:00+02:00
391904.088,1,2020-07-31 22:00:00+00:00,Murcia,14,2020,2020-08-01 00:00:00+02:00
419135.926,1,2020-08-31 22:00:00+00:00,Murcia,14,2020,2020-09-01 00:00:00+02:00
423452.642,1,2020-09-30 22:00:00+00:00,Murcia,14,2020,2020-10-01 00:00:00+02:00
427189.248,1,2020-10-31 23:00:00+00:00,Murcia,14,2020,2020-11-01 00:00:00+01:00
409950.116,1,2020-11-30 23:00:00+00:00,Murcia,14,2020,2020-12-01 00:00:00+01:00
443553.286,1,2020-12-31 23:00:00+00:00,Murcia,14,2021,2021-01-01 00:00:00+01:00
410832.434,1,2021-01-31 23:00:00+00:00,Murcia,14,2021,2021-02-01 00:00:00+01:00
437964.061,1,2021-02-28 23:00:00+00:00,Murcia,14,2021,2021-03-01 00:00:00+01:00
406589.998,1,2021-03-31 22:00:00+00:00,Murcia,14,2021,2021-04-01 00:00:00+02:00
426771.793,1,2021-04-30 22:00:00+00:00,Murcia,14,2021,2021-05-01 00:00:00+02:00
422513.312,1,2021-05-31 22:00:00+00:00,Murcia,14,2021,2021-06-01 00:00:00+02:00
405159.449,1,2021-06-30 22:00:00+00:00,Murcia,14,2021,2021-07-01 00:00:00+02:00
391177.128,1,2021-07-31 22:00:00+00:00,Murcia,14,2021,2021-08-01 00:00:00+02:00
423399.212,1,2021-08-31 22:00:00+00:00,Murcia,14,2021,2021-09-01 00:00:00+02:00
414220.512,1,2021-09-30 22:00:00+00:00,Murcia,14,2021,2021-10-01 00:00:00+02:00
437375.677,1,2021-10-31 23:00:00+00:00,Murcia,14,2021,2021-11-01 00:00:00+01:00
421278.98,1,2021-11-30 23:00:00+00:00,Murcia,14,2021,2021-12-01 00:00:00+01:00
448017.748,1,2021-12-31 23:00:00+00:00,Murcia,14,2022,2022-01-01 00:00:00+01:00
418306.711,1,2022-01-31 23:00:00+00:00,Murcia,14,2022,2022-02-01 00:00:00+01:00
451568.578,1,2022-02-28 23:00:00+00:00,Murcia,14,2022,2022-03-01 00:00:00+01:00
406001.297,1,2022-03-31 22:00:00+00:00,Murcia,14,2022,2022-04-01 00:00:00+02:00
432302.068,1,2022-04-30 22:00:00+00:00,Murcia,14,2022,2022-05-01 00:00:00+02:00
438758.931,1,2022-05-31 22:00:00+00:00,Murcia,14,2022,2022-06-01 00:00:00+02:00
401347.433,1,2022-06-30 22:00:00+00:00,Murcia,14,2022,2022-07-01 00:00:00+02:00
403503.761,1,2022-07-31 22:00:00+00:00,Murcia,14,2022,2022-08-01 00:00:00+02:00
417254.568,1,2022-08-31 22:00:00+00:00,Murcia,14,2022,2022-09-01 00:00:00+02:00
411935.809,1,2022-09-30 22:00:00+00:00,Murcia,14,2022,2022-10-01 00:00:00+02:00
426048.629,1,2022-10-31 23:00:00+00:00,Murcia,14,2022,2022-11-01 00:00:00+01:00
389488.55,1,2022-11-30 23:00:00+00:00,Murcia,14,2022,2022-12-01 00:00:00+01:00
424159.614,1,2022-12-31 23:00:00+00:00,Murcia,14,2023,2023-01-01 00:00:00+01:00
388061.589,1,2023-01-31 23:00:00+00:00,Murcia,14,2023,2023-02-01 00:00:00+01:00
410327.157,1,2023-02-28 23:00:00+00:00,Murcia,14,2023,2023-03-01 00:00:00+01:00
354423.24,1,2023-03-31 22:00:00+00:00,Murcia,14,2023,2023-04-01 00:00:00+02:00
392522.051,1,2023-04-30 22:00:00+00:00,Murcia,14,2023,2023-05-01 00:00:00+02:00
391934.84,1,2023-05-31 22:00:00+00:00,Murcia,14,2023,2023-06-01 00:00:00+02:00
369307.064,1,2023-06-30 22:00:00+00:00,Murcia,14,2023,2023-07-01 00:00:00+02:00
359630.435,1,2023-07-31 22:00:00+00:00,Murcia,14,2023,2023-08-01 00:00:00+02:00
393061.308,1,2023-08-31 22:00:00+00:00,Murcia,14,2023,2023-09-01 00:00:00+02:00
402502.172,1,2023-09-30 22:00:00+00:00,Murcia,14,2023,2023-10-01 00:00:00+02:00
402122.111,1,2023-10-31 23:00:00+00:00,Murcia,14,2023,2023-11-01 00:00:00+01:00
380614.81,1,2023-11-30 23:00:00+00:00,Murcia,14,2023,2023-12-01 00:00:00+01:00
433456.353,1,2023-12-31 23:00:00+00:00,Murcia,14,2024,2024-01-01 00:00:00+01:00
410134.732,1,2024-01-31 23:00:00+00:00,Murcia,14,2024,2024-02-01 00:00:00+01:00
398072.55,1,2024-02-29 23:00:00+00:00,Murcia,14,2024,2024-03-01 00:00:00+01:00
380655.793,1,2024-03-31 22:00:00+00:00,Murcia,14,2024,2024-04-01 00:00:00+02:00
393663.776,1,2024-04-30 22:00:00+00:00,Murcia,14,2024,2024-05-01 00:00:00+02:00
385514.857,1,2024-05-31 22:00:00+00:00,Murcia,14,2024,2024-06-01 00:00:00+02:00
370234.223,1,2024-06-30 22:00:00+00:00,Murcia,14,2024,2024-07-01 00:00:00+02:00
368325.707,1,2024-07-31 22:00:00+00:00,Murcia,14,2024,2024-08-01 00:00:00+02:00
389786.148,1,2024-08-31 22:00:00+00:00,Murcia,14,2024,2024-09-01 00:00:00+02:00
419943.339,1,2024-09-30 22:00:00+00:00,Murcia,14,2024,2024-10-01 00:00:00+02:00
404652.243,1,2024-10-31 23:00:00+00:00,Murcia,14,2024,2024-11-01 00:00:00+01:00
387620.103,1,2024-11-30 23:00:00+00:00,Murcia,14,2024,2024-12-01 00:00:00+01:00
432653.77,1,2024-12-31 23:00:00+00:00,Murcia,14,2025,2025-01-01 00:00:00+01:00
397958.959,1,2025-01-31 23:00:00+00:00,Murcia,14,2025,2025-02-01 00:00:00+01:00
432197.177,1,2025-02-28 23:00:00+00:00,Murcia,14,2025,2025-03-01 00:00:00+01:00
372101.248,1,2025-03-31 22:00:00+00:00,Murcia,14,2025,2025-04-01 00:00:00+02:00
404792.072,1,2025-04-30 22:00:00+00:00,Murcia,14,2025,2025-05-01 00:00:00+02:00
409721.107,1,2025-05-31 22:00:00+00:00,Murcia,14,2025,2025-06-01 00:00:00+02:00
379352.442,1,2025-06-30 22:00:00+00:00,Murcia,14,2025,2025-07-01 00:00:00+02:00
372566.762,1,2025-07-31 22:00:00+00:00,Murcia,14,2025,2025-08-01 00:00:00+02:00
409611.352,1,2025-08-31 22:00:00+00:00,Murcia,14,2025,2025-09-01 00:00:00+02:00
418557.948,1,2025-09-30 22:00:00+00:00,Murcia,14,2025,2025-10-01 00:00:00+02:00
433832.508,1,2025-10-31 23:00:00+00:00,Murcia,14,2025,2025-11-01 00:00:00+01:00
410308.558,1,2025-11-30 23:00:00+00:00,Murcia,14,2025,2025-12-01 00:00:00+01:00
2267972.157,1,2015-12-31 23:00:00+00:00,Comunidad Valenciana,15,2016,2016-01-01 00:00:00+01:00
2190976.205,1,2016-01-31 23:00:00+00:00,Comunidad Valenciana,15,2016,2016-02-01 00:00:00+01:00
2235786.835,1,2016-02-29 23:00:00+00:00,Comunidad Valenciana,15,2016,2016-03-01 00:00:00+01:00
2052173.922,1,2016-03-31 22:00:00+00:00,Comunidad Valenciana,15,2016,2016-04-01 00:00:00+02:00
2096603.086,1,2016-04-30 22:00:00+00:00,Comunidad Valenciana,15,2016,2016-05-01 00:00:00+02:00
2226321.573,1,2016-05-31 22:00:00+00:00,Comunidad Valenciana,15,2016,2016-06-01 00:00:00+02:00
2530507.646,1,2016-06-30 22:00:00+00:00,Comunidad Valenciana,15,2016,2016-07-01 00:00:00+02:00
2358992.266,1,2016-07-31 22:00:00+00:00,Comunidad Valenciana,15,2016,2016-08-01 00:00:00+02:00
2314035.83,1,2016-08-31 22:00:00+00:00,Comunidad Valenciana,15,2016,2016-09-01 00:00:00+02:00
2123283.92,1,2016-09-30 22:00:00+00:00,Comunidad Valenciana,15,2016,2016-10-01 00:00:00+02:00
2162904.598,1,2016-10-31 23:00:00+00:00,Comunidad Valenciana,15,2016,2016-11-01 00:00:00+01:00
2228872.717,1,2016-11-30 23:00:00+00:00,Comunidad Valenciana,15,2016,2016-12-01 00:00:00+01:00
2462847.842,1,2016-12-31 23:00:00+00:00,Comunidad Valenciana,15,2017,2017-01-01 00:00:00+01:00
2093499.416,1,2017-01-31 23:00:00+00:00,Comunidad Valenciana,15,2017,2017-02-01 00:00:00+01:00
2167073.675,1,2017-02-28 23:00:00+00:00,Comunidad Valenciana,15,2017,2017-03-01 00:00:00+01:00
1941065.855,1,2017-03-31 22:00:00+00:00,Comunidad Valenciana,15,2017,2017-04-01 00:00:00+02:00
2109200.799,1,2017-04-30 22:00:00+00:00,Comunidad Valenciana,15,2017,2017-05-01 00:00:00+02:00
2350195.207,1,2017-05-31 22:00:00+00:00,Comunidad Valenciana,15,2017,2017-06-01 00:00:00+02:00
2605330.481,1,2017-06-30 22:00:00+00:00,Comunidad Valenciana,15,2017,2017-07-01 00:00:00+02:00
2404961.984,1,2017-07-31 22:00:00+00:00,Comunidad Valenciana,15,2017,2017-08-01 00:00:00+02:00
2180200.835,1,2017-08-31 22:00:00+00:00,Comunidad Valenciana,15,2017,2017-09-01 00:00:00+02:00
2107776.637,1,2017-09-30 22:00:00+00:00,Comunidad Valenciana,15,2017,2017-10-01 00:00:00+02:00
2175705.603,1,2017-10-31 23:00:00+00:00,Comunidad Valenciana,15,2017,2017-11-01 00:00:00+01:00
2356362.909,1,2017-11-30 23:00:00+00:00,Comunidad Valenciana,15,2017,2017-12-01 00:00:00+01:00
2345787.144,1,2017-12-31 23:00:00+00:00,Comunidad Valenciana,15,2018,2018-01-01 00:00:00+01:00
2285239.07,1,2018-01-31 23:00:00+00:00,Comunidad Valenciana,15,2018,2018-02-01 00:00:00+01:00
2298767.153,1,2018-02-28 23:00:00+00:00,Comunidad Valenciana,15,2018,2018-03-01 00:00:00+01:00
2038011.523,1,2018-03-31 22:00:00+00:00,Comunidad Valenciana,15,2018,2018-04-01 00:00:00+02:00
2131183.033,1,2018-04-30 22:00:00+00:00,Comunidad Valenciana,15,2018,2018-05-01 00:00:00+02:00
2226984.915,1,2018-05-31 22:00:00+00:00,Comunidad Valenciana,15,2018,2018-06-01 00:00:00+02:00
2664231.95,1,2018-06-30 22:00:00+00:00,Comunidad Valenciana,15,2018,2018-07-01 00:00:00+02:00
2488817.007,1,2018-07-31 22:00:00+00:00,Comunidad Valenciana,15,2018,2018-08-01 00:00:00+02:00
2272548.357,1,2018-08-31 22:00:00+00:00,Comunidad Valenciana,15,2018,2018-09-01 00:00:00+02:00
2105103.012,1,2018-09-30 22:00:00+00:00,Comunidad Valenciana,15,2018,2018-10-01 00:00:00+02:00
2190444.9,1,2018-10-31 23:00:00+00:00,Comunidad Valenciana,15,2018,2018-11-01 00:00:00+01:00
2193336.635,1,2018-11-30 23:00:00+00:00,Comunidad Valenciana,15,2018,2018-12-01 00:00:00+01:00
2510836.663,1,2018-12-31 23:00:00+00:00,Comunidad Valenciana,15,2019,2019-01-01 00:00:00+01:00
2134019.425,1,2019-01-31 23:00:00+00:00,Comunidad Valenciana,15,2019,2019-02-01 00:00:00+01:00
2164887.68,1,2019-02-28 23:00:00+00:00,Comunidad Valenciana,15,2019,2019-03-01 00:00:00+01:00
2082313.392,1,2019-03-31 22:00:00+00:00,Comunidad Valenciana,15,2019,2019-04-01 00:00:00+02:00
2123696.885,1,2019-04-30 22:00:00+00:00,Comunidad Valenciana,15,2019,2019-05-01 00:00:00+02:00
2173952.957,1,2019-05-31 22:00:00+00:00,Comunidad Valenciana,15,2019,2019-06-01 00:00:00+02:00
2732096.081,1,2019-06-30 22:00:00+00:00,Comunidad Valenciana,15,2019,2019-07-01 00:00:00+02:00
2443273.028,1,2019-07-31 22:00:00+00:00,Comunidad Valenciana,15,2019,2019-08-01 00:00:00+02:00
2226532.905,1,2019-08-31 22:00:00+00:00,Comunidad Valenciana,15,2019,2019-09-01 00:00:00+02:00
2186210.866,1,2019-09-30 22:00:00+00:00,Comunidad Valenciana,15,2019,2019-10-01 00:00:00+02:00
2209449.199,1,2019-10-31 23:00:00+00:00,Comunidad Valenciana,15,2019,2019-11-01 00:00:00+01:00
2222962.963,1,2019-11-30 23:00:00+00:00,Comunidad Valenciana,15,2019,2019-12-01 00:00:00+01:00
2508069.037,1,2019-12-31 23:00:00+00:00,Comunidad Valenciana,15,2020,2020-01-01 00:00:00+01:00
2121198.841,1,2020-01-31 23:00:00+00:00,Comunidad Valenciana,15,2020,2020-02-01 00:00:00+01:00
2101279.181,1,2020-02-29 23:00:00+00:00,Comunidad Valenciana,15,2020,2020-03-01 00:00:00+01:00
1658367.752,1,2020-03-31 22:00:00+00:00,Comunidad Valenciana,15,2020,2020-04-01 00:00:00+02:00
1827469.331,1,2020-04-30 22:00:00+00:00,Comunidad Valenciana,15,2020,2020-05-01 00:00:00+02:00
1973106.075,1,2020-05-31 22:00:00+00:00,Comunidad Valenciana,15,2020,2020-06-01 00:00:00+02:00
2517075.658,1,2020-06-30 22:00:00+00:00,Comunidad Valenciana,15,2020,2020-07-01 00:00:00+02:00
2431482.847,1,2020-07-31 22:00:00+00:00,Comunidad Valenciana,15,2020,2020-08-01 00:00:00+02:00
2160161.801,1,2020-08-31 22:00:00+00:00,Comunidad Valenciana,15,2020,2020-09-01 00:00:00+02:00
2092023.643,1,2020-09-30 22:00:00+00:00,Comunidad Valenciana,15,2020,2020-10-01 00:00:00+02:00
2119833.626,1,2020-10-31 23:00:00+00:00,Comunidad Valenciana,15,2020,2020-11-01 00:00:00+01:00
2351728.827,1,2020-11-30 23:00:00+00:00,Comunidad Valenciana,15,2020,2020-12-01 00:00:00+01:00
2541784.95,1,2020-12-31 23:00:00+00:00,Comunidad Valenciana,15,2021,2021-01-01 00:00:00+01:00
2020604.117,1,2021-01-31 23:00:00+00:00,Comunidad Valenciana,15,2021,2021-02-01 00:00:00+01:00
2252014.427,1,2021-02-28 23:00:00+00:00,Comunidad Valenciana,15,2021,2021-03-01 00:00:00+01:00
2051278.824,1,2021-03-31 22:00:00+00:00,Comunidad Valenciana,15,2021,2021-04-01 00:00:00+02:00
2055062.999,1,2021-04-30 22:00:00+00:00,Comunidad Valenciana,15,2021,2021-05-01 00:00:00+02:00
2166490.181,1,2021-05-31 22:00:00+00:00,Comunidad Valenciana,15,2021,2021-06-01 00:00:00+02:00
2560090.745,1,2021-06-30 22:00:00+00:00,Comunidad Valenciana,15,2021,2021-07-01 00:00:00+02:00
2405188.279,1,2021-07-31 22:00:00+00:00,Comunidad Valenciana,15,2021,2021-08-01 00:00:00+02:00
2264075.528,1,2021-08-31 22:00:00+00:00,Comunidad Valenciana,15,2021,2021-09-01 00:00:00+02:00
2082354.219,1,2021-09-30 22:00:00+00:00,Comunidad Valenciana,15,2021,2021-10-01 00:00:00+02:00
2207275.169,1,2021-10-31 23:00:00+00:00,Comunidad Valenciana,15,2021,2021-11-01 00:00:00+01:00
2263430.835,1,2021-11-30 23:00:00+00:00,Comunidad Valenciana,15,2021,2021-12-01 00:00:00+01:00
2417389.067,1,2021-12-31 23:00:00+00:00,Comunidad Valenciana,15,2022,2022-01-01 00:00:00+01:00
2144520.206,1,2022-01-31 23:00:00+00:00,Comunidad Valenciana,15,2022,2022-02-01 00:00:00+01:00
2335792.491,1,2022-02-28 23:00:00+00:00,Comunidad Valenciana,15,2022,2022-03-01 00:00:00+01:00
2024695.85,1,2022-03-31 22:00:00+00:00,Comunidad Valenciana,15,2022,2022-04-01 00:00:00+02:00
2113915.981,1,2022-04-30 22:00:00+00:00,Comunidad Valenciana,15,2022,2022-05-01 00:00:00+02:00
2344921.747,1,2022-05-31 22:00:00+00:00,Comunidad Valenciana,15,2022,2022-06-01 00:00:00+02:00
2701484.131,1,2022-06-30 22:00:00+00:00,Comunidad Valenciana,15,2022,2022-07-01 00:00:00+02:00
2534005.265,1,2022-07-31 22:00:00+00:00,Comunidad Valenciana,15,2022,2022-08-01 00:00:00+02:00
2288727.229,1,2022-08-31 22:00:00+00:00,Comunidad Valenciana,15,2022,2022-09-01 00:00:00+02:00
2033801.517,1,2022-09-30 22:00:00+00:00,Comunidad Valenciana,15,2022,2022-10-01 00:00:00+02:00
2008538.703,1,2022-10-31 23:00:00+00:00,Comunidad Valenciana,15,2022,2022-11-01 00:00:00+01:00
2108159.718,1,2022-11-30 23:00:00+00:00,Comunidad Valenciana,15,2022,2022-12-01 00:00:00+01:00
2336043.48,1,2022-12-31 23:00:00+00:00,Comunidad Valenciana,15,2023,2023-01-01 00:00:00+01:00
2284268.849,1,2023-01-31 23:00:00+00:00,Comunidad Valenciana,15,2023,2023-02-01 00:00:00+01:00
2154056.5,1,2023-02-28 23:00:00+00:00,Comunidad Valenciana,15,2023,2023-03-01 00:00:00+01:00
1882108.272,1,2023-03-31 22:00:00+00:00,Comunidad Valenciana,15,2023,2023-04-01 00:00:00+02:00
2007428.839,1,2023-04-30 22:00:00+00:00,Comunidad Valenciana,15,2023,2023-05-01 00:00:00+02:00
2162308.952,1,2023-05-31 22:00:00+00:00,Comunidad Valenciana,15,2023,2023-06-01 00:00:00+02:00
2715816.858,1,2023-06-30 22:00:00+00:00,Comunidad Valenciana,15,2023,2023-07-01 00:00:00+02:00
2496652.676,1,2023-07-31 22:00:00+00:00,Comunidad Valenciana,15,2023,2023-08-01 00:00:00+02:00
2158226.265,1,2023-08-31 22:00:00+00:00,Comunidad Valenciana,15,2023,2023-09-01 00:00:00+02:00
2077676.694,1,2023-09-30 22:00:00+00:00,Comunidad Valenciana,15,2023,2023-10-01 00:00:00+02:00
2069058.568,1,2023-10-31 23:00:00+00:00,Comunidad Valenciana,15,2023,2023-11-01 00:00:00+01:00
2219201.099,1,2023-11-30 23:00:00+00:00,Comunidad Valenciana,15,2023,2023-12-01 00:00:00+01:00
2325997.402,1,2023-12-31 23:00:00+00:00,Comunidad Valenciana,15,2024,2024-01-01 00:00:00+01:00
2141140.493,1,2024-01-31 23:00:00+00:00,Comunidad Valenciana,15,2024,2024-02-01 00:00:00+01:00
2148133.93,1,2024-02-29 23:00:00+00:00,Comunidad Valenciana,15,2024,2024-03-01 00:00:00+01:00
1981742.174,1,2024-03-31 22:00:00+00:00,Comunidad Valenciana,15,2024,2024-04-01 00:00:00+02:00
2060920.346,1,2024-04-30 22:00:00+00:00,Comunidad Valenciana,15,2024,2024-05-01 00:00:00+02:00
2135471.767,1,2024-05-31 22:00:00+00:00,Comunidad Valenciana,15,2024,2024-06-01 00:00:00+02:00
2659819.546,1,2024-06-30 22:00:00+00:00,Comunidad Valenciana,15,2024,2024-07-01 00:00:00+02:00
2567495.063,1,2024-07-31 22:00:00+00:00,Comunidad Valenciana,15,2024,2024-08-01 00:00:00+02:00
2196539.83,1,2024-08-31 22:00:00+00:00,Comunidad Valenciana,15,2024,2024-09-01 00:00:00+02:00
2111303.636,1,2024-09-30 22:00:00+00:00,Comunidad Valenciana,15,2024,2024-10-01 00:00:00+02:00
2008086.305,1,2024-10-31 23:00:00+00:00,Comunidad Valenciana,15,2024,2024-11-01 00:00:00+01:00
2293651.324,1,2024-11-30 23:00:00+00:00,Comunidad Valenciana,15,2024,2024-12-01 00:00:00+01:00
2419966.591,1,2024-12-31 23:00:00+00:00,Comunidad Valenciana,15,2025,2025-01-01 00:00:00+01:00
2134136.24,1,2025-01-31 23:00:00+00:00,Comunidad Valenciana,15,2025,2025-02-01 00:00:00+01:00
2264870.085,1,2025-02-28 23:00:00+00:00,Comunidad Valenciana,15,2025,2025-03-01 00:00:00+01:00
1943330.31,1,2025-03-31 22:00:00+00:00,Comunidad Valenciana,15,2025,2025-04-01 00:00:00+02:00
2088764.668,1,2025-04-30 22:00:00+00:00,Comunidad Valenciana,15,2025,2025-05-01 00:00:00+02:00
2457950.222,1,2025-05-31 22:00:00+00:00,Comunidad Valenciana,15,2025,2025-06-01 00:00:00+02:00
2830015.385,1,2025-06-30 22:00:00+00:00,Comunidad Valenciana,15,2025,2025-07-01 00:00:00+02:00
2572043.32,1,2025-07-31 22:00:00+00:00,Comunidad Valenciana,15,2025,2025-08-01 00:00:00+02:00
2371705.04,1,2025-08-31 22:00:00+00:00,Comunidad Valenciana,15,2025,2025-09-01 00:00:00+02:00
2148701.931,1,2025-09-30 22:00:00+00:00,Comunidad Valenciana,15,2025,2025-10-01 00:00:00+02:00
2162168.744,1,2025-10-31 23:00:00+00:00,Comunidad Valenciana,15,2025,2025-11-01 00:00:00+01:00
2395317.976,1,2025-11-30 23:00:00+00:00,Comunidad Valenciana,15,2025,2025-12-01 00:00:00+01:00
430131.453,1,2015-12-31 23:00:00+00:00,Extremadura,16,2016,2016-01-01 00:00:00+01:00
406481.729,1,2016-01-31 23:00:00+00:00,Extremadura,16,2016,2016-02-01 00:00:00+01:00
409177.902,1,2016-02-29 23:00:00+00:00,Extremadura,16,2016,2016-03-01 00:00:00+01:00
371030.151,1,2016-03-31 22:00:00+00:00,Extremadura,16,2016,2016-04-01 00:00:00+02:00
356185.846,1,2016-04-30 22:00:00+00:00,Extremadura,16,2016,2016-05-01 00:00:00+02:00
388375.043,1,2016-05-31 22:00:00+00:00,Extremadura,16,2016,2016-06-01 00:00:00+02:00
451198.039,1,2016-06-30 22:00:00+00:00,Extremadura,16,2016,2016-07-01 00:00:00+02:00
511029.377,1,2016-07-31 22:00:00+00:00,Extremadura,16,2016,2016-08-01 00:00:00+02:00
431551.91,1,2016-08-31 22:00:00+00:00,Extremadura,16,2016,2016-09-01 00:00:00+02:00
377232.029,1,2016-09-30 22:00:00+00:00,Extremadura,16,2016,2016-10-01 00:00:00+02:00
398749.141,1,2016-10-31 23:00:00+00:00,Extremadura,16,2016,2016-11-01 00:00:00+01:00
422196.775,1,2016-11-30 23:00:00+00:00,Extremadura,16,2016,2016-12-01 00:00:00+01:00
458153.293,1,2016-12-31 23:00:00+00:00,Extremadura,16,2017,2017-01-01 00:00:00+01:00
385350.044,1,2017-01-31 23:00:00+00:00,Extremadura,16,2017,2017-02-01 00:00:00+01:00
395079.066,1,2017-02-28 23:00:00+00:00,Extremadura,16,2017,2017-03-01 00:00:00+01:00
366472.619,1,2017-03-31 22:00:00+00:00,Extremadura,16,2017,2017-04-01 00:00:00+02:00
378276.158,1,2017-04-30 22:00:00+00:00,Extremadura,16,2017,2017-05-01 00:00:00+02:00
439779.735,1,2017-05-31 22:00:00+00:00,Extremadura,16,2017,2017-06-01 00:00:00+02:00
440624.29,1,2017-06-30 22:00:00+00:00,Extremadura,16,2017,2017-07-01 00:00:00+02:00
513654.345,1,2017-07-31 22:00:00+00:00,Extremadura,16,2017,2017-08-01 00:00:00+02:00
412903.97,1,2017-08-31 22:00:00+00:00,Extremadura,16,2017,2017-09-01 00:00:00+02:00
404810.699,1,2017-09-30 22:00:00+00:00,Extremadura,16,2017,2017-10-01 00:00:00+02:00
392699.801,1,2017-10-31 23:00:00+00:00,Extremadura,16,2017,2017-11-01 00:00:00+01:00
435476.692,1,2017-11-30 23:00:00+00:00,Extremadura,16,2017,2017-12-01 00:00:00+01:00
454690.904,1,2017-12-31 23:00:00+00:00,Extremadura,16,2018,2018-01-01 00:00:00+01:00
406832.623,1,2018-01-31 23:00:00+00:00,Extremadura,16,2018,2018-02-01 00:00:00+01:00
427714.37,1,2018-02-28 23:00:00+00:00,Extremadura,16,2018,2018-03-01 00:00:00+01:00
395382.107,1,2018-03-31 22:00:00+00:00,Extremadura,16,2018,2018-04-01 00:00:00+02:00
371670.807,1,2018-04-30 22:00:00+00:00,Extremadura,16,2018,2018-05-01 00:00:00+02:00
386425.132,1,2018-05-31 22:00:00+00:00,Extremadura,16,2018,2018-06-01 00:00:00+02:00
398805.781,1,2018-06-30 22:00:00+00:00,Extremadura,16,2018,2018-07-01 00:00:00+02:00
517022.438,1,2018-07-31 22:00:00+00:00,Extremadura,16,2018,2018-08-01 00:00:00+02:00
454134.431,1,2018-08-31 22:00:00+00:00,Extremadura,16,2018,2018-09-01 00:00:00+02:00
408719.705,1,2018-09-30 22:00:00+00:00,Extremadura,16,2018,2018-10-01 00:00:00+02:00
413793.156,1,2018-10-31 23:00:00+00:00,Extremadura,16,2018,2018-11-01 00:00:00+01:00
436251.144,1,2018-11-30 23:00:00+00:00,Extremadura,16,2018,2018-12-01 00:00:00+01:00
457953.307,1,2018-12-31 23:00:00+00:00,Extremadura,16,2019,2019-01-01 00:00:00+01:00
394740.895,1,2019-01-31 23:00:00+00:00,Extremadura,16,2019,2019-02-01 00:00:00+01:00
388246.938,1,2019-02-28 23:00:00+00:00,Extremadura,16,2019,2019-03-01 00:00:00+01:00
392573.28,1,2019-03-31 22:00:00+00:00,Extremadura,16,2019,2019-04-01 00:00:00+02:00
371863.619,1,2019-04-30 22:00:00+00:00,Extremadura,16,2019,2019-05-01 00:00:00+02:00
390596.367,1,2019-05-31 22:00:00+00:00,Extremadura,16,2019,2019-06-01 00:00:00+02:00
431889.831,1,2019-06-30 22:00:00+00:00,Extremadura,16,2019,2019-07-01 00:00:00+02:00
482287.397,1,2019-07-31 22:00:00+00:00,Extremadura,16,2019,2019-08-01 00:00:00+02:00
429437.981,1,2019-08-31 22:00:00+00:00,Extremadura,16,2019,2019-09-01 00:00:00+02:00
394986.126,1,2019-09-30 22:00:00+00:00,Extremadura,16,2019,2019-10-01 00:00:00+02:00
414780.995,1,2019-10-31 23:00:00+00:00,Extremadura,16,2019,2019-11-01 00:00:00+01:00
416962.301,1,2019-11-30 23:00:00+00:00,Extremadura,16,2019,2019-12-01 00:00:00+01:00
458471.77,1,2019-12-31 23:00:00+00:00,Extremadura,16,2020,2020-01-01 00:00:00+01:00
389007.747,1,2020-01-31 23:00:00+00:00,Extremadura,16,2020,2020-02-01 00:00:00+01:00
394485.672,1,2020-02-29 23:00:00+00:00,Extremadura,16,2020,2020-03-01 00:00:00+01:00
337487.516,1,2020-03-31 22:00:00+00:00,Extremadura,16,2020,2020-04-01 00:00:00+02:00
347169.665,1,2020-04-30 22:00:00+00:00,Extremadura,16,2020,2020-05-01 00:00:00+02:00
385510.529,1,2020-05-31 22:00:00+00:00,Extremadura,16,2020,2020-06-01 00:00:00+02:00
497827.803,1,2020-06-30 22:00:00+00:00,Extremadura,16,2020,2020-07-01 00:00:00+02:00
489402.967,1,2020-07-31 22:00:00+00:00,Extremadura,16,2020,2020-08-01 00:00:00+02:00
422010.656,1,2020-08-31 22:00:00+00:00,Extremadura,16,2020,2020-09-01 00:00:00+02:00
396197.376,1,2020-09-30 22:00:00+00:00,Extremadura,16,2020,2020-10-01 00:00:00+02:00
405048.58,1,2020-10-31 23:00:00+00:00,Extremadura,16,2020,2020-11-01 00:00:00+01:00
428972.183,1,2020-11-30 23:00:00+00:00,Extremadura,16,2020,2020-12-01 00:00:00+01:00
487003.673,1,2020-12-31 23:00:00+00:00,Extremadura,16,2021,2021-01-01 00:00:00+01:00
395298.669,1,2021-01-31 23:00:00+00:00,Extremadura,16,2021,2021-02-01 00:00:00+01:00
425492.436,1,2021-02-28 23:00:00+00:00,Extremadura,16,2021,2021-03-01 00:00:00+01:00
376617.189,1,2021-03-31 22:00:00+00:00,Extremadura,16,2021,2021-04-01 00:00:00+02:00
383981.298,1,2021-04-30 22:00:00+00:00,Extremadura,16,2021,2021-05-01 00:00:00+02:00
405586.42,1,2021-05-31 22:00:00+00:00,Extremadura,16,2021,2021-06-01 00:00:00+02:00
423714.488,1,2021-06-30 22:00:00+00:00,Extremadura,16,2021,2021-07-01 00:00:00+02:00
509621.441,1,2021-07-31 22:00:00+00:00,Extremadura,16,2021,2021-08-01 00:00:00+02:00
414550.084,1,2021-08-31 22:00:00+00:00,Extremadura,16,2021,2021-09-01 00:00:00+02:00
382150.628,1,2021-09-30 22:00:00+00:00,Extremadura,16,2021,2021-10-01 00:00:00+02:00
421384.241,1,2021-10-31 23:00:00+00:00,Extremadura,16,2021,2021-11-01 00:00:00+01:00
429876.923,1,2021-11-30 23:00:00+00:00,Extremadura,16,2021,2021-12-01 00:00:00+01:00
452699.784,1,2021-12-31 23:00:00+00:00,Extremadura,16,2022,2022-01-01 00:00:00+01:00
393995.532,1,2022-01-31 23:00:00+00:00,Extremadura,16,2022,2022-02-01 00:00:00+01:00
422631.123,1,2022-02-28 23:00:00+00:00,Extremadura,16,2022,2022-03-01 00:00:00+01:00
382740.987,1,2022-03-31 22:00:00+00:00,Extremadura,16,2022,2022-04-01 00:00:00+02:00
384155.2,1,2022-04-30 22:00:00+00:00,Extremadura,16,2022,2022-05-01 00:00:00+02:00
382643.638,1,2022-05-31 22:00:00+00:00,Extremadura,16,2022,2022-06-01 00:00:00+02:00
461530.046,1,2022-06-30 22:00:00+00:00,Extremadura,16,2022,2022-07-01 00:00:00+02:00
481306.415,1,2022-07-31 22:00:00+00:00,Extremadura,16,2022,2022-08-01 00:00:00+02:00
378553.394,1,2022-08-31 22:00:00+00:00,Extremadura,16,2022,2022-09-01 00:00:00+02:00
370772.256,1,2022-09-30 22:00:00+00:00,Extremadura,16,2022,2022-10-01 00:00:00+02:00
368535.944,1,2022-10-31 23:00:00+00:00,Extremadura,16,2022,2022-11-01 00:00:00+01:00
369415.115,1,2022-11-30 23:00:00+00:00,Extremadura,16,2022,2022-12-01 00:00:00+01:00
446121.019,1,2022-12-31 23:00:00+00:00,Extremadura,16,2023,2023-01-01 00:00:00+01:00
407722.134,1,2023-01-31 23:00:00+00:00,Extremadura,16,2023,2023-02-01 00:00:00+01:00
402236.577,1,2023-02-28 23:00:00+00:00,Extremadura,16,2023,2023-03-01 00:00:00+01:00
344368.885,1,2023-03-31 22:00:00+00:00,Extremadura,16,2023,2023-04-01 00:00:00+02:00
344277.173,1,2023-04-30 22:00:00+00:00,Extremadura,16,2023,2023-05-01 00:00:00+02:00
384130.747,1,2023-05-31 22:00:00+00:00,Extremadura,16,2023,2023-06-01 00:00:00+02:00
418466.629,1,2023-06-30 22:00:00+00:00,Extremadura,16,2023,2023-07-01 00:00:00+02:00
488291.127,1,2023-07-31 22:00:00+00:00,Extremadura,16,2023,2023-08-01 00:00:00+02:00
373873.944,1,2023-08-31 22:00:00+00:00,Extremadura,16,2023,2023-09-01 00:00:00+02:00
379559.839,1,2023-09-30 22:00:00+00:00,Extremadura,16,2023,2023-10-01 00:00:00+02:00
391775.014,1,2023-10-31 23:00:00+00:00,Extremadura,16,2023,2023-11-01 00:00:00+01:00
433666.648,1,2023-11-30 23:00:00+00:00,Extremadura,16,2023,2023-12-01 00:00:00+01:00
445246.165,1,2023-12-31 23:00:00+00:00,Extremadura,16,2024,2024-01-01 00:00:00+01:00
403882.904,1,2024-01-31 23:00:00+00:00,Extremadura,16,2024,2024-02-01 00:00:00+01:00
392034.231,1,2024-02-29 23:00:00+00:00,Extremadura,16,2024,2024-03-01 00:00:00+01:00
360563.421,1,2024-03-31 22:00:00+00:00,Extremadura,16,2024,2024-04-01 00:00:00+02:00
354739.588,1,2024-04-30 22:00:00+00:00,Extremadura,16,2024,2024-05-01 00:00:00+02:00
368281.363,1,2024-05-31 22:00:00+00:00,Extremadura,16,2024,2024-06-01 00:00:00+02:00
420253.076,1,2024-06-30 22:00:00+00:00,Extremadura,16,2024,2024-07-01 00:00:00+02:00
516720.966,1,2024-07-31 22:00:00+00:00,Extremadura,16,2024,2024-08-01 00:00:00+02:00
389274.662,1,2024-08-31 22:00:00+00:00,Extremadura,16,2024,2024-09-01 00:00:00+02:00
370160.86,1,2024-09-30 22:00:00+00:00,Extremadura,16,2024,2024-10-01 00:00:00+02:00
386728.709,1,2024-10-31 23:00:00+00:00,Extremadura,16,2024,2024-11-01 00:00:00+01:00
411882.376,1,2024-11-30 23:00:00+00:00,Extremadura,16,2024,2024-12-01 00:00:00+01:00
450779.224,1,2024-12-31 23:00:00+00:00,Extremadura,16,2025,2025-01-01 00:00:00+01:00
388920.853,1,2025-01-31 23:00:00+00:00,Extremadura,16,2025,2025-02-01 00:00:00+01:00
425743.972,1,2025-02-28 23:00:00+00:00,Extremadura,16,2025,2025-03-01 00:00:00+01:00
357243.515,1,2025-03-31 22:00:00+00:00,Extremadura,16,2025,2025-04-01 00:00:00+02:00
361595.284,1,2025-04-30 22:00:00+00:00,Extremadura,16,2025,2025-05-01 00:00:00+02:00
424542.901,1,2025-05-31 22:00:00+00:00,Extremadura,16,2025,2025-06-01 00:00:00+02:00
444401.657,1,2025-06-30 22:00:00+00:00,Extremadura,16,2025,2025-07-01 00:00:00+02:00
518450.922,1,2025-07-31 22:00:00+00:00,Extremadura,16,2025,2025-08-01 00:00:00+02:00
403197.251,1,2025-08-31 22:00:00+00:00,Extremadura,16,2025,2025-09-01 00:00:00+02:00
391861.043,1,2025-09-30 22:00:00+00:00,Extremadura,16,2025,2025-10-01 00:00:00+02:00
393013.288,1,2025-10-31 23:00:00+00:00,Extremadura,16,2025,2025-11-01 00:00:00+01:00
423008.065,1,2025-11-30 23:00:00+00:00,Extremadura,16,2025,2025-12-01 00:00:00+01:00
1776455.948,1,2015-12-31 23:00:00+00:00,Galicia,17,2016,2016-01-01 00:00:00+01:00
1710594.267,1,2016-01-31 23:00:00+00:00,Galicia,17,2016,2016-02-01 00:00:00+01:00
1783449.47,1,2016-02-29 23:00:00+00:00,Galicia,17,2016,2016-03-01 00:00:00+01:00
1679120.743,1,2016-03-31 22:00:00+00:00,Galicia,17,2016,2016-04-01 00:00:00+02:00
1620285.889,1,2016-04-30 22:00:00+00:00,Galicia,17,2016,2016-05-01 00:00:00+02:00
1542618.391,1,2016-05-31 22:00:00+00:00,Galicia,17,2016,2016-06-01 00:00:00+02:00
1564340.592,1,2016-06-30 22:00:00+00:00,Galicia,17,2016,2016-07-01 00:00:00+02:00
1605756.679,1,2016-07-31 22:00:00+00:00,Galicia,17,2016,2016-08-01 00:00:00+02:00
1584187.611,1,2016-08-31 22:00:00+00:00,Galicia,17,2016,2016-09-01 00:00:00+02:00
1623247.174,1,2016-09-30 22:00:00+00:00,Galicia,17,2016,2016-10-01 00:00:00+02:00
1705647.393,1,2016-10-31 23:00:00+00:00,Galicia,17,2016,2016-11-01 00:00:00+01:00
1761950.558,1,2016-11-30 23:00:00+00:00,Galicia,17,2016,2016-12-01 00:00:00+01:00
1865725.421,1,2016-12-31 23:00:00+00:00,Galicia,17,2017,2017-01-01 00:00:00+01:00
1624277.322,1,2017-01-31 23:00:00+00:00,Galicia,17,2017,2017-02-01 00:00:00+01:00
1724170.692,1,2017-02-28 23:00:00+00:00,Galicia,17,2017,2017-03-01 00:00:00+01:00
1560185.097,1,2017-03-31 22:00:00+00:00,Galicia,17,2017,2017-04-01 00:00:00+02:00
1620405.39,1,2017-04-30 22:00:00+00:00,Galicia,17,2017,2017-05-01 00:00:00+02:00
1590862.407,1,2017-05-31 22:00:00+00:00,Galicia,17,2017,2017-06-01 00:00:00+02:00
1595519.357,1,2017-06-30 22:00:00+00:00,Galicia,17,2017,2017-07-01 00:00:00+02:00
1612907.275,1,2017-07-31 22:00:00+00:00,Galicia,17,2017,2017-08-01 00:00:00+02:00
1571677.467,1,2017-08-31 22:00:00+00:00,Galicia,17,2017,2017-09-01 00:00:00+02:00
1642836.986,1,2017-09-30 22:00:00+00:00,Galicia,17,2017,2017-10-01 00:00:00+02:00
1710213.278,1,2017-10-31 23:00:00+00:00,Galicia,17,2017,2017-11-01 00:00:00+01:00
1775637.781,1,2017-11-30 23:00:00+00:00,Galicia,17,2017,2017-12-01 00:00:00+01:00
1844479.544,1,2017-12-31 23:00:00+00:00,Galicia,17,2018,2018-01-01 00:00:00+01:00
1717220.668,1,2018-01-31 23:00:00+00:00,Galicia,17,2018,2018-02-01 00:00:00+01:00
1873335.316,1,2018-02-28 23:00:00+00:00,Galicia,17,2018,2018-03-01 00:00:00+01:00
1695932.397,1,2018-03-31 22:00:00+00:00,Galicia,17,2018,2018-04-01 00:00:00+02:00
1645678.956,1,2018-04-30 22:00:00+00:00,Galicia,17,2018,2018-05-01 00:00:00+02:00
1596787.869,1,2018-05-31 22:00:00+00:00,Galicia,17,2018,2018-06-01 00:00:00+02:00
1607005.112,1,2018-06-30 22:00:00+00:00,Galicia,17,2018,2018-07-01 00:00:00+02:00
1617145.481,1,2018-07-31 22:00:00+00:00,Galicia,17,2018,2018-08-01 00:00:00+02:00
1580536.919,1,2018-08-31 22:00:00+00:00,Galicia,17,2018,2018-09-01 00:00:00+02:00
1637148.829,1,2018-09-30 22:00:00+00:00,Galicia,17,2018,2018-10-01 00:00:00+02:00
1723854.068,1,2018-10-31 23:00:00+00:00,Galicia,17,2018,2018-11-01 00:00:00+01:00
1720942.191,1,2018-11-30 23:00:00+00:00,Galicia,17,2018,2018-12-01 00:00:00+01:00
1831829.718,1,2018-12-31 23:00:00+00:00,Galicia,17,2019,2019-01-01 00:00:00+01:00
1563729.72,1,2019-01-31 23:00:00+00:00,Galicia,17,2019,2019-02-01 00:00:00+01:00
1570501.303,1,2019-02-28 23:00:00+00:00,Galicia,17,2019,2019-03-01 00:00:00+01:00
1498887.102,1,2019-03-31 22:00:00+00:00,Galicia,17,2019,2019-04-01 00:00:00+02:00
1455568.887,1,2019-04-30 22:00:00+00:00,Galicia,17,2019,2019-05-01 00:00:00+02:00
1403979.936,1,2019-05-31 22:00:00+00:00,Galicia,17,2019,2019-06-01 00:00:00+02:00
1459713.949,1,2019-06-30 22:00:00+00:00,Galicia,17,2019,2019-07-01 00:00:00+02:00
1458252.716,1,2019-07-31 22:00:00+00:00,Galicia,17,2019,2019-08-01 00:00:00+02:00
1437838.622,1,2019-08-31 22:00:00+00:00,Galicia,17,2019,2019-09-01 00:00:00+02:00
1518709.899,1,2019-09-30 22:00:00+00:00,Galicia,17,2019,2019-10-01 00:00:00+02:00
1611162.935,1,2019-10-31 23:00:00+00:00,Galicia,17,2019,2019-11-01 00:00:00+01:00
1639128.236,1,2019-11-30 23:00:00+00:00,Galicia,17,2019,2019-12-01 00:00:00+01:00
1697792.905,1,2019-12-31 23:00:00+00:00,Galicia,17,2020,2020-01-01 00:00:00+01:00
1475967.306,1,2020-01-31 23:00:00+00:00,Galicia,17,2020,2020-02-01 00:00:00+01:00
1493138.351,1,2020-02-29 23:00:00+00:00,Galicia,17,2020,2020-03-01 00:00:00+01:00
1268982.914,1,2020-03-31 22:00:00+00:00,Galicia,17,2020,2020-04-01 00:00:00+02:00
1327958.665,1,2020-04-30 22:00:00+00:00,Galicia,17,2020,2020-05-01 00:00:00+02:00
1438593.814,1,2020-05-31 22:00:00+00:00,Galicia,17,2020,2020-06-01 00:00:00+02:00
1380397.914,1,2020-06-30 22:00:00+00:00,Galicia,17,2020,2020-07-01 00:00:00+02:00
1390800.24,1,2020-07-31 22:00:00+00:00,Galicia,17,2020,2020-08-01 00:00:00+02:00
1375753.284,1,2020-08-31 22:00:00+00:00,Galicia,17,2020,2020-09-01 00:00:00+02:00
1471636.389,1,2020-09-30 22:00:00+00:00,Galicia,17,2020,2020-10-01 00:00:00+02:00
1491474.968,1,2020-10-31 23:00:00+00:00,Galicia,17,2020,2020-11-01 00:00:00+01:00
1600592.994,1,2020-11-30 23:00:00+00:00,Galicia,17,2020,2020-12-01 00:00:00+01:00
1694495.593,1,2020-12-31 23:00:00+00:00,Galicia,17,2021,2021-01-01 00:00:00+01:00
1484968.544,1,2021-01-31 23:00:00+00:00,Galicia,17,2021,2021-02-01 00:00:00+01:00
1564011.296,1,2021-02-28 23:00:00+00:00,Galicia,17,2021,2021-03-01 00:00:00+01:00
1426069.727,1,2021-03-31 22:00:00+00:00,Galicia,17,2021,2021-04-01 00:00:00+02:00
1454054.616,1,2021-04-30 22:00:00+00:00,Galicia,17,2021,2021-05-01 00:00:00+02:00
1365134.11,1,2021-05-31 22:00:00+00:00,Galicia,17,2021,2021-06-01 00:00:00+02:00
1369843.94,1,2021-06-30 22:00:00+00:00,Galicia,17,2021,2021-07-01 00:00:00+02:00
1377124.299,1,2021-07-31 22:00:00+00:00,Galicia,17,2021,2021-08-01 00:00:00+02:00
1381155.204,1,2021-08-31 22:00:00+00:00,Galicia,17,2021,2021-09-01 00:00:00+02:00
1418232.566,1,2021-09-30 22:00:00+00:00,Galicia,17,2021,2021-10-01 00:00:00+02:00
1493168.54,1,2021-10-31 23:00:00+00:00,Galicia,17,2021,2021-11-01 00:00:00+01:00
1521980.401,1,2021-11-30 23:00:00+00:00,Galicia,17,2021,2021-12-01 00:00:00+01:00
1386507.81,1,2021-12-31 23:00:00+00:00,Galicia,17,2022,2022-01-01 00:00:00+01:00
1194675.819,1,2022-01-31 23:00:00+00:00,Galicia,17,2022,2022-02-01 00:00:00+01:00
1222744.872,1,2022-02-28 23:00:00+00:00,Galicia,17,2022,2022-03-01 00:00:00+01:00
1187067.148,1,2022-03-31 22:00:00+00:00,Galicia,17,2022,2022-04-01 00:00:00+02:00
1170291.344,1,2022-04-30 22:00:00+00:00,Galicia,17,2022,2022-05-01 00:00:00+02:00
1137849.569,1,2022-05-31 22:00:00+00:00,Galicia,17,2022,2022-06-01 00:00:00+02:00
1097227.462,1,2022-06-30 22:00:00+00:00,Galicia,17,2022,2022-07-01 00:00:00+02:00
1038750.723,1,2022-07-31 22:00:00+00:00,Galicia,17,2022,2022-08-01 00:00:00+02:00
1029103.991,1,2022-08-31 22:00:00+00:00,Galicia,17,2022,2022-09-01 00:00:00+02:00
1039722.15,1,2022-09-30 22:00:00+00:00,Galicia,17,2022,2022-10-01 00:00:00+02:00
1087367.547,1,2022-10-31 23:00:00+00:00,Galicia,17,2022,2022-11-01 00:00:00+01:00
1170300.268,1,2022-11-30 23:00:00+00:00,Galicia,17,2022,2022-12-01 00:00:00+01:00
1242362.771,1,2022-12-31 23:00:00+00:00,Galicia,17,2023,2023-01-01 00:00:00+01:00
1134335.878,1,2023-01-31 23:00:00+00:00,Galicia,17,2023,2023-02-01 00:00:00+01:00
1175476.599,1,2023-02-28 23:00:00+00:00,Galicia,17,2023,2023-03-01 00:00:00+01:00
1030334.959,1,2023-03-31 22:00:00+00:00,Galicia,17,2023,2023-04-01 00:00:00+02:00
1047709.216,1,2023-04-30 22:00:00+00:00,Galicia,17,2023,2023-05-01 00:00:00+02:00
1025662.86,1,2023-05-31 22:00:00+00:00,Galicia,17,2023,2023-06-01 00:00:00+02:00
1010884.462,1,2023-06-30 22:00:00+00:00,Galicia,17,2023,2023-07-01 00:00:00+02:00
1013249.397,1,2023-07-31 22:00:00+00:00,Galicia,17,2023,2023-08-01 00:00:00+02:00
1027352.866,1,2023-08-31 22:00:00+00:00,Galicia,17,2023,2023-09-01 00:00:00+02:00
1090071.41,1,2023-09-30 22:00:00+00:00,Galicia,17,2023,2023-10-01 00:00:00+02:00
1154786.131,1,2023-10-31 23:00:00+00:00,Galicia,17,2023,2023-11-01 00:00:00+01:00
1233687.47,1,2023-11-30 23:00:00+00:00,Galicia,17,2023,2023-12-01 00:00:00+01:00
1294699.781,1,2023-12-31 23:00:00+00:00,Galicia,17,2024,2024-01-01 00:00:00+01:00
1174080.095,1,2024-01-31 23:00:00+00:00,Galicia,17,2024,2024-02-01 00:00:00+01:00
1260271.362,1,2024-02-29 23:00:00+00:00,Galicia,17,2024,2024-03-01 00:00:00+01:00
1149152.455,1,2024-03-31 22:00:00+00:00,Galicia,17,2024,2024-04-01 00:00:00+02:00
1141080.236,1,2024-04-30 22:00:00+00:00,Galicia,17,2024,2024-05-01 00:00:00+02:00
1068108.632,1,2024-05-31 22:00:00+00:00,Galicia,17,2024,2024-06-01 00:00:00+02:00
1099247.074,1,2024-06-30 22:00:00+00:00,Galicia,17,2024,2024-07-01 00:00:00+02:00
1089154.566,1,2024-07-31 22:00:00+00:00,Galicia,17,2024,2024-08-01 00:00:00+02:00
1090614.742,1,2024-08-31 22:00:00+00:00,Galicia,17,2024,2024-09-01 00:00:00+02:00
1155789.129,1,2024-09-30 22:00:00+00:00,Galicia,17,2024,2024-10-01 00:00:00+02:00
1146545.763,1,2024-10-31 23:00:00+00:00,Galicia,17,2024,2024-11-01 00:00:00+01:00
1241734.214,1,2024-11-30 23:00:00+00:00,Galicia,17,2024,2024-12-01 00:00:00+01:00
1314157.227,1,2024-12-31 23:00:00+00:00,Galicia,17,2025,2025-01-01 00:00:00+01:00
1180058.986,1,2025-01-31 23:00:00+00:00,Galicia,17,2025,2025-02-01 00:00:00+01:00
1235254.206,1,2025-02-28 23:00:00+00:00,Galicia,17,2025,2025-03-01 00:00:00+01:00
1084288.206,1,2025-03-31 22:00:00+00:00,Galicia,17,2025,2025-04-01 00:00:00+02:00
1119453.583,1,2025-04-30 22:00:00+00:00,Galicia,17,2025,2025-05-01 00:00:00+02:00
1089037.74,1,2025-05-31 22:00:00+00:00,Galicia,17,2025,2025-06-01 00:00:00+02:00
1099017.147,1,2025-06-30 22:00:00+00:00,Galicia,17,2025,2025-07-01 00:00:00+02:00
1097441.709,1,2025-07-31 22:00:00+00:00,Galicia,17,2025,2025-08-01 00:00:00+02:00
1141041.991,1,2025-08-31 22:00:00+00:00,Galicia,17,2025,2025-09-01 00:00:00+02:00
1122256.978,1,2025-09-30 22:00:00+00:00,Galicia,17,2025,2025-10-01 00:00:00+02:00
1288111.238,1,2025-10-31 23:00:00+00:00,Galicia,17,2025,2025-11-01 00:00:00+01:00
1345382.16,1,2025-11-30 23:00:00+00:00,Galicia,17,2025,2025-12-01 00:00:00+01:00
151567.234,1,2015-12-31 23:00:00+00:00,País Vasco,20,2016,2016-01-01 00:00:00+01:00
147258.341,1,2016-01-31 23:00:00+00:00,País Vasco,20,2016,2016-02-01 00:00:00+01:00
150332.595,1,2016-02-29 23:00:00+00:00,País Vasco,20,2016,2016-03-01 00:00:00+01:00
140613.23,1,2016-03-31 22:00:00+00:00,País Vasco,20,2016,2016-04-01 00:00:00+02:00
137006.3,1,2016-04-30 22:00:00+00:00,País Vasco,20,2016,2016-05-01 00:00:00+02:00
135919.675,1,2016-05-31 22:00:00+00:00,País Vasco,20,2016,2016-06-01 00:00:00+02:00
146779.24,1,2016-06-30 22:00:00+00:00,País Vasco,20,2016,2016-07-01 00:00:00+02:00
137122.295,1,2016-07-31 22:00:00+00:00,País Vasco,20,2016,2016-08-01 00:00:00+02:00
142068.617,1,2016-08-31 22:00:00+00:00,País Vasco,20,2016,2016-09-01 00:00:00+02:00
144157.325,1,2016-09-30 22:00:00+00:00,País Vasco,20,2016,2016-10-01 00:00:00+02:00
147691.866,1,2016-10-31 23:00:00+00:00,País Vasco,20,2016,2016-11-01 00:00:00+01:00
147239.278,1,2016-11-30 23:00:00+00:00,País Vasco,20,2016,2016-12-01 00:00:00+01:00
157474.283,1,2016-12-31 23:00:00+00:00,País Vasco,20,2017,2017-01-01 00:00:00+01:00
138483.354,1,2017-01-31 23:00:00+00:00,País Vasco,20,2017,2017-02-01 00:00:00+01:00
146902.248,1,2017-02-28 23:00:00+00:00,País Vasco,20,2017,2017-03-01 00:00:00+01:00
127216.111,1,2017-03-31 22:00:00+00:00,País Vasco,20,2017,2017-04-01 00:00:00+02:00
139519.108,1,2017-04-30 22:00:00+00:00,País Vasco,20,2017,2017-05-01 00:00:00+02:00
142736.778,1,2017-05-31 22:00:00+00:00,País Vasco,20,2017,2017-06-01 00:00:00+02:00
146987.025,1,2017-06-30 22:00:00+00:00,País Vasco,20,2017,2017-07-01 00:00:00+02:00
137457.166,1,2017-07-31 22:00:00+00:00,País Vasco,20,2017,2017-08-01 00:00:00+02:00
136743.779,1,2017-08-31 22:00:00+00:00,País Vasco,20,2017,2017-09-01 00:00:00+02:00
140675.778,1,2017-09-30 22:00:00+00:00,País Vasco,20,2017,2017-10-01 00:00:00+02:00
146133.366,1,2017-10-31 23:00:00+00:00,País Vasco,20,2017,2017-11-01 00:00:00+01:00
144106.667,1,2017-11-30 23:00:00+00:00,País Vasco,20,2017,2017-12-01 00:00:00+01:00
153187.46,1,2017-12-31 23:00:00+00:00,País Vasco,20,2018,2018-01-01 00:00:00+01:00
143908.785,1,2018-01-31 23:00:00+00:00,País Vasco,20,2018,2018-02-01 00:00:00+01:00
148671.143,1,2018-02-28 23:00:00+00:00,País Vasco,20,2018,2018-03-01 00:00:00+01:00
134488.055,1,2018-03-31 22:00:00+00:00,País Vasco,20,2018,2018-04-01 00:00:00+02:00
136589.071,1,2018-04-30 22:00:00+00:00,País Vasco,20,2018,2018-05-01 00:00:00+02:00
135197.24,1,2018-05-31 22:00:00+00:00,País Vasco,20,2018,2018-06-01 00:00:00+02:00
147700.93,1,2018-06-30 22:00:00+00:00,País Vasco,20,2018,2018-07-01 00:00:00+02:00
139379.094,1,2018-07-31 22:00:00+00:00,País Vasco,20,2018,2018-08-01 00:00:00+02:00
138154.136,1,2018-08-31 22:00:00+00:00,País Vasco,20,2018,2018-09-01 00:00:00+02:00
147459.698,1,2018-09-30 22:00:00+00:00,País Vasco,20,2018,2018-10-01 00:00:00+02:00
145925.115,1,2018-10-31 23:00:00+00:00,País Vasco,20,2018,2018-11-01 00:00:00+01:00
140688.459,1,2018-11-30 23:00:00+00:00,País Vasco,20,2018,2018-12-01 00:00:00+01:00
157569.432,1,2018-12-31 23:00:00+00:00,País Vasco,20,2019,2019-01-01 00:00:00+01:00
137243.524,1,2019-01-31 23:00:00+00:00,País Vasco,20,2019,2019-02-01 00:00:00+01:00
144513.078,1,2019-02-28 23:00:00+00:00,País Vasco,20,2019,2019-03-01 00:00:00+01:00
133753.57,1,2019-03-31 22:00:00+00:00,País Vasco,20,2019,2019-04-01 00:00:00+02:00
134904.534,1,2019-04-30 22:00:00+00:00,País Vasco,20,2019,2019-05-01 00:00:00+02:00
133645.37,1,2019-05-31 22:00:00+00:00,País Vasco,20,2019,2019-06-01 00:00:00+02:00
153082.682,1,2019-06-30 22:00:00+00:00,País Vasco,20,2019,2019-07-01 00:00:00+02:00
134540.513,1,2019-07-31 22:00:00+00:00,País Vasco,20,2019,2019-08-01 00:00:00+02:00
136656.05,1,2019-08-31 22:00:00+00:00,País Vasco,20,2019,2019-09-01 00:00:00+02:00
148673.966,1,2019-09-30 22:00:00+00:00,País Vasco,20,2019,2019-10-01 00:00:00+02:00
145490.168,1,2019-10-31 23:00:00+00:00,País Vasco,20,2019,2019-11-01 00:00:00+01:00
141234.636,1,2019-11-30 23:00:00+00:00,País Vasco,20,2019,2019-12-01 00:00:00+01:00
155709.587,1,2019-12-31 23:00:00+00:00,País Vasco,20,2020,2020-01-01 00:00:00+01:00
139196.214,1,2020-01-31 23:00:00+00:00,País Vasco,20,2020,2020-02-01 00:00:00+01:00
137102.562,1,2020-02-29 23:00:00+00:00,País Vasco,20,2020,2020-03-01 00:00:00+01:00
111843.378,1,2020-03-31 22:00:00+00:00,País Vasco,20,2020,2020-04-01 00:00:00+02:00
117782.567,1,2020-04-30 22:00:00+00:00,País Vasco,20,2020,2020-05-01 00:00:00+02:00
121000.367,1,2020-05-31 22:00:00+00:00,País Vasco,20,2020,2020-06-01 00:00:00+02:00
144053.936,1,2020-06-30 22:00:00+00:00,País Vasco,20,2020,2020-07-01 00:00:00+02:00
133978.303,1,2020-07-31 22:00:00+00:00,País Vasco,20,2020,2020-08-01 00:00:00+02:00
137621.254,1,2020-08-31 22:00:00+00:00,País Vasco,20,2020,2020-09-01 00:00:00+02:00
141061.124,1,2020-09-30 22:00:00+00:00,País Vasco,20,2020,2020-10-01 00:00:00+02:00
139104.195,1,2020-10-31 23:00:00+00:00,País Vasco,20,2020,2020-11-01 00:00:00+01:00
141654.074,1,2020-11-30 23:00:00+00:00,País Vasco,20,2020,2020-12-01 00:00:00+01:00
146298.76,1,2020-12-31 23:00:00+00:00,País Vasco,20,2021,2021-01-01 00:00:00+01:00
129503.338,1,2021-01-31 23:00:00+00:00,País Vasco,20,2021,2021-02-01 00:00:00+01:00
144652.408,1,2021-02-28 23:00:00+00:00,País Vasco,20,2021,2021-03-01 00:00:00+01:00
129506.033,1,2021-03-31 22:00:00+00:00,País Vasco,20,2021,2021-04-01 00:00:00+02:00
130651.022,1,2021-04-30 22:00:00+00:00,País Vasco,20,2021,2021-05-01 00:00:00+02:00
128050.949,1,2021-05-31 22:00:00+00:00,País Vasco,20,2021,2021-06-01 00:00:00+02:00
140864.511,1,2021-06-30 22:00:00+00:00,País Vasco,20,2021,2021-07-01 00:00:00+02:00
130850.035,1,2021-07-31 22:00:00+00:00,País Vasco,20,2021,2021-08-01 00:00:00+02:00
133323.629,1,2021-08-31 22:00:00+00:00,País Vasco,20,2021,2021-09-01 00:00:00+02:00
135918.94,1,2021-09-30 22:00:00+00:00,País Vasco,20,2021,2021-10-01 00:00:00+02:00
140846.25,1,2021-10-31 23:00:00+00:00,País Vasco,20,2021,2021-11-01 00:00:00+01:00
141258.077,1,2021-11-30 23:00:00+00:00,País Vasco,20,2021,2021-12-01 00:00:00+01:00
145992.771,1,2021-12-31 23:00:00+00:00,País Vasco,20,2022,2022-01-01 00:00:00+01:00
132957.081,1,2022-01-31 23:00:00+00:00,País Vasco,20,2022,2022-02-01 00:00:00+01:00
143230.953,1,2022-02-28 23:00:00+00:00,País Vasco,20,2022,2022-03-01 00:00:00+01:00
124937.214,1,2022-03-31 22:00:00+00:00,País Vasco,20,2022,2022-04-01 00:00:00+02:00
129905.972,1,2022-04-30 22:00:00+00:00,País Vasco,20,2022,2022-05-01 00:00:00+02:00
133780.747,1,2022-05-31 22:00:00+00:00,País Vasco,20,2022,2022-06-01 00:00:00+02:00
141574.709,1,2022-06-30 22:00:00+00:00,País Vasco,20,2022,2022-07-01 00:00:00+02:00
131110.182,1,2022-07-31 22:00:00+00:00,País Vasco,20,2022,2022-08-01 00:00:00+02:00
129983.399,1,2022-08-31 22:00:00+00:00,País Vasco,20,2022,2022-09-01 00:00:00+02:00
126199.802,1,2022-09-30 22:00:00+00:00,País Vasco,20,2022,2022-10-01 00:00:00+02:00
128423.028,1,2022-10-31 23:00:00+00:00,País Vasco,20,2022,2022-11-01 00:00:00+01:00
129424.53,1,2022-11-30 23:00:00+00:00,País Vasco,20,2022,2022-12-01 00:00:00+01:00
141097.651,1,2022-12-31 23:00:00+00:00,País Vasco,20,2023,2023-01-01 00:00:00+01:00
129771.798,1,2023-01-31 23:00:00+00:00,País Vasco,20,2023,2023-02-01 00:00:00+01:00
131390.972,1,2023-02-28 23:00:00+00:00,País Vasco,20,2023,2023-03-01 00:00:00+01:00
112850.9,1,2023-03-31 22:00:00+00:00,País Vasco,20,2023,2023-04-01 00:00:00+02:00
120463.807,1,2023-04-30 22:00:00+00:00,País Vasco,20,2023,2023-05-01 00:00:00+02:00
119180.486,1,2023-05-31 22:00:00+00:00,País Vasco,20,2023,2023-06-01 00:00:00+02:00
128777.306,1,2023-06-30 22:00:00+00:00,País Vasco,20,2023,2023-07-01 00:00:00+02:00
128290.635,1,2023-07-31 22:00:00+00:00,País Vasco,20,2023,2023-08-01 00:00:00+02:00
126294.095,1,2023-08-31 22:00:00+00:00,País Vasco,20,2023,2023-09-01 00:00:00+02:00
130721.705,1,2023-09-30 22:00:00+00:00,País Vasco,20,2023,2023-10-01 00:00:00+02:00
131276.096,1,2023-10-31 23:00:00+00:00,País Vasco,20,2023,2023-11-01 00:00:00+01:00
131659.761,1,2023-11-30 23:00:00+00:00,País Vasco,20,2023,2023-12-01 00:00:00+01:00
141474.475,1,2023-12-31 23:00:00+00:00,País Vasco,20,2024,2024-01-01 00:00:00+01:00
130009.611,1,2024-01-31 23:00:00+00:00,País Vasco,20,2024,2024-02-01 00:00:00+01:00
128733.235,1,2024-02-29 23:00:00+00:00,País Vasco,20,2024,2024-03-01 00:00:00+01:00
120868.174,1,2024-03-31 22:00:00+00:00,País Vasco,20,2024,2024-04-01 00:00:00+02:00
119326.039,1,2024-04-30 22:00:00+00:00,País Vasco,20,2024,2024-05-01 00:00:00+02:00
114887.493,1,2024-05-31 22:00:00+00:00,País Vasco,20,2024,2024-06-01 00:00:00+02:00
134202.952,1,2024-06-30 22:00:00+00:00,País Vasco,20,2024,2024-07-01 00:00:00+02:00
123673.962,1,2024-07-31 22:00:00+00:00,País Vasco,20,2024,2024-08-01 00:00:00+02:00
119843.454,1,2024-08-31 22:00:00+00:00,País Vasco,20,2024,2024-09-01 00:00:00+02:00
133059.887,1,2024-09-30 22:00:00+00:00,País Vasco,20,2024,2024-10-01 00:00:00+02:00
129900.878,1,2024-10-31 23:00:00+00:00,País Vasco,20,2024,2024-11-01 00:00:00+01:00
135198.996,1,2024-11-30 23:00:00+00:00,País Vasco,20,2024,2024-12-01 00:00:00+01:00
143355.259,1,2024-12-31 23:00:00+00:00,País Vasco,20,2025,2025-01-01 00:00:00+01:00
127924.126,1,2025-01-31 23:00:00+00:00,País Vasco,20,2025,2025-02-01 00:00:00+01:00
135956.678,1,2025-02-28 23:00:00+00:00,País Vasco,20,2025,2025-03-01 00:00:00+01:00
114563.877,1,2025-03-31 22:00:00+00:00,País Vasco,20,2025,2025-04-01 00:00:00+02:00
121359.159,1,2025-04-30 22:00:00+00:00,País Vasco,20,2025,2025-05-01 00:00:00+02:00
127211.453,1,2025-05-31 22:00:00+00:00,País Vasco,20,2025,2025-06-01 00:00:00+02:00
136481.222,1,2025-06-30 22:00:00+00:00,País Vasco,20,2025,2025-07-01 00:00:00+02:00
125909.844,1,2025-07-31 22:00:00+00:00,País Vasco,20,2025,2025-08-01 00:00:00+02:00
124744.376,1,2025-08-31 22:00:00+00:00,País Vasco,20,2025,2025-09-01 00:00:00+02:00
130518.639,1,2025-09-30 22:00:00+00:00,País Vasco,20,2025,2025-10-01 00:00:00+02:00
141171.797,1,2025-10-31 23:00:00+00:00,País Vasco,20,2025,2025-11-01 00:00:00+01:00
142219.502,1,2025-11-30 23:00:00+00:00,País Vasco,20,2025,2025-12-01 00:00:00+01:00
724877.676,1,2015-12-31 23:00:00+00:00,Canarias,8742,2016,2016-01-01 00:00:00+01:00
679305.832,1,2016-01-31 23:00:00+00:00,Canarias,8742,2016,2016-02-01 00:00:00+01:00
718524.759,1,2016-02-29 23:00:00+00:00,Canarias,8742,2016,2016-03-01 00:00:00+01:00
688809.859,1,2016-03-31 22:00:00+00:00,Canarias,8742,2016,2016-04-01 00:00:00+02:00
698555.906,1,2016-04-30 22:00:00+00:00,Canarias,8742,2016,2016-05-01 00:00:00+02:00
706310.976,1,2016-05-31 22:00:00+00:00,Canarias,8742,2016,2016-06-01 00:00:00+02:00
761974.81,1,2016-06-30 22:00:00+00:00,Canarias,8742,2016,2016-07-01 00:00:00+02:00
791081.608,1,2016-07-31 22:00:00+00:00,Canarias,8742,2016,2016-08-01 00:00:00+02:00
748252.198,1,2016-08-31 22:00:00+00:00,Canarias,8742,2016,2016-09-01 00:00:00+02:00
761196.744,1,2016-09-30 22:00:00+00:00,Canarias,8742,2016,2016-10-01 00:00:00+02:00
721442.793,1,2016-10-31 23:00:00+00:00,Canarias,8742,2016,2016-11-01 00:00:00+01:00
743769.348,1,2016-11-30 23:00:00+00:00,Canarias,8742,2016,2016-12-01 00:00:00+01:00
745407.228,1,2016-12-31 23:00:00+00:00,Canarias,8742,2017,2017-01-01 00:00:00+01:00
665204.176,1,2017-01-31 23:00:00+00:00,Canarias,8742,2017,2017-02-01 00:00:00+01:00
736714.903,1,2017-02-28 23:00:00+00:00,Canarias,8742,2017,2017-03-01 00:00:00+01:00
705628.124,1,2017-03-31 22:00:00+00:00,Canarias,8742,2017,2017-04-01 00:00:00+02:00
728992.358,1,2017-04-30 22:00:00+00:00,Canarias,8742,2017,2017-05-01 00:00:00+02:00
730157.083,1,2017-05-31 22:00:00+00:00,Canarias,8742,2017,2017-06-01 00:00:00+02:00
769839.964,1,2017-06-30 22:00:00+00:00,Canarias,8742,2017,2017-07-01 00:00:00+02:00
807063.419,1,2017-07-31 22:00:00+00:00,Canarias,8742,2017,2017-08-01 00:00:00+02:00
758985.31,1,2017-08-31 22:00:00+00:00,Canarias,8742,2017,2017-09-01 00:00:00+02:00
789861.464,1,2017-09-30 22:00:00+00:00,Canarias,8742,2017,2017-10-01 00:00:00+02:00
743761.323,1,2017-10-31 23:00:00+00:00,Canarias,8742,2017,2017-11-01 00:00:00+01:00
749447.673,1,2017-11-30 23:00:00+00:00,Canarias,8742,2017,2017-12-01 00:00:00+01:00
755287.211,1,2017-12-31 23:00:00+00:00,Canarias,8742,2018,2018-01-01 00:00:00+01:00
682423.585,1,2018-01-31 23:00:00+00:00,Canarias,8742,2018,2018-02-01 00:00:00+01:00
729896.73,1,2018-02-28 23:00:00+00:00,Canarias,8742,2018,2018-03-01 00:00:00+01:00
703225.699,1,2018-03-31 22:00:00+00:00,Canarias,8742,2018,2018-04-01 00:00:00+02:00
715948.392,1,2018-04-30 22:00:00+00:00,Canarias,8742,2018,2018-05-01 00:00:00+02:00
707399.829,1,2018-05-31 22:00:00+00:00,Canarias,8742,2018,2018-06-01 00:00:00+02:00
759043.16,1,2018-06-30 22:00:00+00:00,Canarias,8742,2018,2018-07-01 00:00:00+02:00
782334.352,1,2018-07-31 22:00:00+00:00,Canarias,8742,2018,2018-08-01 00:00:00+02:00
764565.744,1,2018-08-31 22:00:00+00:00,Canarias,8742,2018,2018-09-01 00:00:00+02:00
778708.419,1,2018-09-30 22:00:00+00:00,Canarias,8742,2018,2018-10-01 00:00:00+02:00
720885.317,1,2018-10-31 23:00:00+00:00,Canarias,8742,2018,2018-11-01 00:00:00+01:00
741928.712,1,2018-11-30 23:00:00+00:00,Canarias,8742,2018,2018-12-01 00:00:00+01:00
755349.344,1,2018-12-31 23:00:00+00:00,Canarias,8742,2019,2019-01-01 00:00:00+01:00
678572.401,1,2019-01-31 23:00:00+00:00,Canarias,8742,2019,2019-02-01 00:00:00+01:00
738613.341,1,2019-02-28 23:00:00+00:00,Canarias,8742,2019,2019-03-01 00:00:00+01:00
701144.535,1,2019-03-31 22:00:00+00:00,Canarias,8742,2019,2019-04-01 00:00:00+02:00
724435.551,1,2019-04-30 22:00:00+00:00,Canarias,8742,2019,2019-05-01 00:00:00+02:00
714689.013,1,2019-05-31 22:00:00+00:00,Canarias,8742,2019,2019-06-01 00:00:00+02:00
765155.245,1,2019-06-30 22:00:00+00:00,Canarias,8742,2019,2019-07-01 00:00:00+02:00
788634.096,1,2019-07-31 22:00:00+00:00,Canarias,8742,2019,2019-08-01 00:00:00+02:00
752661.657,1,2019-08-31 22:00:00+00:00,Canarias,8742,2019,2019-09-01 00:00:00+02:00
773780.358,1,2019-09-30 22:00:00+00:00,Canarias,8742,2019,2019-10-01 00:00:00+02:00
734424.275,1,2019-10-31 23:00:00+00:00,Canarias,8742,2019,2019-11-01 00:00:00+01:00
747518.318,1,2019-11-30 23:00:00+00:00,Canarias,8742,2019,2019-12-01 00:00:00+01:00
756953.464,1,2019-12-31 23:00:00+00:00,Canarias,8742,2020,2020-01-01 00:00:00+01:00
705861.132,1,2020-01-31 23:00:00+00:00,Canarias,8742,2020,2020-02-01 00:00:00+01:00
682194.297,1,2020-02-29 23:00:00+00:00,Canarias,8742,2020,2020-03-01 00:00:00+01:00
548481.932,1,2020-03-31 22:00:00+00:00,Canarias,8742,2020,2020-04-01 00:00:00+02:00
581117.603,1,2020-04-30 22:00:00+00:00,Canarias,8742,2020,2020-05-01 00:00:00+02:00
602698.837,1,2020-05-31 22:00:00+00:00,Canarias,8742,2020,2020-06-01 00:00:00+02:00
679184.288,1,2020-06-30 22:00:00+00:00,Canarias,8742,2020,2020-07-01 00:00:00+02:00
712516.545,1,2020-07-31 22:00:00+00:00,Canarias,8742,2020,2020-08-01 00:00:00+02:00
684875.592,1,2020-08-31 22:00:00+00:00,Canarias,8742,2020,2020-09-01 00:00:00+02:00
674860.239,1,2020-09-30 22:00:00+00:00,Canarias,8742,2020,2020-10-01 00:00:00+02:00
652336.766,1,2020-10-31 23:00:00+00:00,Canarias,8742,2020,2020-11-01 00:00:00+01:00
665587.715,1,2020-11-30 23:00:00+00:00,Canarias,8742,2020,2020-12-01 00:00:00+01:00
648143.584,1,2020-12-31 23:00:00+00:00,Canarias,8742,2021,2021-01-01 00:00:00+01:00
576433.134,1,2021-01-31 23:00:00+00:00,Canarias,8742,2021,2021-02-01 00:00:00+01:00
640601.157,1,2021-02-28 23:00:00+00:00,Canarias,8742,2021,2021-03-01 00:00:00+01:00
615594.768,1,2021-03-31 22:00:00+00:00,Canarias,8742,2021,2021-04-01 00:00:00+02:00
638221.977,1,2021-04-30 22:00:00+00:00,Canarias,8742,2021,2021-05-01 00:00:00+02:00
637990.222,1,2021-05-31 22:00:00+00:00,Canarias,8742,2021,2021-06-01 00:00:00+02:00
702057.86,1,2021-06-30 22:00:00+00:00,Canarias,8742,2021,2021-07-01 00:00:00+02:00
728446.23,1,2021-07-31 22:00:00+00:00,Canarias,8742,2021,2021-08-01 00:00:00+02:00
724325.74,1,2021-08-31 22:00:00+00:00,Canarias,8742,2021,2021-09-01 00:00:00+02:00
734306.806,1,2021-09-30 22:00:00+00:00,Canarias,8742,2021,2021-10-01 00:00:00+02:00
703556.805,1,2021-10-31 23:00:00+00:00,Canarias,8742,2021,2021-11-01 00:00:00+01:00
719893.229,1,2021-11-30 23:00:00+00:00,Canarias,8742,2021,2021-12-01 00:00:00+01:00
713309.862,1,2021-12-31 23:00:00+00:00,Canarias,8742,2022,2022-01-01 00:00:00+01:00
649849.447,1,2022-01-31 23:00:00+00:00,Canarias,8742,2022,2022-02-01 00:00:00+01:00
711961.092,1,2022-02-28 23:00:00+00:00,Canarias,8742,2022,2022-03-01 00:00:00+01:00
673439.79,1,2022-03-31 22:00:00+00:00,Canarias,8742,2022,2022-04-01 00:00:00+02:00
700756.749,1,2022-04-30 22:00:00+00:00,Canarias,8742,2022,2022-05-01 00:00:00+02:00
693667.079,1,2022-05-31 22:00:00+00:00,Canarias,8742,2022,2022-06-01 00:00:00+02:00
754312.581,1,2022-06-30 22:00:00+00:00,Canarias,8742,2022,2022-07-01 00:00:00+02:00
757192.276,1,2022-07-31 22:00:00+00:00,Canarias,8742,2022,2022-08-01 00:00:00+02:00
724251.289,1,2022-08-31 22:00:00+00:00,Canarias,8742,2022,2022-09-01 00:00:00+02:00
729372.535,1,2022-09-30 22:00:00+00:00,Canarias,8742,2022,2022-10-01 00:00:00+02:00
709312.287,1,2022-10-31 23:00:00+00:00,Canarias,8742,2022,2022-11-01 00:00:00+01:00
718952.812,1,2022-11-30 23:00:00+00:00,Canarias,8742,2022,2022-12-01 00:00:00+01:00
727935.339,1,2022-12-31 23:00:00+00:00,Canarias,8742,2023,2023-01-01 00:00:00+01:00
657519.661,1,2023-01-31 23:00:00+00:00,Canarias,8742,2023,2023-02-01 00:00:00+01:00
722279.083,1,2023-02-28 23:00:00+00:00,Canarias,8742,2023,2023-03-01 00:00:00+01:00
683700.551,1,2023-03-31 22:00:00+00:00,Canarias,8742,2023,2023-04-01 00:00:00+02:00
710765.693,1,2023-04-30 22:00:00+00:00,Canarias,8742,2023,2023-05-01 00:00:00+02:00
722271.838,1,2023-05-31 22:00:00+00:00,Canarias,8742,2023,2023-06-01 00:00:00+02:00
771197.722,1,2023-06-30 22:00:00+00:00,Canarias,8742,2023,2023-07-01 00:00:00+02:00
811040.037,1,2023-07-31 22:00:00+00:00,Canarias,8742,2023,2023-08-01 00:00:00+02:00
752106.025,1,2023-08-31 22:00:00+00:00,Canarias,8742,2023,2023-09-01 00:00:00+02:00
812235.263,1,2023-09-30 22:00:00+00:00,Canarias,8742,2023,2023-10-01 00:00:00+02:00
739605.376,1,2023-10-31 23:00:00+00:00,Canarias,8742,2023,2023-11-01 00:00:00+01:00
741929.928,1,2023-11-30 23:00:00+00:00,Canarias,8742,2023,2023-12-01 00:00:00+01:00
749003.701,1,2023-12-31 23:00:00+00:00,Canarias,8742,2024,2024-01-01 00:00:00+01:00
697913.487,1,2024-01-31 23:00:00+00:00,Canarias,8742,2024,2024-02-01 00:00:00+01:00
732217.868,1,2024-02-29 23:00:00+00:00,Canarias,8742,2024,2024-03-01 00:00:00+01:00
712750.635,1,2024-03-31 22:00:00+00:00,Canarias,8742,2024,2024-04-01 00:00:00+02:00
716142.719,1,2024-04-30 22:00:00+00:00,Canarias,8742,2024,2024-05-01 00:00:00+02:00
700510.813,1,2024-05-31 22:00:00+00:00,Canarias,8742,2024,2024-06-01 00:00:00+02:00
768229.981,1,2024-06-30 22:00:00+00:00,Canarias,8742,2024,2024-07-01 00:00:00+02:00
790665.452,1,2024-07-31 22:00:00+00:00,Canarias,8742,2024,2024-08-01 00:00:00+02:00
745427.449,1,2024-08-31 22:00:00+00:00,Canarias,8742,2024,2024-09-01 00:00:00+02:00
778110.823,1,2024-09-30 22:00:00+00:00,Canarias,8742,2024,2024-10-01 00:00:00+02:00
748333.581,1,2024-10-31 23:00:00+00:00,Canarias,8742,2024,2024-11-01 00:00:00+01:00
757222.361,1,2024-11-30 23:00:00+00:00,Canarias,8742,2024,2024-12-01 00:00:00+01:00
756722.512,1,2024-12-31 23:00:00+00:00,Canarias,8742,2025,2025-01-01 00:00:00+01:00
676886.311,1,2025-01-31 23:00:00+00:00,Canarias,8742,2025,2025-02-01 00:00:00+01:00
737382.168,1,2025-02-28 23:00:00+00:00,Canarias,8742,2025,2025-03-01 00:00:00+01:00
697356.807,1,2025-03-31 22:00:00+00:00,Canarias,8742,2025,2025-04-01 00:00:00+02:00
712713.723,1,2025-04-30 22:00:00+00:00,Canarias,8742,2025,2025-05-01 00:00:00+02:00
706807.723,1,2025-05-31 22:00:00+00:00,Canarias,8742,2025,2025-06-01 00:00:00+02:00
786438.138,1,2025-06-30 22:00:00+00:00,Canarias,8742,2025,2025-07-01 00:00:00+02:00
817844.672,1,2025-07-31 22:00:00+00:00,Canarias,8742,2025,2025-08-01 00:00:00+02:00
782658.175,1,2025-08-31 22:00:00+00:00,Canarias,8742,2025,2025-09-01 00:00:00+02:00
792830.105,1,2025-09-30 22:00:00+00:00,Canarias,8742,2025,2025-10-01 00:00:00+02:00
751704.169,1,2025-10-31 23:00:00+00:00,Canarias,8742,2025,2025-11-01 00:00:00+01:00
764064.745,1,2025-11-30 23:00:00+00:00,Canarias,8742,2025,2025-12-01 00:00:00+01:00
409886.464,1,2015-12-31 23:00:00+00:00,Baleares,8743,2016,2016-01-01 00:00:00+01:00
403364.001,1,2016-01-31 23:00:00+00:00,Baleares,8743,2016,2016-02-01 00:00:00+01:00
448748.994,1,2016-02-29 23:00:00+00:00,Baleares,8743,2016,2016-03-01 00:00:00+01:00
413043.37,1,2016-03-31 22:00:00+00:00,Baleares,8743,2016,2016-04-01 00:00:00+02:00
471214.692,1,2016-04-30 22:00:00+00:00,Baleares,8743,2016,2016-05-01 00:00:00+02:00
533332.67,1,2016-05-31 22:00:00+00:00,Baleares,8743,2016,2016-06-01 00:00:00+02:00
642436.214,1,2016-06-30 22:00:00+00:00,Baleares,8743,2016,2016-07-01 00:00:00+02:00
650485.337,1,2016-07-31 22:00:00+00:00,Baleares,8743,2016,2016-08-01 00:00:00+02:00
569439.125,1,2016-08-31 22:00:00+00:00,Baleares,8743,2016,2016-09-01 00:00:00+02:00
477813.605,1,2016-09-30 22:00:00+00:00,Baleares,8743,2016,2016-10-01 00:00:00+02:00
384773.382,1,2016-10-31 23:00:00+00:00,Baleares,8743,2016,2016-11-01 00:00:00+01:00
418652.837,1,2016-11-30 23:00:00+00:00,Baleares,8743,2016,2016-12-01 00:00:00+01:00
477380.4,1,2016-12-31 23:00:00+00:00,Baleares,8743,2017,2017-01-01 00:00:00+01:00
395605.401,1,2017-01-31 23:00:00+00:00,Baleares,8743,2017,2017-02-01 00:00:00+01:00
408891.796,1,2017-02-28 23:00:00+00:00,Baleares,8743,2017,2017-03-01 00:00:00+01:00
415202.957,1,2017-03-31 22:00:00+00:00,Baleares,8743,2017,2017-04-01 00:00:00+02:00
482229.859,1,2017-04-30 22:00:00+00:00,Baleares,8743,2017,2017-05-01 00:00:00+02:00
578281.935,1,2017-05-31 22:00:00+00:00,Baleares,8743,2017,2017-06-01 00:00:00+02:00
677703.855,1,2017-06-30 22:00:00+00:00,Baleares,8743,2017,2017-07-01 00:00:00+02:00
706661.752,1,2017-07-31 22:00:00+00:00,Baleares,8743,2017,2017-08-01 00:00:00+02:00
536767.926,1,2017-08-31 22:00:00+00:00,Baleares,8743,2017,2017-09-01 00:00:00+02:00
475043.438,1,2017-09-30 22:00:00+00:00,Baleares,8743,2017,2017-10-01 00:00:00+02:00
403689.187,1,2017-10-31 23:00:00+00:00,Baleares,8743,2017,2017-11-01 00:00:00+01:00
458957.51,1,2017-11-30 23:00:00+00:00,Baleares,8743,2017,2017-12-01 00:00:00+01:00
436553.899,1,2017-12-31 23:00:00+00:00,Baleares,8743,2018,2018-01-01 00:00:00+01:00
457599.769,1,2018-01-31 23:00:00+00:00,Baleares,8743,2018,2018-02-01 00:00:00+01:00
461730.116,1,2018-02-28 23:00:00+00:00,Baleares,8743,2018,2018-03-01 00:00:00+01:00
426816.549,1,2018-03-31 22:00:00+00:00,Baleares,8743,2018,2018-04-01 00:00:00+02:00
475877.506,1,2018-04-30 22:00:00+00:00,Baleares,8743,2018,2018-05-01 00:00:00+02:00
536318.095,1,2018-05-31 22:00:00+00:00,Baleares,8743,2018,2018-06-01 00:00:00+02:00
685540.936,1,2018-06-30 22:00:00+00:00,Baleares,8743,2018,2018-07-01 00:00:00+02:00
704132.576,1,2018-07-31 22:00:00+00:00,Baleares,8743,2018,2018-08-01 00:00:00+02:00
577983.347,1,2018-08-31 22:00:00+00:00,Baleares,8743,2018,2018-09-01 00:00:00+02:00
476157.141,1,2018-09-30 22:00:00+00:00,Baleares,8743,2018,2018-10-01 00:00:00+02:00
396695.478,1,2018-10-31 23:00:00+00:00,Baleares,8743,2018,2018-11-01 00:00:00+01:00
422002.883,1,2018-11-30 23:00:00+00:00,Baleares,8743,2018,2018-12-01 00:00:00+01:00
477795.703,1,2018-12-31 23:00:00+00:00,Baleares,8743,2019,2019-01-01 00:00:00+01:00
415344.403,1,2019-01-31 23:00:00+00:00,Baleares,8743,2019,2019-02-01 00:00:00+01:00
436816.193,1,2019-02-28 23:00:00+00:00,Baleares,8743,2019,2019-03-01 00:00:00+01:00
446407.913,1,2019-03-31 22:00:00+00:00,Baleares,8743,2019,2019-04-01 00:00:00+02:00
477010.374,1,2019-04-30 22:00:00+00:00,Baleares,8743,2019,2019-05-01 00:00:00+02:00
539722.271,1,2019-05-31 22:00:00+00:00,Baleares,8743,2019,2019-06-01 00:00:00+02:00
719464.877,1,2019-06-30 22:00:00+00:00,Baleares,8743,2019,2019-07-01 00:00:00+02:00
705099.073,1,2019-07-31 22:00:00+00:00,Baleares,8743,2019,2019-08-01 00:00:00+02:00
572623.989,1,2019-08-31 22:00:00+00:00,Baleares,8743,2019,2019-09-01 00:00:00+02:00
490426.996,1,2019-09-30 22:00:00+00:00,Baleares,8743,2019,2019-10-01 00:00:00+02:00
412701.696,1,2019-10-31 23:00:00+00:00,Baleares,8743,2019,2019-11-01 00:00:00+01:00
421812.285,1,2019-11-30 23:00:00+00:00,Baleares,8743,2019,2019-12-01 00:00:00+01:00
456464.05,1,2019-12-31 23:00:00+00:00,Baleares,8743,2020,2020-01-01 00:00:00+01:00
403435.857,1,2020-01-31 23:00:00+00:00,Baleares,8743,2020,2020-02-01 00:00:00+01:00
403832.751,1,2020-02-29 23:00:00+00:00,Baleares,8743,2020,2020-03-01 00:00:00+01:00
321712.013,1,2020-03-31 22:00:00+00:00,Baleares,8743,2020,2020-04-01 00:00:00+02:00
327175.074,1,2020-04-30 22:00:00+00:00,Baleares,8743,2020,2020-05-01 00:00:00+02:00
360864.887,1,2020-05-31 22:00:00+00:00,Baleares,8743,2020,2020-06-01 00:00:00+02:00
528918.585,1,2020-06-30 22:00:00+00:00,Baleares,8743,2020,2020-07-01 00:00:00+02:00
566318.86,1,2020-07-31 22:00:00+00:00,Baleares,8743,2020,2020-08-01 00:00:00+02:00
403465.241,1,2020-08-31 22:00:00+00:00,Baleares,8743,2020,2020-09-01 00:00:00+02:00
368113.495,1,2020-09-30 22:00:00+00:00,Baleares,8743,2020,2020-10-01 00:00:00+02:00
364441.335,1,2020-10-31 23:00:00+00:00,Baleares,8743,2020,2020-11-01 00:00:00+01:00
436982.595,1,2020-11-30 23:00:00+00:00,Baleares,8743,2020,2020-12-01 00:00:00+01:00
470923.625,1,2020-12-31 23:00:00+00:00,Baleares,8743,2021,2021-01-01 00:00:00+01:00
361715.977,1,2021-01-31 23:00:00+00:00,Baleares,8743,2021,2021-02-01 00:00:00+01:00
410107.525,1,2021-02-28 23:00:00+00:00,Baleares,8743,2021,2021-03-01 00:00:00+01:00
378811.138,1,2021-03-31 22:00:00+00:00,Baleares,8743,2021,2021-04-01 00:00:00+02:00
380442.847,1,2021-04-30 22:00:00+00:00,Baleares,8743,2021,2021-05-01 00:00:00+02:00
459727.74,1,2021-05-31 22:00:00+00:00,Baleares,8743,2021,2021-06-01 00:00:00+02:00
601270.435,1,2021-06-30 22:00:00+00:00,Baleares,8743,2021,2021-07-01 00:00:00+02:00
632604.942,1,2021-07-31 22:00:00+00:00,Baleares,8743,2021,2021-08-01 00:00:00+02:00
544052.918,1,2021-08-31 22:00:00+00:00,Baleares,8743,2021,2021-09-01 00:00:00+02:00
444700.654,1,2021-09-30 22:00:00+00:00,Baleares,8743,2021,2021-10-01 00:00:00+02:00
408606.143,1,2021-10-31 23:00:00+00:00,Baleares,8743,2021,2021-11-01 00:00:00+01:00
435319.025,1,2021-11-30 23:00:00+00:00,Baleares,8743,2021,2021-12-01 00:00:00+01:00
464916.63,1,2021-12-31 23:00:00+00:00,Baleares,8743,2022,2022-01-01 00:00:00+01:00
397169.935,1,2022-01-31 23:00:00+00:00,Baleares,8743,2022,2022-02-01 00:00:00+01:00
441909.867,1,2022-02-28 23:00:00+00:00,Baleares,8743,2022,2022-03-01 00:00:00+01:00
436273.855,1,2022-03-31 22:00:00+00:00,Baleares,8743,2022,2022-04-01 00:00:00+02:00
471932.242,1,2022-04-30 22:00:00+00:00,Baleares,8743,2022,2022-05-01 00:00:00+02:00
575202.532,1,2022-05-31 22:00:00+00:00,Baleares,8743,2022,2022-06-01 00:00:00+02:00
702367.092,1,2022-06-30 22:00:00+00:00,Baleares,8743,2022,2022-07-01 00:00:00+02:00
728931.405,1,2022-07-31 22:00:00+00:00,Baleares,8743,2022,2022-08-01 00:00:00+02:00
594746.797,1,2022-08-31 22:00:00+00:00,Baleares,8743,2022,2022-09-01 00:00:00+02:00
466805.443,1,2022-09-30 22:00:00+00:00,Baleares,8743,2022,2022-10-01 00:00:00+02:00
362646.306,1,2022-10-31 23:00:00+00:00,Baleares,8743,2022,2022-11-01 00:00:00+01:00
398799.464,1,2022-11-30 23:00:00+00:00,Baleares,8743,2022,2022-12-01 00:00:00+01:00
454055.747,1,2022-12-31 23:00:00+00:00,Baleares,8743,2023,2023-01-01 00:00:00+01:00
434677.794,1,2023-01-31 23:00:00+00:00,Baleares,8743,2023,2023-02-01 00:00:00+01:00
417304.891,1,2023-02-28 23:00:00+00:00,Baleares,8743,2023,2023-03-01 00:00:00+01:00
408238.608,1,2023-03-31 22:00:00+00:00,Baleares,8743,2023,2023-04-01 00:00:00+02:00
464353.896,1,2023-04-30 22:00:00+00:00,Baleares,8743,2023,2023-05-01 00:00:00+02:00
551248.557,1,2023-05-31 22:00:00+00:00,Baleares,8743,2023,2023-06-01 00:00:00+02:00
741601.771,1,2023-06-30 22:00:00+00:00,Baleares,8743,2023,2023-07-01 00:00:00+02:00
707967.322,1,2023-07-31 22:00:00+00:00,Baleares,8743,2023,2023-08-01 00:00:00+02:00
569180.844,1,2023-08-31 22:00:00+00:00,Baleares,8743,2023,2023-09-01 00:00:00+02:00
498668.215,1,2023-09-30 22:00:00+00:00,Baleares,8743,2023,2023-10-01 00:00:00+02:00
377481.717,1,2023-10-31 23:00:00+00:00,Baleares,8743,2023,2023-11-01 00:00:00+01:00
422387.054,1,2023-11-30 23:00:00+00:00,Baleares,8743,2023,2023-12-01 00:00:00+01:00
449315.06,1,2023-12-31 23:00:00+00:00,Baleares,8743,2024,2024-01-01 00:00:00+01:00
410087.552,1,2024-01-31 23:00:00+00:00,Baleares,8743,2024,2024-02-01 00:00:00+01:00
431346.505,1,2024-02-29 23:00:00+00:00,Baleares,8743,2024,2024-03-01 00:00:00+01:00
433963.526,1,2024-03-31 22:00:00+00:00,Baleares,8743,2024,2024-04-01 00:00:00+02:00
479675.543,1,2024-04-30 22:00:00+00:00,Baleares,8743,2024,2024-05-01 00:00:00+02:00
541043.63,1,2024-05-31 22:00:00+00:00,Baleares,8743,2024,2024-06-01 00:00:00+02:00
685337.756,1,2024-06-30 22:00:00+00:00,Baleares,8743,2024,2024-07-01 00:00:00+02:00
733545.517,1,2024-07-31 22:00:00+00:00,Baleares,8743,2024,2024-08-01 00:00:00+02:00
557428.331,1,2024-08-31 22:00:00+00:00,Baleares,8743,2024,2024-09-01 00:00:00+02:00
504439.051,1,2024-09-30 22:00:00+00:00,Baleares,8743,2024,2024-10-01 00:00:00+02:00
385174.299,1,2024-10-31 23:00:00+00:00,Baleares,8743,2024,2024-11-01 00:00:00+01:00
452590.441,1,2024-11-30 23:00:00+00:00,Baleares,8743,2024,2024-12-01 00:00:00+01:00
458813.942,1,2024-12-31 23:00:00+00:00,Baleares,8743,2025,2025-01-01 00:00:00+01:00
420396.776,1,2025-01-31 23:00:00+00:00,Baleares,8743,2025,2025-02-01 00:00:00+01:00
454444.173,1,2025-02-28 23:00:00+00:00,Baleares,8743,2025,2025-03-01 00:00:00+01:00
428474.419,1,2025-03-31 22:00:00+00:00,Baleares,8743,2025,2025-04-01 00:00:00+02:00
477885.057,1,2025-04-30 22:00:00+00:00,Baleares,8743,2025,2025-05-01 00:00:00+02:00
625997.801,1,2025-05-31 22:00:00+00:00,Baleares,8743,2025,2025-06-01 00:00:00+02:00
733189.896,1,2025-06-30 22:00:00+00:00,Baleares,8743,2025,2025-07-01 00:00:00+02:00
730715.1,1,2025-07-31 22:00:00+00:00,Baleares,8743,2025,2025-08-01 00:00:00+02:00
604697.451,1,2025-08-31 22:00:00+00:00,Baleares,8743,2025,2025-09-01 00:00:00+02:00
500550.671,1,2025-09-30 22:00:00+00:00,Baleares,8743,2025,2025-10-01 00:00:00+02:00
417470.782,1,2025-10-31 23:00:00+00:00,Baleares,8743,2025,2025-11-01 00:00:00+01:00
467139.063,1,2025-11-30 23:00:00+00:00,Baleares,8743,2025,2025-12-01 00:00:00+01:00
17311.162,1,2015-12-31 23:00:00+00:00,Ceuta,8744,2016,2016-01-01 00:00:00+01:00
16981.579,1,2016-01-31 23:00:00+00:00,Ceuta,8744,2016,2016-02-01 00:00:00+01:00
16940.802,1,2016-02-29 23:00:00+00:00,Ceuta,8744,2016,2016-03-01 00:00:00+01:00
16286.124,1,2016-03-31 22:00:00+00:00,Ceuta,8744,2016,2016-04-01 00:00:00+02:00
16948.654,1,2016-04-30 22:00:00+00:00,Ceuta,8744,2016,2016-05-01 00:00:00+02:00
16942.708,1,2016-05-31 22:00:00+00:00,Ceuta,8744,2016,2016-06-01 00:00:00+02:00
18292.977,1,2016-06-30 22:00:00+00:00,Ceuta,8744,2016,2016-07-01 00:00:00+02:00
19186.116,1,2016-07-31 22:00:00+00:00,Ceuta,8744,2016,2016-08-01 00:00:00+02:00
18207.382,1,2016-08-31 22:00:00+00:00,Ceuta,8744,2016,2016-09-01 00:00:00+02:00
17864.866,1,2016-09-30 22:00:00+00:00,Ceuta,8744,2016,2016-10-01 00:00:00+02:00
17454.722,1,2016-10-31 23:00:00+00:00,Ceuta,8744,2016,2016-11-01 00:00:00+01:00
18263.844,1,2016-11-30 23:00:00+00:00,Ceuta,8744,2016,2016-12-01 00:00:00+01:00
18540.055,1,2016-12-31 23:00:00+00:00,Ceuta,8744,2017,2017-01-01 00:00:00+01:00
15723.914,1,2017-01-31 23:00:00+00:00,Ceuta,8744,2017,2017-02-01 00:00:00+01:00
16352.628,1,2017-02-28 23:00:00+00:00,Ceuta,8744,2017,2017-03-01 00:00:00+01:00
14939.695,1,2017-03-31 22:00:00+00:00,Ceuta,8744,2017,2017-04-01 00:00:00+02:00
16501.739,1,2017-04-30 22:00:00+00:00,Ceuta,8744,2017,2017-05-01 00:00:00+02:00
17170.856,1,2017-05-31 22:00:00+00:00,Ceuta,8744,2017,2017-06-01 00:00:00+02:00
17581.98,1,2017-06-30 22:00:00+00:00,Ceuta,8744,2017,2017-07-01 00:00:00+02:00
18673.439,1,2017-07-31 22:00:00+00:00,Ceuta,8744,2017,2017-08-01 00:00:00+02:00
17176.932,1,2017-08-31 22:00:00+00:00,Ceuta,8744,2017,2017-09-01 00:00:00+02:00
15964.592,1,2017-09-30 22:00:00+00:00,Ceuta,8744,2017,2017-10-01 00:00:00+02:00
16373.048,1,2017-10-31 23:00:00+00:00,Ceuta,8744,2017,2017-11-01 00:00:00+01:00
17861.952,1,2017-11-30 23:00:00+00:00,Ceuta,8744,2017,2017-12-01 00:00:00+01:00
18544.061,1,2017-12-31 23:00:00+00:00,Ceuta,8744,2018,2018-01-01 00:00:00+01:00
17099.066,1,2018-01-31 23:00:00+00:00,Ceuta,8744,2018,2018-02-01 00:00:00+01:00
17584.974,1,2018-02-28 23:00:00+00:00,Ceuta,8744,2018,2018-03-01 00:00:00+01:00
16315.666,1,2018-03-31 22:00:00+00:00,Ceuta,8744,2018,2018-04-01 00:00:00+02:00
16342.903,1,2018-04-30 22:00:00+00:00,Ceuta,8744,2018,2018-05-01 00:00:00+02:00
15983.727,1,2018-05-31 22:00:00+00:00,Ceuta,8744,2018,2018-06-01 00:00:00+02:00
17164.591,1,2018-06-30 22:00:00+00:00,Ceuta,8744,2018,2018-07-01 00:00:00+02:00
17711.764,1,2018-07-31 22:00:00+00:00,Ceuta,8744,2018,2018-08-01 00:00:00+02:00
18075.437,1,2018-08-31 22:00:00+00:00,Ceuta,8744,2018,2018-09-01 00:00:00+02:00
17854.131,1,2018-09-30 22:00:00+00:00,Ceuta,8744,2018,2018-10-01 00:00:00+02:00
17385.028,1,2018-10-31 23:00:00+00:00,Ceuta,8744,2018,2018-11-01 00:00:00+01:00
17294.876,1,2018-11-30 23:00:00+00:00,Ceuta,8744,2018,2018-12-01 00:00:00+01:00
17830.239,1,2018-12-31 23:00:00+00:00,Ceuta,8744,2019,2019-01-01 00:00:00+01:00
16019.527,1,2019-01-31 23:00:00+00:00,Ceuta,8744,2019,2019-02-01 00:00:00+01:00
16598.235,1,2019-02-28 23:00:00+00:00,Ceuta,8744,2019,2019-03-01 00:00:00+01:00
15221.094,1,2019-03-31 22:00:00+00:00,Ceuta,8744,2019,2019-04-01 00:00:00+02:00
16753.54,1,2019-04-30 22:00:00+00:00,Ceuta,8744,2019,2019-05-01 00:00:00+02:00
16642.239,1,2019-05-31 22:00:00+00:00,Ceuta,8744,2019,2019-06-01 00:00:00+02:00
18185.252,1,2019-06-30 22:00:00+00:00,Ceuta,8744,2019,2019-07-01 00:00:00+02:00
18656.52,1,2019-07-31 22:00:00+00:00,Ceuta,8744,2019,2019-08-01 00:00:00+02:00
17603.892,1,2019-08-31 22:00:00+00:00,Ceuta,8744,2019,2019-09-01 00:00:00+02:00
17669.152,1,2019-09-30 22:00:00+00:00,Ceuta,8744,2019,2019-10-01 00:00:00+02:00
17157.331,1,2019-10-31 23:00:00+00:00,Ceuta,8744,2019,2019-11-01 00:00:00+01:00
17711.219,1,2019-11-30 23:00:00+00:00,Ceuta,8744,2019,2019-12-01 00:00:00+01:00
17835.113,1,2019-12-31 23:00:00+00:00,Ceuta,8744,2020,2020-01-01 00:00:00+01:00
15770.011,1,2020-01-31 23:00:00+00:00,Ceuta,8744,2020,2020-02-01 00:00:00+01:00
16608.196,1,2020-02-29 23:00:00+00:00,Ceuta,8744,2020,2020-03-01 00:00:00+01:00
15531.111,1,2020-03-31 22:00:00+00:00,Ceuta,8744,2020,2020-04-01 00:00:00+02:00
15827.471,1,2020-04-30 22:00:00+00:00,Ceuta,8744,2020,2020-05-01 00:00:00+02:00
15839.422,1,2020-05-31 22:00:00+00:00,Ceuta,8744,2020,2020-06-01 00:00:00+02:00
17917.496,1,2020-06-30 22:00:00+00:00,Ceuta,8744,2020,2020-07-01 00:00:00+02:00
18096.779,1,2020-07-31 22:00:00+00:00,Ceuta,8744,2020,2020-08-01 00:00:00+02:00
16830.054,1,2020-08-31 22:00:00+00:00,Ceuta,8744,2020,2020-09-01 00:00:00+02:00
16095.768,1,2020-09-30 22:00:00+00:00,Ceuta,8744,2020,2020-10-01 00:00:00+02:00
15792.687,1,2020-10-31 23:00:00+00:00,Ceuta,8744,2020,2020-11-01 00:00:00+01:00
17053.994,1,2020-11-30 23:00:00+00:00,Ceuta,8744,2020,2020-12-01 00:00:00+01:00
18538.656,1,2020-12-31 23:00:00+00:00,Ceuta,8744,2021,2021-01-01 00:00:00+01:00
15215.238,1,2021-01-31 23:00:00+00:00,Ceuta,8744,2021,2021-02-01 00:00:00+01:00
15340.218,1,2021-02-28 23:00:00+00:00,Ceuta,8744,2021,2021-03-01 00:00:00+01:00
15128.393,1,2021-03-31 22:00:00+00:00,Ceuta,8744,2021,2021-04-01 00:00:00+02:00
15515.205,1,2021-04-30 22:00:00+00:00,Ceuta,8744,2021,2021-05-01 00:00:00+02:00
15653.908,1,2021-05-31 22:00:00+00:00,Ceuta,8744,2021,2021-06-01 00:00:00+02:00
17409.528,1,2021-06-30 22:00:00+00:00,Ceuta,8744,2021,2021-07-01 00:00:00+02:00
17829.99,1,2021-07-31 22:00:00+00:00,Ceuta,8744,2021,2021-08-01 00:00:00+02:00
16921.593,1,2021-08-31 22:00:00+00:00,Ceuta,8744,2021,2021-09-01 00:00:00+02:00
16448.789,1,2021-09-30 22:00:00+00:00,Ceuta,8744,2021,2021-10-01 00:00:00+02:00
16035.752,1,2021-10-31 23:00:00+00:00,Ceuta,8744,2021,2021-11-01 00:00:00+01:00
16848.583,1,2021-11-30 23:00:00+00:00,Ceuta,8744,2021,2021-12-01 00:00:00+01:00
17253.197,1,2021-12-31 23:00:00+00:00,Ceuta,8744,2022,2022-01-01 00:00:00+01:00
15289.879,1,2022-01-31 23:00:00+00:00,Ceuta,8744,2022,2022-02-01 00:00:00+01:00
17074.705,1,2022-02-28 23:00:00+00:00,Ceuta,8744,2022,2022-03-01 00:00:00+01:00
15441.172,1,2022-03-31 22:00:00+00:00,Ceuta,8744,2022,2022-04-01 00:00:00+02:00
16203.751,1,2022-04-30 22:00:00+00:00,Ceuta,8744,2022,2022-05-01 00:00:00+02:00
16614.668,1,2022-05-31 22:00:00+00:00,Ceuta,8744,2022,2022-06-01 00:00:00+02:00
17855.742,1,2022-06-30 22:00:00+00:00,Ceuta,8744,2022,2022-07-01 00:00:00+02:00
16827.505,1,2022-07-31 22:00:00+00:00,Ceuta,8744,2022,2022-08-01 00:00:00+02:00
15818.136,1,2022-08-31 22:00:00+00:00,Ceuta,8744,2022,2022-09-01 00:00:00+02:00
16127.866,1,2022-09-30 22:00:00+00:00,Ceuta,8744,2022,2022-10-01 00:00:00+02:00
15157.762,1,2022-10-31 23:00:00+00:00,Ceuta,8744,2022,2022-11-01 00:00:00+01:00
15734.913,1,2022-11-30 23:00:00+00:00,Ceuta,8744,2022,2022-12-01 00:00:00+01:00
16642.232,1,2022-12-31 23:00:00+00:00,Ceuta,8744,2023,2023-01-01 00:00:00+01:00
15700.243,1,2023-01-31 23:00:00+00:00,Ceuta,8744,2023,2023-02-01 00:00:00+01:00
15386.335,1,2023-02-28 23:00:00+00:00,Ceuta,8744,2023,2023-03-01 00:00:00+01:00
13780.955,1,2023-03-31 22:00:00+00:00,Ceuta,8744,2023,2023-04-01 00:00:00+02:00
14172.513,1,2023-04-30 22:00:00+00:00,Ceuta,8744,2023,2023-05-01 00:00:00+02:00
14999.305,1,2023-05-31 22:00:00+00:00,Ceuta,8744,2023,2023-06-01 00:00:00+02:00
17026.712,1,2023-06-30 22:00:00+00:00,Ceuta,8744,2023,2023-07-01 00:00:00+02:00
17061.02,1,2023-07-31 22:00:00+00:00,Ceuta,8744,2023,2023-08-01 00:00:00+02:00
15704.777,1,2023-08-31 22:00:00+00:00,Ceuta,8744,2023,2023-09-01 00:00:00+02:00
15672.695,1,2023-09-30 22:00:00+00:00,Ceuta,8744,2023,2023-10-01 00:00:00+02:00
14659.133,1,2023-10-31 23:00:00+00:00,Ceuta,8744,2023,2023-11-01 00:00:00+01:00
15423.964,1,2023-11-30 23:00:00+00:00,Ceuta,8744,2023,2023-12-01 00:00:00+01:00
15948.752,1,2023-12-31 23:00:00+00:00,Ceuta,8744,2024,2024-01-01 00:00:00+01:00
14658.486,1,2024-01-31 23:00:00+00:00,Ceuta,8744,2024,2024-02-01 00:00:00+01:00
15348.767,1,2024-02-29 23:00:00+00:00,Ceuta,8744,2024,2024-03-01 00:00:00+01:00
15430.868,1,2024-03-31 22:00:00+00:00,Ceuta,8744,2024,2024-04-01 00:00:00+02:00
15951.296,1,2024-04-30 22:00:00+00:00,Ceuta,8744,2024,2024-05-01 00:00:00+02:00
15926.096,1,2024-05-31 22:00:00+00:00,Ceuta,8744,2024,2024-06-01 00:00:00+02:00
18070.077,1,2024-06-30 22:00:00+00:00,Ceuta,8744,2024,2024-07-01 00:00:00+02:00
19301.285,1,2024-07-31 22:00:00+00:00,Ceuta,8744,2024,2024-08-01 00:00:00+02:00
17503.611,1,2024-08-31 22:00:00+00:00,Ceuta,8744,2024,2024-09-01 00:00:00+02:00
17129.735,1,2024-09-30 22:00:00+00:00,Ceuta,8744,2024,2024-10-01 00:00:00+02:00
15819.961,1,2024-10-31 23:00:00+00:00,Ceuta,8744,2024,2024-11-01 00:00:00+01:00
15596.025,1,2024-11-30 23:00:00+00:00,Ceuta,8744,2024,2024-12-01 00:00:00+01:00
17093.042,1,2024-12-31 23:00:00+00:00,Ceuta,8744,2025,2025-01-01 00:00:00+01:00
15508.661,1,2025-01-31 23:00:00+00:00,Ceuta,8744,2025,2025-02-01 00:00:00+01:00
16984.403,1,2025-02-28 23:00:00+00:00,Ceuta,8744,2025,2025-03-01 00:00:00+01:00
14961.292,1,2025-03-31 22:00:00+00:00,Ceuta,8744,2025,2025-04-01 00:00:00+02:00
15775.603,1,2025-04-30 22:00:00+00:00,Ceuta,8744,2025,2025-05-01 00:00:00+02:00
16861.954,1,2025-05-31 22:00:00+00:00,Ceuta,8744,2025,2025-06-01 00:00:00+02:00
19304.875,1,2025-06-30 22:00:00+00:00,Ceuta,8744,2025,2025-07-01 00:00:00+02:00
19179.328,1,2025-07-31 22:00:00+00:00,Ceuta,8744,2025,2025-08-01 00:00:00+02:00
17860.032,1,2025-08-31 22:00:00+00:00,Ceuta,8744,2025,2025-09-01 00:00:00+02:00
17791.544,1,2025-09-30 22:00:00+00:00,Ceuta,8744,2025,2025-10-01 00:00:00+02:00
16668.942,1,2025-10-31 23:00:00+00:00,Ceuta,8744,2025,2025-11-01 00:00:00+01:00
18170.256,1,2025-11-30 23:00:00+00:00,Ceuta,8744,2025,2025-12-01 00:00:00+01:00
17057.436,1,2015-12-31 23:00:00+00:00,Melilla,8745,2016,2016-01-01 00:00:00+01:00
16119.976,1,2016-01-31 23:00:00+00:00,Melilla,8745,2016,2016-02-01 00:00:00+01:00
16393.406,1,2016-02-29 23:00:00+00:00,Melilla,8745,2016,2016-03-01 00:00:00+01:00
15680.552,1,2016-03-31 22:00:00+00:00,Melilla,8745,2016,2016-04-01 00:00:00+02:00
16451.0,1,2016-04-30 22:00:00+00:00,Melilla,8745,2016,2016-05-01 00:00:00+02:00
17314.149,1,2016-05-31 22:00:00+00:00,Melilla,8745,2016,2016-06-01 00:00:00+02:00
18777.352,1,2016-06-30 22:00:00+00:00,Melilla,8745,2016,2016-07-01 00:00:00+02:00
20562.343,1,2016-07-31 22:00:00+00:00,Melilla,8745,2016,2016-08-01 00:00:00+02:00
18705.204,1,2016-08-31 22:00:00+00:00,Melilla,8745,2016,2016-09-01 00:00:00+02:00
17599.436,1,2016-09-30 22:00:00+00:00,Melilla,8745,2016,2016-10-01 00:00:00+02:00
16456.186,1,2016-10-31 23:00:00+00:00,Melilla,8745,2016,2016-11-01 00:00:00+01:00
17168.95,1,2016-11-30 23:00:00+00:00,Melilla,8745,2016,2016-12-01 00:00:00+01:00
18568.292,1,2016-12-31 23:00:00+00:00,Melilla,8745,2017,2017-01-01 00:00:00+01:00
15602.088,1,2017-01-31 23:00:00+00:00,Melilla,8745,2017,2017-02-01 00:00:00+01:00
16479.364,1,2017-02-28 23:00:00+00:00,Melilla,8745,2017,2017-03-01 00:00:00+01:00
15082.279,1,2017-03-31 22:00:00+00:00,Melilla,8745,2017,2017-04-01 00:00:00+02:00
16451.756,1,2017-04-30 22:00:00+00:00,Melilla,8745,2017,2017-05-01 00:00:00+02:00
18010.185,1,2017-05-31 22:00:00+00:00,Melilla,8745,2017,2017-06-01 00:00:00+02:00
19684.925,1,2017-06-30 22:00:00+00:00,Melilla,8745,2017,2017-07-01 00:00:00+02:00
20785.92,1,2017-07-31 22:00:00+00:00,Melilla,8745,2017,2017-08-01 00:00:00+02:00
17833.301,1,2017-08-31 22:00:00+00:00,Melilla,8745,2017,2017-09-01 00:00:00+02:00
17474.578,1,2017-09-30 22:00:00+00:00,Melilla,8745,2017,2017-10-01 00:00:00+02:00
16408.677,1,2017-10-31 23:00:00+00:00,Melilla,8745,2017,2017-11-01 00:00:00+01:00
18043.713,1,2017-11-30 23:00:00+00:00,Melilla,8745,2017,2017-12-01 00:00:00+01:00
18185.973,1,2017-12-31 23:00:00+00:00,Melilla,8745,2018,2018-01-01 00:00:00+01:00
17029.638,1,2018-01-31 23:00:00+00:00,Melilla,8745,2018,2018-02-01 00:00:00+01:00
16701.992,1,2018-02-28 23:00:00+00:00,Melilla,8745,2018,2018-03-01 00:00:00+01:00
15854.64,1,2018-03-31 22:00:00+00:00,Melilla,8745,2018,2018-04-01 00:00:00+02:00
16501.42,1,2018-04-30 22:00:00+00:00,Melilla,8745,2018,2018-05-01 00:00:00+02:00
17017.004,1,2018-05-31 22:00:00+00:00,Melilla,8745,2018,2018-06-01 00:00:00+02:00
19115.602,1,2018-06-30 22:00:00+00:00,Melilla,8745,2018,2018-07-01 00:00:00+02:00
21420.526,1,2018-07-31 22:00:00+00:00,Melilla,8745,2018,2018-08-01 00:00:00+02:00
19431.863,1,2018-08-31 22:00:00+00:00,Melilla,8745,2018,2018-09-01 00:00:00+02:00
17666.249,1,2018-09-30 22:00:00+00:00,Melilla,8745,2018,2018-10-01 00:00:00+02:00
16615.788,1,2018-10-31 23:00:00+00:00,Melilla,8745,2018,2018-11-01 00:00:00+01:00
17408.361,1,2018-11-30 23:00:00+00:00,Melilla,8745,2018,2018-12-01 00:00:00+01:00
18530.186,1,2018-12-31 23:00:00+00:00,Melilla,8745,2019,2019-01-01 00:00:00+01:00
15963.18,1,2019-01-31 23:00:00+00:00,Melilla,8745,2019,2019-02-01 00:00:00+01:00
16622.099,1,2019-02-28 23:00:00+00:00,Melilla,8745,2019,2019-03-01 00:00:00+01:00
15384.125,1,2019-03-31 22:00:00+00:00,Melilla,8745,2019,2019-04-01 00:00:00+02:00
16956.698,1,2019-04-30 22:00:00+00:00,Melilla,8745,2019,2019-05-01 00:00:00+02:00
17069.632,1,2019-05-31 22:00:00+00:00,Melilla,8745,2019,2019-06-01 00:00:00+02:00
19981.725,1,2019-06-30 22:00:00+00:00,Melilla,8745,2019,2019-07-01 00:00:00+02:00
21285.859,1,2019-07-31 22:00:00+00:00,Melilla,8745,2019,2019-08-01 00:00:00+02:00
18638.026,1,2019-08-31 22:00:00+00:00,Melilla,8745,2019,2019-09-01 00:00:00+02:00
17507.116,1,2019-09-30 22:00:00+00:00,Melilla,8745,2019,2019-10-01 00:00:00+02:00
16251.095,1,2019-10-31 23:00:00+00:00,Melilla,8745,2019,2019-11-01 00:00:00+01:00
16714.884,1,2019-11-30 23:00:00+00:00,Melilla,8745,2019,2019-12-01 00:00:00+01:00
17812.714,1,2019-12-31 23:00:00+00:00,Melilla,8745,2020,2020-01-01 00:00:00+01:00
15817.3,1,2020-01-31 23:00:00+00:00,Melilla,8745,2020,2020-02-01 00:00:00+01:00
15735.69,1,2020-02-29 23:00:00+00:00,Melilla,8745,2020,2020-03-01 00:00:00+01:00
14737.721,1,2020-03-31 22:00:00+00:00,Melilla,8745,2020,2020-04-01 00:00:00+02:00
15573.759,1,2020-04-30 22:00:00+00:00,Melilla,8745,2020,2020-05-01 00:00:00+02:00
16708.38,1,2020-05-31 22:00:00+00:00,Melilla,8745,2020,2020-06-01 00:00:00+02:00
21140.943,1,2020-06-30 22:00:00+00:00,Melilla,8745,2020,2020-07-01 00:00:00+02:00
22335.731,1,2020-07-31 22:00:00+00:00,Melilla,8745,2020,2020-08-01 00:00:00+02:00
18793.899,1,2020-08-31 22:00:00+00:00,Melilla,8745,2020,2020-09-01 00:00:00+02:00
16551.482,1,2020-09-30 22:00:00+00:00,Melilla,8745,2020,2020-10-01 00:00:00+02:00
15635.69,1,2020-10-31 23:00:00+00:00,Melilla,8745,2020,2020-11-01 00:00:00+01:00
17166.954,1,2020-11-30 23:00:00+00:00,Melilla,8745,2020,2020-12-01 00:00:00+01:00
18321.295,1,2020-12-31 23:00:00+00:00,Melilla,8745,2021,2021-01-01 00:00:00+01:00
15061.0,1,2021-01-31 23:00:00+00:00,Melilla,8745,2021,2021-02-01 00:00:00+01:00
16300.381,1,2021-02-28 23:00:00+00:00,Melilla,8745,2021,2021-03-01 00:00:00+01:00
15293.779,1,2021-03-31 22:00:00+00:00,Melilla,8745,2021,2021-04-01 00:00:00+02:00
16356.496,1,2021-04-30 22:00:00+00:00,Melilla,8745,2021,2021-05-01 00:00:00+02:00
16601.305,1,2021-05-31 22:00:00+00:00,Melilla,8745,2021,2021-06-01 00:00:00+02:00
19875.328,1,2021-06-30 22:00:00+00:00,Melilla,8745,2021,2021-07-01 00:00:00+02:00
20335.852,1,2021-07-31 22:00:00+00:00,Melilla,8745,2021,2021-08-01 00:00:00+02:00
18196.105,1,2021-08-31 22:00:00+00:00,Melilla,8745,2021,2021-09-01 00:00:00+02:00
16468.922,1,2021-09-30 22:00:00+00:00,Melilla,8745,2021,2021-10-01 00:00:00+02:00
15759.968,1,2021-10-31 23:00:00+00:00,Melilla,8745,2021,2021-11-01 00:00:00+01:00
16807.759,1,2021-11-30 23:00:00+00:00,Melilla,8745,2021,2021-12-01 00:00:00+01:00
17045.196,1,2021-12-31 23:00:00+00:00,Melilla,8745,2022,2022-01-01 00:00:00+01:00
14895.378,1,2022-01-31 23:00:00+00:00,Melilla,8745,2022,2022-02-01 00:00:00+01:00
15776.951,1,2022-02-28 23:00:00+00:00,Melilla,8745,2022,2022-03-01 00:00:00+01:00
14619.04,1,2022-03-31 22:00:00+00:00,Melilla,8745,2022,2022-04-01 00:00:00+02:00
15612.354,1,2022-04-30 22:00:00+00:00,Melilla,8745,2022,2022-05-01 00:00:00+02:00
16241.204,1,2022-05-31 22:00:00+00:00,Melilla,8745,2022,2022-06-01 00:00:00+02:00
19131.061,1,2022-06-30 22:00:00+00:00,Melilla,8745,2022,2022-07-01 00:00:00+02:00
20549.967,1,2022-07-31 22:00:00+00:00,Melilla,8745,2022,2022-08-01 00:00:00+02:00
17281.549,1,2022-08-31 22:00:00+00:00,Melilla,8745,2022,2022-09-01 00:00:00+02:00
15378.657,1,2022-09-30 22:00:00+00:00,Melilla,8745,2022,2022-10-01 00:00:00+02:00
14723.294,1,2022-10-31 23:00:00+00:00,Melilla,8745,2022,2022-11-01 00:00:00+01:00
15185.372,1,2022-11-30 23:00:00+00:00,Melilla,8745,2022,2022-12-01 00:00:00+01:00
16258.276,1,2022-12-31 23:00:00+00:00,Melilla,8745,2023,2023-01-01 00:00:00+01:00
14900.671,1,2023-01-31 23:00:00+00:00,Melilla,8745,2023,2023-02-01 00:00:00+01:00
15200.647,1,2023-02-28 23:00:00+00:00,Melilla,8745,2023,2023-03-01 00:00:00+01:00
14461.344,1,2023-03-31 22:00:00+00:00,Melilla,8745,2023,2023-04-01 00:00:00+02:00
15503.992,1,2023-04-30 22:00:00+00:00,Melilla,8745,2023,2023-05-01 00:00:00+02:00
16646.947,1,2023-05-31 22:00:00+00:00,Melilla,8745,2023,2023-06-01 00:00:00+02:00
21947.938,1,2023-06-30 22:00:00+00:00,Melilla,8745,2023,2023-07-01 00:00:00+02:00
21793.304,1,2023-07-31 22:00:00+00:00,Melilla,8745,2023,2023-08-01 00:00:00+02:00
17210.028,1,2023-08-31 22:00:00+00:00,Melilla,8745,2023,2023-09-01 00:00:00+02:00
16825.106,1,2023-09-30 22:00:00+00:00,Melilla,8745,2023,2023-10-01 00:00:00+02:00
15214.311,1,2023-10-31 23:00:00+00:00,Melilla,8745,2023,2023-11-01 00:00:00+01:00
16085.597,1,2023-11-30 23:00:00+00:00,Melilla,8745,2023,2023-12-01 00:00:00+01:00
16549.522,1,2023-12-31 23:00:00+00:00,Melilla,8745,2024,2024-01-01 00:00:00+01:00
15029.584,1,2024-01-31 23:00:00+00:00,Melilla,8745,2024,2024-02-01 00:00:00+01:00
15502.041,1,2024-02-29 23:00:00+00:00,Melilla,8745,2024,2024-03-01 00:00:00+01:00
15938.5,1,2024-03-31 22:00:00+00:00,Melilla,8745,2024,2024-04-01 00:00:00+02:00
16717.065,1,2024-04-30 22:00:00+00:00,Melilla,8745,2024,2024-05-01 00:00:00+02:00
17059.188,1,2024-05-31 22:00:00+00:00,Melilla,8745,2024,2024-06-01 00:00:00+02:00
21779.742,1,2024-06-30 22:00:00+00:00,Melilla,8745,2024,2024-07-01 00:00:00+02:00
23962.391,1,2024-07-31 22:00:00+00:00,Melilla,8745,2024,2024-08-01 00:00:00+02:00
19613.756,1,2024-08-31 22:00:00+00:00,Melilla,8745,2024,2024-09-01 00:00:00+02:00
17934.854,1,2024-09-30 22:00:00+00:00,Melilla,8745,2024,2024-10-01 00:00:00+02:00
16562.232,1,2024-10-31 23:00:00+00:00,Melilla,8745,2024,2024-11-01 00:00:00+01:00
17636.823,1,2024-11-30 23:00:00+00:00,Melilla,8745,2024,2024-12-01 00:00:00+01:00
18605.823,1,2024-12-31 23:00:00+00:00,Melilla,8745,2025,2025-01-01 00:00:00+01:00
16301.544,1,2025-01-31 23:00:00+00:00,Melilla,8745,2025,2025-02-01 00:00:00+01:00
17234.951,1,2025-02-28 23:00:00+00:00,Melilla,8745,2025,2025-03-01 00:00:00+01:00
15892.478,1,2025-03-31 22:00:00+00:00,Melilla,8745,2025,2025-04-01 00:00:00+02:00
17155.347,1,2025-04-30 22:00:00+00:00,Melilla,8745,2025,2025-05-01 00:00:00+02:00
20078.659,1,2025-05-31 22:00:00+00:00,Melilla,8745,2025,2025-06-01 00:00:00+02:00
23595.451,1,2025-06-30 22:00:00+00:00,Melilla,8745,2025,2025-07-01 00:00:00+02:00
22997.081,1,2025-07-31 22:00:00+00:00,Melilla,8745,2025,2025-08-01 00:00:00+02:00
20088.042,1,2025-08-31 22:00:00+00:00,Melilla,8745,2025,2025-09-01 00:00:00+02:00
18944.974,1,2025-09-30 22:00:00+00:00,Melilla,8745,2025,2025-10-01 00:00:00+02:00
17238.157,1,2025-10-31 23:00:00+00:00,Melilla,8745,2025,2025-11-01 00:00:00+01:00
19215.313,1,2025-11-30 23:00:00+00:00,Melilla,8745,2025,2025-12-01 00:00:00+01:00
